seed,step,window_steps,group_relative_contribution,surplus,gini,success,acceptance_rate,experiment,game,treatment,steps,burn_in,thin,rounds,levels,beta,gamma,selection,initial,signal,diagnostic_every
2026090800,250,250,0.669795833333,1.70507583333,0.0488591922008,,0.156,longer,linear,AI,12000,8000,100,20,13,0,14,1,random,mean,250
2026090801,250,250,0.57310625,1.439935,0.070516608836,,0.244,longer,linear,AI,12000,8000,100,20,13,0,14,1,random,mean,250
2026090802,250,250,0.54478125,1.3783925,0.0694753821773,,0.192,longer,linear,AI,12000,8000,100,20,13,0,14,1,random,mean,250
2026090803,250,250,0.675377083333,1.69002083333,0.0546058393483,,0.16,longer,linear,AI,12000,8000,100,20,13,0,14,1,random,mean,250
2026090804,250,250,0.6177625,1.576115,0.0601055374384,,0.188,longer,linear,AI,12000,8000,100,20,13,0,14,1,random,mean,250
2026090805,250,250,0.580525,1.4491525,0.0636845592363,,0.156,longer,linear,AI,12000,8000,100,20,13,0,14,1,random,mean,250
2026090806,250,250,0.535366666667,1.35030166667,0.0756872406912,,0.26,longer,linear,AI,12000,8000,100,20,13,0,14,1,random,mean,250
2026090807,250,250,0.687495833333,1.76031083333,0.036353420304,,0.088,longer,linear,AI,12000,8000,100,20,13,0,14,1,random,mean,250
2026090808,250,250,0.601677083333,1.50287333333,0.0673093566577,,0.136,longer,linear,AI,12000,8000,100,20,13,0,14,1,random,mean,250
2026090809,250,250,0.62525625,1.5790825,0.0543644526465,,0.076,longer,linear,AI,12000,8000,100,20,13,0,14,1,random,mean,250
2026090810,250,250,0.6068875,1.51887,0.0723106737815,,0.152,longer,linear,AI,12000,8000,100,20,13,0,14,1,random,mean,250
2026090811,250,250,0.582808333333,1.44790583333,0.0713960556267,,0.156,longer,linear,AI,12000,8000,100,20,13,0,14,1,random,mean,250
2026090812,250,250,0.51030625,1.2686525,0.0876836929632,,0.26,longer,linear,AI,12000,8000,100,20,13,0,14,1,random,mean,250
2026090813,250,250,0.499029166667,1.25132666667,0.0860074835303,,0.16,longer,linear,AI,12000,8000,100,20,13,0,14,1,random,mean,250
2026090814,250,250,0.66975,1.6784975,0.0511697747867,,0.208,longer,linear,AI,12000,8000,100,20,13,0,14,1,random,mean,250
2026090815,250,250,0.595735416667,1.49987916667,0.066437448924,,0.14,longer,linear,AI,12000,8000,100,20,13,0,14,1,random,mean,250
2026090800,500,250,0.77573125,1.9878325,0.0238184674257,,0.084,longer,linear,AI,12000,8000,100,20,13,0,14,1,random,mean,250
2026090801,500,250,0.69063125,1.728965,0.0456848481207,,0.202,longer,linear,AI,12000,8000,100,20,13,0,14,1,random,mean,250
2026090802,500,250,0.524164583333,1.32909833333,0.0761109091513,,0.254,longer,linear,AI,12000,8000,100,20,13,0,14,1,random,mean,250
2026090803,500,250,0.568147916667,1.44165916667,0.0676782646172,,0.204,longer,linear,AI,12000,8000,100,20,13,0,14,1,random,mean,250
2026090804,500,250,0.587795833333,1.48428333333,0.0665425857381,,0.198,longer,linear,AI,12000,8000,100,20,13,0,14,1,random,mean,250
2026090805,500,250,0.721875,1.80875,0.0391333959696,,0.078,longer,linear,AI,12000,8000,100,20,13,0,14,1,random,mean,250
2026090806,500,250,0.52648125,1.33024,0.0796929322494,,0.27,longer,linear,AI,12000,8000,100,20,13,0,14,1,random,mean,250
2026090807,500,250,0.61319375,1.5498225,0.0606055162105,,0.142,longer,linear,AI,12000,8000,100,20,13,0,14,1,random,mean,250
2026090808,500,250,0.622147916667,1.56801666667,0.0590090579183,,0.13,longer,linear,AI,12000,8000,100,20,13,0,14,1,random,mean,250
2026090809,500,250,0.62513125,1.5468075,0.0691248198702,,0.1,longer,linear,AI,12000,8000,100,20,13,0,14,1,random,mean,250
2026090810,500,250,0.522897916667,1.31802916667,0.0769721845112,,0.214,longer,linear,AI,12000,8000,100,20,13,0,14,1,random,mean,250
2026090811,500,250,0.645583333333,1.60258333333,0.0604528189983,,0.124,longer,linear,AI,12000,8000,100,20,13,0,14,1,random,mean,250
2026090812,500,250,0.58416875,1.48872,0.0587971592209,,0.25,longer,linear,AI,12000,8000,100,20,13,0,14,1,random,mean,250
2026090813,500,250,0.778539583333,1.97086833333,0.0322788581975,,0.1,longer,linear,AI,12000,8000,100,20,13,0,14,1,random,mean,250
2026090814,500,250,0.7121625,1.78867,0.0388222529559,,0.148,longer,linear,AI,12000,8000,100,20,13,0,14,1,random,mean,250
2026090815,500,250,0.632108333333,1.64182333333,0.0438710421082,,0.12,longer,linear,AI,12000,8000,100,20,13,0,14,1,random,mean,250
2026090800,750,250,0.679539583333,1.69295333333,0.0509659649928,,0.0893333333333,longer,linear,AI,12000,8000,100,20,13,0,14,1,random,mean,250
2026090801,750,250,0.715402083333,1.80292833333,0.0343765993461,,0.152,longer,linear,AI,12000,8000,100,20,13,0,14,1,random,mean,250
2026090802,750,250,0.699664583333,1.78682083333,0.0431854472047,,0.204,longer,linear,AI,12000,8000,100,20,13,0,14,1,random,mean,250
2026090803,750,250,0.578570833333,1.47829083333,0.0608373115785,,0.212,longer,linear,AI,12000,8000,100,20,13,0,14,1,random,mean,250
2026090804,750,250,0.61723125,1.55167,0.0646823217248,,0.177333333333,longer,linear,AI,12000,8000,100,20,13,0,14,1,random,mean,250
2026090805,750,250,0.721229166667,1.80694166667,0.039143088812,,0.0533333333333,longer,linear,AI,12000,8000,100,20,13,0,14,1,random,mean,250
2026090806,750,250,0.532827083333,1.34194583333,0.0780170888976,,0.262666666667,longer,linear,AI,12000,8000,100,20,13,0,14,1,random,mean,250
2026090807,750,250,0.59573125,1.5302525,0.0582227389696,,0.172,longer,linear,AI,12000,8000,100,20,13,0,14,1,random,mean,250
2026090808,750,250,0.599675,1.5175275,0.0670595146903,,0.165333333333,longer,linear,AI,12000,8000,100,20,13,0,14,1,random,mean,250
2026090809,750,250,0.615720833333,1.52239833333,0.0691750222106,,0.138666666667,longer,linear,AI,12000,8000,100,20,13,0,14,1,random,mean,250
2026090810,750,250,0.555591666667,1.39610166667,0.0728771344084,,0.209333333333,longer,linear,AI,12000,8000,100,20,13,0,14,1,random,mean,250
2026090811,750,250,0.5320375,1.3509375,0.0767998691241,,0.170666666667,longer,linear,AI,12000,8000,100,20,13,0,14,1,random,mean,250
2026090812,750,250,0.553283333333,1.39826333333,0.072307294268,,0.237333333333,longer,linear,AI,12000,8000,100,20,13,0,14,1,random,mean,250
2026090813,750,250,0.7406625,1.8743225,0.0323408412534,,0.0893333333333,longer,linear,AI,12000,8000,100,20,13,0,14,1,random,mean,250
2026090814,750,250,0.569277083333,1.44806083333,0.0622146202441,,0.158666666667,longer,linear,AI,12000,8000,100,20,13,0,14,1,random,mean,250
2026090815,750,250,0.566083333333,1.42682083333,0.0690583283367,,0.14,longer,linear,AI,12000,8000,100,20,13,0,14,1,random,mean,250
2026090800,1000,250,0.617120833333,1.56773333333,0.0526687562377,,0.112,longer,linear,AI,12000,8000,100,20,13,0,14,1,random,mean,250
2026090801,1000,250,0.794283333333,2.02361083333,0.0118394676683,,0.122,longer,linear,AI,12000,8000,100,20,13,0,14,1,random,mean,250
2026090802,1000,250,0.678341666667,1.75142666667,0.035700058347,,0.178,longer,linear,AI,12000,8000,100,20,13,0,14,1,random,mean,250
2026090803,1000,250,0.805729166667,2.01104166667,0.0304881952494,,0.159,longer,linear,AI,12000,8000,100,20,13,0,14,1,random,mean,250
2026090804,1000,250,0.63475625,1.6093425,0.0609446221867,,0.175,longer,linear,AI,12000,8000,100,20,13,0,14,1,random,mean,250
2026090805,1000,250,0.708466666667,1.82136916667,0.0184758511033,,0.044,longer,linear,AI,12000,8000,100,20,13,0,14,1,random,mean,250
2026090806,1000,250,0.54085625,1.351325,0.0811958344218,,0.251,longer,linear,AI,12000,8000,100,20,13,0,14,1,random,mean,250
2026090807,1000,250,0.530675,1.3350125,0.0799168614574,,0.202,longer,linear,AI,12000,8000,100,20,13,0,14,1,random,mean,250
2026090808,1000,250,0.604472916667,1.54459666667,0.0645954411237,,0.17,longer,linear,AI,12000,8000,100,20,13,0,14,1,random,mean,250
2026090809,1000,250,0.595135416667,1.50431666667,0.0570236156807,,0.158,longer,linear,AI,12000,8000,100,20,13,0,14,1,random,mean,250
2026090810,1000,250,0.639133333333,1.59742083333,0.0562037464593,,0.177,longer,linear,AI,12000,8000,100,20,13,0,14,1,random,mean,250
2026090811,1000,250,0.549377083333,1.38531333333,0.0710854181471,,0.19,longer,linear,AI,12000,8000,100,20,13,0,14,1,random,mean,250
2026090812,1000,250,0.603822916667,1.53828916667,0.0504392259886,,0.215,longer,linear,AI,12000,8000,100,20,13,0,14,1,random,mean,250
2026090813,1000,250,0.794502083333,2.01523083333,0.0176954986426,,0.068,longer,linear,AI,12000,8000,100,20,13,0,14,1,random,mean,250
2026090814,1000,250,0.511664583333,1.28838083333,0.0749677676279,,0.174,longer,linear,AI,12000,8000,100,20,13,0,14,1,random,mean,250
2026090815,1000,250,0.761072916667,1.93349416667,0.023881042071,,0.107,longer,linear,AI,12000,8000,100,20,13,0,14,1,random,mean,250
2026090800,1250,250,0.627066666667,1.59030916667,0.0575641930977,,0.1176,longer,linear,AI,12000,8000,100,20,13,0,14,1,random,mean,250
2026090801,1250,250,0.806958333333,2.01319583333,0.031453356803,,0.1088,longer,linear,AI,12000,8000,100,20,13,0,14,1,random,mean,250
2026090802,1250,250,0.598752083333,1.56802583333,0.0474356742238,,0.1656,longer,linear,AI,12000,8000,100,20,13,0,14,1,random,mean,250
2026090803,1250,250,0.805729166667,2.01104166667,0.0304881952494,,0.1272,longer,linear,AI,12000,8000,100,20,13,0,14,1,random,mean,250
2026090804,1250,250,0.775083333333,1.94677083333,0.0320235954267,,0.1408,longer,linear,AI,12000,8000,100,20,13,0,14,1,random,mean,250
2026090805,1250,250,0.617127083333,1.59430083333,0.0476192846449,,0.0616,longer,linear,AI,12000,8000,100,20,13,0,14,1,random,mean,250
2026090806,1250,250,0.671895833333,1.66580583333,0.0451051822243,,0.2024,longer,linear,AI,12000,8000,100,20,13,0,14,1,random,mean,250
2026090807,1250,250,0.588220833333,1.48600583333,0.0653422256011,,0.196,longer,linear,AI,12000,8000,100,20,13,0,14,1,random,mean,250
2026090808,1250,250,0.76875,2.026875,0.028804115115,,0.136,longer,linear,AI,12000,8000,100,20,13,0,14,1,random,mean,250
2026090809,1250,250,0.581004166667,1.48290166667,0.0556133123563,,0.1584,longer,linear,AI,12000,8000,100,20,13,0,14,1,random,mean,250
2026090810,1250,250,0.7262375,1.816755,0.0332806756734,,0.144,longer,linear,AI,12000,8000,100,20,13,0,14,1,random,mean,250
2026090811,1250,250,0.673772916667,1.72963916667,0.0518058407361,,0.1896,longer,linear,AI,12000,8000,100,20,13,0,14,1,random,mean,250
2026090812,1250,250,0.616066666667,1.56922166667,0.0548537658907,,0.2072,longer,linear,AI,12000,8000,100,20,13,0,14,1,random,mean,250
2026090813,1250,250,0.792708333333,2.01020833333,0.0180472723994,,0.0544,longer,linear,AI,12000,8000,100,20,13,0,14,1,random,mean,250
2026090814,1250,250,0.584058333333,1.47532583333,0.0626586644194,,0.18,longer,linear,AI,12000,8000,100,20,13,0,14,1,random,mean,250
2026090815,1250,250,0.773958333333,1.95895833333,0.0198083267467,,0.0856,longer,linear,AI,12000,8000,100,20,13,0,14,1,random,mean,250
2026090800,1500,250,0.603120833333,1.53996333333,0.0592961837487,,0.136,longer,linear,AI,12000,8000,100,20,13,0,14,1,random,mean,250
2026090801,1500,250,0.827214583333,2.05979333333,0.0243077675173,,0.0913333333333,longer,linear,AI,12000,8000,100,20,13,0,14,1,random,mean,250
2026090802,1500,250,0.562489583333,1.41962583333,0.0654671895347,,0.178666666667,longer,linear,AI,12000,8000,100,20,13,0,14,1,random,mean,250
2026090803,1500,250,0.805729166667,2.01104166667,0.0304881952494,,0.106,longer,linear,AI,12000,8000,100,20,13,0,14,1,random,mean,250
2026090804,1500,250,0.827810416667,2.10210666667,0.0230694673663,,0.119333333333,longer,linear,AI,12000,8000,100,20,13,0,14,1,random,mean,250
2026090805,1500,250,0.621108333333,1.51001833333,0.0551249474623,,0.052,longer,linear,AI,12000,8000,100,20,13,0,14,1,random,mean,250
2026090806,1500,250,0.695833333333,1.72708333333,0.038073142403,,0.168666666667,longer,linear,AI,12000,8000,100,20,13,0,14,1,random,mean,250
2026090807,1500,250,0.616710416667,1.55126666667,0.059062300041,,0.179333333333,longer,linear,AI,12000,8000,100,20,13,0,14,1,random,mean,250
2026090808,1500,250,0.76875,2.026875,0.028804115115,,0.114,longer,linear,AI,12000,8000,100,20,13,0,14,1,random,mean,250
2026090809,1500,250,0.7418,1.8746775,0.0374139539336,,0.139333333333,longer,linear,AI,12000,8000,100,20,13,0,14,1,random,mean,250
2026090810,1500,250,0.760125,1.91573,0.0224386024559,,0.120666666667,longer,linear,AI,12000,8000,100,20,13,0,14,1,random,mean,250
2026090811,1500,250,0.7942375,2.0136725,0.0293436739528,,0.162,longer,linear,AI,12000,8000,100,20,13,0,14,1,random,mean,250
2026090812,1500,250,0.688322916667,1.76354416667,0.0394600766612,,0.19,longer,linear,AI,12000,8000,100,20,13,0,14,1,random,mean,250
2026090813,1500,250,0.792708333333,2.01020833333,0.0180472723994,,0.0453333333333,longer,linear,AI,12000,8000,100,20,13,0,14,1,random,mean,250
2026090814,1500,250,0.572545833333,1.45159833333,0.0722152286832,,0.186,longer,linear,AI,12000,8000,100,20,13,0,14,1,random,mean,250
2026090815,1500,250,0.773958333333,1.95895833333,0.0198083267467,,0.0713333333333,longer,linear,AI,12000,8000,100,20,13,0,14,1,random,mean,250
2026090800,1750,250,0.666533333333,1.65113333333,0.0509497731966,,0.126857142857,longer,linear,AI,12000,8000,100,20,13,0,14,1,random,mean,250
2026090801,1750,250,0.828958333333,2.06483333333,0.0241021644606,,0.0788571428571,longer,linear,AI,12000,8000,100,20,13,0,14,1,random,mean,250
2026090802,1750,250,0.537816666667,1.33665416667,0.0837126598109,,0.188,longer,linear,AI,12000,8000,100,20,13,0,14,1,random,mean,250
2026090803,1750,250,0.805729166667,2.01104166667,0.0304881952494,,0.0908571428571,longer,linear,AI,12000,8000,100,20,13,0,14,1,random,mean,250
2026090804,1750,250,0.777285416667,1.97336416667,0.0318525626852,,0.109714285714,longer,linear,AI,12000,8000,100,20,13,0,14,1,random,mean,250
2026090805,1750,250,0.6080125,1.5132425,0.0568651712823,,0.0537142857143,longer,linear,AI,12000,8000,100,20,13,0,14,1,random,mean,250
2026090806,1750,250,0.695833333333,1.72708333333,0.038073142403,,0.144571428571,longer,linear,AI,12000,8000,100,20,13,0,14,1,random,mean,250
2026090807,1750,250,0.522127083333,1.33425333333,0.0730693137453,,0.181142857143,longer,linear,AI,12000,8000,100,20,13,0,14,1,random,mean,250
2026090808,1750,250,0.694308333333,1.79690083333,0.0493088131814,,0.100571428571,longer,linear,AI,12000,8000,100,20,13,0,14,1,random,mean,250
2026090809,1750,250,0.670675,1.69929,0.0473962149741,,0.146285714286,longer,linear,AI,12000,8000,100,20,13,0,14,1,random,mean,250
2026090810,1750,250,0.763935416667,1.91820916667,0.0229623987134,,0.104571428571,longer,linear,AI,12000,8000,100,20,13,0,14,1,random,mean,250
2026090811,1750,250,0.7948125,1.9931625,0.0318308458408,,0.14,longer,linear,AI,12000,8000,100,20,13,0,14,1,random,mean,250
2026090812,1750,250,0.722479166667,1.84659166667,0.0238295549936,,0.167428571429,longer,linear,AI,12000,8000,100,20,13,0,14,1,random,mean,250
2026090813,1750,250,0.796795833333,2.02165333333,0.0173306344249,,0.0394285714286,longer,linear,AI,12000,8000,100,20,13,0,14,1,random,mean,250
2026090814,1750,250,0.607341666667,1.54218666667,0.0561297586754,,0.181142857143,longer,linear,AI,12000,8000,100,20,13,0,14,1,random,mean,250
2026090815,1750,250,0.765085416667,1.93167416667,0.0228063186864,,0.0622857142857,longer,linear,AI,12000,8000,100,20,13,0,14,1,random,mean,250
2026090800,2000,250,0.478222916667,1.20187166667,0.0869047128207,,0.146,longer,linear,AI,12000,8000,100,20,13,0,14,1,random,mean,250
2026090801,2000,250,0.828608333333,2.06371333333,0.0241321621907,,0.07,longer,linear,AI,12000,8000,100,20,13,0,14,1,random,mean,250
2026090802,2000,250,0.624422916667,1.56559916667,0.0533997529951,,0.18,longer,linear,AI,12000,8000,100,20,13,0,14,1,random,mean,250
2026090803,2000,250,0.805729166667,2.01104166667,0.0304881952494,,0.0795,longer,linear,AI,12000,8000,100,20,13,0,14,1,random,mean,250
2026090804,2000,250,0.635797916667,1.58653916667,0.0570595773422,,0.1075,longer,linear,AI,12000,8000,100,20,13,0,14,1,random,mean,250
2026090805,2000,250,0.71363125,1.797795,0.0429392149767,,0.054,longer,linear,AI,12000,8000,100,20,13,0,14,1,random,mean,250
2026090806,2000,250,0.64121875,1.6074675,0.0543915020188,,0.141,longer,linear,AI,12000,8000,100,20,13,0,14,1,random,mean,250
2026090807,2000,250,0.60819375,1.52471,0.0606644487155,,0.1765,longer,linear,AI,12000,8000,100,20,13,0,14,1,random,mean,250
2026090808,2000,250,0.624470833333,1.56066333333,0.0599599097045,,0.1145,longer,linear,AI,12000,8000,100,20,13,0,14,1,random,mean,250
2026090809,2000,250,0.777229166667,1.96311666667,0.0230878291437,,0.1285,longer,linear,AI,12000,8000,100,20,13,0,14,1,random,mean,250
2026090810,2000,250,0.57999375,1.45303,0.0719332153413,,0.1205,longer,linear,AI,12000,8000,100,20,13,0,14,1,random,mean,250
2026090811,2000,250,0.800520833333,2.00083333333,0.0326175850329,,0.1225,longer,linear,AI,12000,8000,100,20,13,0,14,1,random,mean,250
2026090812,2000,250,0.769270833333,1.93208333333,0.0245539302174,,0.1465,longer,linear,AI,12000,8000,100,20,13,0,14,1,random,mean,250
2026090813,2000,250,0.802083333333,2.03645833333,0.0164036073203,,0.0345,longer,linear,AI,12000,8000,100,20,13,0,14,1,random,mean,250
2026090814,2000,250,0.545729166667,1.38208666667,0.0695756778792,,0.185,longer,linear,AI,12000,8000,100,20,13,0,14,1,random,mean,250
2026090815,2000,250,0.5887125,1.4705475,0.0699908235285,,0.0755,longer,linear,AI,12000,8000,100,20,13,0,14,1,random,mean,250
2026090800,2250,250,0.5243125,1.3344025,0.0769116762077,,0.155555555556,longer,linear,AI,12000,8000,100,20,13,0,14,1,random,mean,250
2026090801,2250,250,0.8622375,2.140075,0.021503254099,,0.064,longer,linear,AI,12000,8000,100,20,13,0,14,1,random,mean,250
2026090802,2250,250,0.53849375,1.35703,0.0768023328693,,0.191111111111,longer,linear,AI,12000,8000,100,20,13,0,14,1,random,mean,250
2026090803,2250,250,0.760729166667,1.89854166667,0.0406902451344,,0.0711111111111,longer,linear,AI,12000,8000,100,20,13,0,14,1,random,mean,250
2026090804,2250,250,0.614627083333,1.54270583333,0.0619864991662,,0.111555555556,longer,linear,AI,12000,8000,100,20,13,0,14,1,random,mean,250
2026090805,2250,250,0.800966666667,2.04635166667,0.035853796729,,0.0484444444444,longer,linear,AI,12000,8000,100,20,13,0,14,1,random,mean,250
2026090806,2250,250,0.559872916667,1.41721416667,0.0686346679156,,0.153333333333,longer,linear,AI,12000,8000,100,20,13,0,14,1,random,mean,250
2026090807,2250,250,0.701710416667,1.79665416667,0.0311240508675,,0.160444444444,longer,linear,AI,12000,8000,100,20,13,0,14,1,random,mean,250
2026090808,2250,250,0.759433333333,1.86654333333,0.0362526164283,,0.102222222222,longer,linear,AI,12000,8000,100,20,13,0,14,1,random,mean,250
2026090809,2250,250,0.689945833333,1.74483083333,0.0380747194936,,0.12,longer,linear,AI,12000,8000,100,20,13,0,14,1,random,mean,250
2026090810,2250,250,0.634120833333,1.60713333333,0.046501373444,,0.119111111111,longer,linear,AI,12000,8000,100,20,13,0,14,1,random,mean,250
2026090811,2250,250,0.800520833333,2.00083333333,0.0326175850329,,0.108888888889,longer,linear,AI,12000,8000,100,20,13,0,14,1,random,mean,250
2026090812,2250,250,0.7687375,1.93043,0.0246847500869,,0.130666666667,longer,linear,AI,12000,8000,100,20,13,0,14,1,random,mean,250
2026090813,2250,250,0.789833333333,2.00268333333,0.0172273015889,,0.0311111111111,longer,linear,AI,12000,8000,100,20,13,0,14,1,random,mean,250
2026090814,2250,250,0.604352083333,1.52319583333,0.0577679910416,,0.184444444444,longer,linear,AI,12000,8000,100,20,13,0,14,1,random,mean,250
2026090815,2250,250,0.628133333333,1.60629583333,0.054000576523,,0.0764444444444,longer,linear,AI,12000,8000,100,20,13,0,14,1,random,mean,250
2026090800,2500,250,0.552189583333,1.39246083333,0.0756977328085,,0.164,longer,linear,AI,12000,8000,100,20,13,0,14,1,random,mean,250
2026090801,2500,250,0.862066666667,2.14028416667,0.0215024378249,,0.0596,longer,linear,AI,12000,8000,100,20,13,0,14,1,random,mean,250
2026090802,2500,250,0.585866666667,1.47400166667,0.0641655560689,,0.19,longer,linear,AI,12000,8000,100,20,13,0,14,1,random,mean,250
2026090803,2500,250,0.53614375,1.3420325,0.0723234363464,,0.0808,longer,linear,AI,12000,8000,100,20,13,0,14,1,random,mean,250
2026090804,2500,250,0.662541666667,1.62747416667,0.0578929716052,,0.1056,longer,linear,AI,12000,8000,100,20,13,0,14,1,random,mean,250
2026090805,2500,250,0.803629166667,2.03797166667,0.0322684544767,,0.0444,longer,linear,AI,12000,8000,100,20,13,0,14,1,random,mean,250
2026090806,2500,250,0.573602083333,1.45903833333,0.0654047815304,,0.1584,longer,linear,AI,12000,8000,100,20,13,0,14,1,random,mean,250
2026090807,2500,250,0.704895833333,1.79799333333,0.0412841487254,,0.1552,longer,linear,AI,12000,8000,100,20,13,0,14,1,random,mean,250
2026090808,2500,250,0.791454166667,1.98367916667,0.0277599110641,,0.0952,longer,linear,AI,12000,8000,100,20,13,0,14,1,random,mean,250
2026090809,2500,250,0.499785416667,1.25963916667,0.0855579522456,,0.1328,longer,linear,AI,12000,8000,100,20,13,0,14,1,random,mean,250
2026090810,2500,250,0.5854375,1.5100125,0.0523565325949,,0.1152,longer,linear,AI,12000,8000,100,20,13,0,14,1,random,mean,250
2026090811,2500,250,0.800520833333,2.00083333333,0.0326175850329,,0.098,longer,linear,AI,12000,8000,100,20,13,0,14,1,random,mean,250
2026090812,2500,250,0.771016666667,1.94569166667,0.0286585222465,,0.12,longer,linear,AI,12000,8000,100,20,13,0,14,1,random,mean,250
2026090813,2500,250,0.8013875,2.0283175,0.0173862629712,,0.0284,longer,linear,AI,12000,8000,100,20,13,0,14,1,random,mean,250
2026090814,2500,250,0.758235416667,1.91841166667,0.0193300783981,,0.1676,longer,linear,AI,12000,8000,100,20,13,0,14,1,random,mean,250
2026090815,2500,250,0.579641666667,1.46088916667,0.066048956522,,0.092,longer,linear,AI,12000,8000,100,20,13,0,14,1,random,mean,250
2026090800,2750,250,0.615879166667,1.58268666667,0.0577455743191,,0.16,longer,linear,AI,12000,8000,100,20,13,0,14,1,random,mean,250
2026090801,2750,250,0.805577083333,2.00396083333,0.0219273797705,,0.0545454545455,longer,linear,AI,12000,8000,100,20,13,0,14,1,random,mean,250
2026090802,2750,250,0.610095833333,1.55252583333,0.0631508342371,,0.190545454545,longer,linear,AI,12000,8000,100,20,13,0,14,1,random,mean,250
2026090803,2750,250,0.591372916667,1.51065166667,0.0638459123457,,0.0978181818182,longer,linear,AI,12000,8000,100,20,13,0,14,1,random,mean,250
2026090804,2750,250,0.5539875,1.38294,0.0791568295575,,0.120727272727,longer,linear,AI,12000,8000,100,20,13,0,14,1,random,mean,250
2026090805,2750,250,0.73064375,1.825725,0.0431653027917,,0.0509090909091,longer,linear,AI,12000,8000,100,20,13,0,14,1,random,mean,250
2026090806,2750,250,0.533789583333,1.32487583333,0.0856356053887,,0.161818181818,longer,linear,AI,12000,8000,100,20,13,0,14,1,random,mean,250
2026090807,2750,250,0.748620833333,1.91035583333,0.0320792510472,,0.146909090909,longer,linear,AI,12000,8000,100,20,13,0,14,1,random,mean,250
2026090808,2750,250,0.83751875,2.1319275,0.0152389100954,,0.0872727272727,longer,linear,AI,12000,8000,100,20,13,0,14,1,random,mean,250
2026090809,2750,250,0.6692375,1.689575,0.0477875751324,,0.126545454545,longer,linear,AI,12000,8000,100,20,13,0,14,1,random,mean,250
2026090810,2750,250,0.584485416667,1.49255416667,0.0486745278744,,0.109454545455,longer,linear,AI,12000,8000,100,20,13,0,14,1,random,mean,250
2026090811,2750,250,0.800520833333,2.00083333333,0.0326175850329,,0.0890909090909,longer,linear,AI,12000,8000,100,20,13,0,14,1,random,mean,250
2026090812,2750,250,0.83771875,2.11695,0.019670427502,,0.110181818182,longer,linear,AI,12000,8000,100,20,13,0,14,1,random,mean,250
2026090813,2750,250,0.81779375,2.06578,0.0180391203088,,0.028,longer,linear,AI,12000,8000,100,20,13,0,14,1,random,mean,250
2026090814,2750,250,0.764922916667,1.91778666667,0.0232899729397,,0.154909090909,longer,linear,AI,12000,8000,100,20,13,0,14,1,random,mean,250
2026090815,2750,250,0.576872916667,1.46021416667,0.0706595292594,,0.105090909091,longer,linear,AI,12000,8000,100,20,13,0,14,1,random,mean,250
2026090800,3000,250,0.576525,1.4512075,0.0675086092179,,0.161333333333,longer,linear,AI,12000,8000,100,20,13,0,14,1,random,mean,250
2026090801,3000,250,0.820175,2.04388,0.0199455490356,,0.0516666666667,longer,linear,AI,12000,8000,100,20,13,0,14,1,random,mean,250
2026090802,3000,250,0.78335,2.005465,0.0209564323361,,0.175,longer,linear,AI,12000,8000,100,20,13,0,14,1,random,mean,250
2026090803,3000,250,0.637345833333,1.62986083333,0.0534047656927,,0.104666666667,longer,linear,AI,12000,8000,100,20,13,0,14,1,random,mean,250
2026090804,3000,250,0.573722916667,1.45546416667,0.0699078744446,,0.126333333333,longer,linear,AI,12000,8000,100,20,13,0,14,1,random,mean,250
2026090805,3000,250,0.70615625,1.7993225,0.040073348792,,0.0563333333333,longer,linear,AI,12000,8000,100,20,13,0,14,1,random,mean,250
2026090806,3000,250,0.5724875,1.4418825,0.0691823497129,,0.166,longer,linear,AI,12000,8000,100,20,13,0,14,1,random,mean,250
2026090807,3000,250,0.8168,2.081065,0.0229493066942,,0.135,longer,linear,AI,12000,8000,100,20,13,0,14,1,random,mean,250
2026090808,3000,250,0.829175,2.118555,0.017296845526,,0.0806666666667,longer,linear,AI,12000,8000,100,20,13,0,14,1,random,mean,250
2026090809,3000,250,0.660195833333,1.67210833333,0.0452356593834,,0.124333333333,longer,linear,AI,12000,8000,100,20,13,0,14,1,random,mean,250
2026090810,3000,250,0.754504166667,1.96708166667,0.024800095434,,0.101,longer,linear,AI,12000,8000,100,20,13,0,14,1,random,mean,250
2026090811,3000,250,0.800520833333,2.00083333333,0.0326175850329,,0.0816666666667,longer,linear,AI,12000,8000,100,20,13,0,14,1,random,mean,250
2026090812,3000,250,0.794425,1.9868525,0.0245737734185,,0.102333333333,longer,linear,AI,12000,8000,100,20,13,0,14,1,random,mean,250
2026090813,3000,250,0.6221375,1.568205,0.0583399049503,,0.0383333333333,longer,linear,AI,12000,8000,100,20,13,0,14,1,random,mean,250
2026090814,3000,250,0.72753125,1.8384075,0.0305737343334,,0.147666666667,longer,linear,AI,12000,8000,100,20,13,0,14,1,random,mean,250
2026090815,3000,250,0.599554166667,1.48942166667,0.069711738318,,0.107,longer,linear,AI,12000,8000,100,20,13,0,14,1,random,mean,250
2026090800,3250,250,0.560385416667,1.41493166667,0.0712345496964,,0.169230769231,longer,linear,AI,12000,8000,100,20,13,0,14,1,random,mean,250
2026090801,3250,250,0.761710416667,1.88930416667,0.0339117228371,,0.0513846153846,longer,linear,AI,12000,8000,100,20,13,0,14,1,random,mean,250
2026090802,3250,250,0.759879166667,1.94938666667,0.0214808504848,,0.163076923077,longer,linear,AI,12000,8000,100,20,13,0,14,1,random,mean,250
2026090803,3250,250,0.68844375,1.7548975,0.0366517555283,,0.103692307692,longer,linear,AI,12000,8000,100,20,13,0,14,1,random,mean,250
2026090804,3250,250,0.55611875,1.4100525,0.0729735807963,,0.131076923077,longer,linear,AI,12000,8000,100,20,13,0,14,1,random,mean,250
2026090805,3250,250,0.809375,2.07,0.0240789220145,,0.052,longer,linear,AI,12000,8000,100,20,13,0,14,1,random,mean,250
2026090806,3250,250,0.522983333333,1.31954583333,0.0788928610942,,0.178769230769,longer,linear,AI,12000,8000,100,20,13,0,14,1,random,mean,250
2026090807,3250,250,0.81875,2.085625,0.0219618514509,,0.124615384615,longer,linear,AI,12000,8000,100,20,13,0,14,1,random,mean,250
2026090808,3250,250,0.8538625,2.18894,0.0163147462759,,0.0756923076923,longer,linear,AI,12000,8000,100,20,13,0,14,1,random,mean,250
2026090809,3250,250,0.64938125,1.6194225,0.0583080702316,,0.124,longer,linear,AI,12000,8000,100,20,13,0,14,1,random,mean,250
2026090810,3250,250,0.6435875,1.6434575,0.0550232665097,,0.108923076923,longer,linear,AI,12000,8000,100,20,13,0,14,1,random,mean,250
2026090811,3250,250,0.799529166667,1.99924666667,0.0325498769753,,0.0756923076923,longer,linear,AI,12000,8000,100,20,13,0,14,1,random,mean,250
2026090812,3250,250,0.79375,1.985625,0.0239008185757,,0.0944615384615,longer,linear,AI,12000,8000,100,20,13,0,14,1,random,mean,250
2026090813,3250,250,0.561858333333,1.40667833333,0.0761837563605,,0.0556923076923,longer,linear,AI,12000,8000,100,20,13,0,14,1,random,mean,250
2026090814,3250,250,0.789933333333,1.98586833333,0.0266385672689,,0.137230769231,longer,linear,AI,12000,8000,100,20,13,0,14,1,random,mean,250
2026090815,3250,250,0.584220833333,1.47908083333,0.0712337226804,,0.109846153846,longer,linear,AI,12000,8000,100,20,13,0,14,1,random,mean,250
2026090800,3500,250,0.583364583333,1.45607583333,0.0664976357061,,0.172,longer,linear,AI,12000,8000,100,20,13,0,14,1,random,mean,250
2026090801,3500,250,0.700510416667,1.76560666667,0.0421129957049,,0.0551428571429,longer,linear,AI,12000,8000,100,20,13,0,14,1,random,mean,250
2026090802,3500,250,0.567035416667,1.44342916667,0.0674507747784,,0.164857142857,longer,linear,AI,12000,8000,100,20,13,0,14,1,random,mean,250
2026090803,3500,250,0.680947916667,1.71838666667,0.0455603730879,,0.101714285714,longer,linear,AI,12000,8000,100,20,13,0,14,1,random,mean,250
2026090804,3500,250,0.651189583333,1.64011583333,0.0463926430252,,0.129428571429,longer,linear,AI,12000,8000,100,20,13,0,14,1,random,mean,250
2026090805,3500,250,0.809375,2.07,0.0240789220145,,0.0482857142857,longer,linear,AI,12000,8000,100,20,13,0,14,1,random,mean,250
2026090806,3500,250,0.549002083333,1.39175083333,0.0685547798929,,0.184,longer,linear,AI,12000,8000,100,20,13,0,14,1,random,mean,250
2026090807,3500,250,0.81875,2.085625,0.0219618514509,,0.115714285714,longer,linear,AI,12000,8000,100,20,13,0,14,1,random,mean,250
2026090808,3500,250,0.848958333333,2.17520833333,0.0169582150417,,0.0708571428571,longer,linear,AI,12000,8000,100,20,13,0,14,1,random,mean,250
2026090809,3500,250,0.724429166667,1.79989166667,0.0375245616041,,0.115714285714,longer,linear,AI,12000,8000,100,20,13,0,14,1,random,mean,250
2026090810,3500,250,0.558208333333,1.40356333333,0.0724017042556,,0.120285714286,longer,linear,AI,12000,8000,100,20,13,0,14,1,random,mean,250
2026090811,3500,250,0.791666666667,1.98666666667,0.0320130488047,,0.0702857142857,longer,linear,AI,12000,8000,100,20,13,0,14,1,random,mean,250
2026090812,3500,250,0.819808333333,2.05858833333,0.0237807691347,,0.088,longer,linear,AI,12000,8000,100,20,13,0,14,1,random,mean,250
2026090813,3500,250,0.544352083333,1.38177083333,0.0705440887734,,0.0691428571429,longer,linear,AI,12000,8000,100,20,13,0,14,1,random,mean,250
2026090814,3500,250,0.78125,1.99875,0.0209326124504,,0.127428571429,longer,linear,AI,12000,8000,100,20,13,0,14,1,random,mean,250
2026090815,3500,250,0.564447916667,1.42297416667,0.0750679457679,,0.114571428571,longer,linear,AI,12000,8000,100,20,13,0,14,1,random,mean,250
2026090800,3750,250,0.597464583333,1.49840833333,0.0676278951075,,0.172533333333,longer,linear,AI,12000,8000,100,20,13,0,14,1,random,mean,250
2026090801,3750,250,0.839527083333,2.10228583333,0.0137790411637,,0.0522666666667,longer,linear,AI,12000,8000,100,20,13,0,14,1,random,mean,250
2026090802,3750,250,0.6604375,1.6364825,0.0564413279943,,0.1616,longer,linear,AI,12000,8000,100,20,13,0,14,1,random,mean,250
2026090803,3750,250,0.5567625,1.38375,0.0817221278981,,0.103466666667,longer,linear,AI,12000,8000,100,20,13,0,14,1,random,mean,250
2026090804,3750,250,0.6098375,1.5353475,0.0572130622274,,0.133333333333,longer,linear,AI,12000,8000,100,20,13,0,14,1,random,mean,250
2026090805,3750,250,0.809375,2.07,0.0240789220145,,0.0450666666667,longer,linear,AI,12000,8000,100,20,13,0,14,1,random,mean,250
2026090806,3750,250,0.619191666667,1.56864916667,0.0570060663411,,0.184,longer,linear,AI,12000,8000,100,20,13,0,14,1,random,mean,250
2026090807,3750,250,0.81875,2.085625,0.0219618514509,,0.108,longer,linear,AI,12000,8000,100,20,13,0,14,1,random,mean,250
2026090808,3750,250,0.826091666667,2.11118166667,0.0165585617457,,0.0669333333333,longer,linear,AI,12000,8000,100,20,13,0,14,1,random,mean,250
2026090809,3750,250,0.656572916667,1.63201666667,0.0556495056602,,0.117066666667,longer,linear,AI,12000,8000,100,20,13,0,14,1,random,mean,250
2026090810,3750,250,0.72373125,1.83138,0.0461187579818,,0.117866666667,longer,linear,AI,12000,8000,100,20,13,0,14,1,random,mean,250
2026090811,3750,250,0.791666666667,1.98666666667,0.0320130488047,,0.0656,longer,linear,AI,12000,8000,100,20,13,0,14,1,random,mean,250
2026090812,3750,250,0.824479166667,2.07166666667,0.0237592508387,,0.0821333333333,longer,linear,AI,12000,8000,100,20,13,0,14,1,random,mean,250
2026090813,3750,250,0.613114583333,1.54800083333,0.0418096632294,,0.0653333333333,longer,linear,AI,12000,8000,100,20,13,0,14,1,random,mean,250
2026090814,3750,250,0.75646875,1.9111575,0.0308353297444,,0.119466666667,longer,linear,AI,12000,8000,100,20,13,0,14,1,random,mean,250
2026090815,3750,250,0.520847916667,1.31413166667,0.0806396856616,,0.1216,longer,linear,AI,12000,8000,100,20,13,0,14,1,random,mean,250
2026090800,4000,250,0.610466666667,1.53835416667,0.0631502571973,,0.17075,longer,linear,AI,12000,8000,100,20,13,0,14,1,random,mean,250
2026090801,4000,250,0.77796875,1.96219,0.0286966129741,,0.05225,longer,linear,AI,12000,8000,100,20,13,0,14,1,random,mean,250
2026090802,4000,250,0.618433333333,1.53907583333,0.0592679980326,,0.16075,longer,linear,AI,12000,8000,100,20,13,0,14,1,random,mean,250
2026090803,4000,250,0.611533333333,1.53057333333,0.0621894794358,,0.10525,longer,linear,AI,12000,8000,100,20,13,0,14,1,random,mean,250
2026090804,4000,250,0.552522916667,1.39017916667,0.0725760622308,,0.13725,longer,linear,AI,12000,8000,100,20,13,0,14,1,random,mean,250
2026090805,4000,250,0.809375,2.07,0.0240789220145,,0.04225,longer,linear,AI,12000,8000,100,20,13,0,14,1,random,mean,250
2026090806,4000,250,0.767708333333,1.95270833333,0.0185577506008,,0.1725,longer,linear,AI,12000,8000,100,20,13,0,14,1,random,mean,250
2026090807,4000,250,0.81875,2.085625,0.0219618514509,,0.10125,longer,linear,AI,12000,8000,100,20,13,0,14,1,random,mean,250
2026090808,4000,250,0.831354166667,2.11204166667,0.0135901099872,,0.063,longer,linear,AI,12000,8000,100,20,13,0,14,1,random,mean,250
2026090809,4000,250,0.579535416667,1.46901166667,0.0593595296509,,0.1215,longer,linear,AI,12000,8000,100,20,13,0,14,1,random,mean,250
2026090810,4000,250,0.885416666667,2.26104166667,0.0182333774367,,0.1105,longer,linear,AI,12000,8000,100,20,13,0,14,1,random,mean,250
2026090811,4000,250,0.791666666667,1.98666666667,0.0320130488047,,0.0615,longer,linear,AI,12000,8000,100,20,13,0,14,1,random,mean,250
2026090812,4000,250,0.798235416667,1.99818416667,0.0235853345329,,0.07725,longer,linear,AI,12000,8000,100,20,13,0,14,1,random,mean,250
2026090813,4000,250,0.608710416667,1.54528416667,0.0562131944804,,0.07125,longer,linear,AI,12000,8000,100,20,13,0,14,1,random,mean,250
2026090814,4000,250,0.598395833333,1.51275833333,0.0617283713947,,0.1275,longer,linear,AI,12000,8000,100,20,13,0,14,1,random,mean,250
2026090815,4000,250,0.66333125,1.6680375,0.0456836146876,,0.11925,longer,linear,AI,12000,8000,100,20,13,0,14,1,random,mean,250
2026090800,4250,250,0.690472916667,1.77199166667,0.0367797686053,,0.161176470588,longer,linear,AI,12000,8000,100,20,13,0,14,1,random,mean,250
2026090801,4250,250,0.58001875,1.4724525,0.0640427071454,,0.064,longer,linear,AI,12000,8000,100,20,13,0,14,1,random,mean,250
2026090802,4250,250,0.500777083333,1.26893333333,0.0811000522136,,0.164705882353,longer,linear,AI,12000,8000,100,20,13,0,14,1,random,mean,250
2026090803,4250,250,0.537945833333,1.35830833333,0.0768384155628,,0.112705882353,longer,linear,AI,12000,8000,100,20,13,0,14,1,random,mean,250
2026090804,4250,250,0.536645833333,1.32975583333,0.0795762966506,,0.136705882353,longer,linear,AI,12000,8000,100,20,13,0,14,1,random,mean,250
2026090805,4250,250,0.808891666667,2.07113666667,0.0230978161677,,0.0402352941176,longer,linear,AI,12000,8000,100,20,13,0,14,1,random,mean,250
2026090806,4250,250,0.767708333333,1.95270833333,0.0185577506008,,0.162352941176,longer,linear,AI,12000,8000,100,20,13,0,14,1,random,mean,250
2026090807,4250,250,0.81875,2.085625,0.0219618514509,,0.0952941176471,longer,linear,AI,12000,8000,100,20,13,0,14,1,random,mean,250
2026090808,4250,250,0.839464583333,2.12589833333,0.0118511420826,,0.0597647058824,longer,linear,AI,12000,8000,100,20,13,0,14,1,random,mean,250
2026090809,4250,250,0.695335416667,1.74207166667,0.035970175657,,0.117647058824,longer,linear,AI,12000,8000,100,20,13,0,14,1,random,mean,250
2026090810,4250,250,0.885416666667,2.26104166667,0.0182333774367,,0.104,longer,linear,AI,12000,8000,100,20,13,0,14,1,random,mean,250
2026090811,4250,250,0.791666666667,1.98666666667,0.0320130488047,,0.0578823529412,longer,linear,AI,12000,8000,100,20,13,0,14,1,random,mean,250
2026090812,4250,250,0.803641666667,2.01332166667,0.0227557097506,,0.0729411764706,longer,linear,AI,12000,8000,100,20,13,0,14,1,random,mean,250
2026090813,4250,250,0.552241666667,1.38951166667,0.0744089292932,,0.0781176470588,longer,linear,AI,12000,8000,100,20,13,0,14,1,random,mean,250
2026090814,4250,250,0.53436875,1.338755,0.0773469735026,,0.130823529412,longer,linear,AI,12000,8000,100,20,13,0,14,1,random,mean,250
2026090815,4250,250,0.668508333333,1.66812333333,0.0457107921723,,0.115058823529,longer,linear,AI,12000,8000,100,20,13,0,14,1,random,mean,250
2026090800,4500,250,0.504477083333,1.24910833333,0.0789452405685,,0.160888888889,longer,linear,AI,12000,8000,100,20,13,0,14,1,random,mean,250
2026090801,4500,250,0.566716666667,1.44093916667,0.0638549985548,,0.074,longer,linear,AI,12000,8000,100,20,13,0,14,1,random,mean,250
2026090802,4500,250,0.56818125,1.4393475,0.0647694249554,,0.165333333333,longer,linear,AI,12000,8000,100,20,13,0,14,1,random,mean,250
2026090803,4500,250,0.629433333333,1.55190333333,0.0595999600747,,0.107777777778,longer,linear,AI,12000,8000,100,20,13,0,14,1,random,mean,250
2026090804,4500,250,0.55000625,1.3828475,0.0755761360996,,0.143777777778,longer,linear,AI,12000,8000,100,20,13,0,14,1,random,mean,250
2026090805,4500,250,0.8308875,2.1362525,0.0230780994355,,0.0382222222222,longer,linear,AI,12000,8000,100,20,13,0,14,1,random,mean,250
2026090806,4500,250,0.76655,1.94638,0.0230563063815,,0.154,longer,linear,AI,12000,8000,100,20,13,0,14,1,random,mean,250
2026090807,4500,250,0.81875,2.085625,0.0140583176084,,0.0902222222222,longer,linear,AI,12000,8000,100,20,13,0,14,1,random,mean,250
2026090808,4500,250,0.8349875,2.120415,0.0152121190618,,0.0568888888889,longer,linear,AI,12000,8000,100,20,13,0,14,1,random,mean,250
2026090809,4500,250,0.6453125,1.61929,0.0532419544731,,0.117333333333,longer,linear,AI,12000,8000,100,20,13,0,14,1,random,mean,250
2026090810,4500,250,0.885416666667,2.26104166667,0.0182333774367,,0.0982222222222,longer,linear,AI,12000,8000,100,20,13,0,14,1,random,mean,250
2026090811,4500,250,0.791666666667,1.98666666667,0.0320130488047,,0.0546666666667,longer,linear,AI,12000,8000,100,20,13,0,14,1,random,mean,250
2026090812,4500,250,0.801435416667,2.00714416667,0.0229899231587,,0.0691111111111,longer,linear,AI,12000,8000,100,20,13,0,14,1,random,mean,250
2026090813,4500,250,0.5688875,1.4379275,0.0679435396772,,0.0877777777778,longer,linear,AI,12000,8000,100,20,13,0,14,1,random,mean,250
2026090814,4500,250,0.584595833333,1.46124083333,0.0718481649148,,0.131777777778,longer,linear,AI,12000,8000,100,20,13,0,14,1,random,mean,250
2026090815,4500,250,0.512327083333,1.28604333333,0.0760049938747,,0.126444444444,longer,linear,AI,12000,8000,100,20,13,0,14,1,random,mean,250
2026090800,4750,250,0.516670833333,1.31078083333,0.0784166850887,,0.169263157895,longer,linear,AI,12000,8000,100,20,13,0,14,1,random,mean,250
2026090801,4750,250,0.530504166667,1.34075416667,0.0796732032177,,0.0856842105263,longer,linear,AI,12000,8000,100,20,13,0,14,1,random,mean,250
2026090802,4750,250,0.835091666667,2.10705416667,0.016306290084,,0.158105263158,longer,linear,AI,12000,8000,100,20,13,0,14,1,random,mean,250
2026090803,4750,250,0.522254166667,1.32687666667,0.0647444055425,,0.108421052632,longer,linear,AI,12000,8000,100,20,13,0,14,1,random,mean,250
2026090804,4750,250,0.668620833333,1.71969833333,0.052109751754,,0.143789473684,longer,linear,AI,12000,8000,100,20,13,0,14,1,random,mean,250
2026090805,4750,250,0.80625,2.065625,0.0174843663971,,0.0362105263158,longer,linear,AI,12000,8000,100,20,13,0,14,1,random,mean,250
2026090806,4750,250,0.736808333333,1.87925833333,0.0239646445785,,0.148421052632,longer,linear,AI,12000,8000,100,20,13,0,14,1,random,mean,250
2026090807,4750,250,0.81875,2.085625,0.0115624648161,,0.0854736842105,longer,linear,AI,12000,8000,100,20,13,0,14,1,random,mean,250
2026090808,4750,250,0.831004166667,2.10814166667,0.0173646310247,,0.0543157894737,longer,linear,AI,12000,8000,100,20,13,0,14,1,random,mean,250
2026090809,4750,250,0.61024375,1.542085,0.0612653925152,,0.119157894737,longer,linear,AI,12000,8000,100,20,13,0,14,1,random,mean,250
2026090810,4750,250,0.885416666667,2.26104166667,0.0182333774367,,0.0930526315789,longer,linear,AI,12000,8000,100,20,13,0,14,1,random,mean,250
2026090811,4750,250,0.791666666667,1.98666666667,0.0320130488047,,0.0517894736842,longer,linear,AI,12000,8000,100,20,13,0,14,1,random,mean,250
2026090812,4750,250,0.794270833333,1.98708333333,0.0237298580159,,0.0654736842105,longer,linear,AI,12000,8000,100,20,13,0,14,1,random,mean,250
2026090813,4750,250,0.5898875,1.4804025,0.070031600103,,0.0924210526316,longer,linear,AI,12000,8000,100,20,13,0,14,1,random,mean,250
2026090814,4750,250,0.761708333333,1.95358083333,0.0262286463588,,0.126105263158,longer,linear,AI,12000,8000,100,20,13,0,14,1,random,mean,250
2026090815,4750,250,0.525770833333,1.29310333333,0.0771218977192,,0.120421052632,longer,linear,AI,12000,8000,100,20,13,0,14,1,random,mean,250
2026090800,5000,250,0.601691666667,1.49915416667,0.0681176562602,,0.1696,longer,linear,AI,12000,8000,100,20,13,0,14,1,random,mean,250
2026090801,5000,250,0.583179166667,1.46548666667,0.071632357817,,0.0912,longer,linear,AI,12000,8000,100,20,13,0,14,1,random,mean,250
2026090802,5000,250,0.845833333333,2.13708333333,0.0138494455069,,0.1502,longer,linear,AI,12000,8000,100,20,13,0,14,1,random,mean,250
2026090803,5000,250,0.608827083333,1.53106333333,0.0654614492306,,0.1116,longer,linear,AI,12000,8000,100,20,13,0,14,1,random,mean,250
2026090804,5000,250,0.654820833333,1.67679583333,0.0522522458048,,0.1414,longer,linear,AI,12000,8000,100,20,13,0,14,1,random,mean,250
2026090805,5000,250,0.80625,2.065625,0.0174843663971,,0.0344,longer,linear,AI,12000,8000,100,20,13,0,14,1,random,mean,250
2026090806,5000,250,0.6467125,1.634225,0.0456402221644,,0.1462,longer,linear,AI,12000,8000,100,20,13,0,14,1,random,mean,250
2026090807,5000,250,0.8133125,2.076925,0.0111479322402,,0.0814,longer,linear,AI,12000,8000,100,20,13,0,14,1,random,mean,250
2026090808,5000,250,0.833333333333,2.11145833333,0.0170800764287,,0.0516,longer,linear,AI,12000,8000,100,20,13,0,14,1,random,mean,250
2026090809,5000,250,0.544670833333,1.37951833333,0.0731494294974,,0.122,longer,linear,AI,12000,8000,100,20,13,0,14,1,random,mean,250
2026090810,5000,250,0.885416666667,2.26104166667,0.0182333774367,,0.0884,longer,linear,AI,12000,8000,100,20,13,0,14,1,random,mean,250
2026090811,5000,250,0.791666666667,1.98666666667,0.0320130488047,,0.0492,longer,linear,AI,12000,8000,100,20,13,0,14,1,random,mean,250
2026090812,5000,250,0.794270833333,1.98708333333,0.0236551194154,,0.0624,longer,linear,AI,12000,8000,100,20,13,0,14,1,random,mean,250
2026090813,5000,250,0.544114583333,1.38497333333,0.0708287393824,,0.1024,longer,linear,AI,12000,8000,100,20,13,0,14,1,random,mean,250
2026090814,5000,250,0.796777083333,2.02987333333,0.0192283917073,,0.121,longer,linear,AI,12000,8000,100,20,13,0,14,1,random,mean,250
2026090815,5000,250,0.639152083333,1.59009583333,0.0547629531698,,0.1198,longer,linear,AI,12000,8000,100,20,13,0,14,1,random,mean,250
2026090800,5250,250,0.686866666667,1.69926666667,0.0510547613193,,0.16419047619,longer,linear,AI,12000,8000,100,20,13,0,14,1,random,mean,250
2026090801,5250,250,0.608939583333,1.53099583333,0.0741584546443,,0.092,longer,linear,AI,12000,8000,100,20,13,0,14,1,random,mean,250
2026090802,5250,250,0.825008333333,2.08334583333,0.0150230508743,,0.143428571429,longer,linear,AI,12000,8000,100,20,13,0,14,1,random,mean,250
2026090803,5250,250,0.583683333333,1.49108083333,0.0627501744243,,0.114476190476,longer,linear,AI,12000,8000,100,20,13,0,14,1,random,mean,250
2026090804,5250,250,0.610420833333,1.55429333333,0.0558935595293,,0.146857142857,longer,linear,AI,12000,8000,100,20,13,0,14,1,random,mean,250
2026090805,5250,250,0.8133,2.085365,0.0179001618336,,0.0329523809524,longer,linear,AI,12000,8000,100,20,13,0,14,1,random,mean,250
2026090806,5250,250,0.613827083333,1.53657083333,0.0594089056548,,0.145714285714,longer,linear,AI,12000,8000,100,20,13,0,14,1,random,mean,250
2026090807,5250,250,0.809375,2.070625,0.0108477534784,,0.0775238095238,longer,linear,AI,12000,8000,100,20,13,0,14,1,random,mean,250
2026090808,5250,250,0.829466666667,2.10063166667,0.0180383379742,,0.0493333333333,longer,linear,AI,12000,8000,100,20,13,0,14,1,random,mean,250
2026090809,5250,250,0.586104166667,1.47889416667,0.0646336956473,,0.129333333333,longer,linear,AI,12000,8000,100,20,13,0,14,1,random,mean,250
2026090810,5250,250,0.885416666667,2.26104166667,0.0182333774367,,0.0841904761905,longer,linear,AI,12000,8000,100,20,13,0,14,1,random,mean,250
2026090811,5250,250,0.791666666667,1.98666666667,0.0320130488047,,0.0468571428571,longer,linear,AI,12000,8000,100,20,13,0,14,1,random,mean,250
2026090812,5250,250,0.803058333333,2.01168833333,0.023487134687,,0.059619047619,longer,linear,AI,12000,8000,100,20,13,0,14,1,random,mean,250
2026090813,5250,250,0.508895833333,1.27968333333,0.07969781705,,0.108761904762,longer,linear,AI,12000,8000,100,20,13,0,14,1,random,mean,250
2026090814,5250,250,0.819270833333,2.05208333333,0.0158379556335,,0.115238095238,longer,linear,AI,12000,8000,100,20,13,0,14,1,random,mean,250
2026090815,5250,250,0.660341666667,1.67692416667,0.0482708618671,,0.119047619048,longer,linear,AI,12000,8000,100,20,13,0,14,1,random,mean,250
2026090800,5500,250,0.585739583333,1.47051333333,0.0715785656139,,0.165272727273,longer,linear,AI,12000,8000,100,20,13,0,14,1,random,mean,250
2026090801,5500,250,0.6619875,1.6922125,0.0527090307143,,0.0938181818182,longer,linear,AI,12000,8000,100,20,13,0,14,1,random,mean,250
2026090802,5500,250,0.809125,2.0344,0.0172727532384,,0.137272727273,longer,linear,AI,12000,8000,100,20,13,0,14,1,random,mean,250
2026090803,5500,250,0.659885416667,1.67651666667,0.0430944283398,,0.112363636364,longer,linear,AI,12000,8000,100,20,13,0,14,1,random,mean,250
2026090804,5500,250,0.619033333333,1.54436833333,0.0617706756515,,0.145272727273,longer,linear,AI,12000,8000,100,20,13,0,14,1,random,mean,250
2026090805,5500,250,0.85279375,2.196645,0.0163443132099,,0.0318181818182,longer,linear,AI,12000,8000,100,20,13,0,14,1,random,mean,250
2026090806,5500,250,0.694270833333,1.72645833333,0.0377394842579,,0.139090909091,longer,linear,AI,12000,8000,100,20,13,0,14,1,random,mean,250
2026090807,5500,250,0.809375,2.070625,0.0108477534784,,0.074,longer,linear,AI,12000,8000,100,20,13,0,14,1,random,mean,250
2026090808,5500,250,0.825,2.088125,0.0191452952768,,0.0470909090909,longer,linear,AI,12000,8000,100,20,13,0,14,1,random,mean,250
2026090809,5500,250,0.51428125,1.2931075,0.0802183510879,,0.137090909091,longer,linear,AI,12000,8000,100,20,13,0,14,1,random,mean,250
2026090810,5500,250,0.885416666667,2.26104166667,0.0182333774367,,0.0803636363636,longer,linear,AI,12000,8000,100,20,13,0,14,1,random,mean,250
2026090811,5500,250,0.799866666667,1.99978666667,0.0325777824386,,0.0449090909091,longer,linear,AI,12000,8000,100,20,13,0,14,1,random,mean,250
2026090812,5500,250,0.811858333333,2.03632833333,0.0236037980087,,0.0572727272727,longer,linear,AI,12000,8000,100,20,13,0,14,1,random,mean,250
2026090813,5500,250,0.54075625,1.35535,0.0813843965537,,0.114181818182,longer,linear,AI,12000,8000,100,20,13,0,14,1,random,mean,250
2026090814,5500,250,0.7367375,1.8613425,0.0333441380833,,0.115090909091,longer,linear,AI,12000,8000,100,20,13,0,14,1,random,mean,250
2026090815,5500,250,0.555279166667,1.39962166667,0.0697191977726,,0.122909090909,longer,linear,AI,12000,8000,100,20,13,0,14,1,random,mean,250
2026090800,5750,250,0.663814583333,1.65996333333,0.0564620684653,,0.165565217391,longer,linear,AI,12000,8000,100,20,13,0,14,1,random,mean,250
2026090801,5750,250,0.712895833333,1.83862333333,0.0359590839443,,0.0932173913043,longer,linear,AI,12000,8000,100,20,13,0,14,1,random,mean,250
2026090802,5750,250,0.8125,2.040625,0.0177761024648,,0.131304347826,longer,linear,AI,12000,8000,100,20,13,0,14,1,random,mean,250
2026090803,5750,250,0.694929166667,1.81666666667,0.0312730771185,,0.110086956522,longer,linear,AI,12000,8000,100,20,13,0,14,1,random,mean,250
2026090804,5750,250,0.85344375,2.1521475,0.0220433407082,,0.14,longer,linear,AI,12000,8000,100,20,13,0,14,1,random,mean,250
2026090805,5750,250,0.855729166667,2.20479166667,0.0161009909533,,0.0304347826087,longer,linear,AI,12000,8000,100,20,13,0,14,1,random,mean,250
2026090806,5750,250,0.739141666667,1.86788166667,0.0337972565123,,0.134260869565,longer,linear,AI,12000,8000,100,20,13,0,14,1,random,mean,250
2026090807,5750,250,0.8066875,2.0626,0.0110624051263,,0.0711304347826,longer,linear,AI,12000,8000,100,20,13,0,14,1,random,mean,250
2026090808,5750,250,0.685347916667,1.72844916667,0.0502890999934,,0.0486956521739,longer,linear,AI,12000,8000,100,20,13,0,14,1,random,mean,250
2026090809,5750,250,0.4959,1.259385,0.0778014798668,,0.142608695652,longer,linear,AI,12000,8000,100,20,13,0,14,1,random,mean,250
2026090810,5750,250,0.885416666667,2.26104166667,0.0182333774367,,0.0768695652174,longer,linear,AI,12000,8000,100,20,13,0,14,1,random,mean,250
2026090811,5750,250,0.8,2,0.0325869650993,,0.0429565217391,longer,linear,AI,12000,8000,100,20,13,0,14,1,random,mean,250
2026090812,5750,250,0.7943875,1.98727,0.0236430261859,,0.0549565217391,longer,linear,AI,12000,8000,100,20,13,0,14,1,random,mean,250
2026090813,5750,250,0.569583333333,1.46556583333,0.0557476770868,,0.115130434783,longer,linear,AI,12000,8000,100,20,13,0,14,1,random,mean,250
2026090814,5750,250,0.5798125,1.4976325,0.0625931331132,,0.118782608696,longer,linear,AI,12000,8000,100,20,13,0,14,1,random,mean,250
2026090815,5750,250,0.705197916667,1.74892416667,0.0387702227694,,0.118782608696,longer,linear,AI,12000,8000,100,20,13,0,14,1,random,mean,250
2026090800,6000,250,0.7814875,1.946125,0.0310283088784,,0.158833333333,longer,linear,AI,12000,8000,100,20,13,0,14,1,random,mean,250
2026090801,6000,250,0.628820833333,1.59156333333,0.0598933383074,,0.0978333333333,longer,linear,AI,12000,8000,100,20,13,0,14,1,random,mean,250
2026090802,6000,250,0.8179375,2.05585,0.0174270096489,,0.126,longer,linear,AI,12000,8000,100,20,13,0,14,1,random,mean,250
2026090803,6000,250,0.683427083333,1.78979083333,0.0328588635986,,0.105666666667,longer,linear,AI,12000,8000,100,20,13,0,14,1,random,mean,250
2026090804,6000,250,0.83959375,2.131145,0.0118466010783,,0.134666666667,longer,linear,AI,12000,8000,100,20,13,0,14,1,random,mean,250
2026090805,6000,250,0.855729166667,2.20479166667,0.0161009909533,,0.0291666666667,longer,linear,AI,12000,8000,100,20,13,0,14,1,random,mean,250
2026090806,6000,250,0.85,2.165,0.0143234174952,,0.128666666667,longer,linear,AI,12000,8000,100,20,13,0,14,1,random,mean,250
2026090807,6000,250,0.838020833333,2.15083333333,0.00710496474138,,0.0681666666667,longer,linear,AI,12000,8000,100,20,13,0,14,1,random,mean,250
2026090808,6000,250,0.5692375,1.4163975,0.0725300101316,,0.0533333333333,longer,linear,AI,12000,8000,100,20,13,0,14,1,random,mean,250
2026090809,6000,250,0.610927083333,1.53795333333,0.0554687584997,,0.140166666667,longer,linear,AI,12000,8000,100,20,13,0,14,1,random,mean,250
2026090810,6000,250,0.885416666667,2.26104166667,0.0182333774367,,0.0736666666667,longer,linear,AI,12000,8000,100,20,13,0,14,1,random,mean,250
2026090811,6000,250,0.800470833333,2.00075333333,0.0326146455193,,0.0413333333333,longer,linear,AI,12000,8000,100,20,13,0,14,1,random,mean,250
2026090812,6000,250,0.794791666667,1.98791666667,0.0236691298902,,0.0528333333333,longer,linear,AI,12000,8000,100,20,13,0,14,1,random,mean,250
2026090813,6000,250,0.59490625,1.50516,0.0592485077369,,0.114166666667,longer,linear,AI,12000,8000,100,20,13,0,14,1,random,mean,250
2026090814,6000,250,0.543095833333,1.34492333333,0.0826774242359,,0.119833333333,longer,linear,AI,12000,8000,100,20,13,0,14,1,random,mean,250
2026090815,6000,250,0.68185625,1.712955,0.0404101265479,,0.116333333333,longer,linear,AI,12000,8000,100,20,13,0,14,1,random,mean,250
2026090800,6250,250,0.797966666667,1.98734166667,0.028550715866,,0.1528,longer,linear,AI,12000,8000,100,20,13,0,14,1,random,mean,250
2026090801,6250,250,0.77905625,1.97545,0.0251445952776,,0.0944,longer,linear,AI,12000,8000,100,20,13,0,14,1,random,mean,250
2026090802,6250,250,0.8359375,2.10625,0.0162713920511,,0.12096,longer,linear,AI,12000,8000,100,20,13,0,14,1,random,mean,250
2026090803,6250,250,0.61511875,1.565095,0.0535090749802,,0.10336,longer,linear,AI,12000,8000,100,20,13,0,14,1,random,mean,250
2026090804,6250,250,0.843229166667,2.14041666667,0.0106949353465,,0.12928,longer,linear,AI,12000,8000,100,20,13,0,14,1,random,mean,250
2026090805,6250,250,0.849922916667,2.19550166667,0.0135188403514,,0.02832,longer,linear,AI,12000,8000,100,20,13,0,14,1,random,mean,250
2026090806,6250,250,0.85,2.165,0.0143234174952,,0.12352,longer,linear,AI,12000,8000,100,20,13,0,14,1,random,mean,250
2026090807,6250,250,0.838020833333,2.15083333333,0.00710496474138,,0.06544,longer,linear,AI,12000,8000,100,20,13,0,14,1,random,mean,250
2026090808,6250,250,0.574145833333,1.45629083333,0.0656580635821,,0.05856,longer,linear,AI,12000,8000,100,20,13,0,14,1,random,mean,250
2026090809,6250,250,0.72105625,1.82082,0.0267159394509,,0.1352,longer,linear,AI,12000,8000,100,20,13,0,14,1,random,mean,250
2026090810,6250,250,0.885416666667,2.26104166667,0.0182333774367,,0.07072,longer,linear,AI,12000,8000,100,20,13,0,14,1,random,mean,250
2026090811,6250,250,0.795295833333,1.99247333333,0.0322682382621,,0.03984,longer,linear,AI,12000,8000,100,20,13,0,14,1,random,mean,250
2026090812,6250,250,0.779895833333,1.95204083333,0.0274375057357,,0.05152,longer,linear,AI,12000,8000,100,20,13,0,14,1,random,mean,250
2026090813,6250,250,0.647070833333,1.63017833333,0.0489325522011,,0.10976,longer,linear,AI,12000,8000,100,20,13,0,14,1,random,mean,250
2026090814,6250,250,0.667435416667,1.69252916667,0.0458727010185,,0.11616,longer,linear,AI,12000,8000,100,20,13,0,14,1,random,mean,250
2026090815,6250,250,0.663622916667,1.68651916667,0.0431532051334,,0.11696,longer,linear,AI,12000,8000,100,20,13,0,14,1,random,mean,250
2026090800,6500,250,0.839441666667,2.09033416667,0.0240346883123,,0.147692307692,longer,linear,AI,12000,8000,100,20,13,0,14,1,random,mean,250
2026090801,6500,250,0.772160416667,1.93937166667,0.027067989486,,0.0909230769231,longer,linear,AI,12000,8000,100,20,13,0,14,1,random,mean,250
2026090802,6500,250,0.8359375,2.10625,0.0162713920511,,0.116307692308,longer,linear,AI,12000,8000,100,20,13,0,14,1,random,mean,250
2026090803,6500,250,0.675175,1.641245,0.0604715634674,,0.101230769231,longer,linear,AI,12000,8000,100,20,13,0,14,1,random,mean,250
2026090804,6500,250,0.815295833333,2.07010083333,0.0140322870713,,0.126,longer,linear,AI,12000,8000,100,20,13,0,14,1,random,mean,250
2026090805,6500,250,0.847916666667,2.19229166667,0.012333138278,,0.0272307692308,longer,linear,AI,12000,8000,100,20,13,0,14,1,random,mean,250
2026090806,6500,250,0.664572916667,1.68565666667,0.0457647250038,,0.124923076923,longer,linear,AI,12000,8000,100,20,13,0,14,1,random,mean,250
2026090807,6500,250,0.837885416667,2.15037916667,0.00716376025866,,0.0630769230769,longer,linear,AI,12000,8000,100,20,13,0,14,1,random,mean,250
2026090808,6500,250,0.6829375,1.721955,0.04277793476,,0.0592307692308,longer,linear,AI,12000,8000,100,20,13,0,14,1,random,mean,250
2026090809,6500,250,0.797375,1.9811,0.023613727752,,0.130153846154,longer,linear,AI,12000,8000,100,20,13,0,14,1,random,mean,250
2026090810,6500,250,0.885416666667,2.26104166667,0.0182333774367,,0.068,longer,linear,AI,12000,8000,100,20,13,0,14,1,random,mean,250
2026090811,6500,250,0.790625,1.985,0.0319559434216,,0.0383076923077,longer,linear,AI,12000,8000,100,20,13,0,14,1,random,mean,250
2026090812,6500,250,0.791983333333,1.96781833333,0.0372704433817,,0.0498461538462,longer,linear,AI,12000,8000,100,20,13,0,14,1,random,mean,250
2026090813,6500,250,0.75141875,1.8938725,0.0247675081901,,0.105846153846,longer,linear,AI,12000,8000,100,20,13,0,14,1,random,mean,250
2026090814,6500,250,0.635345833333,1.59164333333,0.0494983718756,,0.114,longer,linear,AI,12000,8000,100,20,13,0,14,1,random,mean,250
2026090815,6500,250,0.611277083333,1.53473833333,0.0675184498204,,0.118461538462,longer,linear,AI,12000,8000,100,20,13,0,14,1,random,mean,250
2026090800,6750,250,0.826258333333,2.04977333333,0.0275162128272,,0.142666666667,longer,linear,AI,12000,8000,100,20,13,0,14,1,random,mean,250
2026090801,6750,250,0.7517625,1.88504,0.0314463921229,,0.088,longer,linear,AI,12000,8000,100,20,13,0,14,1,random,mean,250
2026090802,6750,250,0.8359375,2.10625,0.0162713920511,,0.112,longer,linear,AI,12000,8000,100,20,13,0,14,1,random,mean,250
2026090803,6750,250,0.720633333333,1.73892333333,0.0526498731275,,0.0977777777778,longer,linear,AI,12000,8000,100,20,13,0,14,1,random,mean,250
2026090804,6750,250,0.791439583333,2.02516583333,0.0152230864592,,0.122074074074,longer,linear,AI,12000,8000,100,20,13,0,14,1,random,mean,250
2026090805,6750,250,0.845102083333,2.16800583333,0.014257995917,,0.0263703703704,longer,linear,AI,12000,8000,100,20,13,0,14,1,random,mean,250
2026090806,6750,250,0.54841875,1.389895,0.0680489126722,,0.12962962963,longer,linear,AI,12000,8000,100,20,13,0,14,1,random,mean,250
2026090807,6750,250,0.619935416667,1.56864916667,0.0532129298731,,0.0659259259259,longer,linear,AI,12000,8000,100,20,13,0,14,1,random,mean,250
2026090808,6750,250,0.6651375,1.6877475,0.0432263608312,,0.0625185185185,longer,linear,AI,12000,8000,100,20,13,0,14,1,random,mean,250
2026090809,6750,250,0.767189583333,1.91323583333,0.0305299053954,,0.125925925926,longer,linear,AI,12000,8000,100,20,13,0,14,1,random,mean,250
2026090810,6750,250,0.885416666667,2.26104166667,0.0182333774367,,0.0654814814815,longer,linear,AI,12000,8000,100,20,13,0,14,1,random,mean,250
2026090811,6750,250,0.790625,1.985,0.0319559434216,,0.0368888888889,longer,linear,AI,12000,8000,100,20,13,0,14,1,random,mean,250
2026090812,6750,250,0.826264583333,2.05135833333,0.0358387546226,,0.0481481481481,longer,linear,AI,12000,8000,100,20,13,0,14,1,random,mean,250
2026090813,6750,250,0.76156875,1.905105,0.0252692514421,,0.102222222222,longer,linear,AI,12000,8000,100,20,13,0,14,1,random,mean,250
2026090814,6750,250,0.723154166667,1.82222666667,0.0295482103396,,0.110074074074,longer,linear,AI,12000,8000,100,20,13,0,14,1,random,mean,250
2026090815,6750,250,0.665214583333,1.69751333333,0.0475079846039,,0.119407407407,longer,linear,AI,12000,8000,100,20,13,0,14,1,random,mean,250
2026090800,7000,250,0.806808333333,2.02969083333,0.0182756342825,,0.138428571429,longer,linear,AI,12000,8000,100,20,13,0,14,1,random,mean,250
2026090801,7000,250,0.70635,1.77358,0.0331981201542,,0.085,longer,linear,AI,12000,8000,100,20,13,0,14,1,random,mean,250
2026090802,7000,250,0.834791666667,2.10326166667,0.0165070495025,,0.108142857143,longer,linear,AI,12000,8000,100,20,13,0,14,1,random,mean,250
2026090803,7000,250,0.614629166667,1.52336666667,0.0677074268402,,0.100571428571,longer,linear,AI,12000,8000,100,20,13,0,14,1,random,mean,250
2026090804,7000,250,0.7943625,2.0288475,0.0242257224149,,0.118428571429,longer,linear,AI,12000,8000,100,20,13,0,14,1,random,mean,250
2026090805,7000,250,0.826166666667,2.10872916667,0.0126734984312,,0.026,longer,linear,AI,12000,8000,100,20,13,0,14,1,random,mean,250
2026090806,7000,250,0.537577083333,1.35308083333,0.0751048344165,,0.133857142857,longer,linear,AI,12000,8000,100,20,13,0,14,1,random,mean,250
2026090807,7000,250,0.570666666667,1.43215916667,0.0776553872284,,0.0695714285714,longer,linear,AI,12000,8000,100,20,13,0,14,1,random,mean,250
2026090808,7000,250,0.508447916667,1.28149416667,0.08557327532,,0.0681428571429,longer,linear,AI,12000,8000,100,20,13,0,14,1,random,mean,250
2026090809,7000,250,0.8219125,2.048185,0.0202324303864,,0.121571428571,longer,linear,AI,12000,8000,100,20,13,0,14,1,random,mean,250
2026090810,7000,250,0.885416666667,2.26104166667,0.0182333774367,,0.0631428571429,longer,linear,AI,12000,8000,100,20,13,0,14,1,random,mean,250
2026090811,7000,250,0.793775,1.99004,0.0321679667053,,0.0357142857143,longer,linear,AI,12000,8000,100,20,13,0,14,1,random,mean,250
2026090812,7000,250,0.821820833333,2.04164583333,0.0333670302321,,0.0465714285714,longer,linear,AI,12000,8000,100,20,13,0,14,1,random,mean,250
2026090813,7000,250,0.771854166667,1.93369166667,0.0222961991926,,0.0988571428571,longer,linear,AI,12000,8000,100,20,13,0,14,1,random,mean,250
2026090814,7000,250,0.680270833333,1.71489583333,0.0406987940958,,0.109714285714,longer,linear,AI,12000,8000,100,20,13,0,14,1,random,mean,250
2026090815,7000,250,0.787120833333,2.04848583333,0.0242716542307,,0.115428571429,longer,linear,AI,12000,8000,100,20,13,0,14,1,random,mean,250
2026090800,7250,250,0.75178125,1.8812775,0.0426165634487,,0.135034482759,longer,linear,AI,12000,8000,100,20,13,0,14,1,random,mean,250
2026090801,7250,250,0.7561125,1.8925625,0.0347586983383,,0.0822068965517,longer,linear,AI,12000,8000,100,20,13,0,14,1,random,mean,250
2026090802,7250,250,0.809633333333,2.03789083333,0.0217106883205,,0.104689655172,longer,linear,AI,12000,8000,100,20,13,0,14,1,random,mean,250
2026090803,7250,250,0.575483333333,1.46181583333,0.0586940525574,,0.102620689655,longer,linear,AI,12000,8000,100,20,13,0,14,1,random,mean,250
2026090804,7250,250,0.746354166667,1.89104166667,0.026046343141,,0.114344827586,longer,linear,AI,12000,8000,100,20,13,0,14,1,random,mean,250
2026090805,7250,250,0.82745625,2.113185,0.0144688121697,,0.0252413793103,longer,linear,AI,12000,8000,100,20,13,0,14,1,random,mean,250
2026090806,7250,250,0.734735416667,1.83901416667,0.0359173162768,,0.13075862069,longer,linear,AI,12000,8000,100,20,13,0,14,1,random,mean,250
2026090807,7250,250,0.6855375,1.7619825,0.0389522657051,,0.0702068965517,longer,linear,AI,12000,8000,100,20,13,0,14,1,random,mean,250
2026090808,7250,250,0.614477083333,1.54644833333,0.0618178104588,,0.0724137931034,longer,linear,AI,12000,8000,100,20,13,0,14,1,random,mean,250
2026090809,7250,250,0.847966666667,2.12016666667,0.0217206358822,,0.117517241379,longer,linear,AI,12000,8000,100,20,13,0,14,1,random,mean,250
2026090810,7250,250,0.885416666667,2.26104166667,0.0182333774367,,0.0609655172414,longer,linear,AI,12000,8000,100,20,13,0,14,1,random,mean,250
2026090811,7250,250,0.798708333333,1.99748333333,0.0325583299784,,0.0346206896552,longer,linear,AI,12000,8000,100,20,13,0,14,1,random,mean,250
2026090812,7250,250,0.849095833333,2.12682833333,0.0218070715356,,0.0453793103448,longer,linear,AI,12000,8000,100,20,13,0,14,1,random,mean,250
2026090813,7250,250,0.779302083333,1.95884583333,0.0189066932644,,0.095724137931,longer,linear,AI,12000,8000,100,20,13,0,14,1,random,mean,250
2026090814,7250,250,0.670877083333,1.67603583333,0.0586288455305,,0.110068965517,longer,linear,AI,12000,8000,100,20,13,0,14,1,random,mean,250
2026090815,7250,250,0.739510416667,1.91624166667,0.0322716518005,,0.113379310345,longer,linear,AI,12000,8000,100,20,13,0,14,1,random,mean,250
2026090800,7500,250,0.765695833333,1.92148083333,0.0422559812726,,0.130666666667,longer,linear,AI,12000,8000,100,20,13,0,14,1,random,mean,250
2026090801,7500,250,0.7875,1.968125,0.0354394749207,,0.0794666666667,longer,linear,AI,12000,8000,100,20,13,0,14,1,random,mean,250
2026090802,7500,250,0.803645833333,2.03395833333,0.024483227636,,0.101333333333,longer,linear,AI,12000,8000,100,20,13,0,14,1,random,mean,250
2026090803,7500,250,0.611458333333,1.57207333333,0.0556341614608,,0.104933333333,longer,linear,AI,12000,8000,100,20,13,0,14,1,random,mean,250
2026090804,7500,250,0.746354166667,1.89104166667,0.026046343141,,0.110533333333,longer,linear,AI,12000,8000,100,20,13,0,14,1,random,mean,250
2026090805,7500,250,0.692591666667,1.77759666667,0.0418546491432,,0.0284,longer,linear,AI,12000,8000,100,20,13,0,14,1,random,mean,250
2026090806,7500,250,0.741014583333,1.84760333333,0.0409276246072,,0.127466666667,longer,linear,AI,12000,8000,100,20,13,0,14,1,random,mean,250
2026090807,7500,250,0.604908333333,1.54079333333,0.0569285127917,,0.0738666666667,longer,linear,AI,12000,8000,100,20,13,0,14,1,random,mean,250
2026090808,7500,250,0.60761875,1.53437,0.0472378857732,,0.0718666666667,longer,linear,AI,12000,8000,100,20,13,0,14,1,random,mean,250
2026090809,7500,250,0.831591666667,2.08288916667,0.0252292735305,,0.114,longer,linear,AI,12000,8000,100,20,13,0,14,1,random,mean,250
2026090810,7500,250,0.885416666667,2.26104166667,0.0182333774367,,0.0589333333333,longer,linear,AI,12000,8000,100,20,13,0,14,1,random,mean,250
2026090811,7500,250,0.752629166667,1.87625166667,0.03528582729,,0.0352,longer,linear,AI,12000,8000,100,20,13,0,14,1,random,mean,250
2026090812,7500,250,0.909841666667,2.30057166667,0.00705499808502,,0.0444,longer,linear,AI,12000,8000,100,20,13,0,14,1,random,mean,250
2026090813,7500,250,0.773747916667,1.94728166667,0.0194404621466,,0.0932,longer,linear,AI,12000,8000,100,20,13,0,14,1,random,mean,250
2026090814,7500,250,0.707802083333,1.79851333333,0.0391154055635,,0.1096,longer,linear,AI,12000,8000,100,20,13,0,14,1,random,mean,250
2026090815,7500,250,0.604475,1.5261525,0.058540116048,,0.1156,longer,linear,AI,12000,8000,100,20,13,0,14,1,random,mean,250
2026090800,7750,250,0.775,1.936875,0.0437234601303,,0.126451612903,longer,linear,AI,12000,8000,100,20,13,0,14,1,random,mean,250
2026090801,7750,250,0.7875,1.968125,0.0354394749207,,0.0769032258065,longer,linear,AI,12000,8000,100,20,13,0,14,1,random,mean,250
2026090802,7750,250,0.733435416667,1.81954916667,0.0430239930436,,0.0983225806452,longer,linear,AI,12000,8000,100,20,13,0,14,1,random,mean,250
2026090803,7750,250,0.5431,1.3963725,0.0693662408342,,0.109677419355,longer,linear,AI,12000,8000,100,20,13,0,14,1,random,mean,250
2026090804,7750,250,0.6418125,1.6123375,0.0523287984419,,0.112387096774,longer,linear,AI,12000,8000,100,20,13,0,14,1,random,mean,250
2026090805,7750,250,0.654922916667,1.67288166667,0.0433361162216,,0.029935483871,longer,linear,AI,12000,8000,100,20,13,0,14,1,random,mean,250
2026090806,7750,250,0.7509625,1.87953,0.0378128852591,,0.124129032258,longer,linear,AI,12000,8000,100,20,13,0,14,1,random,mean,250
2026090807,7750,250,0.54915,1.3859825,0.0718757363256,,0.0821935483871,longer,linear,AI,12000,8000,100,20,13,0,14,1,random,mean,250
2026090808,7750,250,0.572629166667,1.46624416667,0.0647513905225,,0.0770322580645,longer,linear,AI,12000,8000,100,20,13,0,14,1,random,mean,250
2026090809,7750,250,0.763089583333,1.92941083333,0.0350502532568,,0.112774193548,longer,linear,AI,12000,8000,100,20,13,0,14,1,random,mean,250
2026090810,7750,250,0.885416666667,2.26104166667,0.0182333774367,,0.0570322580645,longer,linear,AI,12000,8000,100,20,13,0,14,1,random,mean,250
2026090811,7750,250,0.775533333333,1.92619333333,0.0299307722242,,0.0343225806452,longer,linear,AI,12000,8000,100,20,13,0,14,1,random,mean,250
2026090812,7750,250,0.889739583333,2.24787083333,0.0120869478677,,0.0432258064516,longer,linear,AI,12000,8000,100,20,13,0,14,1,random,mean,250
2026090813,7750,250,0.760660416667,1.90391666667,0.0238099368881,,0.0909677419355,longer,linear,AI,12000,8000,100,20,13,0,14,1,random,mean,250
2026090814,7750,250,0.48578125,1.2237625,0.0897264809588,,0.111225806452,longer,linear,AI,12000,8000,100,20,13,0,14,1,random,mean,250
2026090815,7750,250,0.5415125,1.3711925,0.0730760298177,,0.120387096774,longer,linear,AI,12000,8000,100,20,13,0,14,1,random,mean,250
2026090800,8000,250,0.8197875,2.062155,0.0305598800475,,0.122875,longer,linear,AI,12000,8000,100,20,13,0,14,1,random,mean,250
2026090801,8000,250,0.7875,1.968125,0.0354394749207,,0.0745,longer,linear,AI,12000,8000,100,20,13,0,14,1,random,mean,250
2026090802,8000,250,0.743229166667,1.83104166667,0.0400492889649,,0.09525,longer,linear,AI,12000,8000,100,20,13,0,14,1,random,mean,250
2026090803,8000,250,0.621177083333,1.56724083333,0.0658822380956,,0.10775,longer,linear,AI,12000,8000,100,20,13,0,14,1,random,mean,250
2026090804,8000,250,0.673941666667,1.72157166667,0.0476235383328,,0.11225,longer,linear,AI,12000,8000,100,20,13,0,14,1,random,mean,250
2026090805,8000,250,0.63059375,1.5889375,0.0497265129063,,0.029875,longer,linear,AI,12000,8000,100,20,13,0,14,1,random,mean,250
2026090806,8000,250,0.734683333333,1.86559833333,0.0358162890398,,0.123125,longer,linear,AI,12000,8000,100,20,13,0,14,1,random,mean,250
2026090807,8000,250,0.596789583333,1.50531583333,0.0677933850862,,0.086125,longer,linear,AI,12000,8000,100,20,13,0,14,1,random,mean,250
2026090808,8000,250,0.53589375,1.3608,0.0628777122628,,0.078875,longer,linear,AI,12000,8000,100,20,13,0,14,1,random,mean,250
2026090809,8000,250,0.846875,2.14125,0.0194520115,,0.10925,longer,linear,AI,12000,8000,100,20,13,0,14,1,random,mean,250
2026090810,8000,250,0.885416666667,2.26104166667,0.0182333774367,,0.05525,longer,linear,AI,12000,8000,100,20,13,0,14,1,random,mean,250
2026090811,8000,250,0.769833333333,1.90928333333,0.0304904632987,,0.0335,longer,linear,AI,12000,8000,100,20,13,0,14,1,random,mean,250
2026090812,8000,250,0.7995625,1.9685875,0.0345576678459,,0.04225,longer,linear,AI,12000,8000,100,20,13,0,14,1,random,mean,250
2026090813,8000,250,0.67155,1.6801725,0.0460239704356,,0.090625,longer,linear,AI,12000,8000,100,20,13,0,14,1,random,mean,250
2026090814,8000,250,0.641739583333,1.61592083333,0.0531264128285,,0.111375,longer,linear,AI,12000,8000,100,20,13,0,14,1,random,mean,250
2026090815,8000,250,0.449441666667,1.14700666667,0.0867353078922,,0.120375,longer,linear,AI,12000,8000,100,20,13,0,14,1,random,mean,250
2026090800,8250,250,0.8375,2.111875,0.0254137737623,,0.119151515152,longer,linear,AI,12000,8000,100,20,13,0,14,1,random,mean,250
2026090801,8250,250,0.807029166667,2.01614166667,0.0290762419131,,0.0723636363636,longer,linear,AI,12000,8000,100,20,13,0,14,1,random,mean,250
2026090802,8250,250,0.743229166667,1.83104166667,0.0400492889649,,0.0923636363636,longer,linear,AI,12000,8000,100,20,13,0,14,1,random,mean,250
2026090803,8250,250,0.545272916667,1.37419166667,0.0737114794226,,0.112606060606,longer,linear,AI,12000,8000,100,20,13,0,14,1,random,mean,250
2026090804,8250,250,0.748804166667,1.87627666667,0.0406254980507,,0.109818181818,longer,linear,AI,12000,8000,100,20,13,0,14,1,random,mean,250
2026090805,8250,250,0.557202083333,1.40300833333,0.0744868047508,,0.0364848484848,longer,linear,AI,12000,8000,100,20,13,0,14,1,random,mean,250
2026090806,8250,250,0.611895833333,1.55241083333,0.0630360689907,,0.124606060606,longer,linear,AI,12000,8000,100,20,13,0,14,1,random,mean,250
2026090807,8250,250,0.53905625,1.34661,0.0821764955095,,0.0926060606061,longer,linear,AI,12000,8000,100,20,13,0,14,1,random,mean,250
2026090808,8250,250,0.550997916667,1.40983916667,0.0549614070171,,0.0809696969697,longer,linear,AI,12000,8000,100,20,13,0,14,1,random,mean,250
2026090809,8250,250,0.85765625,2.164365,0.0179242409909,,0.106060606061,longer,linear,AI,12000,8000,100,20,13,0,14,1,random,mean,250
2026090810,8250,250,0.885416666667,2.26104166667,0.0182333774367,,0.0535757575758,longer,linear,AI,12000,8000,100,20,13,0,14,1,random,mean,250
2026090811,8250,250,0.735375,1.8128,0.0342710133347,,0.0326060606061,longer,linear,AI,12000,8000,100,20,13,0,14,1,random,mean,250
2026090812,8250,250,0.629191666667,1.51201166667,0.0702995411205,,0.0433939393939,longer,linear,AI,12000,8000,100,20,13,0,14,1,random,mean,250
2026090813,8250,250,0.629291666667,1.62521666667,0.0534252752201,,0.0893333333333,longer,linear,AI,12000,8000,100,20,13,0,14,1,random,mean,250
2026090814,8250,250,0.72296875,1.8537175,0.0296151045308,,0.109212121212,longer,linear,AI,12000,8000,100,20,13,0,14,1,random,mean,250
2026090815,8250,250,0.672791666667,1.67864416667,0.0566582012302,,0.120363636364,longer,linear,AI,12000,8000,100,20,13,0,14,1,random,mean,250
2026090800,8500,250,0.8375,2.111875,0.0254137737623,,0.115647058824,longer,linear,AI,12000,8000,100,20,13,0,14,1,random,mean,250
2026090801,8500,250,0.844270833333,2.10770833333,0.0169417045498,,0.0702352941176,longer,linear,AI,12000,8000,100,20,13,0,14,1,random,mean,250
2026090802,8500,250,0.743229166667,1.83104166667,0.0400492889649,,0.0896470588235,longer,linear,AI,12000,8000,100,20,13,0,14,1,random,mean,250
2026090803,8500,250,0.709835416667,1.78552666667,0.0423921148104,,0.111294117647,longer,linear,AI,12000,8000,100,20,13,0,14,1,random,mean,250
2026090804,8500,250,0.796354166667,1.98666666667,0.0357057320287,,0.106588235294,longer,linear,AI,12000,8000,100,20,13,0,14,1,random,mean,250
2026090805,8500,250,0.658614583333,1.66025333333,0.0508026668052,,0.0381176470588,longer,linear,AI,12000,8000,100,20,13,0,14,1,random,mean,250
2026090806,8500,250,0.6948375,1.746235,0.040910760695,,0.121058823529,longer,linear,AI,12000,8000,100,20,13,0,14,1,random,mean,250
2026090807,8500,250,0.663883333333,1.66567083333,0.0496220125289,,0.0915294117647,longer,linear,AI,12000,8000,100,20,13,0,14,1,random,mean,250
2026090808,8500,250,0.517377083333,1.33663333333,0.0636789260411,,0.0828235294118,longer,linear,AI,12000,8000,100,20,13,0,14,1,random,mean,250
2026090809,8500,250,0.8859375,2.225,0.0139166111047,,0.102941176471,longer,linear,AI,12000,8000,100,20,13,0,14,1,random,mean,250
2026090810,8500,250,0.885416666667,2.26104166667,0.0182333774367,,0.052,longer,linear,AI,12000,8000,100,20,13,0,14,1,random,mean,250
2026090811,8500,250,0.7271875,1.797725,0.0364393888918,,0.0318823529412,longer,linear,AI,12000,8000,100,20,13,0,14,1,random,mean,250
2026090812,8500,250,0.516264583333,1.29945083333,0.079207536983,,0.0481176470588,longer,linear,AI,12000,8000,100,20,13,0,14,1,random,mean,250
2026090813,8500,250,0.64375,1.66875,0.0512219185866,,0.0867058823529,longer,linear,AI,12000,8000,100,20,13,0,14,1,random,mean,250
2026090814,8500,250,0.831475,2.14868,0.0165710140727,,0.106235294118,longer,linear,AI,12000,8000,100,20,13,0,14,1,random,mean,250
2026090815,8500,250,0.869270833333,2.16895833333,0.0206471129814,,0.116823529412,longer,linear,AI,12000,8000,100,20,13,0,14,1,random,mean,250
2026090800,8750,250,0.8375,2.111875,0.0254137737623,,0.112342857143,longer,linear,AI,12000,8000,100,20,13,0,14,1,random,mean,250
2026090801,8750,250,0.844270833333,2.10770833333,0.0169417045498,,0.0682285714286,longer,linear,AI,12000,8000,100,20,13,0,14,1,random,mean,250
2026090802,8750,250,0.747202083333,1.86565833333,0.0398177940092,,0.0875428571429,longer,linear,AI,12000,8000,100,20,13,0,14,1,random,mean,250
2026090803,8750,250,0.811739583333,2.04104833333,0.027058012282,,0.108571428571,longer,linear,AI,12000,8000,100,20,13,0,14,1,random,mean,250
2026090804,8750,250,0.788554166667,1.96482666667,0.0379569600359,,0.103657142857,longer,linear,AI,12000,8000,100,20,13,0,14,1,random,mean,250
2026090805,8750,250,0.7216875,1.8133875,0.0389220315858,,0.0371428571429,longer,linear,AI,12000,8000,100,20,13,0,14,1,random,mean,250
2026090806,8750,250,0.6890625,1.740625,0.0335726567934,,0.1176,longer,linear,AI,12000,8000,100,20,13,0,14,1,random,mean,250
2026090807,8750,250,0.728354166667,1.82064166667,0.0346164636864,,0.0890285714286,longer,linear,AI,12000,8000,100,20,13,0,14,1,random,mean,250
2026090808,8750,250,0.556214583333,1.40002333333,0.0846132082653,,0.0846857142857,longer,linear,AI,12000,8000,100,20,13,0,14,1,random,mean,250
2026090809,8750,250,0.8859375,2.225,0.0139166111047,,0.1,longer,linear,AI,12000,8000,100,20,13,0,14,1,random,mean,250
2026090810,8750,250,0.885416666667,2.26104166667,0.0182333774367,,0.0505142857143,longer,linear,AI,12000,8000,100,20,13,0,14,1,random,mean,250
2026090811,8750,250,0.710825,1.78968,0.0386907833648,,0.0323428571429,longer,linear,AI,12000,8000,100,20,13,0,14,1,random,mean,250
2026090812,8750,250,0.570672916667,1.43138916667,0.0738538713953,,0.0521142857143,longer,linear,AI,12000,8000,100,20,13,0,14,1,random,mean,250
2026090813,8750,250,0.64375,1.66875,0.0512219185866,,0.0842285714286,longer,linear,AI,12000,8000,100,20,13,0,14,1,random,mean,250
2026090814,8750,250,0.778135416667,1.99298666667,0.0199241515087,,0.103428571429,longer,linear,AI,12000,8000,100,20,13,0,14,1,random,mean,250
2026090815,8750,250,0.876395833333,2.18935833333,0.0185907054244,,0.1136,longer,linear,AI,12000,8000,100,20,13,0,14,1,random,mean,250
2026090800,9000,250,0.6433875,1.6272125,0.0549996542553,,0.114666666667,longer,linear,AI,12000,8000,100,20,13,0,14,1,random,mean,250
2026090801,9000,250,0.844270833333,2.10770833333,0.0169417045498,,0.0663333333333,longer,linear,AI,12000,8000,100,20,13,0,14,1,random,mean,250
2026090802,9000,250,0.820595833333,2.08497833333,0.0221586701084,,0.0853333333333,longer,linear,AI,12000,8000,100,20,13,0,14,1,random,mean,250
2026090803,9000,250,0.86075625,2.175285,0.0102606710317,,0.105777777778,longer,linear,AI,12000,8000,100,20,13,0,14,1,random,mean,250
2026090804,9000,250,0.743558333333,1.86190833333,0.0436124717519,,0.102666666667,longer,linear,AI,12000,8000,100,20,13,0,14,1,random,mean,250
2026090805,9000,250,0.640785416667,1.62761916667,0.0452846437904,,0.0401111111111,longer,linear,AI,12000,8000,100,20,13,0,14,1,random,mean,250
2026090806,9000,250,0.6890625,1.740625,0.0335726567934,,0.114333333333,longer,linear,AI,12000,8000,100,20,13,0,14,1,random,mean,250
2026090807,9000,250,0.75225625,1.89128,0.0266235850969,,0.087,longer,linear,AI,12000,8000,100,20,13,0,14,1,random,mean,250
2026090808,9000,250,0.704020833333,1.78545833333,0.0534455062314,,0.0824444444444,longer,linear,AI,12000,8000,100,20,13,0,14,1,random,mean,250
2026090809,9000,250,0.8859375,2.225,0.0139166111047,,0.0972222222222,longer,linear,AI,12000,8000,100,20,13,0,14,1,random,mean,250
2026090810,9000,250,0.885416666667,2.26104166667,0.0182333774367,,0.0491111111111,longer,linear,AI,12000,8000,100,20,13,0,14,1,random,mean,250
2026090811,9000,250,0.630633333333,1.60345083333,0.0516102190505,,0.0348888888889,longer,linear,AI,12000,8000,100,20,13,0,14,1,random,mean,250
2026090812,9000,250,0.565754166667,1.41385166667,0.0730459981624,,0.0575555555556,longer,linear,AI,12000,8000,100,20,13,0,14,1,random,mean,250
2026090813,9000,250,0.61346875,1.5758625,0.0610572790561,,0.0846666666667,longer,linear,AI,12000,8000,100,20,13,0,14,1,random,mean,250
2026090814,9000,250,0.7563125,1.930675,0.0274030573581,,0.101333333333,longer,linear,AI,12000,8000,100,20,13,0,14,1,random,mean,250
2026090815,9000,250,0.8890625,2.225625,0.0149348697676,,0.110444444444,longer,linear,AI,12000,8000,100,20,13,0,14,1,random,mean,250
2026090800,9250,250,0.62073125,1.5472925,0.055798149912,,0.114054054054,longer,linear,AI,12000,8000,100,20,13,0,14,1,random,mean,250
2026090801,9250,250,0.844270833333,2.10770833333,0.0169417045498,,0.0645405405405,longer,linear,AI,12000,8000,100,20,13,0,14,1,random,mean,250
2026090802,9250,250,0.842125,2.125725,0.0200281602665,,0.0832432432432,longer,linear,AI,12000,8000,100,20,13,0,14,1,random,mean,250
2026090803,9250,250,0.833308333333,2.09968833333,0.0183728949015,,0.103243243243,longer,linear,AI,12000,8000,100,20,13,0,14,1,random,mean,250
2026090804,9250,250,0.539595833333,1.35070833333,0.0783322960587,,0.106054054054,longer,linear,AI,12000,8000,100,20,13,0,14,1,random,mean,250
2026090805,9250,250,0.584597916667,1.45976666667,0.0654856230208,,0.0423783783784,longer,linear,AI,12000,8000,100,20,13,0,14,1,random,mean,250
2026090806,9250,250,0.6890625,1.740625,0.0335726567934,,0.111243243243,longer,linear,AI,12000,8000,100,20,13,0,14,1,random,mean,250
2026090807,9250,250,0.78974375,2.0160125,0.0267116177856,,0.0850810810811,longer,linear,AI,12000,8000,100,20,13,0,14,1,random,mean,250
2026090808,9250,250,0.769791666667,1.94604166667,0.0406467462447,,0.0802162162162,longer,linear,AI,12000,8000,100,20,13,0,14,1,random,mean,250
2026090809,9250,250,0.8859375,2.225,0.0139166111047,,0.0945945945946,longer,linear,AI,12000,8000,100,20,13,0,14,1,random,mean,250
2026090810,9250,250,0.885416666667,2.26104166667,0.0182333774367,,0.0477837837838,longer,linear,AI,12000,8000,100,20,13,0,14,1,random,mean,250
2026090811,9250,250,0.720895833333,1.85148583333,0.0312162863104,,0.0353513513514,longer,linear,AI,12000,8000,100,20,13,0,14,1,random,mean,250
2026090812,9250,250,0.613539583333,1.58299833333,0.0524020532859,,0.0596756756757,longer,linear,AI,12000,8000,100,20,13,0,14,1,random,mean,250
2026090813,9250,250,0.563016666667,1.42984916667,0.0718571980607,,0.0882162162162,longer,linear,AI,12000,8000,100,20,13,0,14,1,random,mean,250
2026090814,9250,250,0.4924625,1.2455475,0.0862863911141,,0.107675675676,longer,linear,AI,12000,8000,100,20,13,0,14,1,random,mean,250
2026090815,9250,250,0.8890625,2.225625,0.0149348697676,,0.107459459459,longer,linear,AI,12000,8000,100,20,13,0,14,1,random,mean,250
2026090800,9500,250,0.7763125,1.944005,0.0224403590882,,0.111368421053,longer,linear,AI,12000,8000,100,20,13,0,14,1,random,mean,250
2026090801,9500,250,0.844270833333,2.10770833333,0.0169417045498,,0.0628421052632,longer,linear,AI,12000,8000,100,20,13,0,14,1,random,mean,250
2026090802,9500,250,0.846875,2.133125,0.0199061059812,,0.0810526315789,longer,linear,AI,12000,8000,100,20,13,0,14,1,random,mean,250
2026090803,9500,250,0.832291666667,2.08979166667,0.0238716807758,,0.100526315789,longer,linear,AI,12000,8000,100,20,13,0,14,1,random,mean,250
2026090804,9500,250,0.627458333333,1.58519833333,0.0574922325684,,0.108631578947,longer,linear,AI,12000,8000,100,20,13,0,14,1,random,mean,250
2026090805,9500,250,0.81134375,1.9777275,0.0359102895813,,0.0418947368421,longer,linear,AI,12000,8000,100,20,13,0,14,1,random,mean,250
2026090806,9500,250,0.610872916667,1.54671166667,0.0507884529247,,0.111052631579,longer,linear,AI,12000,8000,100,20,13,0,14,1,random,mean,250
2026090807,9500,250,0.7341125,1.816685,0.0476674782044,,0.084,longer,linear,AI,12000,8000,100,20,13,0,14,1,random,mean,250
2026090808,9500,250,0.769791666667,1.94604166667,0.0406467462447,,0.0781052631579,longer,linear,AI,12000,8000,100,20,13,0,14,1,random,mean,250
2026090809,9500,250,0.8859375,2.225,0.0139166111047,,0.0921052631579,longer,linear,AI,12000,8000,100,20,13,0,14,1,random,mean,250
2026090810,9500,250,0.885416666667,2.26104166667,0.0182333774367,,0.0465263157895,longer,linear,AI,12000,8000,100,20,13,0,14,1,random,mean,250
2026090811,9500,250,0.846760416667,2.14218166667,0.0181705173596,,0.0352631578947,longer,linear,AI,12000,8000,100,20,13,0,14,1,random,mean,250
2026090812,9500,250,0.66099375,1.6737725,0.0476111835829,,0.0614736842105,longer,linear,AI,12000,8000,100,20,13,0,14,1,random,mean,250
2026090813,9500,250,0.615295833333,1.58233333333,0.0519570040903,,0.0889473684211,longer,linear,AI,12000,8000,100,20,13,0,14,1,random,mean,250
2026090814,9500,250,0.66354375,1.66688,0.0578915466524,,0.110105263158,longer,linear,AI,12000,8000,100,20,13,0,14,1,random,mean,250
2026090815,9500,250,0.8890625,2.225625,0.0149348697676,,0.104631578947,longer,linear,AI,12000,8000,100,20,13,0,14,1,random,mean,250
2026090800,9750,250,0.80680625,2.00888,0.0214449956884,,0.108923076923,longer,linear,AI,12000,8000,100,20,13,0,14,1,random,mean,250
2026090801,9750,250,0.844270833333,2.10770833333,0.0169417045498,,0.0612307692308,longer,linear,AI,12000,8000,100,20,13,0,14,1,random,mean,250
2026090802,9750,250,0.81966875,2.0551475,0.0225733529521,,0.0791794871795,longer,linear,AI,12000,8000,100,20,13,0,14,1,random,mean,250
2026090803,9750,250,0.818229166667,2.06479166667,0.0260823404945,,0.0980512820513,longer,linear,AI,12000,8000,100,20,13,0,14,1,random,mean,250
2026090804,9750,250,0.599629166667,1.51823916667,0.0610482346995,,0.111692307692,longer,linear,AI,12000,8000,100,20,13,0,14,1,random,mean,250
2026090805,9750,250,0.816952083333,2.00774833333,0.0293450775869,,0.0412307692308,longer,linear,AI,12000,8000,100,20,13,0,14,1,random,mean,250
2026090806,9750,250,0.60620625,1.51167,0.0619443141756,,0.111487179487,longer,linear,AI,12000,8000,100,20,13,0,14,1,random,mean,250
2026090807,9750,250,0.8765625,2.18,0.0176592459578,,0.0818461538462,longer,linear,AI,12000,8000,100,20,13,0,14,1,random,mean,250
2026090808,9750,250,0.769791666667,1.94604166667,0.0406467462447,,0.0761025641026,longer,linear,AI,12000,8000,100,20,13,0,14,1,random,mean,250
2026090809,9750,250,0.8694375,2.1788,0.0225909398523,,0.0898461538462,longer,linear,AI,12000,8000,100,20,13,0,14,1,random,mean,250
2026090810,9750,250,0.885416666667,2.26104166667,0.0182333774367,,0.0453333333333,longer,linear,AI,12000,8000,100,20,13,0,14,1,random,mean,250
2026090811,9750,250,0.8781,2.2258325,0.0162085898598,,0.0346666666667,longer,linear,AI,12000,8000,100,20,13,0,14,1,random,mean,250
2026090812,9750,250,0.702216666667,1.77400666667,0.0329134985126,,0.0602051282051,longer,linear,AI,12000,8000,100,20,13,0,14,1,random,mean,250
2026090813,9750,250,0.629933333333,1.58894083333,0.06059154692,,0.0907692307692,longer,linear,AI,12000,8000,100,20,13,0,14,1,random,mean,250
2026090814,9750,250,0.788789583333,1.98357333333,0.0294676257875,,0.107692307692,longer,linear,AI,12000,8000,100,20,13,0,14,1,random,mean,250
2026090815,9750,250,0.8890625,2.225625,0.0149348697676,,0.101948717949,longer,linear,AI,12000,8000,100,20,13,0,14,1,random,mean,250
2026090800,10000,250,0.80684375,2.0047075,0.0233191442498,,0.1064,longer,linear,AI,12000,8000,100,20,13,0,14,1,random,mean,250
2026090801,10000,250,0.844270833333,2.10770833333,0.0169417045498,,0.0597,longer,linear,AI,12000,8000,100,20,13,0,14,1,random,mean,250
2026090802,10000,250,0.777020833333,1.92397833333,0.0281298214742,,0.0774,longer,linear,AI,12000,8000,100,20,13,0,14,1,random,mean,250
2026090803,10000,250,0.841195833333,2.12909833333,0.020227152895,,0.0957,longer,linear,AI,12000,8000,100,20,13,0,14,1,random,mean,250
2026090804,10000,250,0.72246875,1.84101,0.045982582393,,0.1122,longer,linear,AI,12000,8000,100,20,13,0,14,1,random,mean,250
2026090805,10000,250,0.8208625,2.0227925,0.027326547055,,0.0406,longer,linear,AI,12000,8000,100,20,13,0,14,1,random,mean,250
2026090806,10000,250,0.700904166667,1.72186416667,0.0473311178605,,0.1098,longer,linear,AI,12000,8000,100,20,13,0,14,1,random,mean,250
2026090807,10000,250,0.861889583333,2.16444333333,0.0170920344916,,0.0803,longer,linear,AI,12000,8000,100,20,13,0,14,1,random,mean,250
2026090808,10000,250,0.769791666667,1.94604166667,0.0406467462447,,0.0742,longer,linear,AI,12000,8000,100,20,13,0,14,1,random,mean,250
2026090809,10000,250,0.85975,2.1606,0.0227857322602,,0.0877,longer,linear,AI,12000,8000,100,20,13,0,14,1,random,mean,250
2026090810,10000,250,0.885416666667,2.26104166667,0.0182333774367,,0.0442,longer,linear,AI,12000,8000,100,20,13,0,14,1,random,mean,250
2026090811,10000,250,0.902739583333,2.28760083333,0.0129798811653,,0.0344,longer,linear,AI,12000,8000,100,20,13,0,14,1,random,mean,250
2026090812,10000,250,0.65184375,1.649835,0.045747195781,,0.0605,longer,linear,AI,12000,8000,100,20,13,0,14,1,random,mean,250
2026090813,10000,250,0.638141666667,1.60995666667,0.0571142853569,,0.092,longer,linear,AI,12000,8000,100,20,13,0,14,1,random,mean,250
2026090814,10000,250,0.712914583333,1.80116833333,0.0388909924242,,0.1069,longer,linear,AI,12000,8000,100,20,13,0,14,1,random,mean,250
2026090815,10000,250,0.8890625,2.225625,0.0149348697676,,0.0994,longer,linear,AI,12000,8000,100,20,13,0,14,1,random,mean,250
2026090800,10250,250,0.736641666667,1.82986916667,0.0357239261396,,0.104,longer,linear,AI,12000,8000,100,20,13,0,14,1,random,mean,250
2026090801,10250,250,0.844270833333,2.10770833333,0.0169417045498,,0.058243902439,longer,linear,AI,12000,8000,100,20,13,0,14,1,random,mean,250
2026090802,10250,250,0.708772916667,1.77670416667,0.033524487344,,0.0775609756098,longer,linear,AI,12000,8000,100,20,13,0,14,1,random,mean,250
2026090803,10250,250,0.836979166667,2.11729166667,0.0176004299157,,0.0934634146341,longer,linear,AI,12000,8000,100,20,13,0,14,1,random,mean,250
2026090804,10250,250,0.77170625,1.97189,0.0419101007207,,0.11112195122,longer,linear,AI,12000,8000,100,20,13,0,14,1,random,mean,250
2026090805,10250,250,0.837266666667,2.06337666667,0.0242839331702,,0.0400975609756,longer,linear,AI,12000,8000,100,20,13,0,14,1,random,mean,250
2026090806,10250,250,0.696616666667,1.73175416667,0.0447681228801,,0.108975609756,longer,linear,AI,12000,8000,100,20,13,0,14,1,random,mean,250
2026090807,10250,250,0.827770833333,2.07663583333,0.0241422333101,,0.0791219512195,longer,linear,AI,12000,8000,100,20,13,0,14,1,random,mean,250
2026090808,10250,250,0.839841666667,2.12500666667,0.0244922239325,,0.0725853658537,longer,linear,AI,12000,8000,100,20,13,0,14,1,random,mean,250
2026090809,10250,250,0.840625,2.13,0.0202449792807,,0.0855609756098,longer,linear,AI,12000,8000,100,20,13,0,14,1,random,mean,250
2026090810,10250,250,0.885416666667,2.26104166667,0.0182333774367,,0.0431219512195,longer,linear,AI,12000,8000,100,20,13,0,14,1,random,mean,250
2026090811,10250,250,0.860416666667,2.15666666667,0.0218170535367,,0.0335609756098,longer,linear,AI,12000,8000,100,20,13,0,14,1,random,mean,250
2026090812,10250,250,0.638877083333,1.62960583333,0.0533030315271,,0.0628292682927,longer,linear,AI,12000,8000,100,20,13,0,14,1,random,mean,250
2026090813,10250,250,0.7555375,1.9014075,0.0277653610727,,0.0901463414634,longer,linear,AI,12000,8000,100,20,13,0,14,1,random,mean,250
2026090814,10250,250,0.7421875,1.878125,0.0284736404633,,0.104292682927,longer,linear,AI,12000,8000,100,20,13,0,14,1,random,mean,250
2026090815,10250,250,0.8873375,2.222865,0.0150712821653,,0.0970731707317,longer,linear,AI,12000,8000,100,20,13,0,14,1,random,mean,250
2026090800,10500,250,0.724195833333,1.79996333333,0.0363694260242,,0.101619047619,longer,linear,AI,12000,8000,100,20,13,0,14,1,random,mean,250
2026090801,10500,250,0.779533333333,1.94972083333,0.0255701622041,,0.0571428571429,longer,linear,AI,12000,8000,100,20,13,0,14,1,random,mean,250
2026090802,10500,250,0.563525,1.4417925,0.0679463597027,,0.0811428571429,longer,linear,AI,12000,8000,100,20,13,0,14,1,random,mean,250
2026090803,10500,250,0.83531875,2.112135,0.0173151717302,,0.0913333333333,longer,linear,AI,12000,8000,100,20,13,0,14,1,random,mean,250
2026090804,10500,250,0.766666666667,1.98916666667,0.0271199497634,,0.108476190476,longer,linear,AI,12000,8000,100,20,13,0,14,1,random,mean,250
2026090805,10500,250,0.844754166667,2.08906166667,0.019925048899,,0.0393333333333,longer,linear,AI,12000,8000,100,20,13,0,14,1,random,mean,250
2026090806,10500,250,0.501695833333,1.27406833333,0.0823595657602,,0.113047619048,longer,linear,AI,12000,8000,100,20,13,0,14,1,random,mean,250
2026090807,10500,250,0.857354166667,2.14933416667,0.0189639832346,,0.078,longer,linear,AI,12000,8000,100,20,13,0,14,1,random,mean,250
2026090808,10500,250,0.8653625,2.196145,0.0183540476673,,0.0709523809524,longer,linear,AI,12000,8000,100,20,13,0,14,1,random,mean,250
2026090809,10500,250,0.81160625,2.0565475,0.0263010021562,,0.0837142857143,longer,linear,AI,12000,8000,100,20,13,0,14,1,random,mean,250
2026090810,10500,250,0.885416666667,2.26104166667,0.0182333774367,,0.0420952380952,longer,linear,AI,12000,8000,100,20,13,0,14,1,random,mean,250
2026090811,10500,250,0.860416666667,2.15666666667,0.0218170535367,,0.0327619047619,longer,linear,AI,12000,8000,100,20,13,0,14,1,random,mean,250
2026090812,10500,250,0.556285416667,1.38809416667,0.0741394179701,,0.0653333333333,longer,linear,AI,12000,8000,100,20,13,0,14,1,random,mean,250
2026090813,10500,250,0.624210416667,1.58278416667,0.0560274518491,,0.0935238095238,longer,linear,AI,12000,8000,100,20,13,0,14,1,random,mean,250
2026090814,10500,250,0.7421875,1.878125,0.0284736404633,,0.10180952381,longer,linear,AI,12000,8000,100,20,13,0,14,1,random,mean,250
2026090815,10500,250,0.8796875,2.210625,0.0156762414942,,0.0947619047619,longer,linear,AI,12000,8000,100,20,13,0,14,1,random,mean,250
2026090800,10750,250,0.724479166667,1.80041666667,0.0363385235434,,0.0992558139535,longer,linear,AI,12000,8000,100,20,13,0,14,1,random,mean,250
2026090801,10750,250,0.775045833333,1.94139333333,0.0262430253988,,0.0559069767442,longer,linear,AI,12000,8000,100,20,13,0,14,1,random,mean,250
2026090802,10750,250,0.57949375,1.49133,0.0589874466064,,0.0832558139535,longer,linear,AI,12000,8000,100,20,13,0,14,1,random,mean,250
2026090803,10750,250,0.835416666667,2.11229166667,0.0173404183405,,0.0892093023256,longer,linear,AI,12000,8000,100,20,13,0,14,1,random,mean,250
2026090804,10750,250,0.766666666667,1.98916666667,0.0271199497634,,0.105953488372,longer,linear,AI,12000,8000,100,20,13,0,14,1,random,mean,250
2026090805,10750,250,0.85135,2.10753,0.0180610086882,,0.038511627907,longer,linear,AI,12000,8000,100,20,13,0,14,1,random,mean,250
2026090806,10750,250,0.631095833333,1.58966833333,0.0514266867896,,0.114046511628,longer,linear,AI,12000,8000,100,20,13,0,14,1,random,mean,250
2026090807,10750,250,0.834745833333,2.08399333333,0.0171306792344,,0.0765581395349,longer,linear,AI,12000,8000,100,20,13,0,14,1,random,mean,250
2026090808,10750,250,0.891145833333,2.26333333333,0.0123949951522,,0.0693023255814,longer,linear,AI,12000,8000,100,20,13,0,14,1,random,mean,250
2026090809,10750,250,0.866929166667,2.18487166667,0.0181364397049,,0.0819534883721,longer,linear,AI,12000,8000,100,20,13,0,14,1,random,mean,250
2026090810,10750,250,0.885416666667,2.26104166667,0.0182333774367,,0.0411162790698,longer,linear,AI,12000,8000,100,20,13,0,14,1,random,mean,250
2026090811,10750,250,0.860416666667,2.15666666667,0.0218170535367,,0.032,longer,linear,AI,12000,8000,100,20,13,0,14,1,random,mean,250
2026090812,10750,250,0.543597916667,1.35181416667,0.0802779627682,,0.0687441860465,longer,linear,AI,12000,8000,100,20,13,0,14,1,random,mean,250
2026090813,10750,250,0.687391666667,1.74477166667,0.0479065918489,,0.0941395348837,longer,linear,AI,12000,8000,100,20,13,0,14,1,random,mean,250
2026090814,10750,250,0.7421875,1.878125,0.0284736404633,,0.0994418604651,longer,linear,AI,12000,8000,100,20,13,0,14,1,random,mean,250
2026090815,10750,250,0.8796875,2.210625,0.0156762414942,,0.0925581395349,longer,linear,AI,12000,8000,100,20,13,0,14,1,random,mean,250
2026090800,11000,250,0.7294375,1.808,0.0368249262612,,0.0970909090909,longer,linear,AI,12000,8000,100,20,13,0,14,1,random,mean,250
2026090801,11000,250,0.78090625,1.9546625,0.0256435224225,,0.0547272727273,longer,linear,AI,12000,8000,100,20,13,0,14,1,random,mean,250
2026090802,11000,250,0.55303125,1.40072,0.0707414176358,,0.0879090909091,longer,linear,AI,12000,8000,100,20,13,0,14,1,random,mean,250
2026090803,11000,250,0.8275125,2.0890925,0.0201515521907,,0.0874545454545,longer,linear,AI,12000,8000,100,20,13,0,14,1,random,mean,250
2026090804,11000,250,0.62625,1.59333,0.0582706596898,,0.108090909091,longer,linear,AI,12000,8000,100,20,13,0,14,1,random,mean,250
2026090805,11000,250,0.853229166667,2.11304166667,0.0182264679297,,0.038,longer,linear,AI,12000,8000,100,20,13,0,14,1,random,mean,250
2026090806,11000,250,0.722839583333,1.84643583333,0.0319260692478,,0.113818181818,longer,linear,AI,12000,8000,100,20,13,0,14,1,random,mean,250
2026090807,11000,250,0.724527083333,1.80821333333,0.0427469552895,,0.0772727272727,longer,linear,AI,12000,8000,100,20,13,0,14,1,random,mean,250
2026090808,11000,250,0.913516666667,2.32597166667,0.0118330227228,,0.0678181818182,longer,linear,AI,12000,8000,100,20,13,0,14,1,random,mean,250
2026090809,11000,250,0.875520833333,2.20052083333,0.0174537587921,,0.0801818181818,longer,linear,AI,12000,8000,100,20,13,0,14,1,random,mean,250
2026090810,11000,250,0.885416666667,2.26104166667,0.0182333774367,,0.0401818181818,longer,linear,AI,12000,8000,100,20,13,0,14,1,random,mean,250
2026090811,11000,250,0.860416666667,2.15666666667,0.0218170535367,,0.0313636363636,longer,linear,AI,12000,8000,100,20,13,0,14,1,random,mean,250
2026090812,11000,250,0.644022916667,1.61708916667,0.0501243676359,,0.0695454545455,longer,linear,AI,12000,8000,100,20,13,0,14,1,random,mean,250
2026090813,11000,250,0.782095833333,1.98333833333,0.0289705507574,,0.0932727272727,longer,linear,AI,12000,8000,100,20,13,0,14,1,random,mean,250
2026090814,11000,250,0.7366875,1.86388,0.029645147397,,0.0972727272727,longer,linear,AI,12000,8000,100,20,13,0,14,1,random,mean,250
2026090815,11000,250,0.8796875,2.210625,0.0156762414942,,0.0904545454545,longer,linear,AI,12000,8000,100,20,13,0,14,1,random,mean,250
2026090800,11250,250,0.733333333333,1.81395833333,0.0372070998251,,0.0949333333333,longer,linear,AI,12000,8000,100,20,13,0,14,1,random,mean,250
2026090801,11250,250,0.7642875,1.90813,0.0269384752208,,0.0536,longer,linear,AI,12000,8000,100,20,13,0,14,1,random,mean,250
2026090802,11250,250,0.5888875,1.5012975,0.0625128762096,,0.0912888888889,longer,linear,AI,12000,8000,100,20,13,0,14,1,random,mean,250
2026090803,11250,250,0.842904166667,2.13030416667,0.0158461500093,,0.0859555555556,longer,linear,AI,12000,8000,100,20,13,0,14,1,random,mean,250
2026090804,11250,250,0.608825,1.5144125,0.0667475372849,,0.110044444444,longer,linear,AI,12000,8000,100,20,13,0,14,1,random,mean,250
2026090805,11250,250,0.83220625,2.0545525,0.0249515949302,,0.0373333333333,longer,linear,AI,12000,8000,100,20,13,0,14,1,random,mean,250
2026090806,11250,250,0.543522916667,1.36347666667,0.0699926104234,,0.115111111111,longer,linear,AI,12000,8000,100,20,13,0,14,1,random,mean,250
2026090807,11250,250,0.668216666667,1.68407166667,0.0489301555004,,0.0771555555556,longer,linear,AI,12000,8000,100,20,13,0,14,1,random,mean,250
2026090808,11250,250,0.9176,2.337595,0.012396930824,,0.0664,longer,linear,AI,12000,8000,100,20,13,0,14,1,random,mean,250
2026090809,11250,250,0.88605,2.24337,0.0167291658764,,0.0784888888889,longer,linear,AI,12000,8000,100,20,13,0,14,1,random,mean,250
2026090810,11250,250,0.885416666667,2.26104166667,0.0182333774367,,0.0392888888889,longer,linear,AI,12000,8000,100,20,13,0,14,1,random,mean,250
2026090811,11250,250,0.858216666667,2.15116666667,0.0219778160138,,0.0307555555556,longer,linear,AI,12000,8000,100,20,13,0,14,1,random,mean,250
2026090812,11250,250,0.571945833333,1.44450333333,0.0653983948122,,0.0728,longer,linear,AI,12000,8000,100,20,13,0,14,1,random,mean,250
2026090813,11250,250,0.6163,1.5363725,0.0634460141351,,0.0972444444444,longer,linear,AI,12000,8000,100,20,13,0,14,1,random,mean,250
2026090814,11250,250,0.733216666667,1.85078416667,0.0306562730297,,0.0952,longer,linear,AI,12000,8000,100,20,13,0,14,1,random,mean,250
2026090815,11250,250,0.8796875,2.210625,0.0156762414942,,0.0884444444444,longer,linear,AI,12000,8000,100,20,13,0,14,1,random,mean,250
2026090800,11500,250,0.742639583333,1.81976583333,0.041260365065,,0.0931304347826,longer,linear,AI,12000,8000,100,20,13,0,14,1,random,mean,250
2026090801,11500,250,0.7460375,1.861355,0.0316426647105,,0.0527826086957,longer,linear,AI,12000,8000,100,20,13,0,14,1,random,mean,250
2026090802,11500,250,0.604229166667,1.54605166667,0.0617426900546,,0.0932173913043,longer,linear,AI,12000,8000,100,20,13,0,14,1,random,mean,250
2026090803,11500,250,0.725222916667,1.80650916667,0.0430501338691,,0.0846956521739,longer,linear,AI,12000,8000,100,20,13,0,14,1,random,mean,250
2026090804,11500,250,0.657154166667,1.65028166667,0.034648470384,,0.108,longer,linear,AI,12000,8000,100,20,13,0,14,1,random,mean,250
2026090805,11500,250,0.853189583333,2.12128583333,0.0252960996087,,0.0368695652174,longer,linear,AI,12000,8000,100,20,13,0,14,1,random,mean,250
2026090806,11500,250,0.57449375,1.4366625,0.0572209852384,,0.114173913043,longer,linear,AI,12000,8000,100,20,13,0,14,1,random,mean,250
2026090807,11500,250,0.54891875,1.38655,0.066691459117,,0.0789565217391,longer,linear,AI,12000,8000,100,20,13,0,14,1,random,mean,250
2026090808,11500,250,0.9078125,2.310625,0.0141686991535,,0.0649565217391,longer,linear,AI,12000,8000,100,20,13,0,14,1,random,mean,250
2026090809,11500,250,0.8891125,2.2459175,0.0158874705515,,0.0771304347826,longer,linear,AI,12000,8000,100,20,13,0,14,1,random,mean,250
2026090810,11500,250,0.885416666667,2.26104166667,0.0182333774367,,0.0384347826087,longer,linear,AI,12000,8000,100,20,13,0,14,1,random,mean,250
2026090811,11500,250,0.82556875,2.070375,0.024604558737,,0.0304347826087,longer,linear,AI,12000,8000,100,20,13,0,14,1,random,mean,250
2026090812,11500,250,0.550133333333,1.38796083333,0.0763118792804,,0.0751304347826,longer,linear,AI,12000,8000,100,20,13,0,14,1,random,mean,250
2026090813,11500,250,0.69800625,1.7597675,0.0412157180314,,0.0966956521739,longer,linear,AI,12000,8000,100,20,13,0,14,1,random,mean,250
2026090814,11500,250,0.761979166667,1.92166666667,0.0247689562209,,0.0931304347826,longer,linear,AI,12000,8000,100,20,13,0,14,1,random,mean,250
2026090815,11500,250,0.8796875,2.210625,0.0156762414942,,0.0865217391304,longer,linear,AI,12000,8000,100,20,13,0,14,1,random,mean,250
2026090800,11750,250,0.722895833333,1.76223333333,0.0445453529689,,0.0912340425532,longer,linear,AI,12000,8000,100,20,13,0,14,1,random,mean,250
2026090801,11750,250,0.7296875,1.8175,0.0345719147826,,0.0516595744681,longer,linear,AI,12000,8000,100,20,13,0,14,1,random,mean,250
2026090802,11750,250,0.558666666667,1.40538666667,0.0767979107202,,0.0948085106383,longer,linear,AI,12000,8000,100,20,13,0,14,1,random,mean,250
2026090803,11750,250,0.711579166667,1.76056166667,0.0537828986781,,0.0829787234043,longer,linear,AI,12000,8000,100,20,13,0,14,1,random,mean,250
2026090804,11750,250,0.60614375,1.53044,0.0512666009997,,0.108510638298,longer,linear,AI,12000,8000,100,20,13,0,14,1,random,mean,250
2026090805,11750,250,0.836297916667,2.07509166667,0.0258553191448,,0.0362553191489,longer,linear,AI,12000,8000,100,20,13,0,14,1,random,mean,250
2026090806,11750,250,0.59203125,1.4873125,0.0689691455729,,0.114638297872,longer,linear,AI,12000,8000,100,20,13,0,14,1,random,mean,250
2026090807,11750,250,0.589908333333,1.48614583333,0.065581011472,,0.0813617021277,longer,linear,AI,12000,8000,100,20,13,0,14,1,random,mean,250
2026090808,11750,250,0.9078125,2.310625,0.0141686991535,,0.0635744680851,longer,linear,AI,12000,8000,100,20,13,0,14,1,random,mean,250
2026090809,11750,250,0.680558333333,1.70504583333,0.056187913689,,0.0777021276596,longer,linear,AI,12000,8000,100,20,13,0,14,1,random,mean,250
2026090810,11750,250,0.885416666667,2.26104166667,0.0182333774367,,0.0376170212766,longer,linear,AI,12000,8000,100,20,13,0,14,1,random,mean,250
2026090811,11750,250,0.593075,1.477795,0.0666773395065,,0.0343829787234,longer,linear,AI,12000,8000,100,20,13,0,14,1,random,mean,250
2026090812,11750,250,0.599841666667,1.49214666667,0.0674517116244,,0.0768510638298,longer,linear,AI,12000,8000,100,20,13,0,14,1,random,mean,250
2026090813,11750,250,0.620960416667,1.57411416667,0.059241042531,,0.0983829787234,longer,linear,AI,12000,8000,100,20,13,0,14,1,random,mean,250
2026090814,11750,250,0.761979166667,1.92166666667,0.0247689562209,,0.0911489361702,longer,linear,AI,12000,8000,100,20,13,0,14,1,random,mean,250
2026090815,11750,250,0.8796875,2.210625,0.0156762414942,,0.0846808510638,longer,linear,AI,12000,8000,100,20,13,0,14,1,random,mean,250
2026090800,12000,250,0.647402083333,1.59627333333,0.0558379038872,,0.0911666666667,longer,linear,AI,12000,8000,100,20,13,0,14,1,random,mean,250
2026090801,12000,250,0.73278125,1.8256125,0.0337285654168,,0.0506666666667,longer,linear,AI,12000,8000,100,20,13,0,14,1,random,mean,250
2026090802,12000,250,0.55028125,1.394605,0.0721562499864,,0.0970833333333,longer,linear,AI,12000,8000,100,20,13,0,14,1,random,mean,250
2026090803,12000,250,0.610085416667,1.54143166667,0.0560403298431,,0.08525,longer,linear,AI,12000,8000,100,20,13,0,14,1,random,mean,250
2026090804,12000,250,0.629260416667,1.60770916667,0.0525230273745,,0.110083333333,longer,linear,AI,12000,8000,100,20,13,0,14,1,random,mean,250
2026090805,12000,250,0.70503125,1.7891125,0.0355259062272,,0.0368333333333,longer,linear,AI,12000,8000,100,20,13,0,14,1,random,mean,250
2026090806,12000,250,0.641016666667,1.65268916667,0.0518351047725,,0.1145,longer,linear,AI,12000,8000,100,20,13,0,14,1,random,mean,250
2026090807,12000,250,0.586,1.49152,0.0634338237469,,0.08225,longer,linear,AI,12000,8000,100,20,13,0,14,1,random,mean,250
2026090808,12000,250,0.9078125,2.310625,0.0141686991535,,0.06225,longer,linear,AI,12000,8000,100,20,13,0,14,1,random,mean,250
2026090809,12000,250,0.584427083333,1.46772833333,0.0694390117804,,0.0811666666667,longer,linear,AI,12000,8000,100,20,13,0,14,1,random,mean,250
2026090810,12000,250,0.885416666667,2.26104166667,0.0182333774367,,0.0368333333333,longer,linear,AI,12000,8000,100,20,13,0,14,1,random,mean,250
2026090811,12000,250,0.6053375,1.5130825,0.066763829984,,0.0384166666667,longer,linear,AI,12000,8000,100,20,13,0,14,1,random,mean,250
2026090812,12000,250,0.52423125,1.3211625,0.0791169412273,,0.0786666666667,longer,linear,AI,12000,8000,100,20,13,0,14,1,random,mean,250
2026090813,12000,250,0.611941666667,1.55465916667,0.0550609470319,,0.0993333333333,longer,linear,AI,12000,8000,100,20,13,0,14,1,random,mean,250
2026090814,12000,250,0.761979166667,1.92166666667,0.0247689562209,,0.08925,longer,linear,AI,12000,8000,100,20,13,0,14,1,random,mean,250
2026090815,12000,250,0.8796875,2.210625,0.0156762414942,,0.0829166666667,longer,linear,AI,12000,8000,100,20,13,0,14,1,random,mean,250
