seed,step,window_steps,group_relative_contribution,surplus,gini,success,acceptance_rate,experiment,game,treatment,steps,burn_in,thin,rounds,levels,beta,gamma,selection,initial,signal,diagnostic_every
2026090700,250,250,0.476266666667,1.04778666667,0.0523587808585,,0.12,baseline,linear,FE,6000,2000,100,20,13,0,14,1,random,mean,250
2026090701,250,250,0.6397,1.40734,0.049456224921,,0.088,baseline,linear,FE,6000,2000,100,20,13,0,14,1,random,mean,250
2026090702,250,250,0.534995833333,1.17699083333,0.0557962349238,,0.272,baseline,linear,FE,6000,2000,100,20,13,0,14,1,random,mean,250
2026090703,250,250,0.489239583333,1.07632708333,0.0505438626302,,0.196,baseline,linear,FE,6000,2000,100,20,13,0,14,1,random,mean,250
2026090704,250,250,0.6106375,1.3434025,0.042842103817,,0.084,baseline,linear,FE,6000,2000,100,20,13,0,14,1,random,mean,250
2026090705,250,250,0.463997916667,1.02079541667,0.0575152738929,,0.34,baseline,linear,FE,6000,2000,100,20,13,0,14,1,random,mean,250
2026090706,250,250,0.62034375,1.36475625,0.0492721999112,,0.12,baseline,linear,FE,6000,2000,100,20,13,0,14,1,random,mean,250
2026090707,250,250,0.6632875,1.4592325,0.0480697483242,,0.02,baseline,linear,FE,6000,2000,100,20,13,0,14,1,random,mean,250
2026090708,250,250,0.494939583333,1.08886708333,0.0613706496643,,0.348,baseline,linear,FE,6000,2000,100,20,13,0,14,1,random,mean,250
2026090709,250,250,0.577233333333,1.26991333333,0.0480633044615,,0.072,baseline,linear,FE,6000,2000,100,20,13,0,14,1,random,mean,250
2026090710,250,250,0.5772125,1.2698675,0.0524950021482,,0.192,baseline,linear,FE,6000,2000,100,20,13,0,14,1,random,mean,250
2026090711,250,250,0.506589583333,1.11449708333,0.0570934622861,,0.192,baseline,linear,FE,6000,2000,100,20,13,0,14,1,random,mean,250
2026090712,250,250,0.553060416667,1.21673291667,0.0563364391646,,0.196,baseline,linear,FE,6000,2000,100,20,13,0,14,1,random,mean,250
2026090713,250,250,0.489933333333,1.07785333333,0.0531429443189,,0.32,baseline,linear,FE,6000,2000,100,20,13,0,14,1,random,mean,250
2026090714,250,250,0.5023625,1.1051975,0.0528966059074,,0.272,baseline,linear,FE,6000,2000,100,20,13,0,14,1,random,mean,250
2026090715,250,250,0.56146875,1.23523125,0.0464675324644,,0.236,baseline,linear,FE,6000,2000,100,20,13,0,14,1,random,mean,250
2026090716,250,250,0.607335416667,1.33613791667,0.0451530597709,,0.232,baseline,linear,FE,6000,2000,100,20,13,0,14,1,random,mean,250
2026090717,250,250,0.50168125,1.10369875,0.0625859144269,,0.24,baseline,linear,FE,6000,2000,100,20,13,0,14,1,random,mean,250
2026090718,250,250,0.51980625,1.14357375,0.0574179630601,,0.268,baseline,linear,FE,6000,2000,100,20,13,0,14,1,random,mean,250
2026090719,250,250,0.636733333333,1.40081333333,0.0435277604898,,0.132,baseline,linear,FE,6000,2000,100,20,13,0,14,1,random,mean,250
2026090720,250,250,0.578866666667,1.27350666667,0.0599155618647,,0.232,baseline,linear,FE,6000,2000,100,20,13,0,14,1,random,mean,250
2026090721,250,250,0.522941666667,1.15047166667,0.0597679372376,,0.248,baseline,linear,FE,6000,2000,100,20,13,0,14,1,random,mean,250
2026090722,250,250,0.518539583333,1.14078708333,0.0553516785147,,0.344,baseline,linear,FE,6000,2000,100,20,13,0,14,1,random,mean,250
2026090723,250,250,0.675004166667,1.48500916667,0.0436904699274,,0.032,baseline,linear,FE,6000,2000,100,20,13,0,14,1,random,mean,250
2026090724,250,250,0.600820833333,1.32180583333,0.0363427789052,,0.148,baseline,linear,FE,6000,2000,100,20,13,0,14,1,random,mean,250
2026090725,250,250,0.550610416667,1.21134291667,0.0539917391786,,0.22,baseline,linear,FE,6000,2000,100,20,13,0,14,1,random,mean,250
2026090726,250,250,0.517560416667,1.13863291667,0.0624586309249,,0.26,baseline,linear,FE,6000,2000,100,20,13,0,14,1,random,mean,250
2026090727,250,250,0.5978625,1.3152975,0.0535224256223,,0.18,baseline,linear,FE,6000,2000,100,20,13,0,14,1,random,mean,250
2026090728,250,250,0.527479166667,1.16045416667,0.0545851407001,,0.248,baseline,linear,FE,6000,2000,100,20,13,0,14,1,random,mean,250
2026090729,250,250,0.479483333333,1.05486333333,0.0562629223746,,0.332,baseline,linear,FE,6000,2000,100,20,13,0,14,1,random,mean,250
2026090730,250,250,0.605072916667,1.33116041667,0.0544755024988,,0.124,baseline,linear,FE,6000,2000,100,20,13,0,14,1,random,mean,250
2026090731,250,250,0.644689583333,1.41831708333,0.0457912335194,,0.168,baseline,linear,FE,6000,2000,100,20,13,0,14,1,random,mean,250
2026090700,500,250,0.703320833333,1.54730583333,0.0462339963183,,0.108,baseline,linear,FE,6000,2000,100,20,13,0,14,1,random,mean,250
2026090701,500,250,0.561752083333,1.23585458333,0.0501573983334,,0.164,baseline,linear,FE,6000,2000,100,20,13,0,14,1,random,mean,250
2026090702,500,250,0.495635416667,1.09039791667,0.056943768241,,0.218,baseline,linear,FE,6000,2000,100,20,13,0,14,1,random,mean,250
2026090703,500,250,0.5308,1.16776,0.0493616951813,,0.152,baseline,linear,FE,6000,2000,100,20,13,0,14,1,random,mean,250
2026090704,500,250,0.622875,1.370325,0.0339409141099,,0.07,baseline,linear,FE,6000,2000,100,20,13,0,14,1,random,mean,250
2026090705,500,250,0.634014583333,1.39483208333,0.0585417255029,,0.226,baseline,linear,FE,6000,2000,100,20,13,0,14,1,random,mean,250
2026090706,500,250,0.7078125,1.5571875,0.0440511849028,,0.06,baseline,linear,FE,6000,2000,100,20,13,0,14,1,random,mean,250
2026090707,500,250,0.533739583333,1.17422708333,0.0567412451353,,0.136,baseline,linear,FE,6000,2000,100,20,13,0,14,1,random,mean,250
2026090708,500,250,0.548879166667,1.20753416667,0.0567499402863,,0.286,baseline,linear,FE,6000,2000,100,20,13,0,14,1,random,mean,250
2026090709,500,250,0.666835416667,1.46703791667,0.0221973974328,,0.042,baseline,linear,FE,6000,2000,100,20,13,0,14,1,random,mean,250
2026090710,500,250,0.5849125,1.2868075,0.0373867735288,,0.13,baseline,linear,FE,6000,2000,100,20,13,0,14,1,random,mean,250
2026090711,500,250,0.523339583333,1.15134708333,0.0550780575937,,0.212,baseline,linear,FE,6000,2000,100,20,13,0,14,1,random,mean,250
2026090712,500,250,0.588622916667,1.29497041667,0.0446349618103,,0.194,baseline,linear,FE,6000,2000,100,20,13,0,14,1,random,mean,250
2026090713,500,250,0.55231875,1.21510125,0.054442779001,,0.288,baseline,linear,FE,6000,2000,100,20,13,0,14,1,random,mean,250
2026090714,500,250,0.674752083333,1.48445458333,0.0520714667975,,0.142,baseline,linear,FE,6000,2000,100,20,13,0,14,1,random,mean,250
2026090715,500,250,0.62815625,1.38194375,0.0403352047118,,0.182,baseline,linear,FE,6000,2000,100,20,13,0,14,1,random,mean,250
2026090716,500,250,0.770110416667,1.69424291667,0.0215693473751,,0.122,baseline,linear,FE,6000,2000,100,20,13,0,14,1,random,mean,250
2026090717,500,250,0.571227083333,1.25669958333,0.0495583386985,,0.202,baseline,linear,FE,6000,2000,100,20,13,0,14,1,random,mean,250
2026090718,500,250,0.603372916667,1.32742041667,0.0540504205533,,0.252,baseline,linear,FE,6000,2000,100,20,13,0,14,1,random,mean,250
2026090719,500,250,0.7645,1.6819,0.0299563740441,,0.074,baseline,linear,FE,6000,2000,100,20,13,0,14,1,random,mean,250
2026090720,500,250,0.508970833333,1.11973583333,0.0591897194397,,0.238,baseline,linear,FE,6000,2000,100,20,13,0,14,1,random,mean,250
2026090721,500,250,0.530577083333,1.16726958333,0.0560556662098,,0.254,baseline,linear,FE,6000,2000,100,20,13,0,14,1,random,mean,250
2026090722,500,250,0.542235416667,1.19291791667,0.0565978723222,,0.352,baseline,linear,FE,6000,2000,100,20,13,0,14,1,random,mean,250
2026090723,500,250,0.560445833333,1.23298083333,0.0570898395282,,0.158,baseline,linear,FE,6000,2000,100,20,13,0,14,1,random,mean,250
2026090724,500,250,0.517158333333,1.13774833333,0.0572560212785,,0.218,baseline,linear,FE,6000,2000,100,20,13,0,14,1,random,mean,250
2026090725,500,250,0.584164583333,1.28516208333,0.054907309197,,0.144,baseline,linear,FE,6000,2000,100,20,13,0,14,1,random,mean,250
2026090726,500,250,0.511758333333,1.12586833333,0.0492994079014,,0.212,baseline,linear,FE,6000,2000,100,20,13,0,14,1,random,mean,250
2026090727,500,250,0.76505,1.68311,0.0248659139811,,0.092,baseline,linear,FE,6000,2000,100,20,13,0,14,1,random,mean,250
2026090728,500,250,0.513545833333,1.12980083333,0.050223945179,,0.278,baseline,linear,FE,6000,2000,100,20,13,0,14,1,random,mean,250
2026090729,500,250,0.6989375,1.5376625,0.0368504724755,,0.206,baseline,linear,FE,6000,2000,100,20,13,0,14,1,random,mean,250
2026090730,500,250,0.580725,1.277595,0.0519942373583,,0.112,baseline,linear,FE,6000,2000,100,20,13,0,14,1,random,mean,250
2026090731,500,250,0.719879166667,1.58373416667,0.0330470042977,,0.092,baseline,linear,FE,6000,2000,100,20,13,0,14,1,random,mean,250
2026090700,750,250,0.8301125,1.8262475,0.0231897073827,,0.08,baseline,linear,FE,6000,2000,100,20,13,0,14,1,random,mean,250
2026090701,750,250,0.54371875,1.19618125,0.0578263803734,,0.173333333333,baseline,linear,FE,6000,2000,100,20,13,0,14,1,random,mean,250
2026090702,750,250,0.615470833333,1.35403583333,0.0448617065925,,0.196,baseline,linear,FE,6000,2000,100,20,13,0,14,1,random,mean,250
2026090703,750,250,0.60054375,1.32119625,0.0573959211357,,0.164,baseline,linear,FE,6000,2000,100,20,13,0,14,1,random,mean,250
2026090704,750,250,0.534035416667,1.17487791667,0.0582180148043,,0.152,baseline,linear,FE,6000,2000,100,20,13,0,14,1,random,mean,250
2026090705,750,250,0.500654166667,1.10143916667,0.0577715443043,,0.216,baseline,linear,FE,6000,2000,100,20,13,0,14,1,random,mean,250
2026090706,750,250,0.697045833333,1.53350083333,0.0411677449542,,0.0413333333333,baseline,linear,FE,6000,2000,100,20,13,0,14,1,random,mean,250
2026090707,750,250,0.686564583333,1.51044208333,0.0243080691577,,0.101333333333,baseline,linear,FE,6000,2000,100,20,13,0,14,1,random,mean,250
2026090708,750,250,0.593829166667,1.30642416667,0.0531031425401,,0.272,baseline,linear,FE,6000,2000,100,20,13,0,14,1,random,mean,250
2026090709,750,250,0.632691666667,1.39192166667,0.0269239032355,,0.0466666666667,baseline,linear,FE,6000,2000,100,20,13,0,14,1,random,mean,250
2026090710,750,250,0.680085416667,1.49618791667,0.0316957301091,,0.0946666666667,baseline,linear,FE,6000,2000,100,20,13,0,14,1,random,mean,250
2026090711,750,250,0.566716666667,1.24677666667,0.0506233077048,,0.173333333333,baseline,linear,FE,6000,2000,100,20,13,0,14,1,random,mean,250
2026090712,750,250,0.551189583333,1.21261708333,0.0480810635273,,0.181333333333,baseline,linear,FE,6000,2000,100,20,13,0,14,1,random,mean,250
2026090713,750,250,0.541016666667,1.19023666667,0.0502436907144,,0.284,baseline,linear,FE,6000,2000,100,20,13,0,14,1,random,mean,250
2026090714,750,250,0.5918,1.30196,0.0527086516578,,0.173333333333,baseline,linear,FE,6000,2000,100,20,13,0,14,1,random,mean,250
2026090715,750,250,0.714297916667,1.57145541667,0.0253011509795,,0.122666666667,baseline,linear,FE,6000,2000,100,20,13,0,14,1,random,mean,250
2026090716,750,250,0.758510416667,1.66872291667,0.0189233778844,,0.0853333333333,baseline,linear,FE,6000,2000,100,20,13,0,14,1,random,mean,250
2026090717,750,250,0.514575,1.132065,0.053484518458,,0.22,baseline,linear,FE,6000,2000,100,20,13,0,14,1,random,mean,250
2026090718,750,250,0.622497916667,1.36949541667,0.0475730029412,,0.174666666667,baseline,linear,FE,6000,2000,100,20,13,0,14,1,random,mean,250
2026090719,750,250,0.6650625,1.4631375,0.042402347705,,0.0986666666667,baseline,linear,FE,6000,2000,100,20,13,0,14,1,random,mean,250
2026090720,750,250,0.663814583333,1.46039208333,0.0441995037815,,0.205333333333,baseline,linear,FE,6000,2000,100,20,13,0,14,1,random,mean,250
2026090721,750,250,0.724254166667,1.59335916667,0.0374494449792,,0.201333333333,baseline,linear,FE,6000,2000,100,20,13,0,14,1,random,mean,250
2026090722,750,250,0.615360416667,1.35379291667,0.033832673634,,0.257333333333,baseline,linear,FE,6000,2000,100,20,13,0,14,1,random,mean,250
2026090723,750,250,0.523964583333,1.15272208333,0.0561500947232,,0.202666666667,baseline,linear,FE,6000,2000,100,20,13,0,14,1,random,mean,250
2026090724,750,250,0.5614,1.23508,0.0475821333329,,0.186666666667,baseline,linear,FE,6000,2000,100,20,13,0,14,1,random,mean,250
2026090725,750,250,0.626041666667,1.37729166667,0.0605570416408,,0.096,baseline,linear,FE,6000,2000,100,20,13,0,14,1,random,mean,250
2026090726,750,250,0.634435416667,1.39575791667,0.0545278508121,,0.146666666667,baseline,linear,FE,6000,2000,100,20,13,0,14,1,random,mean,250
2026090727,750,250,0.771875,1.698125,0.0232518299342,,0.0613333333333,baseline,linear,FE,6000,2000,100,20,13,0,14,1,random,mean,250
2026090728,750,250,0.504839583333,1.11064708333,0.0554986787482,,0.270666666667,baseline,linear,FE,6000,2000,100,20,13,0,14,1,random,mean,250
2026090729,750,250,0.507958333333,1.11750833333,0.0584853642915,,0.221333333333,baseline,linear,FE,6000,2000,100,20,13,0,14,1,random,mean,250
2026090730,750,250,0.512695833333,1.12793083333,0.0573792126283,,0.148,baseline,linear,FE,6000,2000,100,20,13,0,14,1,random,mean,250
2026090731,750,250,0.763395833333,1.67947083333,0.0309198600591,,0.064,baseline,linear,FE,6000,2000,100,20,13,0,14,1,random,mean,250
2026090700,1000,250,0.848475,1.866645,0.020425342353,,0.064,baseline,linear,FE,6000,2000,100,20,13,0,14,1,random,mean,250
2026090701,1000,250,0.514283333333,1.13142333333,0.0518869990224,,0.215,baseline,linear,FE,6000,2000,100,20,13,0,14,1,random,mean,250
2026090702,1000,250,0.581283333333,1.27882333333,0.0541805446476,,0.188,baseline,linear,FE,6000,2000,100,20,13,0,14,1,random,mean,250
2026090703,1000,250,0.56234375,1.23715625,0.0501279393149,,0.176,baseline,linear,FE,6000,2000,100,20,13,0,14,1,random,mean,250
2026090704,1000,250,0.543089583333,1.19479708333,0.0612709104307,,0.186,baseline,linear,FE,6000,2000,100,20,13,0,14,1,random,mean,250
2026090705,1000,250,0.55485,1.22067,0.0596181664027,,0.215,baseline,linear,FE,6000,2000,100,20,13,0,14,1,random,mean,250
2026090706,1000,250,0.672395833333,1.47927083333,0.034566185072,,0.031,baseline,linear,FE,6000,2000,100,20,13,0,14,1,random,mean,250
2026090707,1000,250,0.731545833333,1.60940083333,0.0102285211348,,0.077,baseline,linear,FE,6000,2000,100,20,13,0,14,1,random,mean,250
2026090708,1000,250,0.585460416667,1.28801291667,0.0457183811571,,0.261,baseline,linear,FE,6000,2000,100,20,13,0,14,1,random,mean,250
2026090709,1000,250,0.51935625,1.14258375,0.0552295982228,,0.124,baseline,linear,FE,6000,2000,100,20,13,0,14,1,random,mean,250
2026090710,1000,250,0.77365625,1.70204375,0.0256874833787,,0.081,baseline,linear,FE,6000,2000,100,20,13,0,14,1,random,mean,250
2026090711,1000,250,0.660766666667,1.45368666667,0.043289597881,,0.137,baseline,linear,FE,6000,2000,100,20,13,0,14,1,random,mean,250
2026090712,1000,250,0.679966666667,1.49592666667,0.0355943988145,,0.159,baseline,linear,FE,6000,2000,100,20,13,0,14,1,random,mean,250
2026090713,1000,250,0.548422916667,1.20653041667,0.0505869522466,,0.288,baseline,linear,FE,6000,2000,100,20,13,0,14,1,random,mean,250
2026090714,1000,250,0.565222916667,1.24349041667,0.0491867068939,,0.192,baseline,linear,FE,6000,2000,100,20,13,0,14,1,random,mean,250
2026090715,1000,250,0.715625,1.574375,0.0248713337215,,0.092,baseline,linear,FE,6000,2000,100,20,13,0,14,1,random,mean,250
2026090716,1000,250,0.764514583333,1.68193208333,0.0147796910553,,0.067,baseline,linear,FE,6000,2000,100,20,13,0,14,1,random,mean,250
2026090717,1000,250,0.558683333333,1.22910333333,0.06298776296,,0.209,baseline,linear,FE,6000,2000,100,20,13,0,14,1,random,mean,250
2026090718,1000,250,0.664985416667,1.46296791667,0.0277292194578,,0.14,baseline,linear,FE,6000,2000,100,20,13,0,14,1,random,mean,250
2026090719,1000,250,0.751302083333,1.65286458333,0.0232868443404,,0.077,baseline,linear,FE,6000,2000,100,20,13,0,14,1,random,mean,250
2026090720,1000,250,0.523466666667,1.15162666667,0.0578280707072,,0.213,baseline,linear,FE,6000,2000,100,20,13,0,14,1,random,mean,250
2026090721,1000,250,0.717422916667,1.57833041667,0.0371081046849,,0.183,baseline,linear,FE,6000,2000,100,20,13,0,14,1,random,mean,250
2026090722,1000,250,0.556822916667,1.22501041667,0.0550139423693,,0.253,baseline,linear,FE,6000,2000,100,20,13,0,14,1,random,mean,250
2026090723,1000,250,0.5135375,1.1297825,0.061677964228,,0.209,baseline,linear,FE,6000,2000,100,20,13,0,14,1,random,mean,250
2026090724,1000,250,0.51738125,1.13823875,0.0529903209784,,0.195,baseline,linear,FE,6000,2000,100,20,13,0,14,1,random,mean,250
2026090725,1000,250,0.5415375,1.1913825,0.0581232054346,,0.135,baseline,linear,FE,6000,2000,100,20,13,0,14,1,random,mean,250
2026090726,1000,250,0.592635416667,1.30379791667,0.0569474378567,,0.155,baseline,linear,FE,6000,2000,100,20,13,0,14,1,random,mean,250
2026090727,1000,250,0.771875,1.698125,0.0232518299342,,0.046,baseline,linear,FE,6000,2000,100,20,13,0,14,1,random,mean,250
2026090728,1000,250,0.527875,1.161325,0.0530944151061,,0.283,baseline,linear,FE,6000,2000,100,20,13,0,14,1,random,mean,250
2026090729,1000,250,0.61240625,1.34729375,0.0400527552765,,0.209,baseline,linear,FE,6000,2000,100,20,13,0,14,1,random,mean,250
2026090730,1000,250,0.5277875,1.1611325,0.0256375925823,,0.118,baseline,linear,FE,6000,2000,100,20,13,0,14,1,random,mean,250
2026090731,1000,250,0.7553125,1.6616875,0.02706026879,,0.049,baseline,linear,FE,6000,2000,100,20,13,0,14,1,random,mean,250
2026090700,1250,250,0.871354166667,1.91697916667,0.0213801022722,,0.052,baseline,linear,FE,6000,2000,100,20,13,0,14,1,random,mean,250
2026090701,1250,250,0.53215,1.17073,0.0494346332282,,0.2216,baseline,linear,FE,6000,2000,100,20,13,0,14,1,random,mean,250
2026090702,1250,250,0.5289875,1.1637725,0.0553008197335,,0.2048,baseline,linear,FE,6000,2000,100,20,13,0,14,1,random,mean,250
2026090703,1250,250,0.561045833333,1.23430083333,0.0504240239832,,0.1864,baseline,linear,FE,6000,2000,100,20,13,0,14,1,random,mean,250
2026090704,1250,250,0.5828125,1.2821875,0.0557175117349,,0.204,baseline,linear,FE,6000,2000,100,20,13,0,14,1,random,mean,250
2026090705,1250,250,0.5243625,1.1535975,0.052560669238,,0.2232,baseline,linear,FE,6000,2000,100,20,13,0,14,1,random,mean,250
2026090706,1250,250,0.672395833333,1.47927083333,0.034566185072,,0.0248,baseline,linear,FE,6000,2000,100,20,13,0,14,1,random,mean,250
2026090707,1250,250,0.7390125,1.6258275,0.0100445106624,,0.0624,baseline,linear,FE,6000,2000,100,20,13,0,14,1,random,mean,250
2026090708,1250,250,0.69163125,1.52158875,0.0330961138319,,0.2312,baseline,linear,FE,6000,2000,100,20,13,0,14,1,random,mean,250
2026090709,1250,250,0.6196125,1.3631475,0.0473931234222,,0.148,baseline,linear,FE,6000,2000,100,20,13,0,14,1,random,mean,250
2026090710,1250,250,0.78876875,1.73529125,0.0246123611458,,0.0672,baseline,linear,FE,6000,2000,100,20,13,0,14,1,random,mean,250
2026090711,1250,250,0.5573625,1.2261975,0.0542453898573,,0.1496,baseline,linear,FE,6000,2000,100,20,13,0,14,1,random,mean,250
2026090712,1250,250,0.595758333333,1.31066833333,0.0542353473065,,0.16,baseline,linear,FE,6000,2000,100,20,13,0,14,1,random,mean,250
2026090713,1250,250,0.7727,1.69994,0.0317572742387,,0.2312,baseline,linear,FE,6000,2000,100,20,13,0,14,1,random,mean,250
2026090714,1250,250,0.63184375,1.39005625,0.0313566549782,,0.168,baseline,linear,FE,6000,2000,100,20,13,0,14,1,random,mean,250
2026090715,1250,250,0.72175,1.58785,0.023331854817,,0.0744,baseline,linear,FE,6000,2000,100,20,13,0,14,1,random,mean,250
2026090716,1250,250,0.766964583333,1.68732208333,0.018758774569,,0.0592,baseline,linear,FE,6000,2000,100,20,13,0,14,1,random,mean,250
2026090717,1250,250,0.523635416667,1.15199791667,0.0569402873289,,0.2184,baseline,linear,FE,6000,2000,100,20,13,0,14,1,random,mean,250
2026090718,1250,250,0.59975625,1.31946375,0.0440970375608,,0.1384,baseline,linear,FE,6000,2000,100,20,13,0,14,1,random,mean,250
2026090719,1250,250,0.701191666667,1.54262166667,0.0196510098342,,0.0632,baseline,linear,FE,6000,2000,100,20,13,0,14,1,random,mean,250
2026090720,1250,250,0.51414375,1.13111625,0.055302876902,,0.1976,baseline,linear,FE,6000,2000,100,20,13,0,14,1,random,mean,250
2026090721,1250,250,0.55275,1.21605,0.0561326747633,,0.1904,baseline,linear,FE,6000,2000,100,20,13,0,14,1,random,mean,250
2026090722,1250,250,0.525770833333,1.15669583333,0.0569844239703,,0.2592,baseline,linear,FE,6000,2000,100,20,13,0,14,1,random,mean,250
2026090723,1250,250,0.58816875,1.29397125,0.0594935137725,,0.2016,baseline,linear,FE,6000,2000,100,20,13,0,14,1,random,mean,250
2026090724,1250,250,0.50924375,1.12033625,0.0544044532544,,0.216,baseline,linear,FE,6000,2000,100,20,13,0,14,1,random,mean,250
2026090725,1250,250,0.576091666667,1.26740166667,0.051154330711,,0.1328,baseline,linear,FE,6000,2000,100,20,13,0,14,1,random,mean,250
2026090726,1250,250,0.509535416667,1.12097791667,0.0557196730362,,0.176,baseline,linear,FE,6000,2000,100,20,13,0,14,1,random,mean,250
2026090727,1250,250,0.698479166667,1.53665416667,0.0433029520972,,0.056,baseline,linear,FE,6000,2000,100,20,13,0,14,1,random,mean,250
2026090728,1250,250,0.68169375,1.49972625,0.0371452841812,,0.2528,baseline,linear,FE,6000,2000,100,20,13,0,14,1,random,mean,250
2026090729,1250,250,0.507683333333,1.11690333333,0.057076797655,,0.2104,baseline,linear,FE,6000,2000,100,20,13,0,14,1,random,mean,250
2026090730,1250,250,0.501116666667,1.10245666667,0.0496740336386,,0.1456,baseline,linear,FE,6000,2000,100,20,13,0,14,1,random,mean,250
2026090731,1250,250,0.769022916667,1.69185041667,0.0296620756164,,0.0424,baseline,linear,FE,6000,2000,100,20,13,0,14,1,random,mean,250
2026090700,1500,250,0.847916666667,1.86541666667,0.0223941772595,,0.044,baseline,linear,FE,6000,2000,100,20,13,0,14,1,random,mean,250
2026090701,1500,250,0.61881875,1.36140125,0.0500592771775,,0.22,baseline,linear,FE,6000,2000,100,20,13,0,14,1,random,mean,250
2026090702,1500,250,0.5461625,1.2015575,0.0523394654844,,0.208,baseline,linear,FE,6000,2000,100,20,13,0,14,1,random,mean,250
2026090703,1500,250,0.594395833333,1.30767083333,0.0475695608727,,0.174666666667,baseline,linear,FE,6000,2000,100,20,13,0,14,1,random,mean,250
2026090704,1500,250,0.54235,1.19317,0.04841233366,,0.203333333333,baseline,linear,FE,6000,2000,100,20,13,0,14,1,random,mean,250
2026090705,1500,250,0.5481875,1.2060125,0.0514566312487,,0.218,baseline,linear,FE,6000,2000,100,20,13,0,14,1,random,mean,250
2026090706,1500,250,0.672395833333,1.47927083333,0.034566185072,,0.0206666666667,baseline,linear,FE,6000,2000,100,20,13,0,14,1,random,mean,250
2026090707,1500,250,0.738577083333,1.62486958333,0.00922562143829,,0.0533333333333,baseline,linear,FE,6000,2000,100,20,13,0,14,1,random,mean,250
2026090708,1500,250,0.7336875,1.6141125,0.0306157638692,,0.194,baseline,linear,FE,6000,2000,100,20,13,0,14,1,random,mean,250
2026090709,1500,250,0.54378125,1.19631875,0.0524955621346,,0.166666666667,baseline,linear,FE,6000,2000,100,20,13,0,14,1,random,mean,250
2026090710,1500,250,0.783079166667,1.72277416667,0.0231002309314,,0.0566666666667,baseline,linear,FE,6000,2000,100,20,13,0,14,1,random,mean,250
2026090711,1500,250,0.620254166667,1.36455916667,0.0475468976669,,0.143333333333,baseline,linear,FE,6000,2000,100,20,13,0,14,1,random,mean,250
2026090712,1500,250,0.58320625,1.28305375,0.0559143687911,,0.142666666667,baseline,linear,FE,6000,2000,100,20,13,0,14,1,random,mean,250
2026090713,1500,250,0.75896875,1.66973125,0.0287406293685,,0.194,baseline,linear,FE,6000,2000,100,20,13,0,14,1,random,mean,250
2026090714,1500,250,0.6555875,1.4422925,0.0203420737119,,0.142,baseline,linear,FE,6000,2000,100,20,13,0,14,1,random,mean,250
2026090715,1500,250,0.706710416667,1.55476291667,0.0292253090793,,0.0673333333333,baseline,linear,FE,6000,2000,100,20,13,0,14,1,random,mean,250
2026090716,1500,250,0.742733333333,1.63401333333,0.030946176769,,0.05,baseline,linear,FE,6000,2000,100,20,13,0,14,1,random,mean,250
2026090717,1500,250,0.465383333333,1.02384333333,0.0590477280938,,0.225333333333,baseline,linear,FE,6000,2000,100,20,13,0,14,1,random,mean,250
2026090718,1500,250,0.5539,1.21858,0.0528739187945,,0.147333333333,baseline,linear,FE,6000,2000,100,20,13,0,14,1,random,mean,250
2026090719,1500,250,0.611779166667,1.34591416667,0.0379114752354,,0.082,baseline,linear,FE,6000,2000,100,20,13,0,14,1,random,mean,250
2026090720,1500,250,0.5808875,1.2779525,0.0519516401508,,0.198,baseline,linear,FE,6000,2000,100,20,13,0,14,1,random,mean,250
2026090721,1500,250,0.625214583333,1.37547208333,0.0371477748119,,0.178666666667,baseline,linear,FE,6000,2000,100,20,13,0,14,1,random,mean,250
2026090722,1500,250,0.61699375,1.35738625,0.0446980642739,,0.247333333333,baseline,linear,FE,6000,2000,100,20,13,0,14,1,random,mean,250
2026090723,1500,250,0.514833333333,1.13263333333,0.0589937849021,,0.2,baseline,linear,FE,6000,2000,100,20,13,0,14,1,random,mean,250
2026090724,1500,250,0.6490125,1.4278275,0.045398793222,,0.188666666667,baseline,linear,FE,6000,2000,100,20,13,0,14,1,random,mean,250
2026090725,1500,250,0.533779166667,1.17431416667,0.0565480291506,,0.158666666667,baseline,linear,FE,6000,2000,100,20,13,0,14,1,random,mean,250
2026090726,1500,250,0.672864583333,1.48030208333,0.0500081272801,,0.160666666667,baseline,linear,FE,6000,2000,100,20,13,0,14,1,random,mean,250
2026090727,1500,250,0.592772916667,1.30410041667,0.0500785490987,,0.106666666667,baseline,linear,FE,6000,2000,100,20,13,0,14,1,random,mean,250
2026090728,1500,250,0.60376875,1.32829125,0.0419519828572,,0.241333333333,baseline,linear,FE,6000,2000,100,20,13,0,14,1,random,mean,250
2026090729,1500,250,0.515104166667,1.13322916667,0.0383384967081,,0.175333333333,baseline,linear,FE,6000,2000,100,20,13,0,14,1,random,mean,250
2026090730,1500,250,0.735460416667,1.61801291667,0.0307024072952,,0.122,baseline,linear,FE,6000,2000,100,20,13,0,14,1,random,mean,250
2026090731,1500,250,0.750375,1.650825,0.0384943485168,,0.0393333333333,baseline,linear,FE,6000,2000,100,20,13,0,14,1,random,mean,250
2026090700,1750,250,0.8453125,1.8596875,0.0225068522581,,0.0377142857143,baseline,linear,FE,6000,2000,100,20,13,0,14,1,random,mean,250
2026090701,1750,250,0.8296875,1.8253125,0.0272662158209,,0.188571428571,baseline,linear,FE,6000,2000,100,20,13,0,14,1,random,mean,250
2026090702,1750,250,0.519402083333,1.14268458333,0.0552275119295,,0.213714285714,baseline,linear,FE,6000,2000,100,20,13,0,14,1,random,mean,250
2026090703,1750,250,0.575995833333,1.26719083333,0.0455083979478,,0.179428571429,baseline,linear,FE,6000,2000,100,20,13,0,14,1,random,mean,250
2026090704,1750,250,0.482904166667,1.06238916667,0.060105382713,,0.218285714286,baseline,linear,FE,6000,2000,100,20,13,0,14,1,random,mean,250
2026090705,1750,250,0.532916666667,1.17241666667,0.0599929023112,,0.222857142857,baseline,linear,FE,6000,2000,100,20,13,0,14,1,random,mean,250
2026090706,1750,250,0.666304166667,1.46586916667,0.033022568124,,0.0182857142857,baseline,linear,FE,6000,2000,100,20,13,0,14,1,random,mean,250
2026090707,1750,250,0.711002083333,1.56420458333,0.0140815128878,,0.0537142857143,baseline,linear,FE,6000,2000,100,20,13,0,14,1,random,mean,250
2026090708,1750,250,0.735416666667,1.61791666667,0.0306336577739,,0.166285714286,baseline,linear,FE,6000,2000,100,20,13,0,14,1,random,mean,250
2026090709,1750,250,0.585358333333,1.28778833333,0.0519918013533,,0.184571428571,baseline,linear,FE,6000,2000,100,20,13,0,14,1,random,mean,250
2026090710,1750,250,0.769977083333,1.69394958333,0.0222313818939,,0.0497142857143,baseline,linear,FE,6000,2000,100,20,13,0,14,1,random,mean,250
2026090711,1750,250,0.6619,1.45618,0.0372287704067,,0.145142857143,baseline,linear,FE,6000,2000,100,20,13,0,14,1,random,mean,250
2026090712,1750,250,0.623958333333,1.37270833333,0.0707644567516,,0.122285714286,baseline,linear,FE,6000,2000,100,20,13,0,14,1,random,mean,250
2026090713,1750,250,0.749841666667,1.64965166667,0.0248308199405,,0.167428571429,baseline,linear,FE,6000,2000,100,20,13,0,14,1,random,mean,250
2026090714,1750,250,0.649479166667,1.42885416667,0.0180512505524,,0.121714285714,baseline,linear,FE,6000,2000,100,20,13,0,14,1,random,mean,250
2026090715,1750,250,0.535877083333,1.17892958333,0.0581981859554,,0.0897142857143,baseline,linear,FE,6000,2000,100,20,13,0,14,1,random,mean,250
2026090716,1750,250,0.577385416667,1.27024791667,0.0507465605887,,0.0691428571429,baseline,linear,FE,6000,2000,100,20,13,0,14,1,random,mean,250
2026090717,1750,250,0.453097916667,0.996815416667,0.0639186236991,,0.234857142857,baseline,linear,FE,6000,2000,100,20,13,0,14,1,random,mean,250
2026090718,1750,250,0.571170833333,1.25657583333,0.0517962318692,,0.151428571429,baseline,linear,FE,6000,2000,100,20,13,0,14,1,random,mean,250
2026090719,1750,250,0.621066666667,1.36634666667,0.0448995841978,,0.0954285714286,baseline,linear,FE,6000,2000,100,20,13,0,14,1,random,mean,250
2026090720,1750,250,0.719491666667,1.58288166667,0.035559219632,,0.173714285714,baseline,linear,FE,6000,2000,100,20,13,0,14,1,random,mean,250
2026090721,1750,250,0.605983333333,1.33316333333,0.0422523821715,,0.171428571429,baseline,linear,FE,6000,2000,100,20,13,0,14,1,random,mean,250
2026090722,1750,250,0.59348125,1.30565875,0.0504847324515,,0.222285714286,baseline,linear,FE,6000,2000,100,20,13,0,14,1,random,mean,250
2026090723,1750,250,0.493525,1.085755,0.0590891775061,,0.200571428571,baseline,linear,FE,6000,2000,100,20,13,0,14,1,random,mean,250
2026090724,1750,250,0.667029166667,1.46746416667,0.0463757351642,,0.166857142857,baseline,linear,FE,6000,2000,100,20,13,0,14,1,random,mean,250
2026090725,1750,250,0.691427083333,1.52113958333,0.0357413675188,,0.153714285714,baseline,linear,FE,6000,2000,100,20,13,0,14,1,random,mean,250
2026090726,1750,250,0.675822916667,1.48681041667,0.0392439541778,,0.156571428571,baseline,linear,FE,6000,2000,100,20,13,0,14,1,random,mean,250
2026090727,1750,250,0.527839583333,1.16124708333,0.0511320343531,,0.113714285714,baseline,linear,FE,6000,2000,100,20,13,0,14,1,random,mean,250
2026090728,1750,250,0.699479166667,1.53885416667,0.032063310738,,0.206857142857,baseline,linear,FE,6000,2000,100,20,13,0,14,1,random,mean,250
2026090729,1750,250,0.595352083333,1.30977458333,0.0373032477366,,0.164571428571,baseline,linear,FE,6000,2000,100,20,13,0,14,1,random,mean,250
2026090730,1750,250,0.742083333333,1.63258333333,0.0262212564187,,0.105142857143,baseline,linear,FE,6000,2000,100,20,13,0,14,1,random,mean,250
2026090731,1750,250,0.736966666667,1.62132666667,0.0464129932929,,0.036,baseline,linear,FE,6000,2000,100,20,13,0,14,1,random,mean,250
2026090700,2000,250,0.8453125,1.8596875,0.0225068522581,,0.033,baseline,linear,FE,6000,2000,100,20,13,0,14,1,random,mean,250
2026090701,2000,250,0.8296875,1.8253125,0.0272662158209,,0.165,baseline,linear,FE,6000,2000,100,20,13,0,14,1,random,mean,250
2026090702,2000,250,0.51635625,1.13598375,0.063906701896,,0.2215,baseline,linear,FE,6000,2000,100,20,13,0,14,1,random,mean,250
2026090703,2000,250,0.559354166667,1.23057916667,0.0443023019286,,0.177,baseline,linear,FE,6000,2000,100,20,13,0,14,1,random,mean,250
2026090704,2000,250,0.532810416667,1.17218291667,0.0576106145568,,0.202,baseline,linear,FE,6000,2000,100,20,13,0,14,1,random,mean,250
2026090705,2000,250,0.515154166667,1.13333916667,0.0583422994409,,0.22,baseline,linear,FE,6000,2000,100,20,13,0,14,1,random,mean,250
2026090706,2000,250,0.586379166667,1.29003416667,0.0457797553025,,0.0365,baseline,linear,FE,6000,2000,100,20,13,0,14,1,random,mean,250
2026090707,2000,250,0.535027083333,1.17705958333,0.0575792478088,,0.073,baseline,linear,FE,6000,2000,100,20,13,0,14,1,random,mean,250
2026090708,2000,250,0.735416666667,1.61791666667,0.0306336577739,,0.1455,baseline,linear,FE,6000,2000,100,20,13,0,14,1,random,mean,250
2026090709,2000,250,0.5054625,1.1120175,0.0518930684013,,0.1925,baseline,linear,FE,6000,2000,100,20,13,0,14,1,random,mean,250
2026090710,2000,250,0.81659375,1.79650625,0.0171932141975,,0.044,baseline,linear,FE,6000,2000,100,20,13,0,14,1,random,mean,250
2026090711,2000,250,0.626791666667,1.37894166667,0.044647025193,,0.1505,baseline,linear,FE,6000,2000,100,20,13,0,14,1,random,mean,250
2026090712,2000,250,0.568295833333,1.25025083333,0.0534605812793,,0.1175,baseline,linear,FE,6000,2000,100,20,13,0,14,1,random,mean,250
2026090713,2000,250,0.713,1.5686,0.0276835542905,,0.15,baseline,linear,FE,6000,2000,100,20,13,0,14,1,random,mean,250
2026090714,2000,250,0.649479166667,1.42885416667,0.0180512505524,,0.1065,baseline,linear,FE,6000,2000,100,20,13,0,14,1,random,mean,250
2026090715,2000,250,0.5610375,1.2342825,0.051409362732,,0.109,baseline,linear,FE,6000,2000,100,20,13,0,14,1,random,mean,250
2026090716,2000,250,0.523625,1.151975,0.0528861895018,,0.0865,baseline,linear,FE,6000,2000,100,20,13,0,14,1,random,mean,250
2026090717,2000,250,0.605091666667,1.33120166667,0.0448640583983,,0.2155,baseline,linear,FE,6000,2000,100,20,13,0,14,1,random,mean,250
2026090718,2000,250,0.526239583333,1.15772708333,0.0525432920724,,0.1655,baseline,linear,FE,6000,2000,100,20,13,0,14,1,random,mean,250
2026090719,2000,250,0.507527083333,1.11655958333,0.0599256074031,,0.117,baseline,linear,FE,6000,2000,100,20,13,0,14,1,random,mean,250
2026090720,2000,250,0.733333333333,1.61333333333,0.0316155669598,,0.152,baseline,linear,FE,6000,2000,100,20,13,0,14,1,random,mean,250
2026090721,2000,250,0.710345833333,1.56276083333,0.028111438542,,0.1505,baseline,linear,FE,6000,2000,100,20,13,0,14,1,random,mean,250
2026090722,2000,250,0.661458333333,1.45520833333,0.0428100409854,,0.1945,baseline,linear,FE,6000,2000,100,20,13,0,14,1,random,mean,250
2026090723,2000,250,0.4887375,1.0752225,0.0499089631384,,0.2,baseline,linear,FE,6000,2000,100,20,13,0,14,1,random,mean,250
2026090724,2000,250,0.6031125,1.3268475,0.0449037466625,,0.1695,baseline,linear,FE,6000,2000,100,20,13,0,14,1,random,mean,250
2026090725,2000,250,0.789583333333,1.73708333333,0.0260613634121,,0.1345,baseline,linear,FE,6000,2000,100,20,13,0,14,1,random,mean,250
2026090726,2000,250,0.884375,1.945625,0.0162103230071,,0.137,baseline,linear,FE,6000,2000,100,20,13,0,14,1,random,mean,250
2026090727,2000,250,0.524772916667,1.15450041667,0.0564599148457,,0.135,baseline,linear,FE,6000,2000,100,20,13,0,14,1,random,mean,250
2026090728,2000,250,0.549414583333,1.20871208333,0.0547417127679,,0.2155,baseline,linear,FE,6000,2000,100,20,13,0,14,1,random,mean,250
2026090729,2000,250,0.6138,1.35036,0.0372855457676,,0.1515,baseline,linear,FE,6000,2000,100,20,13,0,14,1,random,mean,250
2026090730,2000,250,0.754372916667,1.65962041667,0.0313578250676,,0.093,baseline,linear,FE,6000,2000,100,20,13,0,14,1,random,mean,250
2026090731,2000,250,0.705495833333,1.55209083333,0.0459215458344,,0.035,baseline,linear,FE,6000,2000,100,20,13,0,14,1,random,mean,250
2026090700,2250,250,0.770404166667,1.69488916667,0.0166207618782,,0.0315555555556,baseline,linear,FE,6000,2000,100,20,13,0,14,1,random,mean,250
2026090701,2250,250,0.8303875,1.8268525,0.02749045843,,0.147111111111,baseline,linear,FE,6000,2000,100,20,13,0,14,1,random,mean,250
2026090702,2250,250,0.552095833333,1.21461083333,0.0496986158584,,0.224444444444,baseline,linear,FE,6000,2000,100,20,13,0,14,1,random,mean,250
2026090703,2250,250,0.568527083333,1.25075958333,0.0474612220571,,0.181333333333,baseline,linear,FE,6000,2000,100,20,13,0,14,1,random,mean,250
2026090704,2250,250,0.483725,1.064195,0.0484871240162,,0.205333333333,baseline,linear,FE,6000,2000,100,20,13,0,14,1,random,mean,250
2026090705,2250,250,0.523185416667,1.15100791667,0.056555649499,,0.226222222222,baseline,linear,FE,6000,2000,100,20,13,0,14,1,random,mean,250
2026090706,2250,250,0.563116666667,1.23885666667,0.0543155489177,,0.0528888888889,baseline,linear,FE,6000,2000,100,20,13,0,14,1,random,mean,250
2026090707,2250,250,0.508654166667,1.11903916667,0.0562749727254,,0.0937777777778,baseline,linear,FE,6000,2000,100,20,13,0,14,1,random,mean,250
2026090708,2250,250,0.735416666667,1.61791666667,0.0306336577739,,0.129333333333,baseline,linear,FE,6000,2000,100,20,13,0,14,1,random,mean,250
2026090709,2250,250,0.559114583333,1.23005208333,0.0462104144256,,0.197333333333,baseline,linear,FE,6000,2000,100,20,13,0,14,1,random,mean,250
2026090710,2250,250,0.814933333333,1.79285333333,0.0173164180351,,0.0395555555556,baseline,linear,FE,6000,2000,100,20,13,0,14,1,random,mean,250
2026090711,2250,250,0.55873125,1.22920875,0.0490057389553,,0.156888888889,baseline,linear,FE,6000,2000,100,20,13,0,14,1,random,mean,250
2026090712,2250,250,0.591145833333,1.30052083333,0.0408952423104,,0.104444444444,baseline,linear,FE,6000,2000,100,20,13,0,14,1,random,mean,250
2026090713,2250,250,0.5925875,1.3036925,0.0480821102389,,0.154222222222,baseline,linear,FE,6000,2000,100,20,13,0,14,1,random,mean,250
2026090714,2250,250,0.646004166667,1.42120916667,0.019240074349,,0.0968888888889,baseline,linear,FE,6000,2000,100,20,13,0,14,1,random,mean,250
2026090715,2250,250,0.611810416667,1.34598291667,0.0515353338895,,0.114222222222,baseline,linear,FE,6000,2000,100,20,13,0,14,1,random,mean,250
2026090716,2250,250,0.55728125,1.22601875,0.0497270034795,,0.104888888889,baseline,linear,FE,6000,2000,100,20,13,0,14,1,random,mean,250
2026090717,2250,250,0.561933333333,1.23625333333,0.0545076415429,,0.223111111111,baseline,linear,FE,6000,2000,100,20,13,0,14,1,random,mean,250
2026090718,2250,250,0.6121125,1.3466475,0.0486923067881,,0.165333333333,baseline,linear,FE,6000,2000,100,20,13,0,14,1,random,mean,250
2026090719,2250,250,0.602422916667,1.32533041667,0.0503419496389,,0.121333333333,baseline,linear,FE,6000,2000,100,20,13,0,14,1,random,mean,250
2026090720,2250,250,0.73908125,1.62597875,0.0314425530587,,0.135555555556,baseline,linear,FE,6000,2000,100,20,13,0,14,1,random,mean,250
2026090721,2250,250,0.6030875,1.3267925,0.0473405972938,,0.145333333333,baseline,linear,FE,6000,2000,100,20,13,0,14,1,random,mean,250
2026090722,2250,250,0.661458333333,1.45520833333,0.0428100409854,,0.172888888889,baseline,linear,FE,6000,2000,100,20,13,0,14,1,random,mean,250
2026090723,2250,250,0.627789583333,1.38113708333,0.0522950805152,,0.193333333333,baseline,linear,FE,6000,2000,100,20,13,0,14,1,random,mean,250
2026090724,2250,250,0.64540625,1.41989375,0.0414028992642,,0.164444444444,baseline,linear,FE,6000,2000,100,20,13,0,14,1,random,mean,250
2026090725,2250,250,0.789583333333,1.73708333333,0.0260613634121,,0.119555555556,baseline,linear,FE,6000,2000,100,20,13,0,14,1,random,mean,250
2026090726,2250,250,0.877925,1.931435,0.0144211525729,,0.122222222222,baseline,linear,FE,6000,2000,100,20,13,0,14,1,random,mean,250
2026090727,2250,250,0.778479166667,1.71265416667,0.0171554201908,,0.122666666667,baseline,linear,FE,6000,2000,100,20,13,0,14,1,random,mean,250
2026090728,2250,250,0.61611875,1.35546125,0.0461025967327,,0.208888888889,baseline,linear,FE,6000,2000,100,20,13,0,14,1,random,mean,250
2026090729,2250,250,0.534633333333,1.17619333333,0.0557094374464,,0.163555555556,baseline,linear,FE,6000,2000,100,20,13,0,14,1,random,mean,250
2026090730,2250,250,0.868625,1.910975,0.0172787967003,,0.0844444444444,baseline,linear,FE,6000,2000,100,20,13,0,14,1,random,mean,250
2026090731,2250,250,0.608789583333,1.33933708333,0.0423361282752,,0.0515555555556,baseline,linear,FE,6000,2000,100,20,13,0,14,1,random,mean,250
2026090700,2500,250,0.688595833333,1.51491083333,0.0162441953401,,0.0296,baseline,linear,FE,6000,2000,100,20,13,0,14,1,random,mean,250
2026090701,2500,250,0.837366666667,1.84220666667,0.0280442660297,,0.1328,baseline,linear,FE,6000,2000,100,20,13,0,14,1,random,mean,250
2026090702,2500,250,0.600875,1.321925,0.0423990079394,,0.2212,baseline,linear,FE,6000,2000,100,20,13,0,14,1,random,mean,250
2026090703,2500,250,0.750985416667,1.65216791667,0.0176196528195,,0.1664,baseline,linear,FE,6000,2000,100,20,13,0,14,1,random,mean,250
2026090704,2500,250,0.708052083333,1.55771458333,0.0435962996963,,0.2,baseline,linear,FE,6000,2000,100,20,13,0,14,1,random,mean,250
2026090705,2500,250,0.5100625,1.1221375,0.0546665028875,,0.2356,baseline,linear,FE,6000,2000,100,20,13,0,14,1,random,mean,250
2026090706,2500,250,0.539829166667,1.18762416667,0.0514185817851,,0.068,baseline,linear,FE,6000,2000,100,20,13,0,14,1,random,mean,250
2026090707,2500,250,0.550583333333,1.21128333333,0.0561690396303,,0.1108,baseline,linear,FE,6000,2000,100,20,13,0,14,1,random,mean,250
2026090708,2500,250,0.723672916667,1.59208041667,0.0390789037758,,0.122,baseline,linear,FE,6000,2000,100,20,13,0,14,1,random,mean,250
2026090709,2500,250,0.708854166667,1.55947916667,0.030768108501,,0.1776,baseline,linear,FE,6000,2000,100,20,13,0,14,1,random,mean,250
2026090710,2500,250,0.783533333333,1.72377333333,0.019635413727,,0.036,baseline,linear,FE,6000,2000,100,20,13,0,14,1,random,mean,250
2026090711,2500,250,0.598316666667,1.31629666667,0.0446365339498,,0.1616,baseline,linear,FE,6000,2000,100,20,13,0,14,1,random,mean,250
2026090712,2500,250,0.600125,1.320275,0.0413411216047,,0.0992,baseline,linear,FE,6000,2000,100,20,13,0,14,1,random,mean,250
2026090713,2500,250,0.591122916667,1.30047041667,0.0501821820606,,0.1592,baseline,linear,FE,6000,2000,100,20,13,0,14,1,random,mean,250
2026090714,2500,250,0.483222916667,1.06309041667,0.0586173658473,,0.1172,baseline,linear,FE,6000,2000,100,20,13,0,14,1,random,mean,250
2026090715,2500,250,0.689985416667,1.51796791667,0.0388639795075,,0.1132,baseline,linear,FE,6000,2000,100,20,13,0,14,1,random,mean,250
2026090716,2500,250,0.7028625,1.5462975,0.0337605835916,,0.096,baseline,linear,FE,6000,2000,100,20,13,0,14,1,random,mean,250
2026090717,2500,250,0.765245833333,1.68354083333,0.0277207746895,,0.2016,baseline,linear,FE,6000,2000,100,20,13,0,14,1,random,mean,250
2026090718,2500,250,0.5129375,1.1284625,0.0527853877316,,0.1768,baseline,linear,FE,6000,2000,100,20,13,0,14,1,random,mean,250
2026090719,2500,250,0.604252083333,1.32935458333,0.0531362836321,,0.1292,baseline,linear,FE,6000,2000,100,20,13,0,14,1,random,mean,250
2026090720,2500,250,0.7796875,1.7153125,0.0302202935637,,0.122,baseline,linear,FE,6000,2000,100,20,13,0,14,1,random,mean,250
2026090721,2500,250,0.505658333333,1.11244833333,0.0512200504798,,0.1576,baseline,linear,FE,6000,2000,100,20,13,0,14,1,random,mean,250
2026090722,2500,250,0.63310625,1.39283375,0.0458381807303,,0.1596,baseline,linear,FE,6000,2000,100,20,13,0,14,1,random,mean,250
2026090723,2500,250,0.779935416667,1.71585791667,0.0339182696046,,0.1744,baseline,linear,FE,6000,2000,100,20,13,0,14,1,random,mean,250
2026090724,2500,250,0.728125,1.601875,0.0407104669394,,0.148,baseline,linear,FE,6000,2000,100,20,13,0,14,1,random,mean,250
2026090725,2500,250,0.611714583333,1.34577208333,0.0437380596287,,0.124,baseline,linear,FE,6000,2000,100,20,13,0,14,1,random,mean,250
2026090726,2500,250,0.875,1.925,0.0136097845854,,0.11,baseline,linear,FE,6000,2000,100,20,13,0,14,1,random,mean,250
2026090727,2500,250,0.771875,1.698125,0.0137592936424,,0.1104,baseline,linear,FE,6000,2000,100,20,13,0,14,1,random,mean,250
2026090728,2500,250,0.50955625,1.12102375,0.057640602516,,0.2196,baseline,linear,FE,6000,2000,100,20,13,0,14,1,random,mean,250
2026090729,2500,250,0.537183333333,1.18180333333,0.0510061858144,,0.1804,baseline,linear,FE,6000,2000,100,20,13,0,14,1,random,mean,250
2026090730,2500,250,0.858333333333,1.88833333333,0.0139182590547,,0.076,baseline,linear,FE,6000,2000,100,20,13,0,14,1,random,mean,250
2026090731,2500,250,0.648720833333,1.42718583333,0.0451587002745,,0.0632,baseline,linear,FE,6000,2000,100,20,13,0,14,1,random,mean,250
2026090700,2750,250,0.55714375,1.22571625,0.0513437582936,,0.0472727272727,baseline,linear,FE,6000,2000,100,20,13,0,14,1,random,mean,250
2026090701,2750,250,0.840104166667,1.84822916667,0.0282275314367,,0.120727272727,baseline,linear,FE,6000,2000,100,20,13,0,14,1,random,mean,250
2026090702,2750,250,0.561566666667,1.23544666667,0.0512140327845,,0.222909090909,baseline,linear,FE,6000,2000,100,20,13,0,14,1,random,mean,250
2026090703,2750,250,0.721329166667,1.58692416667,0.0335888574117,,0.153454545455,baseline,linear,FE,6000,2000,100,20,13,0,14,1,random,mean,250
2026090704,2750,250,0.775789583333,1.70673708333,0.029594352374,,0.185818181818,baseline,linear,FE,6000,2000,100,20,13,0,14,1,random,mean,250
2026090705,2750,250,0.542514583333,1.19353208333,0.0550220190024,,0.236,baseline,linear,FE,6000,2000,100,20,13,0,14,1,random,mean,250
2026090706,2750,250,0.559404166667,1.23068916667,0.0282624849205,,0.0672727272727,baseline,linear,FE,6000,2000,100,20,13,0,14,1,random,mean,250
2026090707,2750,250,0.54708125,1.20357875,0.0509401776519,,0.124,baseline,linear,FE,6000,2000,100,20,13,0,14,1,random,mean,250
2026090708,2750,250,0.770035416667,1.69407791667,0.0300285560834,,0.112,baseline,linear,FE,6000,2000,100,20,13,0,14,1,random,mean,250
2026090709,2750,250,0.708854166667,1.55947916667,0.030768108501,,0.161454545455,baseline,linear,FE,6000,2000,100,20,13,0,14,1,random,mean,250
2026090710,2750,250,0.555008333333,1.22101833333,0.0527081055137,,0.0498181818182,baseline,linear,FE,6000,2000,100,20,13,0,14,1,random,mean,250
2026090711,2750,250,0.613797916667,1.35035541667,0.0479839056447,,0.162181818182,baseline,linear,FE,6000,2000,100,20,13,0,14,1,random,mean,250
2026090712,2750,250,0.494391666667,1.08766166667,0.061078243672,,0.114181818182,baseline,linear,FE,6000,2000,100,20,13,0,14,1,random,mean,250
2026090713,2750,250,0.505025,1.111055,0.0595071115439,,0.168,baseline,linear,FE,6000,2000,100,20,13,0,14,1,random,mean,250
2026090714,2750,250,0.551975,1.214345,0.0552368295507,,0.129454545455,baseline,linear,FE,6000,2000,100,20,13,0,14,1,random,mean,250
2026090715,2750,250,0.614545833333,1.35200083333,0.0541840876704,,0.114545454545,baseline,linear,FE,6000,2000,100,20,13,0,14,1,random,mean,250
2026090716,2750,250,0.7043125,1.5494875,0.0361420525311,,0.0876363636364,baseline,linear,FE,6000,2000,100,20,13,0,14,1,random,mean,250
2026090717,2750,250,0.778645833333,1.71302083333,0.0252412111012,,0.183272727273,baseline,linear,FE,6000,2000,100,20,13,0,14,1,random,mean,250
2026090718,2750,250,0.608022916667,1.33765041667,0.0289064390595,,0.171272727273,baseline,linear,FE,6000,2000,100,20,13,0,14,1,random,mean,250
2026090719,2750,250,0.611347916667,1.34496541667,0.0552949775108,,0.133090909091,baseline,linear,FE,6000,2000,100,20,13,0,14,1,random,mean,250
2026090720,2750,250,0.7796875,1.7153125,0.0302202935637,,0.110909090909,baseline,linear,FE,6000,2000,100,20,13,0,14,1,random,mean,250
2026090721,2750,250,0.48693125,1.07124875,0.0593580976666,,0.169090909091,baseline,linear,FE,6000,2000,100,20,13,0,14,1,random,mean,250
2026090722,2750,250,0.659414583333,1.45071208333,0.0460168984563,,0.154545454545,baseline,linear,FE,6000,2000,100,20,13,0,14,1,random,mean,250
2026090723,2750,250,0.784302083333,1.72546458333,0.0262579832823,,0.160727272727,baseline,linear,FE,6000,2000,100,20,13,0,14,1,random,mean,250
2026090724,2750,250,0.728125,1.601875,0.0407104669394,,0.134545454545,baseline,linear,FE,6000,2000,100,20,13,0,14,1,random,mean,250
2026090725,2750,250,0.612108333333,1.34663833333,0.0374807243527,,0.127272727273,baseline,linear,FE,6000,2000,100,20,13,0,14,1,random,mean,250
2026090726,2750,250,0.875,1.925,0.0136097845854,,0.1,baseline,linear,FE,6000,2000,100,20,13,0,14,1,random,mean,250
2026090727,2750,250,0.771875,1.698125,0.0137592936424,,0.100363636364,baseline,linear,FE,6000,2000,100,20,13,0,14,1,random,mean,250
2026090728,2750,250,0.65115,1.43253,0.0416731031009,,0.215272727273,baseline,linear,FE,6000,2000,100,20,13,0,14,1,random,mean,250
2026090729,2750,250,0.672172916667,1.47878041667,0.0216491522997,,0.166181818182,baseline,linear,FE,6000,2000,100,20,13,0,14,1,random,mean,250
2026090730,2750,250,0.858333333333,1.88833333333,0.0139182590547,,0.0690909090909,baseline,linear,FE,6000,2000,100,20,13,0,14,1,random,mean,250
2026090731,2750,250,0.550847916667,1.21186541667,0.0559513766985,,0.0821818181818,baseline,linear,FE,6000,2000,100,20,13,0,14,1,random,mean,250
2026090700,3000,250,0.611027083333,1.34425958333,0.0630895298894,,0.0526666666667,baseline,linear,FE,6000,2000,100,20,13,0,14,1,random,mean,250
2026090701,3000,250,0.840104166667,1.84822916667,0.0282275314367,,0.110666666667,baseline,linear,FE,6000,2000,100,20,13,0,14,1,random,mean,250
2026090702,3000,250,0.616558333333,1.35642833333,0.0433324526041,,0.215333333333,baseline,linear,FE,6000,2000,100,20,13,0,14,1,random,mean,250
2026090703,3000,250,0.598872916667,1.31752041667,0.0468760584036,,0.152,baseline,linear,FE,6000,2000,100,20,13,0,14,1,random,mean,250
2026090704,3000,250,0.6282,1.38204,0.0435158221621,,0.185666666667,baseline,linear,FE,6000,2000,100,20,13,0,14,1,random,mean,250
2026090705,3000,250,0.617416666667,1.35831666667,0.0288790215971,,0.221666666667,baseline,linear,FE,6000,2000,100,20,13,0,14,1,random,mean,250
2026090706,3000,250,0.6189125,1.3616075,0.0431254589782,,0.0796666666667,baseline,linear,FE,6000,2000,100,20,13,0,14,1,random,mean,250
2026090707,3000,250,0.524170833333,1.15317583333,0.0588799872145,,0.137,baseline,linear,FE,6000,2000,100,20,13,0,14,1,random,mean,250
2026090708,3000,250,0.687566666667,1.51264666667,0.0420280483071,,0.116,baseline,linear,FE,6000,2000,100,20,13,0,14,1,random,mean,250
2026090709,3000,250,0.708854166667,1.55947916667,0.030768108501,,0.148,baseline,linear,FE,6000,2000,100,20,13,0,14,1,random,mean,250
2026090710,3000,250,0.527627083333,1.16077958333,0.053713715251,,0.0623333333333,baseline,linear,FE,6000,2000,100,20,13,0,14,1,random,mean,250
2026090711,3000,250,0.531895833333,1.17017083333,0.0591510912603,,0.178,baseline,linear,FE,6000,2000,100,20,13,0,14,1,random,mean,250
2026090712,3000,250,0.505345833333,1.11176083333,0.0566013307617,,0.132666666667,baseline,linear,FE,6000,2000,100,20,13,0,14,1,random,mean,250
2026090713,3000,250,0.468620833333,1.03096583333,0.058927874501,,0.185666666667,baseline,linear,FE,6000,2000,100,20,13,0,14,1,random,mean,250
2026090714,3000,250,0.544802083333,1.19856458333,0.0582928681627,,0.145666666667,baseline,linear,FE,6000,2000,100,20,13,0,14,1,random,mean,250
2026090715,3000,250,0.788020833333,1.73364583333,0.0197987970047,,0.105,baseline,linear,FE,6000,2000,100,20,13,0,14,1,random,mean,250
2026090716,3000,250,0.542541666667,1.19359166667,0.057344725161,,0.103333333333,baseline,linear,FE,6000,2000,100,20,13,0,14,1,random,mean,250
2026090717,3000,250,0.769789583333,1.69353708333,0.0262065373727,,0.168666666667,baseline,linear,FE,6000,2000,100,20,13,0,14,1,random,mean,250
2026090718,3000,250,0.594877083333,1.30872958333,0.0440287956854,,0.173666666667,baseline,linear,FE,6000,2000,100,20,13,0,14,1,random,mean,250
2026090719,3000,250,0.524789583333,1.15453708333,0.047304269306,,0.142666666667,baseline,linear,FE,6000,2000,100,20,13,0,14,1,random,mean,250
2026090720,3000,250,0.7796875,1.7153125,0.0302202935637,,0.101666666667,baseline,linear,FE,6000,2000,100,20,13,0,14,1,random,mean,250
2026090721,3000,250,0.5017,1.10374,0.0585312804743,,0.179,baseline,linear,FE,6000,2000,100,20,13,0,14,1,random,mean,250
2026090722,3000,250,0.7039375,1.5486625,0.0374273426811,,0.147333333333,baseline,linear,FE,6000,2000,100,20,13,0,14,1,random,mean,250
2026090723,3000,250,0.50421875,1.10928125,0.0549160412118,,0.167333333333,baseline,linear,FE,6000,2000,100,20,13,0,14,1,random,mean,250
2026090724,3000,250,0.632397916667,1.39127541667,0.0448471373069,,0.134666666667,baseline,linear,FE,6000,2000,100,20,13,0,14,1,random,mean,250
2026090725,3000,250,0.551083333333,1.21238333333,0.0522627098821,,0.129666666667,baseline,linear,FE,6000,2000,100,20,13,0,14,1,random,mean,250
2026090726,3000,250,0.874872916667,1.92472041667,0.0137168703453,,0.0923333333333,baseline,linear,FE,6000,2000,100,20,13,0,14,1,random,mean,250
2026090727,3000,250,0.771875,1.698125,0.0137592936424,,0.092,baseline,linear,FE,6000,2000,100,20,13,0,14,1,random,mean,250
2026090728,3000,250,0.75625,1.66375,0.0275269349118,,0.197333333333,baseline,linear,FE,6000,2000,100,20,13,0,14,1,random,mean,250
2026090729,3000,250,0.622402083333,1.36928458333,0.0372309463629,,0.164333333333,baseline,linear,FE,6000,2000,100,20,13,0,14,1,random,mean,250
2026090730,3000,250,0.87465625,1.92424375,0.0134160483496,,0.0653333333333,baseline,linear,FE,6000,2000,100,20,13,0,14,1,random,mean,250
2026090731,3000,250,0.5474125,1.2043075,0.0568223301517,,0.098,baseline,linear,FE,6000,2000,100,20,13,0,14,1,random,mean,250
2026090700,3250,250,0.507245833333,1.11594083333,0.0599538607801,,0.0756923076923,baseline,linear,FE,6000,2000,100,20,13,0,14,1,random,mean,250
2026090701,3250,250,0.840104166667,1.84822916667,0.0282275314367,,0.102153846154,baseline,linear,FE,6000,2000,100,20,13,0,14,1,random,mean,250
2026090702,3250,250,0.625058333333,1.37512833333,0.0511230727736,,0.206153846154,baseline,linear,FE,6000,2000,100,20,13,0,14,1,random,mean,250
2026090703,3250,250,0.595752083333,1.31065458333,0.0371404602908,,0.150461538462,baseline,linear,FE,6000,2000,100,20,13,0,14,1,random,mean,250
2026090704,3250,250,0.477416666667,1.05031666667,0.0607975010823,,0.192307692308,baseline,linear,FE,6000,2000,100,20,13,0,14,1,random,mean,250
2026090705,3250,250,0.650366666667,1.43080666667,0.0257915644426,,0.205230769231,baseline,linear,FE,6000,2000,100,20,13,0,14,1,random,mean,250
2026090706,3250,250,0.66041875,1.45292125,0.0437892582008,,0.0818461538462,baseline,linear,FE,6000,2000,100,20,13,0,14,1,random,mean,250
2026090707,3250,250,0.514758333333,1.13246833333,0.0525352244558,,0.147076923077,baseline,linear,FE,6000,2000,100,20,13,0,14,1,random,mean,250
2026090708,3250,250,0.530175,1.166385,0.0583984005576,,0.133230769231,baseline,linear,FE,6000,2000,100,20,13,0,14,1,random,mean,250
2026090709,3250,250,0.707208333333,1.55585833333,0.0308572437462,,0.136923076923,baseline,linear,FE,6000,2000,100,20,13,0,14,1,random,mean,250
2026090710,3250,250,0.47376875,1.04229125,0.0639559658372,,0.0836923076923,baseline,linear,FE,6000,2000,100,20,13,0,14,1,random,mean,250
2026090711,3250,250,0.591514583333,1.30133208333,0.0483589113056,,0.178153846154,baseline,linear,FE,6000,2000,100,20,13,0,14,1,random,mean,250
2026090712,3250,250,0.5174625,1.1384175,0.0564759687329,,0.138769230769,baseline,linear,FE,6000,2000,100,20,13,0,14,1,random,mean,250
2026090713,3250,250,0.726841666667,1.59905166667,0.0215013078473,,0.179076923077,baseline,linear,FE,6000,2000,100,20,13,0,14,1,random,mean,250
2026090714,3250,250,0.5279,1.16138,0.0561003323417,,0.152307692308,baseline,linear,FE,6000,2000,100,20,13,0,14,1,random,mean,250
2026090715,3250,250,0.792485416667,1.74346791667,0.0213993817242,,0.0981538461538,baseline,linear,FE,6000,2000,100,20,13,0,14,1,random,mean,250
2026090716,3250,250,0.48586875,1.06891125,0.0593453611859,,0.121230769231,baseline,linear,FE,6000,2000,100,20,13,0,14,1,random,mean,250
2026090717,3250,250,0.600972916667,1.32214041667,0.0480517564914,,0.172615384615,baseline,linear,FE,6000,2000,100,20,13,0,14,1,random,mean,250
2026090718,3250,250,0.780729166667,1.71760416667,0.0212185500155,,0.160307692308,baseline,linear,FE,6000,2000,100,20,13,0,14,1,random,mean,250
2026090719,3250,250,0.599104166667,1.31802916667,0.0104917557729,,0.132,baseline,linear,FE,6000,2000,100,20,13,0,14,1,random,mean,250
2026090720,3250,250,0.7796875,1.7153125,0.0302202935637,,0.0938461538462,baseline,linear,FE,6000,2000,100,20,13,0,14,1,random,mean,250
2026090721,3250,250,0.585922916667,1.28903041667,0.053281560395,,0.186769230769,baseline,linear,FE,6000,2000,100,20,13,0,14,1,random,mean,250
2026090722,3250,250,0.575672916667,1.26648041667,0.0519275266469,,0.154461538462,baseline,linear,FE,6000,2000,100,20,13,0,14,1,random,mean,250
2026090723,3250,250,0.57495625,1.26490375,0.048895500523,,0.168307692308,baseline,linear,FE,6000,2000,100,20,13,0,14,1,random,mean,250
2026090724,3250,250,0.549245833333,1.20834083333,0.0574453334692,,0.140923076923,baseline,linear,FE,6000,2000,100,20,13,0,14,1,random,mean,250
2026090725,3250,250,0.606947916667,1.33528541667,0.0513655004425,,0.135692307692,baseline,linear,FE,6000,2000,100,20,13,0,14,1,random,mean,250
2026090726,3250,250,0.875,1.925,0.0137143870958,,0.0852307692308,baseline,linear,FE,6000,2000,100,20,13,0,14,1,random,mean,250
2026090727,3250,250,0.771875,1.698125,0.0137592936424,,0.0849230769231,baseline,linear,FE,6000,2000,100,20,13,0,14,1,random,mean,250
2026090728,3250,250,0.712729166667,1.56800416667,0.0313332542155,,0.186769230769,baseline,linear,FE,6000,2000,100,20,13,0,14,1,random,mean,250
2026090729,3250,250,0.759895833333,1.67177083333,0.0347603604882,,0.151692307692,baseline,linear,FE,6000,2000,100,20,13,0,14,1,random,mean,250
2026090730,3250,250,0.8780625,1.9317375,0.00983958571186,,0.0606153846154,baseline,linear,FE,6000,2000,100,20,13,0,14,1,random,mean,250
2026090731,3250,250,0.484552083333,1.06601458333,0.061641289719,,0.113538461538,baseline,linear,FE,6000,2000,100,20,13,0,14,1,random,mean,250
2026090700,3500,250,0.54776875,1.20509125,0.0560037297202,,0.0965714285714,baseline,linear,FE,6000,2000,100,20,13,0,14,1,random,mean,250
2026090701,3500,250,0.840104166667,1.84822916667,0.0282275314367,,0.0948571428571,baseline,linear,FE,6000,2000,100,20,13,0,14,1,random,mean,250
2026090702,3500,250,0.643597916667,1.41591541667,0.0524413583666,,0.191714285714,baseline,linear,FE,6000,2000,100,20,13,0,14,1,random,mean,250
2026090703,3500,250,0.58569375,1.28852625,0.0215818930411,,0.145142857143,baseline,linear,FE,6000,2000,100,20,13,0,14,1,random,mean,250
2026090704,3500,250,0.5651875,1.2434125,0.04929642047,,0.191428571429,baseline,linear,FE,6000,2000,100,20,13,0,14,1,random,mean,250
2026090705,3500,250,0.642154166667,1.41273916667,0.0435178932483,,0.201714285714,baseline,linear,FE,6000,2000,100,20,13,0,14,1,random,mean,250
2026090706,3500,250,0.6291125,1.3840475,0.0420187438248,,0.088,baseline,linear,FE,6000,2000,100,20,13,0,14,1,random,mean,250
2026090707,3500,250,0.576485416667,1.26826791667,0.0427443301298,,0.142571428571,baseline,linear,FE,6000,2000,100,20,13,0,14,1,random,mean,250
2026090708,3500,250,0.645152083333,1.41933458333,0.0441629248641,,0.133428571429,baseline,linear,FE,6000,2000,100,20,13,0,14,1,random,mean,250
2026090709,3500,250,0.667708333333,1.46895833333,0.0329964896312,,0.127142857143,baseline,linear,FE,6000,2000,100,20,13,0,14,1,random,mean,250
2026090710,3500,250,0.529395833333,1.16467083333,0.0548695108676,,0.0951428571429,baseline,linear,FE,6000,2000,100,20,13,0,14,1,random,mean,250
2026090711,3500,250,0.587520833333,1.29254583333,0.0500681987622,,0.178857142857,baseline,linear,FE,6000,2000,100,20,13,0,14,1,random,mean,250
2026090712,3500,250,0.573516666667,1.26173666667,0.0535979856786,,0.144285714286,baseline,linear,FE,6000,2000,100,20,13,0,14,1,random,mean,250
2026090713,3500,250,0.828658333333,1.82304833333,0.0093016878082,,0.167142857143,baseline,linear,FE,6000,2000,100,20,13,0,14,1,random,mean,250
2026090714,3500,250,0.50795,1.11749,0.0602804206076,,0.161714285714,baseline,linear,FE,6000,2000,100,20,13,0,14,1,random,mean,250
2026090715,3500,250,0.79878125,1.75731875,0.0241988869428,,0.0931428571429,baseline,linear,FE,6000,2000,100,20,13,0,14,1,random,mean,250
2026090716,3500,250,0.6044,1.32968,0.0475073268788,,0.126,baseline,linear,FE,6000,2000,100,20,13,0,14,1,random,mean,250
2026090717,3500,250,0.619533333333,1.36297333333,0.0424985631169,,0.174571428571,baseline,linear,FE,6000,2000,100,20,13,0,14,1,random,mean,250
2026090718,3500,250,0.693320833333,1.52530583333,0.0357860992933,,0.155714285714,baseline,linear,FE,6000,2000,100,20,13,0,14,1,random,mean,250
2026090719,3500,250,0.532595833333,1.17171083333,0.0233923390919,,0.122857142857,baseline,linear,FE,6000,2000,100,20,13,0,14,1,random,mean,250
2026090720,3500,250,0.7796875,1.7153125,0.0302202935637,,0.0871428571429,baseline,linear,FE,6000,2000,100,20,13,0,14,1,random,mean,250
2026090721,3500,250,0.809097916667,1.78001541667,0.0223649074948,,0.175714285714,baseline,linear,FE,6000,2000,100,20,13,0,14,1,random,mean,250
2026090722,3500,250,0.662522916667,1.45755041667,0.051144678184,,0.144857142857,baseline,linear,FE,6000,2000,100,20,13,0,14,1,random,mean,250
2026090723,3500,250,0.610897916667,1.34397541667,0.0483983672107,,0.165428571429,baseline,linear,FE,6000,2000,100,20,13,0,14,1,random,mean,250
2026090724,3500,250,0.593485416667,1.30566791667,0.0518364991269,,0.135714285714,baseline,linear,FE,6000,2000,100,20,13,0,14,1,random,mean,250
2026090725,3500,250,0.849914583333,1.86981208333,0.0178135570354,,0.126571428571,baseline,linear,FE,6000,2000,100,20,13,0,14,1,random,mean,250
2026090726,3500,250,0.875,1.925,0.0137143870958,,0.0791428571429,baseline,linear,FE,6000,2000,100,20,13,0,14,1,random,mean,250
2026090727,3500,250,0.771875,1.698125,0.0137592936424,,0.0788571428571,baseline,linear,FE,6000,2000,100,20,13,0,14,1,random,mean,250
2026090728,3500,250,0.721045833333,1.58630083333,0.0402070448121,,0.178285714286,baseline,linear,FE,6000,2000,100,20,13,0,14,1,random,mean,250
2026090729,3500,250,0.759895833333,1.67177083333,0.0347603604882,,0.140857142857,baseline,linear,FE,6000,2000,100,20,13,0,14,1,random,mean,250
2026090730,3500,250,0.880966666667,1.93812666667,0.00835928816729,,0.0565714285714,baseline,linear,FE,6000,2000,100,20,13,0,14,1,random,mean,250
2026090731,3500,250,0.670835416667,1.47583791667,0.0337368252989,,0.108285714286,baseline,linear,FE,6000,2000,100,20,13,0,14,1,random,mean,250
2026090700,3750,250,0.516204166667,1.13564916667,0.0600443808455,,0.1088,baseline,linear,FE,6000,2000,100,20,13,0,14,1,random,mean,250
2026090701,3750,250,0.840104166667,1.84822916667,0.0282275314367,,0.0885333333333,baseline,linear,FE,6000,2000,100,20,13,0,14,1,random,mean,250
2026090702,3750,250,0.587375,1.292225,0.0537886470378,,0.194666666667,baseline,linear,FE,6000,2000,100,20,13,0,14,1,random,mean,250
2026090703,3750,250,0.618489583333,1.36067708333,0.0212312004951,,0.138933333333,baseline,linear,FE,6000,2000,100,20,13,0,14,1,random,mean,250
2026090704,3750,250,0.5848,1.28656,0.0416755343477,,0.190666666667,baseline,linear,FE,6000,2000,100,20,13,0,14,1,random,mean,250
2026090705,3750,250,0.793425,1.745535,0.0348296215521,,0.188533333333,baseline,linear,FE,6000,2000,100,20,13,0,14,1,random,mean,250
2026090706,3750,250,0.637929166667,1.40344416667,0.0438555924772,,0.0912,baseline,linear,FE,6000,2000,100,20,13,0,14,1,random,mean,250
2026090707,3750,250,0.6292625,1.3843775,0.05080767905,,0.145066666667,baseline,linear,FE,6000,2000,100,20,13,0,14,1,random,mean,250
2026090708,3750,250,0.506116666667,1.11345666667,0.0633107265172,,0.142666666667,baseline,linear,FE,6000,2000,100,20,13,0,14,1,random,mean,250
2026090709,3750,250,0.6771375,1.4897025,0.0311772862823,,0.118933333333,baseline,linear,FE,6000,2000,100,20,13,0,14,1,random,mean,250
2026090710,3750,250,0.549352083333,1.20857458333,0.0571464780264,,0.1032,baseline,linear,FE,6000,2000,100,20,13,0,14,1,random,mean,250
2026090711,3750,250,0.61816875,1.35997125,0.0508535293423,,0.177866666667,baseline,linear,FE,6000,2000,100,20,13,0,14,1,random,mean,250
2026090712,3750,250,0.494485416667,1.08786791667,0.0565107376309,,0.146933333333,baseline,linear,FE,6000,2000,100,20,13,0,14,1,random,mean,250
2026090713,3750,250,0.80269375,1.76592625,0.0136725016827,,0.157333333333,baseline,linear,FE,6000,2000,100,20,13,0,14,1,random,mean,250
2026090714,3750,250,0.517552083333,1.13861458333,0.0539230705418,,0.171733333333,baseline,linear,FE,6000,2000,100,20,13,0,14,1,random,mean,250
2026090715,3750,250,0.572891666667,1.26036166667,0.0551073691467,,0.0992,baseline,linear,FE,6000,2000,100,20,13,0,14,1,random,mean,250
2026090716,3750,250,0.639827083333,1.40761958333,0.0501994714171,,0.122666666667,baseline,linear,FE,6000,2000,100,20,13,0,14,1,random,mean,250
2026090717,3750,250,0.667320833333,1.46810583333,0.0378831735576,,0.167733333333,baseline,linear,FE,6000,2000,100,20,13,0,14,1,random,mean,250
2026090718,3750,250,0.67913125,1.49408875,0.0378951904731,,0.1504,baseline,linear,FE,6000,2000,100,20,13,0,14,1,random,mean,250
2026090719,3750,250,0.49146875,1.08123125,0.0565920929459,,0.133066666667,baseline,linear,FE,6000,2000,100,20,13,0,14,1,random,mean,250
2026090720,3750,250,0.7796875,1.7153125,0.0302202935637,,0.0813333333333,baseline,linear,FE,6000,2000,100,20,13,0,14,1,random,mean,250
2026090721,3750,250,0.7629,1.67838,0.0275767161519,,0.1656,baseline,linear,FE,6000,2000,100,20,13,0,14,1,random,mean,250
2026090722,3750,250,0.591170833333,1.30057583333,0.0517798205275,,0.1432,baseline,linear,FE,6000,2000,100,20,13,0,14,1,random,mean,250
2026090723,3750,250,0.643289583333,1.41523708333,0.0504299898627,,0.160533333333,baseline,linear,FE,6000,2000,100,20,13,0,14,1,random,mean,250
2026090724,3750,250,0.694791666667,1.52854166667,0.0450337294798,,0.126666666667,baseline,linear,FE,6000,2000,100,20,13,0,14,1,random,mean,250
2026090725,3750,250,0.852083333333,1.87458333333,0.0172210251917,,0.118133333333,baseline,linear,FE,6000,2000,100,20,13,0,14,1,random,mean,250
2026090726,3750,250,0.875335416667,1.92573791667,0.0135967514248,,0.0741333333333,baseline,linear,FE,6000,2000,100,20,13,0,14,1,random,mean,250
2026090727,3750,250,0.771875,1.698125,0.0137592936424,,0.0736,baseline,linear,FE,6000,2000,100,20,13,0,14,1,random,mean,250
2026090728,3750,250,0.730177083333,1.60638958333,0.0485348204517,,0.166666666667,baseline,linear,FE,6000,2000,100,20,13,0,14,1,random,mean,250
2026090729,3750,250,0.759895833333,1.67177083333,0.0347603604882,,0.131466666667,baseline,linear,FE,6000,2000,100,20,13,0,14,1,random,mean,250
2026090730,3750,250,0.883854166667,1.94447916667,0.00809569528465,,0.0528,baseline,linear,FE,6000,2000,100,20,13,0,14,1,random,mean,250
2026090731,3750,250,0.657133333333,1.44569333333,0.0297658684054,,0.108533333333,baseline,linear,FE,6000,2000,100,20,13,0,14,1,random,mean,250
2026090700,4000,250,0.528302083333,1.16226458333,0.0527644911296,,0.11875,baseline,linear,FE,6000,2000,100,20,13,0,14,1,random,mean,250
2026090701,4000,250,0.840104166667,1.84822916667,0.0282275314367,,0.08325,baseline,linear,FE,6000,2000,100,20,13,0,14,1,random,mean,250
2026090702,4000,250,0.570164583333,1.25436208333,0.0492017319708,,0.19875,baseline,linear,FE,6000,2000,100,20,13,0,14,1,random,mean,250
2026090703,4000,250,0.565658333333,1.24444833333,0.0546998170095,,0.14725,baseline,linear,FE,6000,2000,100,20,13,0,14,1,random,mean,250
2026090704,4000,250,0.490045833333,1.07810083333,0.0603285039144,,0.19075,baseline,linear,FE,6000,2000,100,20,13,0,14,1,random,mean,250
2026090705,4000,250,0.785166666667,1.72736666667,0.0345673684095,,0.17725,baseline,linear,FE,6000,2000,100,20,13,0,14,1,random,mean,250
2026090706,4000,250,0.5686625,1.2510575,0.0522659455132,,0.10075,baseline,linear,FE,6000,2000,100,20,13,0,14,1,random,mean,250
2026090707,4000,250,0.503577083333,1.10786958333,0.0576596528663,,0.15325,baseline,linear,FE,6000,2000,100,20,13,0,14,1,random,mean,250
2026090708,4000,250,0.499166666667,1.09816666667,0.0571919047595,,0.15125,baseline,linear,FE,6000,2000,100,20,13,0,14,1,random,mean,250
2026090709,4000,250,0.687679166667,1.51289416667,0.0305364957213,,0.11475,baseline,linear,FE,6000,2000,100,20,13,0,14,1,random,mean,250
2026090710,4000,250,0.5801,1.27622,0.0535910781987,,0.1155,baseline,linear,FE,6000,2000,100,20,13,0,14,1,random,mean,250
2026090711,4000,250,0.69583125,1.53082875,0.0373791164213,,0.1695,baseline,linear,FE,6000,2000,100,20,13,0,14,1,random,mean,250
2026090712,4000,250,0.611147916667,1.34452541667,0.0460874657319,,0.1495,baseline,linear,FE,6000,2000,100,20,13,0,14,1,random,mean,250
2026090713,4000,250,0.8372375,1.8419225,0.00480841909673,,0.14825,baseline,linear,FE,6000,2000,100,20,13,0,14,1,random,mean,250
2026090714,4000,250,0.55285625,1.21628375,0.0491839740781,,0.17875,baseline,linear,FE,6000,2000,100,20,13,0,14,1,random,mean,250
2026090715,4000,250,0.623377083333,1.37142958333,0.0424727454778,,0.09825,baseline,linear,FE,6000,2000,100,20,13,0,14,1,random,mean,250
2026090716,4000,250,0.59996875,1.31993125,0.0508093620935,,0.127,baseline,linear,FE,6000,2000,100,20,13,0,14,1,random,mean,250
2026090717,4000,250,0.573872916667,1.26252041667,0.0513226342361,,0.16975,baseline,linear,FE,6000,2000,100,20,13,0,14,1,random,mean,250
2026090718,4000,250,0.587970833333,1.29353583333,0.0512383618742,,0.14675,baseline,linear,FE,6000,2000,100,20,13,0,14,1,random,mean,250
2026090719,4000,250,0.558866666667,1.22950666667,0.0561146480246,,0.13925,baseline,linear,FE,6000,2000,100,20,13,0,14,1,random,mean,250
2026090720,4000,250,0.7796875,1.7153125,0.0302202935637,,0.07625,baseline,linear,FE,6000,2000,100,20,13,0,14,1,random,mean,250
2026090721,4000,250,0.766675,1.686685,0.0314033346577,,0.15625,baseline,linear,FE,6000,2000,100,20,13,0,14,1,random,mean,250
2026090722,4000,250,0.568939583333,1.25166708333,0.0521159555359,,0.1495,baseline,linear,FE,6000,2000,100,20,13,0,14,1,random,mean,250
2026090723,4000,250,0.623283333333,1.37122333333,0.0453705968902,,0.16075,baseline,linear,FE,6000,2000,100,20,13,0,14,1,random,mean,250
2026090724,4000,250,0.694791666667,1.52854166667,0.0450337294798,,0.11875,baseline,linear,FE,6000,2000,100,20,13,0,14,1,random,mean,250
2026090725,4000,250,0.847733333333,1.86501333333,0.0183006672554,,0.111,baseline,linear,FE,6000,2000,100,20,13,0,14,1,random,mean,250
2026090726,4000,250,0.875520833333,1.92614583333,0.0135317230104,,0.06975,baseline,linear,FE,6000,2000,100,20,13,0,14,1,random,mean,250
2026090727,4000,250,0.779216666667,1.71427666667,0.0145039094062,,0.0695,baseline,linear,FE,6000,2000,100,20,13,0,14,1,random,mean,250
2026090728,4000,250,0.56385,1.24047,0.045501679462,,0.16525,baseline,linear,FE,6000,2000,100,20,13,0,14,1,random,mean,250
2026090729,4000,250,0.759895833333,1.67177083333,0.0347603604882,,0.12325,baseline,linear,FE,6000,2000,100,20,13,0,14,1,random,mean,250
2026090730,4000,250,0.877389583333,1.93025708333,0.00647674355171,,0.05025,baseline,linear,FE,6000,2000,100,20,13,0,14,1,random,mean,250
2026090731,4000,250,0.486991666667,1.07138166667,0.056890728727,,0.121,baseline,linear,FE,6000,2000,100,20,13,0,14,1,random,mean,250
2026090700,4250,250,0.569729166667,1.25340416667,0.0500319416074,,0.126823529412,baseline,linear,FE,6000,2000,100,20,13,0,14,1,random,mean,250
2026090701,4250,250,0.828072916667,1.82176041667,0.0265989861814,,0.0785882352941,baseline,linear,FE,6000,2000,100,20,13,0,14,1,random,mean,250
2026090702,4250,250,0.557766666667,1.22708666667,0.0522249820323,,0.201411764706,baseline,linear,FE,6000,2000,100,20,13,0,14,1,random,mean,250
2026090703,4250,250,0.548085416667,1.20578791667,0.0545676821618,,0.150352941176,baseline,linear,FE,6000,2000,100,20,13,0,14,1,random,mean,250
2026090704,4250,250,0.753985416667,1.65876791667,0.028925756534,,0.180941176471,baseline,linear,FE,6000,2000,100,20,13,0,14,1,random,mean,250
2026090705,4250,250,0.567785416667,1.24912791667,0.0497190575519,,0.178352941176,baseline,linear,FE,6000,2000,100,20,13,0,14,1,random,mean,250
2026090706,4250,250,0.684091666667,1.50500166667,0.0396164764044,,0.1,baseline,linear,FE,6000,2000,100,20,13,0,14,1,random,mean,250
2026090707,4250,250,0.621922916667,1.36823041667,0.0410131349556,,0.152705882353,baseline,linear,FE,6000,2000,100,20,13,0,14,1,random,mean,250
2026090708,4250,250,0.552860416667,1.21629291667,0.0556377101788,,0.154588235294,baseline,linear,FE,6000,2000,100,20,13,0,14,1,random,mean,250
2026090709,4250,250,0.624183333333,1.37320333333,0.0411522864097,,0.116705882353,baseline,linear,FE,6000,2000,100,20,13,0,14,1,random,mean,250
2026090710,4250,250,0.563585416667,1.23988791667,0.0448328461921,,0.115294117647,baseline,linear,FE,6000,2000,100,20,13,0,14,1,random,mean,250
2026090711,4250,250,0.595533333333,1.31017333333,0.0486772857315,,0.170117647059,baseline,linear,FE,6000,2000,100,20,13,0,14,1,random,mean,250
2026090712,4250,250,0.7366,1.62052,0.0223542404647,,0.141176470588,baseline,linear,FE,6000,2000,100,20,13,0,14,1,random,mean,250
2026090713,4250,250,0.829341666667,1.82455166667,0.00629307938316,,0.140705882353,baseline,linear,FE,6000,2000,100,20,13,0,14,1,random,mean,250
2026090714,4250,250,0.497014583333,1.09343208333,0.0624788540948,,0.184470588235,baseline,linear,FE,6000,2000,100,20,13,0,14,1,random,mean,250
2026090715,4250,250,0.70545,1.55199,0.0289902704293,,0.0929411764706,baseline,linear,FE,6000,2000,100,20,13,0,14,1,random,mean,250
2026090716,4250,250,0.7176625,1.5788575,0.032583794562,,0.120470588235,baseline,linear,FE,6000,2000,100,20,13,0,14,1,random,mean,250
2026090717,4250,250,0.528291666667,1.16224166667,0.0604762323565,,0.178352941176,baseline,linear,FE,6000,2000,100,20,13,0,14,1,random,mean,250
2026090718,4250,250,0.624479166667,1.37385416667,0.049310082999,,0.138117647059,baseline,linear,FE,6000,2000,100,20,13,0,14,1,random,mean,250
2026090719,4250,250,0.494202083333,1.08724458333,0.0606888213002,,0.151294117647,baseline,linear,FE,6000,2000,100,20,13,0,14,1,random,mean,250
2026090720,4250,250,0.7796875,1.7153125,0.0302202935637,,0.0717647058824,baseline,linear,FE,6000,2000,100,20,13,0,14,1,random,mean,250
2026090721,4250,250,0.518395833333,1.14047083333,0.0581693688663,,0.163529411765,baseline,linear,FE,6000,2000,100,20,13,0,14,1,random,mean,250
2026090722,4250,250,0.573597916667,1.26191541667,0.0480120139833,,0.154588235294,baseline,linear,FE,6000,2000,100,20,13,0,14,1,random,mean,250
2026090723,4250,250,0.511,1.1242,0.0575068032954,,0.169176470588,baseline,linear,FE,6000,2000,100,20,13,0,14,1,random,mean,250
2026090724,4250,250,0.694791666667,1.52854166667,0.0450337294798,,0.111764705882,baseline,linear,FE,6000,2000,100,20,13,0,14,1,random,mean,250
2026090725,4250,250,0.827364583333,1.82020208333,0.0171039630241,,0.104705882353,baseline,linear,FE,6000,2000,100,20,13,0,14,1,random,mean,250
2026090726,4250,250,0.875520833333,1.92614583333,0.0135317230104,,0.0656470588235,baseline,linear,FE,6000,2000,100,20,13,0,14,1,random,mean,250
2026090727,4250,250,0.757291666667,1.66604166667,0.0165363472088,,0.0654117647059,baseline,linear,FE,6000,2000,100,20,13,0,14,1,random,mean,250
2026090728,4250,250,0.522079166667,1.14857416667,0.0561721942992,,0.171764705882,baseline,linear,FE,6000,2000,100,20,13,0,14,1,random,mean,250
2026090729,4250,250,0.759895833333,1.67177083333,0.0347603604882,,0.116,baseline,linear,FE,6000,2000,100,20,13,0,14,1,random,mean,250
2026090730,4250,250,0.87320625,1.92105375,0.0129618321527,,0.0484705882353,baseline,linear,FE,6000,2000,100,20,13,0,14,1,random,mean,250
2026090731,4250,250,0.539020833333,1.18584583333,0.0558833222219,,0.125647058824,baseline,linear,FE,6000,2000,100,20,13,0,14,1,random,mean,250
2026090700,4500,250,0.675516666667,1.48613666667,0.0360060970197,,0.125111111111,baseline,linear,FE,6000,2000,100,20,13,0,14,1,random,mean,250
2026090701,4500,250,0.811458333333,1.78520833333,0.0243500427335,,0.0742222222222,baseline,linear,FE,6000,2000,100,20,13,0,14,1,random,mean,250
2026090702,4500,250,0.6870625,1.5115375,0.0366606949146,,0.191777777778,baseline,linear,FE,6000,2000,100,20,13,0,14,1,random,mean,250
2026090703,4500,250,0.70244375,1.54537625,0.0315639973345,,0.144,baseline,linear,FE,6000,2000,100,20,13,0,14,1,random,mean,250
2026090704,4500,250,0.726054166667,1.59731916667,0.0318376345021,,0.174222222222,baseline,linear,FE,6000,2000,100,20,13,0,14,1,random,mean,250
2026090705,4500,250,0.570558333333,1.25522833333,0.0490814417975,,0.175333333333,baseline,linear,FE,6000,2000,100,20,13,0,14,1,random,mean,250
2026090706,4500,250,0.779589583333,1.71509708333,0.0221622035895,,0.0953333333333,baseline,linear,FE,6000,2000,100,20,13,0,14,1,random,mean,250
2026090707,4500,250,0.67851875,1.49274125,0.0407002279306,,0.150222222222,baseline,linear,FE,6000,2000,100,20,13,0,14,1,random,mean,250
2026090708,4500,250,0.716172916667,1.57558041667,0.0285188772003,,0.146444444444,baseline,linear,FE,6000,2000,100,20,13,0,14,1,random,mean,250
2026090709,4500,250,0.4940625,1.0869375,0.0585732863809,,0.126,baseline,linear,FE,6000,2000,100,20,13,0,14,1,random,mean,250
2026090710,4500,250,0.56669375,1.24672625,0.0464467587543,,0.12,baseline,linear,FE,6000,2000,100,20,13,0,14,1,random,mean,250
2026090711,4500,250,0.498685416667,1.09710791667,0.0597410893506,,0.178666666667,baseline,linear,FE,6000,2000,100,20,13,0,14,1,random,mean,250
2026090712,4500,250,0.604072916667,1.32896041667,0.0398398732362,,0.139777777778,baseline,linear,FE,6000,2000,100,20,13,0,14,1,random,mean,250
2026090713,4500,250,0.811027083333,1.78425958333,0.0133503135921,,0.133555555556,baseline,linear,FE,6000,2000,100,20,13,0,14,1,random,mean,250
2026090714,4500,250,0.59635625,1.31198375,0.0465222831208,,0.185333333333,baseline,linear,FE,6000,2000,100,20,13,0,14,1,random,mean,250
2026090715,4500,250,0.732058333333,1.61052833333,0.0232900901727,,0.0891111111111,baseline,linear,FE,6000,2000,100,20,13,0,14,1,random,mean,250
2026090716,4500,250,0.7303,1.60666,0.0351054956963,,0.119333333333,baseline,linear,FE,6000,2000,100,20,13,0,14,1,random,mean,250
2026090717,4500,250,0.761716666667,1.67577666667,0.022498461329,,0.168888888889,baseline,linear,FE,6000,2000,100,20,13,0,14,1,random,mean,250
2026090718,4500,250,0.624479166667,1.37385416667,0.049310082999,,0.130444444444,baseline,linear,FE,6000,2000,100,20,13,0,14,1,random,mean,250
2026090719,4500,250,0.518322916667,1.14031041667,0.0599013814438,,0.159333333333,baseline,linear,FE,6000,2000,100,20,13,0,14,1,random,mean,250
2026090720,4500,250,0.7796875,1.7153125,0.0302202935637,,0.0677777777778,baseline,linear,FE,6000,2000,100,20,13,0,14,1,random,mean,250
2026090721,4500,250,0.591714583333,1.30177208333,0.0232211194545,,0.158,baseline,linear,FE,6000,2000,100,20,13,0,14,1,random,mean,250
2026090722,4500,250,0.52391875,1.15262125,0.0547749244728,,0.158222222222,baseline,linear,FE,6000,2000,100,20,13,0,14,1,random,mean,250
2026090723,4500,250,0.647445833333,1.42438083333,0.0368930986738,,0.166888888889,baseline,linear,FE,6000,2000,100,20,13,0,14,1,random,mean,250
2026090724,4500,250,0.694791666667,1.52854166667,0.0450337294798,,0.105555555556,baseline,linear,FE,6000,2000,100,20,13,0,14,1,random,mean,250
2026090725,4500,250,0.800585416667,1.76128791667,0.0178012236302,,0.101333333333,baseline,linear,FE,6000,2000,100,20,13,0,14,1,random,mean,250
2026090726,4500,250,0.880245833333,1.93654083333,0.0148411735447,,0.0622222222222,baseline,linear,FE,6000,2000,100,20,13,0,14,1,random,mean,250
2026090727,4500,250,0.757291666667,1.66604166667,0.0165363472088,,0.0617777777778,baseline,linear,FE,6000,2000,100,20,13,0,14,1,random,mean,250
2026090728,4500,250,0.531264583333,1.16878208333,0.0534311678559,,0.177333333333,baseline,linear,FE,6000,2000,100,20,13,0,14,1,random,mean,250
2026090729,4500,250,0.759895833333,1.67177083333,0.0347603604882,,0.109555555556,baseline,linear,FE,6000,2000,100,20,13,0,14,1,random,mean,250
2026090730,4500,250,0.854166666667,1.87916666667,0.0219833039297,,0.0457777777778,baseline,linear,FE,6000,2000,100,20,13,0,14,1,random,mean,250
2026090731,4500,250,0.625652083333,1.37643458333,0.0421981762611,,0.119111111111,baseline,linear,FE,6000,2000,100,20,13,0,14,1,random,mean,250
2026090700,4750,250,0.7306125,1.6073475,0.0313157434206,,0.118947368421,baseline,linear,FE,6000,2000,100,20,13,0,14,1,random,mean,250
2026090701,4750,250,0.811458333333,1.78520833333,0.0243500427335,,0.0703157894737,baseline,linear,FE,6000,2000,100,20,13,0,14,1,random,mean,250
2026090702,4750,250,0.750854166667,1.65187916667,0.0174413714451,,0.182105263158,baseline,linear,FE,6000,2000,100,20,13,0,14,1,random,mean,250
2026090703,4750,250,0.688095833333,1.51381083333,0.0258702749877,,0.137052631579,baseline,linear,FE,6000,2000,100,20,13,0,14,1,random,mean,250
2026090704,4750,250,0.5186625,1.1410575,0.0554797795295,,0.179368421053,baseline,linear,FE,6000,2000,100,20,13,0,14,1,random,mean,250
2026090705,4750,250,0.502247916667,1.10494541667,0.0562140494707,,0.177473684211,baseline,linear,FE,6000,2000,100,20,13,0,14,1,random,mean,250
2026090706,4750,250,0.728116666667,1.60185666667,0.0328500460143,,0.0947368421053,baseline,linear,FE,6000,2000,100,20,13,0,14,1,random,mean,250
2026090707,4750,250,0.818797916667,1.80135541667,0.0210082814607,,0.142526315789,baseline,linear,FE,6000,2000,100,20,13,0,14,1,random,mean,250
2026090708,4750,250,0.732058333333,1.61052833333,0.0288761787097,,0.139578947368,baseline,linear,FE,6000,2000,100,20,13,0,14,1,random,mean,250
2026090709,4750,250,0.49974375,1.09943625,0.0547674080904,,0.129894736842,baseline,linear,FE,6000,2000,100,20,13,0,14,1,random,mean,250
2026090710,4750,250,0.48623125,1.06970875,0.0616564836338,,0.130947368421,baseline,linear,FE,6000,2000,100,20,13,0,14,1,random,mean,250
2026090711,4750,250,0.49231875,1.08310125,0.0578551733271,,0.183157894737,baseline,linear,FE,6000,2000,100,20,13,0,14,1,random,mean,250
2026090712,4750,250,0.5718,1.25796,0.0552559654048,,0.151789473684,baseline,linear,FE,6000,2000,100,20,13,0,14,1,random,mean,250
2026090713,4750,250,0.807983333333,1.77756333333,0.00998647090235,,0.126947368421,baseline,linear,FE,6000,2000,100,20,13,0,14,1,random,mean,250
2026090714,4750,250,0.574475,1.263845,0.0488076528801,,0.181684210526,baseline,linear,FE,6000,2000,100,20,13,0,14,1,random,mean,250
2026090715,4750,250,0.566585416667,1.24648791667,0.046484767844,,0.0951578947368,baseline,linear,FE,6000,2000,100,20,13,0,14,1,random,mean,250
2026090716,4750,250,0.838020833333,1.84364583333,0.0229963425551,,0.113052631579,baseline,linear,FE,6000,2000,100,20,13,0,14,1,random,mean,250
2026090717,4750,250,0.775520833333,1.70614583333,0.0174965937098,,0.16,baseline,linear,FE,6000,2000,100,20,13,0,14,1,random,mean,250
2026090718,4750,250,0.6184125,1.3605075,0.0487950122475,,0.123789473684,baseline,linear,FE,6000,2000,100,20,13,0,14,1,random,mean,250
2026090719,4750,250,0.584739583333,1.28642708333,0.0537921038294,,0.160421052632,baseline,linear,FE,6000,2000,100,20,13,0,14,1,random,mean,250
2026090720,4750,250,0.7796875,1.7153125,0.0302202935637,,0.0642105263158,baseline,linear,FE,6000,2000,100,20,13,0,14,1,random,mean,250
2026090721,4750,250,0.584954166667,1.28689916667,0.0480867030112,,0.161894736842,baseline,linear,FE,6000,2000,100,20,13,0,14,1,random,mean,250
2026090722,4750,250,0.672075,1.478565,0.0328438890348,,0.156631578947,baseline,linear,FE,6000,2000,100,20,13,0,14,1,random,mean,250
2026090723,4750,250,0.726258333333,1.59776833333,0.0265074206302,,0.161473684211,baseline,linear,FE,6000,2000,100,20,13,0,14,1,random,mean,250
2026090724,4750,250,0.694791666667,1.52854166667,0.0450337294798,,0.1,baseline,linear,FE,6000,2000,100,20,13,0,14,1,random,mean,250
2026090725,4750,250,0.53525,1.17755,0.0556756736629,,0.108631578947,baseline,linear,FE,6000,2000,100,20,13,0,14,1,random,mean,250
2026090726,4750,250,0.884895833333,1.94677083333,0.0161298391498,,0.0589473684211,baseline,linear,FE,6000,2000,100,20,13,0,14,1,random,mean,250
2026090727,4750,250,0.734645833333,1.61622083333,0.024194542936,,0.0593684210526,baseline,linear,FE,6000,2000,100,20,13,0,14,1,random,mean,250
2026090728,4750,250,0.530302083333,1.16666458333,0.0523644445505,,0.174526315789,baseline,linear,FE,6000,2000,100,20,13,0,14,1,random,mean,250
2026090729,4750,250,0.759895833333,1.67177083333,0.0347603604882,,0.103789473684,baseline,linear,FE,6000,2000,100,20,13,0,14,1,random,mean,250
2026090730,4750,250,0.854166666667,1.87916666667,0.0219833039297,,0.0433684210526,baseline,linear,FE,6000,2000,100,20,13,0,14,1,random,mean,250
2026090731,4750,250,0.520410416667,1.14490291667,0.0544440849625,,0.127789473684,baseline,linear,FE,6000,2000,100,20,13,0,14,1,random,mean,250
2026090700,5000,250,0.659689583333,1.45131708333,0.0412144683466,,0.121,baseline,linear,FE,6000,2000,100,20,13,0,14,1,random,mean,250
2026090701,5000,250,0.814739583333,1.79242708333,0.0251390285758,,0.067,baseline,linear,FE,6000,2000,100,20,13,0,14,1,random,mean,250
2026090702,5000,250,0.664014583333,1.46083208333,0.0372798323455,,0.181,baseline,linear,FE,6000,2000,100,20,13,0,14,1,random,mean,250
2026090703,5000,250,0.672577083333,1.47966958333,0.0254172169935,,0.133,baseline,linear,FE,6000,2000,100,20,13,0,14,1,random,mean,250
2026090704,5000,250,0.492410416667,1.08330291667,0.0604317116868,,0.1822,baseline,linear,FE,6000,2000,100,20,13,0,14,1,random,mean,250
2026090705,5000,250,0.609422916667,1.34073041667,0.0422291666945,,0.1744,baseline,linear,FE,6000,2000,100,20,13,0,14,1,random,mean,250
2026090706,5000,250,0.64043125,1.40894875,0.0410244256115,,0.0986,baseline,linear,FE,6000,2000,100,20,13,0,14,1,random,mean,250
2026090707,5000,250,0.760777083333,1.67370958333,0.0215903878277,,0.1358,baseline,linear,FE,6000,2000,100,20,13,0,14,1,random,mean,250
2026090708,5000,250,0.74176875,1.63189125,0.033706755173,,0.133,baseline,linear,FE,6000,2000,100,20,13,0,14,1,random,mean,250
2026090709,5000,250,0.534595833333,1.17611083333,0.0563372879711,,0.135,baseline,linear,FE,6000,2000,100,20,13,0,14,1,random,mean,250
2026090710,5000,250,0.623947916667,1.37268541667,0.051349355167,,0.1352,baseline,linear,FE,6000,2000,100,20,13,0,14,1,random,mean,250
2026090711,5000,250,0.6026625,1.3258575,0.0455303775927,,0.1814,baseline,linear,FE,6000,2000,100,20,13,0,14,1,random,mean,250
2026090712,5000,250,0.544345833333,1.19756083333,0.0562918436782,,0.154,baseline,linear,FE,6000,2000,100,20,13,0,14,1,random,mean,250
2026090713,5000,250,0.803125,1.766875,0.00865617893296,,0.1206,baseline,linear,FE,6000,2000,100,20,13,0,14,1,random,mean,250
2026090714,5000,250,0.54281875,1.19420125,0.0559079609773,,0.186,baseline,linear,FE,6000,2000,100,20,13,0,14,1,random,mean,250
2026090715,5000,250,0.64411875,1.41706125,0.0386061727438,,0.1014,baseline,linear,FE,6000,2000,100,20,13,0,14,1,random,mean,250
2026090716,5000,250,0.838304166667,1.84426916667,0.0210738089784,,0.1076,baseline,linear,FE,6000,2000,100,20,13,0,14,1,random,mean,250
2026090717,5000,250,0.776541666667,1.70839166667,0.0168151700074,,0.1522,baseline,linear,FE,6000,2000,100,20,13,0,14,1,random,mean,250
2026090718,5000,250,0.615129166667,1.35328416667,0.0493129909225,,0.1178,baseline,linear,FE,6000,2000,100,20,13,0,14,1,random,mean,250
2026090719,5000,250,0.738645833333,1.62502083333,0.0370029508535,,0.154,baseline,linear,FE,6000,2000,100,20,13,0,14,1,random,mean,250
2026090720,5000,250,0.7796875,1.7153125,0.0302202935637,,0.061,baseline,linear,FE,6000,2000,100,20,13,0,14,1,random,mean,250
2026090721,5000,250,0.522845833333,1.15026083333,0.0557399486168,,0.1662,baseline,linear,FE,6000,2000,100,20,13,0,14,1,random,mean,250
2026090722,5000,250,0.6352875,1.3976325,0.0346095384889,,0.1556,baseline,linear,FE,6000,2000,100,20,13,0,14,1,random,mean,250
2026090723,5000,250,0.5584125,1.2285075,0.0590878388512,,0.1648,baseline,linear,FE,6000,2000,100,20,13,0,14,1,random,mean,250
2026090724,5000,250,0.694791666667,1.52854166667,0.0450337294798,,0.095,baseline,linear,FE,6000,2000,100,20,13,0,14,1,random,mean,250
2026090725,5000,250,0.641158333333,1.41054833333,0.0315130021742,,0.1108,baseline,linear,FE,6000,2000,100,20,13,0,14,1,random,mean,250
2026090726,5000,250,0.884895833333,1.94677083333,0.0161298391498,,0.056,baseline,linear,FE,6000,2000,100,20,13,0,14,1,random,mean,250
2026090727,5000,250,0.737560416667,1.62263291667,0.0290205822213,,0.057,baseline,linear,FE,6000,2000,100,20,13,0,14,1,random,mean,250
2026090728,5000,250,0.500939583333,1.10206708333,0.0612118222275,,0.1804,baseline,linear,FE,6000,2000,100,20,13,0,14,1,random,mean,250
2026090729,5000,250,0.759895833333,1.67177083333,0.0347603604882,,0.0986,baseline,linear,FE,6000,2000,100,20,13,0,14,1,random,mean,250
2026090730,5000,250,0.854166666667,1.87916666667,0.0219833039297,,0.0412,baseline,linear,FE,6000,2000,100,20,13,0,14,1,random,mean,250
2026090731,5000,250,0.621654166667,1.36763916667,0.0427649483258,,0.1302,baseline,linear,FE,6000,2000,100,20,13,0,14,1,random,mean,250
2026090700,5250,250,0.548391666667,1.20646166667,0.0497555685687,,0.125142857143,baseline,linear,FE,6000,2000,100,20,13,0,14,1,random,mean,250
2026090701,5250,250,0.815104166667,1.79322916667,0.0252266936694,,0.0638095238095,baseline,linear,FE,6000,2000,100,20,13,0,14,1,random,mean,250
2026090702,5250,250,0.576727083333,1.26879958333,0.044128357547,,0.175619047619,baseline,linear,FE,6000,2000,100,20,13,0,14,1,random,mean,250
2026090703,5250,250,0.755852083333,1.66287458333,0.0241301135867,,0.126857142857,baseline,linear,FE,6000,2000,100,20,13,0,14,1,random,mean,250
2026090704,5250,250,0.695283333333,1.52962333333,0.0359870831178,,0.174476190476,baseline,linear,FE,6000,2000,100,20,13,0,14,1,random,mean,250
2026090705,5250,250,0.604760416667,1.33047291667,0.0370120420499,,0.172380952381,baseline,linear,FE,6000,2000,100,20,13,0,14,1,random,mean,250
2026090706,5250,250,0.660935416667,1.45405791667,0.0430358452701,,0.10019047619,baseline,linear,FE,6000,2000,100,20,13,0,14,1,random,mean,250
2026090707,5250,250,0.706291666667,1.55384166667,0.0262228893535,,0.129714285714,baseline,linear,FE,6000,2000,100,20,13,0,14,1,random,mean,250
2026090708,5250,250,0.533527083333,1.17375958333,0.0582772009776,,0.133142857143,baseline,linear,FE,6000,2000,100,20,13,0,14,1,random,mean,250
2026090709,5250,250,0.54716875,1.20377125,0.0555056709887,,0.140761904762,baseline,linear,FE,6000,2000,100,20,13,0,14,1,random,mean,250
2026090710,5250,250,0.61095625,1.34410375,0.0484052329206,,0.138285714286,baseline,linear,FE,6000,2000,100,20,13,0,14,1,random,mean,250
2026090711,5250,250,0.723858333333,1.59248833333,0.0409842001237,,0.175619047619,baseline,linear,FE,6000,2000,100,20,13,0,14,1,random,mean,250
2026090712,5250,250,0.577447916667,1.27038541667,0.0540123332737,,0.156,baseline,linear,FE,6000,2000,100,20,13,0,14,1,random,mean,250
2026090713,5250,250,0.821254166667,1.80675916667,0.00636724826391,,0.115428571429,baseline,linear,FE,6000,2000,100,20,13,0,14,1,random,mean,250
2026090714,5250,250,0.55189375,1.21416625,0.0567579449204,,0.191428571429,baseline,linear,FE,6000,2000,100,20,13,0,14,1,random,mean,250
2026090715,5250,250,0.596316666667,1.31189666667,0.0424037647464,,0.104952380952,baseline,linear,FE,6000,2000,100,20,13,0,14,1,random,mean,250
2026090716,5250,250,0.838541666667,1.84479166667,0.0194622734803,,0.102476190476,baseline,linear,FE,6000,2000,100,20,13,0,14,1,random,mean,250
2026090717,5250,250,0.742958333333,1.63450833333,0.0250824110149,,0.145142857143,baseline,linear,FE,6000,2000,100,20,13,0,14,1,random,mean,250
2026090718,5250,250,0.5350375,1.1770825,0.0589462669574,,0.113904761905,baseline,linear,FE,6000,2000,100,20,13,0,14,1,random,mean,250
2026090719,5250,250,0.578439583333,1.27256708333,0.0445492729528,,0.152952380952,baseline,linear,FE,6000,2000,100,20,13,0,14,1,random,mean,250
2026090720,5250,250,0.7796875,1.7153125,0.0302202935637,,0.0580952380952,baseline,linear,FE,6000,2000,100,20,13,0,14,1,random,mean,250
2026090721,5250,250,0.500520833333,1.10114583333,0.0600670265363,,0.172380952381,baseline,linear,FE,6000,2000,100,20,13,0,14,1,random,mean,250
2026090722,5250,250,0.562622916667,1.23777041667,0.05083575897,,0.157142857143,baseline,linear,FE,6000,2000,100,20,13,0,14,1,random,mean,250
2026090723,5250,250,0.519308333333,1.14247833333,0.054501965877,,0.168,baseline,linear,FE,6000,2000,100,20,13,0,14,1,random,mean,250
2026090724,5250,250,0.596439583333,1.31216708333,0.0459341057791,,0.0946666666667,baseline,linear,FE,6000,2000,100,20,13,0,14,1,random,mean,250
2026090725,5250,250,0.763454166667,1.67959916667,0.0291741475375,,0.106666666667,baseline,linear,FE,6000,2000,100,20,13,0,14,1,random,mean,250
2026090726,5250,250,0.884895833333,1.94677083333,0.0161298391498,,0.0533333333333,baseline,linear,FE,6000,2000,100,20,13,0,14,1,random,mean,250
2026090727,5250,250,0.766670833333,1.68667583333,0.0268012951591,,0.0546666666667,baseline,linear,FE,6000,2000,100,20,13,0,14,1,random,mean,250
2026090728,5250,250,0.555264583333,1.22158208333,0.0518590901733,,0.182666666667,baseline,linear,FE,6000,2000,100,20,13,0,14,1,random,mean,250
2026090729,5250,250,0.759895833333,1.67177083333,0.0347603604882,,0.0939047619048,baseline,linear,FE,6000,2000,100,20,13,0,14,1,random,mean,250
2026090730,5250,250,0.854166666667,1.87916666667,0.0219833039297,,0.0392380952381,baseline,linear,FE,6000,2000,100,20,13,0,14,1,random,mean,250
2026090731,5250,250,0.808316666667,1.77829666667,0.0330962065632,,0.124952380952,baseline,linear,FE,6000,2000,100,20,13,0,14,1,random,mean,250
2026090700,5500,250,0.528383333333,1.16244333333,0.0560969078691,,0.128,baseline,linear,FE,6000,2000,100,20,13,0,14,1,random,mean,250
2026090701,5500,250,0.815104166667,1.79322916667,0.0252266936694,,0.0609090909091,baseline,linear,FE,6000,2000,100,20,13,0,14,1,random,mean,250
2026090702,5500,250,0.661585416667,1.45548791667,0.038050895427,,0.169454545455,baseline,linear,FE,6000,2000,100,20,13,0,14,1,random,mean,250
2026090703,5500,250,0.770220833333,1.69448583333,0.0220916987378,,0.121454545455,baseline,linear,FE,6000,2000,100,20,13,0,14,1,random,mean,250
2026090704,5500,250,0.6272,1.37984,0.043842267747,,0.172363636364,baseline,linear,FE,6000,2000,100,20,13,0,14,1,random,mean,250
2026090705,5500,250,0.543347916667,1.19536541667,0.0518798712334,,0.177090909091,baseline,linear,FE,6000,2000,100,20,13,0,14,1,random,mean,250
2026090706,5500,250,0.49615,1.09153,0.0554843514026,,0.104909090909,baseline,linear,FE,6000,2000,100,20,13,0,14,1,random,mean,250
2026090707,5500,250,0.699875,1.539725,0.0232175884447,,0.125272727273,baseline,linear,FE,6000,2000,100,20,13,0,14,1,random,mean,250
2026090708,5500,250,0.571522916667,1.25735041667,0.0539489382868,,0.136,baseline,linear,FE,6000,2000,100,20,13,0,14,1,random,mean,250
2026090709,5500,250,0.572795833333,1.26015083333,0.0530875976775,,0.141090909091,baseline,linear,FE,6000,2000,100,20,13,0,14,1,random,mean,250
2026090710,5500,250,0.60876875,1.33929125,0.045299637546,,0.137818181818,baseline,linear,FE,6000,2000,100,20,13,0,14,1,random,mean,250
2026090711,5500,250,0.6707375,1.4756225,0.0373269675544,,0.170181818182,baseline,linear,FE,6000,2000,100,20,13,0,14,1,random,mean,250
2026090712,5500,250,0.59365625,1.30604375,0.0494780606523,,0.157818181818,baseline,linear,FE,6000,2000,100,20,13,0,14,1,random,mean,250
2026090713,5500,250,0.823979166667,1.81275416667,0.00822362428744,,0.110545454545,baseline,linear,FE,6000,2000,100,20,13,0,14,1,random,mean,250
2026090714,5500,250,0.715379166667,1.57383416667,0.0427674593773,,0.182909090909,baseline,linear,FE,6000,2000,100,20,13,0,14,1,random,mean,250
2026090715,5500,250,0.649364583333,1.42860208333,0.0371481819204,,0.108181818182,baseline,linear,FE,6000,2000,100,20,13,0,14,1,random,mean,250
2026090716,5500,250,0.838541666667,1.84479166667,0.0194622734803,,0.0978181818182,baseline,linear,FE,6000,2000,100,20,13,0,14,1,random,mean,250
2026090717,5500,250,0.741070833333,1.63035583333,0.0245545136265,,0.138909090909,baseline,linear,FE,6000,2000,100,20,13,0,14,1,random,mean,250
2026090718,5500,250,0.56355,1.23981,0.0536917162475,,0.117454545455,baseline,linear,FE,6000,2000,100,20,13,0,14,1,random,mean,250
2026090719,5500,250,0.55800625,1.22761375,0.0548697678858,,0.153818181818,baseline,linear,FE,6000,2000,100,20,13,0,14,1,random,mean,250
2026090720,5500,250,0.7796875,1.7153125,0.0302202935637,,0.0554545454545,baseline,linear,FE,6000,2000,100,20,13,0,14,1,random,mean,250
2026090721,5500,250,0.558895833333,1.22957083333,0.0487375877989,,0.174181818182,baseline,linear,FE,6000,2000,100,20,13,0,14,1,random,mean,250
2026090722,5500,250,0.57995625,1.27590375,0.0538144623431,,0.159272727273,baseline,linear,FE,6000,2000,100,20,13,0,14,1,random,mean,250
2026090723,5500,250,0.651570833333,1.43345583333,0.0422669354916,,0.164,baseline,linear,FE,6000,2000,100,20,13,0,14,1,random,mean,250
2026090724,5500,250,0.626077083333,1.37736958333,0.0415381345274,,0.0914545454545,baseline,linear,FE,6000,2000,100,20,13,0,14,1,random,mean,250
2026090725,5500,250,0.787064583333,1.73154208333,0.0214147395784,,0.102181818182,baseline,linear,FE,6000,2000,100,20,13,0,14,1,random,mean,250
2026090726,5500,250,0.884895833333,1.94677083333,0.0161298391498,,0.0509090909091,baseline,linear,FE,6000,2000,100,20,13,0,14,1,random,mean,250
2026090727,5500,250,0.729154166667,1.60413916667,0.0350733784349,,0.0545454545455,baseline,linear,FE,6000,2000,100,20,13,0,14,1,random,mean,250
2026090728,5500,250,0.595027083333,1.30905958333,0.0424593578051,,0.182,baseline,linear,FE,6000,2000,100,20,13,0,14,1,random,mean,250
2026090729,5500,250,0.759895833333,1.67177083333,0.0347603604882,,0.0896363636364,baseline,linear,FE,6000,2000,100,20,13,0,14,1,random,mean,250
2026090730,5500,250,0.854166666667,1.87916666667,0.0219833039297,,0.0374545454545,baseline,linear,FE,6000,2000,100,20,13,0,14,1,random,mean,250
2026090731,5500,250,0.777170833333,1.70977583333,0.0215687209106,,0.119454545455,baseline,linear,FE,6000,2000,100,20,13,0,14,1,random,mean,250
2026090700,5750,250,0.517772916667,1.13910041667,0.0547089208221,,0.133217391304,baseline,linear,FE,6000,2000,100,20,13,0,14,1,random,mean,250
2026090701,5750,250,0.815104166667,1.79322916667,0.0252266936694,,0.0582608695652,baseline,linear,FE,6000,2000,100,20,13,0,14,1,random,mean,250
2026090702,5750,250,0.678702083333,1.49314458333,0.0370906892274,,0.162434782609,baseline,linear,FE,6000,2000,100,20,13,0,14,1,random,mean,250
2026090703,5750,250,0.669477083333,1.47284958333,0.0375131454053,,0.123826086957,baseline,linear,FE,6000,2000,100,20,13,0,14,1,random,mean,250
2026090704,5750,250,0.492072916667,1.08256041667,0.0573243537907,,0.180347826087,baseline,linear,FE,6000,2000,100,20,13,0,14,1,random,mean,250
2026090705,5750,250,0.633041666667,1.39269166667,0.0310200157622,,0.171130434783,baseline,linear,FE,6000,2000,100,20,13,0,14,1,random,mean,250
2026090706,5750,250,0.5756375,1.2664025,0.0504558333981,,0.108,baseline,linear,FE,6000,2000,100,20,13,0,14,1,random,mean,250
2026090707,5750,250,0.697022916667,1.53345041667,0.0495143312458,,0.123652173913,baseline,linear,FE,6000,2000,100,20,13,0,14,1,random,mean,250
2026090708,5750,250,0.566470833333,1.24623583333,0.0489632069418,,0.135826086957,baseline,linear,FE,6000,2000,100,20,13,0,14,1,random,mean,250
2026090709,5750,250,0.638735416667,1.40521791667,0.0369279400686,,0.139652173913,baseline,linear,FE,6000,2000,100,20,13,0,14,1,random,mean,250
2026090710,5750,250,0.66018125,1.45239875,0.0293526690198,,0.132347826087,baseline,linear,FE,6000,2000,100,20,13,0,14,1,random,mean,250
2026090711,5750,250,0.760297916667,1.67265541667,0.0195534546238,,0.16347826087,baseline,linear,FE,6000,2000,100,20,13,0,14,1,random,mean,250
2026090712,5750,250,0.582045833333,1.28050083333,0.0533359685023,,0.158608695652,baseline,linear,FE,6000,2000,100,20,13,0,14,1,random,mean,250
2026090713,5750,250,0.815435416667,1.79395791667,0.0110880780316,,0.106086956522,baseline,linear,FE,6000,2000,100,20,13,0,14,1,random,mean,250
2026090714,5750,250,0.59579375,1.31074625,0.0490133186308,,0.183130434783,baseline,linear,FE,6000,2000,100,20,13,0,14,1,random,mean,250
2026090715,5750,250,0.7734375,1.7015625,0.0189359678705,,0.10347826087,baseline,linear,FE,6000,2000,100,20,13,0,14,1,random,mean,250
2026090716,5750,250,0.845208333333,1.85945833333,0.0180450736626,,0.0937391304348,baseline,linear,FE,6000,2000,100,20,13,0,14,1,random,mean,250
2026090717,5750,250,0.7644,1.68168,0.02295411476,,0.133217391304,baseline,linear,FE,6000,2000,100,20,13,0,14,1,random,mean,250
2026090718,5750,250,0.616152083333,1.35553458333,0.0414938577108,,0.118608695652,baseline,linear,FE,6000,2000,100,20,13,0,14,1,random,mean,250
2026090719,5750,250,0.54949375,1.20888625,0.047185748706,,0.153391304348,baseline,linear,FE,6000,2000,100,20,13,0,14,1,random,mean,250
2026090720,5750,250,0.7796875,1.7153125,0.0302202935637,,0.0530434782609,baseline,linear,FE,6000,2000,100,20,13,0,14,1,random,mean,250
2026090721,5750,250,0.693233333333,1.52511333333,0.0197688151472,,0.167652173913,baseline,linear,FE,6000,2000,100,20,13,0,14,1,random,mean,250
2026090722,5750,250,0.546516666667,1.20233666667,0.0531623187039,,0.160869565217,baseline,linear,FE,6000,2000,100,20,13,0,14,1,random,mean,250
2026090723,5750,250,0.527564583333,1.16064208333,0.0589933722804,,0.167130434783,baseline,linear,FE,6000,2000,100,20,13,0,14,1,random,mean,250
2026090724,5750,250,0.658875,1.449525,0.0379615015339,,0.087652173913,baseline,linear,FE,6000,2000,100,20,13,0,14,1,random,mean,250
2026090725,5750,250,0.68001875,1.49604125,0.0350049267492,,0.101739130435,baseline,linear,FE,6000,2000,100,20,13,0,14,1,random,mean,250
2026090726,5750,250,0.884895833333,1.94677083333,0.0161298391498,,0.0486956521739,baseline,linear,FE,6000,2000,100,20,13,0,14,1,random,mean,250
2026090727,5750,250,0.70160625,1.54353375,0.0358804568413,,0.0547826086957,baseline,linear,FE,6000,2000,100,20,13,0,14,1,random,mean,250
2026090728,5750,250,0.537620833333,1.18276583333,0.0496977345728,,0.182608695652,baseline,linear,FE,6000,2000,100,20,13,0,14,1,random,mean,250
2026090729,5750,250,0.759895833333,1.67177083333,0.0347603604882,,0.0857391304348,baseline,linear,FE,6000,2000,100,20,13,0,14,1,random,mean,250
2026090730,5750,250,0.854166666667,1.87916666667,0.0219833039297,,0.0358260869565,baseline,linear,FE,6000,2000,100,20,13,0,14,1,random,mean,250
2026090731,5750,250,0.782833333333,1.72223333333,0.0224726930483,,0.114608695652,baseline,linear,FE,6000,2000,100,20,13,0,14,1,random,mean,250
2026090700,6000,250,0.5239375,1.1526625,0.051480977719,,0.135666666667,baseline,linear,FE,6000,2000,100,20,13,0,14,1,random,mean,250
2026090701,6000,250,0.815104166667,1.79322916667,0.0252266936694,,0.0558333333333,baseline,linear,FE,6000,2000,100,20,13,0,14,1,random,mean,250
2026090702,6000,250,0.678645833333,1.49302083333,0.0370905734657,,0.155666666667,baseline,linear,FE,6000,2000,100,20,13,0,14,1,random,mean,250
2026090703,6000,250,0.566375,1.246025,0.0497724798561,,0.126833333333,baseline,linear,FE,6000,2000,100,20,13,0,14,1,random,mean,250
2026090704,6000,250,0.510295833333,1.12265083333,0.0591580113494,,0.1805,baseline,linear,FE,6000,2000,100,20,13,0,14,1,random,mean,250
2026090705,6000,250,0.58425,1.28535,0.0407736951312,,0.169666666667,baseline,linear,FE,6000,2000,100,20,13,0,14,1,random,mean,250
2026090706,6000,250,0.74388125,1.63653875,0.028660490664,,0.1065,baseline,linear,FE,6000,2000,100,20,13,0,14,1,random,mean,250
2026090707,6000,250,0.535285416667,1.17762791667,0.0595326556715,,0.1275,baseline,linear,FE,6000,2000,100,20,13,0,14,1,random,mean,250
2026090708,6000,250,0.537945833333,1.18348083333,0.0583831583379,,0.137833333333,baseline,linear,FE,6000,2000,100,20,13,0,14,1,random,mean,250
2026090709,6000,250,0.633675,1.394085,0.0535278115414,,0.1385,baseline,linear,FE,6000,2000,100,20,13,0,14,1,random,mean,250
2026090710,6000,250,0.619783333333,1.36352333333,0.0432046567601,,0.132666666667,baseline,linear,FE,6000,2000,100,20,13,0,14,1,random,mean,250
2026090711,6000,250,0.770022916667,1.69405041667,0.0192488860553,,0.158333333333,baseline,linear,FE,6000,2000,100,20,13,0,14,1,random,mean,250
2026090712,6000,250,0.5921875,1.3028125,0.0536200012377,,0.162166666667,baseline,linear,FE,6000,2000,100,20,13,0,14,1,random,mean,250
2026090713,6000,250,0.822916666667,1.81041666667,0.0121386212009,,0.101666666667,baseline,linear,FE,6000,2000,100,20,13,0,14,1,random,mean,250
2026090714,6000,250,0.589422916667,1.29673041667,0.0500035957591,,0.182333333333,baseline,linear,FE,6000,2000,100,20,13,0,14,1,random,mean,250
2026090715,6000,250,0.7734375,1.7015625,0.0189359678705,,0.0991666666667,baseline,linear,FE,6000,2000,100,20,13,0,14,1,random,mean,250
2026090716,6000,250,0.856770833333,1.88489583333,0.0155330969061,,0.09,baseline,linear,FE,6000,2000,100,20,13,0,14,1,random,mean,250
2026090717,6000,250,0.558877083333,1.22952958333,0.05192385472,,0.136666666667,baseline,linear,FE,6000,2000,100,20,13,0,14,1,random,mean,250
2026090718,6000,250,0.606352083333,1.33397458333,0.0425144812211,,0.119,baseline,linear,FE,6000,2000,100,20,13,0,14,1,random,mean,250
2026090719,6000,250,0.5584625,1.2286175,0.0536461393562,,0.154166666667,baseline,linear,FE,6000,2000,100,20,13,0,14,1,random,mean,250
2026090720,6000,250,0.7796875,1.7153125,0.0302202935637,,0.0508333333333,baseline,linear,FE,6000,2000,100,20,13,0,14,1,random,mean,250
2026090721,6000,250,0.70029375,1.54064625,0.0259648399516,,0.163166666667,baseline,linear,FE,6000,2000,100,20,13,0,14,1,random,mean,250
2026090722,6000,250,0.715716666667,1.57457666667,0.0355600020617,,0.154833333333,baseline,linear,FE,6000,2000,100,20,13,0,14,1,random,mean,250
2026090723,6000,250,0.506847916667,1.11506541667,0.0595947169676,,0.1675,baseline,linear,FE,6000,2000,100,20,13,0,14,1,random,mean,250
2026090724,6000,250,0.544083333333,1.19698333333,0.0530604141426,,0.094,baseline,linear,FE,6000,2000,100,20,13,0,14,1,random,mean,250
2026090725,6000,250,0.526525,1.158355,0.0559267658411,,0.109333333333,baseline,linear,FE,6000,2000,100,20,13,0,14,1,random,mean,250
2026090726,6000,250,0.8798125,1.9355875,0.0150418949401,,0.0468333333333,baseline,linear,FE,6000,2000,100,20,13,0,14,1,random,mean,250
2026090727,6000,250,0.890016666667,1.95803666667,0.00851783248933,,0.0531666666667,baseline,linear,FE,6000,2000,100,20,13,0,14,1,random,mean,250
2026090728,6000,250,0.478535416667,1.05277791667,0.0641243352429,,0.186833333333,baseline,linear,FE,6000,2000,100,20,13,0,14,1,random,mean,250
2026090729,6000,250,0.759895833333,1.67177083333,0.0347603604882,,0.0821666666667,baseline,linear,FE,6000,2000,100,20,13,0,14,1,random,mean,250
2026090730,6000,250,0.854166666667,1.87916666667,0.0219833039297,,0.0343333333333,baseline,linear,FE,6000,2000,100,20,13,0,14,1,random,mean,250
2026090731,6000,250,0.7728625,1.7002975,0.0230145437781,,0.11,baseline,linear,FE,6000,2000,100,20,13,0,14,1,random,mean,250
