seed,step,window_steps,group_relative_contribution,surplus,gini,success,acceptance_rate,experiment,game,treatment,steps,burn_in,thin,rounds,levels,beta,gamma,selection,initial,signal,diagnostic_every
2026090900,250,250,0.469785416667,0.914809166667,0.108496060486,,0.352,baseline,linear,MI,6000,2000,100,20,13,0,14,1,random,mean,250
2026090901,250,250,0.506308333333,0.956935833333,0.0983468496564,,0.364,baseline,linear,MI,6000,2000,100,20,13,0,14,1,random,mean,250
2026090902,250,250,0.469054166667,0.911784166667,0.110675980176,,0.292,baseline,linear,MI,6000,2000,100,20,13,0,14,1,random,mean,250
2026090903,250,250,0.467447916667,0.911021666667,0.110951532526,,0.308,baseline,linear,MI,6000,2000,100,20,13,0,14,1,random,mean,250
2026090904,250,250,0.509264583333,0.974763333333,0.0976822305082,,0.3,baseline,linear,MI,6000,2000,100,20,13,0,14,1,random,mean,250
2026090905,250,250,0.514495833333,1.00469833333,0.0973509035796,,0.212,baseline,linear,MI,6000,2000,100,20,13,0,14,1,random,mean,250
2026090906,250,250,0.499260416667,0.955314166667,0.09236418437,,0.288,baseline,linear,MI,6000,2000,100,20,13,0,14,1,random,mean,250
2026090907,250,250,0.490075,0.949455,0.106728248563,,0.272,baseline,linear,MI,6000,2000,100,20,13,0,14,1,random,mean,250
2026090908,250,250,0.529491666667,1.00925166667,0.0915963538502,,0.336,baseline,linear,MI,6000,2000,100,20,13,0,14,1,random,mean,250
2026090909,250,250,0.534854166667,1.00572416667,0.0881795636804,,0.408,baseline,linear,MI,6000,2000,100,20,13,0,14,1,random,mean,250
2026090910,250,250,0.491120833333,0.942023333333,0.100191305666,,0.324,baseline,linear,MI,6000,2000,100,20,13,0,14,1,random,mean,250
2026090911,250,250,0.482879166667,0.926574166667,0.105748378881,,0.328,baseline,linear,MI,6000,2000,100,20,13,0,14,1,random,mean,250
2026090912,250,250,0.490502083333,0.947478333333,0.104110783853,,0.32,baseline,linear,MI,6000,2000,100,20,13,0,14,1,random,mean,250
2026090913,250,250,0.484175,0.927415,0.100922337415,,0.32,baseline,linear,MI,6000,2000,100,20,13,0,14,1,random,mean,250
2026090914,250,250,0.460722916667,0.890474166667,0.109784088678,,0.248,baseline,linear,MI,6000,2000,100,20,13,0,14,1,random,mean,250
2026090915,250,250,0.488364583333,0.932738333333,0.100784510943,,0.296,baseline,linear,MI,6000,2000,100,20,13,0,14,1,random,mean,250
2026090916,250,250,0.580210416667,1.11454166667,0.0788407811596,,0.172,baseline,linear,MI,6000,2000,100,20,13,0,14,1,random,mean,250
2026090917,250,250,0.552975,1.0589925,0.0861406489333,,0.256,baseline,linear,MI,6000,2000,100,20,13,0,14,1,random,mean,250
2026090918,250,250,0.755285416667,1.43114666667,0.0398198477908,,0.084,baseline,linear,MI,6000,2000,100,20,13,0,14,1,random,mean,250
2026090919,250,250,0.5905,1.13695,0.079625291094,,0.252,baseline,linear,MI,6000,2000,100,20,13,0,14,1,random,mean,250
2026090920,250,250,0.5232875,0.9954125,0.0932464329219,,0.344,baseline,linear,MI,6000,2000,100,20,13,0,14,1,random,mean,250
2026090921,250,250,0.515991666667,0.999709166667,0.0981333534364,,0.272,baseline,linear,MI,6000,2000,100,20,13,0,14,1,random,mean,250
2026090922,250,250,0.510983333333,0.973348333333,0.0938198890297,,0.284,baseline,linear,MI,6000,2000,100,20,13,0,14,1,random,mean,250
2026090923,250,250,0.530847916667,1.06042416667,0.09867382201,,0.156,baseline,linear,MI,6000,2000,100,20,13,0,14,1,random,mean,250
2026090924,250,250,0.551991666667,1.06164916667,0.0868897122893,,0.26,baseline,linear,MI,6000,2000,100,20,13,0,14,1,random,mean,250
2026090925,250,250,0.51623125,0.9952075,0.0953404992364,,0.332,baseline,linear,MI,6000,2000,100,20,13,0,14,1,random,mean,250
2026090926,250,250,0.580577083333,1.11086583333,0.0853762390911,,0.228,baseline,linear,MI,6000,2000,100,20,13,0,14,1,random,mean,250
2026090927,250,250,0.524858333333,0.996645833333,0.092865741867,,0.324,baseline,linear,MI,6000,2000,100,20,13,0,14,1,random,mean,250
2026090928,250,250,0.536464583333,1.03956583333,0.0980699594689,,0.324,baseline,linear,MI,6000,2000,100,20,13,0,14,1,random,mean,250
2026090929,250,250,0.505614583333,0.961665833333,0.095605701311,,0.284,baseline,linear,MI,6000,2000,100,20,13,0,14,1,random,mean,250
2026090930,250,250,0.465783333333,0.905140833333,0.108913299894,,0.276,baseline,linear,MI,6000,2000,100,20,13,0,14,1,random,mean,250
2026090931,250,250,0.517672916667,0.979944166667,0.0939372727489,,0.236,baseline,linear,MI,6000,2000,100,20,13,0,14,1,random,mean,250
2026090900,500,250,0.497464583333,0.952968333333,0.101139639183,,0.312,baseline,linear,MI,6000,2000,100,20,13,0,14,1,random,mean,250
2026090901,500,250,0.606647916667,1.15584666667,0.0712921686558,,0.306,baseline,linear,MI,6000,2000,100,20,13,0,14,1,random,mean,250
2026090902,500,250,0.4962,0.9545675,0.0978010964214,,0.276,baseline,linear,MI,6000,2000,100,20,13,0,14,1,random,mean,250
2026090903,500,250,0.521666666667,1.00417416667,0.0943098701916,,0.268,baseline,linear,MI,6000,2000,100,20,13,0,14,1,random,mean,250
2026090904,500,250,0.48409375,0.930595,0.101705456048,,0.278,baseline,linear,MI,6000,2000,100,20,13,0,14,1,random,mean,250
2026090905,500,250,0.517822916667,0.990019166667,0.0943774168664,,0.172,baseline,linear,MI,6000,2000,100,20,13,0,14,1,random,mean,250
2026090906,500,250,0.50564375,0.9594,0.0948501042059,,0.296,baseline,linear,MI,6000,2000,100,20,13,0,14,1,random,mean,250
2026090907,500,250,0.494170833333,0.949495833333,0.100253763807,,0.286,baseline,linear,MI,6000,2000,100,20,13,0,14,1,random,mean,250
2026090908,500,250,0.7125,1.396875,0.0514595558513,,0.17,baseline,linear,MI,6000,2000,100,20,13,0,14,1,random,mean,250
2026090909,500,250,0.549333333333,1.06100333333,0.0927256495969,,0.304,baseline,linear,MI,6000,2000,100,20,13,0,14,1,random,mean,250
2026090910,500,250,0.493308333333,0.938838333333,0.0955164595033,,0.344,baseline,linear,MI,6000,2000,100,20,13,0,14,1,random,mean,250
2026090911,500,250,0.50593125,0.9688575,0.0954589563886,,0.296,baseline,linear,MI,6000,2000,100,20,13,0,14,1,random,mean,250
2026090912,500,250,0.557879166667,1.06250166667,0.0853577468465,,0.286,baseline,linear,MI,6000,2000,100,20,13,0,14,1,random,mean,250
2026090913,500,250,0.520791666667,1.00598166667,0.0969048082879,,0.272,baseline,linear,MI,6000,2000,100,20,13,0,14,1,random,mean,250
2026090914,500,250,0.524591666667,1.00624916667,0.0966389142845,,0.29,baseline,linear,MI,6000,2000,100,20,13,0,14,1,random,mean,250
2026090915,500,250,0.488179166667,0.946411666667,0.103082203669,,0.334,baseline,linear,MI,6000,2000,100,20,13,0,14,1,random,mean,250
2026090916,500,250,0.492352083333,0.934665833333,0.0973995473119,,0.206,baseline,linear,MI,6000,2000,100,20,13,0,14,1,random,mean,250
2026090917,500,250,0.49024375,0.9359325,0.0968256703875,,0.31,baseline,linear,MI,6000,2000,100,20,13,0,14,1,random,mean,250
2026090918,500,250,0.696902083333,1.32345083333,0.049972933744,,0.118,baseline,linear,MI,6000,2000,100,20,13,0,14,1,random,mean,250
2026090919,500,250,0.764458333333,1.49639833333,0.0476893238739,,0.13,baseline,linear,MI,6000,2000,100,20,13,0,14,1,random,mean,250
2026090920,500,250,0.423491666667,0.827189166667,0.122848739922,,0.298,baseline,linear,MI,6000,2000,100,20,13,0,14,1,random,mean,250
2026090921,500,250,0.47695625,0.91948,0.103221628757,,0.268,baseline,linear,MI,6000,2000,100,20,13,0,14,1,random,mean,250
2026090922,500,250,0.565585416667,1.07663166667,0.0768712043131,,0.268,baseline,linear,MI,6000,2000,100,20,13,0,14,1,random,mean,250
2026090923,500,250,0.533397916667,1.03828416667,0.0897724704748,,0.168,baseline,linear,MI,6000,2000,100,20,13,0,14,1,random,mean,250
2026090924,500,250,0.556547916667,1.07530166667,0.0869938584194,,0.204,baseline,linear,MI,6000,2000,100,20,13,0,14,1,random,mean,250
2026090925,500,250,0.529908333333,1.01476583333,0.0891450788414,,0.33,baseline,linear,MI,6000,2000,100,20,13,0,14,1,random,mean,250
2026090926,500,250,0.622170833333,1.17562833333,0.0666840406264,,0.158,baseline,linear,MI,6000,2000,100,20,13,0,14,1,random,mean,250
2026090927,500,250,0.5032375,0.9762575,0.0988028593845,,0.28,baseline,linear,MI,6000,2000,100,20,13,0,14,1,random,mean,250
2026090928,500,250,0.585741666667,1.11873416667,0.0818952706946,,0.272,baseline,linear,MI,6000,2000,100,20,13,0,14,1,random,mean,250
2026090929,500,250,0.536872916667,1.02939416667,0.0881017948338,,0.266,baseline,linear,MI,6000,2000,100,20,13,0,14,1,random,mean,250
2026090930,500,250,0.492052083333,0.941220833333,0.100047619997,,0.334,baseline,linear,MI,6000,2000,100,20,13,0,14,1,random,mean,250
2026090931,500,250,0.42425,0.8166175,0.116985842961,,0.312,baseline,linear,MI,6000,2000,100,20,13,0,14,1,random,mean,250
2026090900,750,250,0.471464583333,0.904123333333,0.100116177148,,0.293333333333,baseline,linear,MI,6000,2000,100,20,13,0,14,1,random,mean,250
2026090901,750,250,0.494925,0.948675,0.100663114823,,0.329333333333,baseline,linear,MI,6000,2000,100,20,13,0,14,1,random,mean,250
2026090902,750,250,0.499783333333,0.956413333333,0.0989321108675,,0.278666666667,baseline,linear,MI,6000,2000,100,20,13,0,14,1,random,mean,250
2026090903,750,250,0.510302083333,0.969160833333,0.092116046454,,0.273333333333,baseline,linear,MI,6000,2000,100,20,13,0,14,1,random,mean,250
2026090904,750,250,0.600522916667,1.15005666667,0.0721826108235,,0.233333333333,baseline,linear,MI,6000,2000,100,20,13,0,14,1,random,mean,250
2026090905,750,250,0.530422916667,1.00754916667,0.0883176322126,,0.204,baseline,linear,MI,6000,2000,100,20,13,0,14,1,random,mean,250
2026090906,750,250,0.563891666667,1.05717916667,0.0746686057689,,0.264,baseline,linear,MI,6000,2000,100,20,13,0,14,1,random,mean,250
2026090907,750,250,0.520027083333,0.986658333333,0.0936051093399,,0.274666666667,baseline,linear,MI,6000,2000,100,20,13,0,14,1,random,mean,250
2026090908,750,250,0.59920625,1.1578575,0.0786330826811,,0.188,baseline,linear,MI,6000,2000,100,20,13,0,14,1,random,mean,250
2026090909,750,250,0.534004166667,1.02006916667,0.0873687156282,,0.32,baseline,linear,MI,6000,2000,100,20,13,0,14,1,random,mean,250
2026090910,750,250,0.540616666667,1.05553166667,0.0941644262318,,0.312,baseline,linear,MI,6000,2000,100,20,13,0,14,1,random,mean,250
2026090911,750,250,0.501125,0.974555,0.100461215634,,0.28,baseline,linear,MI,6000,2000,100,20,13,0,14,1,random,mean,250
2026090912,750,250,0.525214583333,0.997948333333,0.0889108171264,,0.268,baseline,linear,MI,6000,2000,100,20,13,0,14,1,random,mean,250
2026090913,750,250,0.6716125,1.318595,0.066916155312,,0.192,baseline,linear,MI,6000,2000,100,20,13,0,14,1,random,mean,250
2026090914,750,250,0.5244875,1.0131,0.0930145519981,,0.3,baseline,linear,MI,6000,2000,100,20,13,0,14,1,random,mean,250
2026090915,750,250,0.503558333333,0.975128333333,0.0986710551441,,0.28,baseline,linear,MI,6000,2000,100,20,13,0,14,1,random,mean,250
2026090916,750,250,0.442472916667,0.858949166667,0.113298050836,,0.234666666667,baseline,linear,MI,6000,2000,100,20,13,0,14,1,random,mean,250
2026090917,750,250,0.527229166667,1.03792916667,0.097246163227,,0.272,baseline,linear,MI,6000,2000,100,20,13,0,14,1,random,mean,250
2026090918,750,250,0.443158333333,0.859225833333,0.117431497595,,0.189333333333,baseline,linear,MI,6000,2000,100,20,13,0,14,1,random,mean,250
2026090919,750,250,0.55999375,1.08277,0.0853153577178,,0.161333333333,baseline,linear,MI,6000,2000,100,20,13,0,14,1,random,mean,250
2026090920,750,250,0.659420833333,1.25532083333,0.0575350229953,,0.216,baseline,linear,MI,6000,2000,100,20,13,0,14,1,random,mean,250
2026090921,750,250,0.49794375,0.94534,0.0914145759555,,0.292,baseline,linear,MI,6000,2000,100,20,13,0,14,1,random,mean,250
2026090922,750,250,0.477047916667,0.917371666667,0.106033604459,,0.290666666667,baseline,linear,MI,6000,2000,100,20,13,0,14,1,random,mean,250
2026090923,750,250,0.495645833333,0.950283333333,0.10417546497,,0.214666666667,baseline,linear,MI,6000,2000,100,20,13,0,14,1,random,mean,250
2026090924,750,250,0.471141666667,0.903019166667,0.105458263559,,0.234666666667,baseline,linear,MI,6000,2000,100,20,13,0,14,1,random,mean,250
2026090925,750,250,0.49508125,0.944925,0.102576423949,,0.312,baseline,linear,MI,6000,2000,100,20,13,0,14,1,random,mean,250
2026090926,750,250,0.600864583333,1.15377833333,0.0693793148152,,0.153333333333,baseline,linear,MI,6000,2000,100,20,13,0,14,1,random,mean,250
2026090927,750,250,0.558125,1.0776225,0.0905270049114,,0.264,baseline,linear,MI,6000,2000,100,20,13,0,14,1,random,mean,250
2026090928,750,250,0.493854166667,0.963061666667,0.103222252978,,0.292,baseline,linear,MI,6000,2000,100,20,13,0,14,1,random,mean,250
2026090929,750,250,0.690808333333,1.35830833333,0.0580411537176,,0.18,baseline,linear,MI,6000,2000,100,20,13,0,14,1,random,mean,250
2026090930,750,250,0.500747916667,0.971811666667,0.106206334162,,0.329333333333,baseline,linear,MI,6000,2000,100,20,13,0,14,1,random,mean,250
2026090931,750,250,0.510479166667,0.984966666667,0.0961856882544,,0.298666666667,baseline,linear,MI,6000,2000,100,20,13,0,14,1,random,mean,250
2026090900,1000,250,0.552975,1.0570775,0.0870258736737,,0.277,baseline,linear,MI,6000,2000,100,20,13,0,14,1,random,mean,250
2026090901,1000,250,0.47385625,0.9278475,0.111534826918,,0.313,baseline,linear,MI,6000,2000,100,20,13,0,14,1,random,mean,250
2026090902,1000,250,0.805379166667,1.53044416667,0.0338666097219,,0.22,baseline,linear,MI,6000,2000,100,20,13,0,14,1,random,mean,250
2026090903,1000,250,0.5456625,1.05138,0.0898114243989,,0.287,baseline,linear,MI,6000,2000,100,20,13,0,14,1,random,mean,250
2026090904,1000,250,0.476566666667,0.932534166667,0.108271994014,,0.216,baseline,linear,MI,6000,2000,100,20,13,0,14,1,random,mean,250
2026090905,1000,250,0.474004166667,0.894339166667,0.10122325899,,0.223,baseline,linear,MI,6000,2000,100,20,13,0,14,1,random,mean,250
2026090906,1000,250,0.5094375,0.98829,0.0997992270052,,0.264,baseline,linear,MI,6000,2000,100,20,13,0,14,1,random,mean,250
2026090907,1000,250,0.5203875,0.995755,0.09303679483,,0.278,baseline,linear,MI,6000,2000,100,20,13,0,14,1,random,mean,250
2026090908,1000,250,0.555597916667,1.06236666667,0.0880214738749,,0.206,baseline,linear,MI,6000,2000,100,20,13,0,14,1,random,mean,250
2026090909,1000,250,0.520270833333,0.993540833333,0.0921744532322,,0.311,baseline,linear,MI,6000,2000,100,20,13,0,14,1,random,mean,250
2026090910,1000,250,0.625739583333,1.22923333333,0.0684544558861,,0.235,baseline,linear,MI,6000,2000,100,20,13,0,14,1,random,mean,250
2026090911,1000,250,0.462945833333,0.904308333333,0.111954692878,,0.275,baseline,linear,MI,6000,2000,100,20,13,0,14,1,random,mean,250
2026090912,1000,250,0.7747,1.4924575,0.0418593493852,,0.215,baseline,linear,MI,6000,2000,100,20,13,0,14,1,random,mean,250
2026090913,1000,250,0.453527083333,0.879355833333,0.113374969421,,0.214,baseline,linear,MI,6000,2000,100,20,13,0,14,1,random,mean,250
2026090914,1000,250,0.488197916667,0.943804166667,0.103666275334,,0.316,baseline,linear,MI,6000,2000,100,20,13,0,14,1,random,mean,250
2026090915,1000,250,0.478714583333,0.935840833333,0.105749698854,,0.269,baseline,linear,MI,6000,2000,100,20,13,0,14,1,random,mean,250
2026090916,1000,250,0.509070833333,0.973283333333,0.0980851758069,,0.272,baseline,linear,MI,6000,2000,100,20,13,0,14,1,random,mean,250
2026090917,1000,250,0.497566666667,0.956561666667,0.0989202681175,,0.286,baseline,linear,MI,6000,2000,100,20,13,0,14,1,random,mean,250
2026090918,1000,250,0.585645833333,1.14198583333,0.0865812116686,,0.18,baseline,linear,MI,6000,2000,100,20,13,0,14,1,random,mean,250
2026090919,1000,250,0.60389375,1.1699125,0.0768482465418,,0.17,baseline,linear,MI,6000,2000,100,20,13,0,14,1,random,mean,250
2026090920,1000,250,0.713020833333,1.35020833333,0.0461065122802,,0.162,baseline,linear,MI,6000,2000,100,20,13,0,14,1,random,mean,250
2026090921,1000,250,0.77903125,1.44597,0.0389340720153,,0.247,baseline,linear,MI,6000,2000,100,20,13,0,14,1,random,mean,250
2026090922,1000,250,0.571745833333,1.10835583333,0.0840013388706,,0.264,baseline,linear,MI,6000,2000,100,20,13,0,14,1,random,mean,250
2026090923,1000,250,0.4526375,0.881025,0.105430359184,,0.208,baseline,linear,MI,6000,2000,100,20,13,0,14,1,random,mean,250
2026090924,1000,250,0.534216666667,1.03129166667,0.0949999286455,,0.236,baseline,linear,MI,6000,2000,100,20,13,0,14,1,random,mean,250
2026090925,1000,250,0.491775,0.9469825,0.101798958849,,0.312,baseline,linear,MI,6000,2000,100,20,13,0,14,1,random,mean,250
2026090926,1000,250,0.496325,0.956115,0.103542622011,,0.179,baseline,linear,MI,6000,2000,100,20,13,0,14,1,random,mean,250
2026090927,1000,250,0.470877083333,0.902043333333,0.109627143253,,0.284,baseline,linear,MI,6000,2000,100,20,13,0,14,1,random,mean,250
2026090928,1000,250,0.507647916667,0.973444166667,0.0998722384208,,0.3,baseline,linear,MI,6000,2000,100,20,13,0,14,1,random,mean,250
2026090929,1000,250,0.6859375,1.336875,0.0550192116292,,0.135,baseline,linear,MI,6000,2000,100,20,13,0,14,1,random,mean,250
2026090930,1000,250,0.492439583333,0.934020833333,0.0997463007202,,0.307,baseline,linear,MI,6000,2000,100,20,13,0,14,1,random,mean,250
2026090931,1000,250,0.5482125,1.05488,0.0884908647404,,0.285,baseline,linear,MI,6000,2000,100,20,13,0,14,1,random,mean,250
2026090900,1250,250,0.510602083333,0.980575833333,0.0944818455611,,0.268,baseline,linear,MI,6000,2000,100,20,13,0,14,1,random,mean,250
2026090901,1250,250,0.48263125,0.9224275,0.0983253976572,,0.3024,baseline,linear,MI,6000,2000,100,20,13,0,14,1,random,mean,250
2026090902,1250,250,0.865625,1.6425,0.020511513773,,0.176,baseline,linear,MI,6000,2000,100,20,13,0,14,1,random,mean,250
2026090903,1250,250,0.512845833333,0.983745833333,0.0930499622128,,0.2848,baseline,linear,MI,6000,2000,100,20,13,0,14,1,random,mean,250
2026090904,1250,250,0.58396875,1.1399725,0.0760034170702,,0.1904,baseline,linear,MI,6000,2000,100,20,13,0,14,1,random,mean,250
2026090905,1250,250,0.512889583333,0.988830833333,0.0952809134385,,0.2416,baseline,linear,MI,6000,2000,100,20,13,0,14,1,random,mean,250
2026090906,1250,250,0.592616666667,1.12243666667,0.0687526145451,,0.2504,baseline,linear,MI,6000,2000,100,20,13,0,14,1,random,mean,250
2026090907,1250,250,0.509733333333,0.982905833333,0.0959974881782,,0.2824,baseline,linear,MI,6000,2000,100,20,13,0,14,1,random,mean,250
2026090908,1250,250,0.469866666667,0.888926666667,0.105196616059,,0.2312,baseline,linear,MI,6000,2000,100,20,13,0,14,1,random,mean,250
2026090909,1250,250,0.599664583333,1.12334833333,0.0685043043122,,0.2832,baseline,linear,MI,6000,2000,100,20,13,0,14,1,random,mean,250
2026090910,1250,250,0.5953125,1.145625,0.0738421655861,,0.188,baseline,linear,MI,6000,2000,100,20,13,0,14,1,random,mean,250
2026090911,1250,250,0.48179375,0.9321975,0.098931912921,,0.2704,baseline,linear,MI,6000,2000,100,20,13,0,14,1,random,mean,250
2026090912,1250,250,0.563489583333,1.08399083333,0.0799882673319,,0.2184,baseline,linear,MI,6000,2000,100,20,13,0,14,1,random,mean,250
2026090913,1250,250,0.515375,0.978485,0.0896381661312,,0.2256,baseline,linear,MI,6000,2000,100,20,13,0,14,1,random,mean,250
2026090914,1250,250,0.491427083333,0.943598333333,0.100433972114,,0.316,baseline,linear,MI,6000,2000,100,20,13,0,14,1,random,mean,250
2026090915,1250,250,0.45618125,0.8702575,0.108285059307,,0.2816,baseline,linear,MI,6000,2000,100,20,13,0,14,1,random,mean,250
2026090916,1250,250,0.571622916667,1.08636416667,0.0783045782892,,0.2728,baseline,linear,MI,6000,2000,100,20,13,0,14,1,random,mean,250
2026090917,1250,250,0.461652083333,0.885803333333,0.106704973483,,0.28,baseline,linear,MI,6000,2000,100,20,13,0,14,1,random,mean,250
2026090918,1250,250,0.534927083333,1.03889583333,0.0950576410809,,0.192,baseline,linear,MI,6000,2000,100,20,13,0,14,1,random,mean,250
2026090919,1250,250,0.611102083333,1.18764833333,0.074361176903,,0.1544,baseline,linear,MI,6000,2000,100,20,13,0,14,1,random,mean,250
2026090920,1250,250,0.713020833333,1.35020833333,0.0461065122802,,0.1296,baseline,linear,MI,6000,2000,100,20,13,0,14,1,random,mean,250
2026090921,1250,250,0.644458333333,1.20952083333,0.0691150475698,,0.244,baseline,linear,MI,6000,2000,100,20,13,0,14,1,random,mean,250
2026090922,1250,250,0.52416875,0.9949625,0.0947838608076,,0.2512,baseline,linear,MI,6000,2000,100,20,13,0,14,1,random,mean,250
2026090923,1250,250,0.617704166667,1.18419416667,0.0732355171814,,0.1912,baseline,linear,MI,6000,2000,100,20,13,0,14,1,random,mean,250
2026090924,1250,250,0.456814583333,0.873618333333,0.107578188921,,0.248,baseline,linear,MI,6000,2000,100,20,13,0,14,1,random,mean,250
2026090925,1250,250,0.487766666667,0.926074166667,0.0999715566679,,0.296,baseline,linear,MI,6000,2000,100,20,13,0,14,1,random,mean,250
2026090926,1250,250,0.505,0.9766175,0.0987706314701,,0.2016,baseline,linear,MI,6000,2000,100,20,13,0,14,1,random,mean,250
2026090927,1250,250,0.527047916667,1.01076666667,0.0958318107029,,0.2768,baseline,linear,MI,6000,2000,100,20,13,0,14,1,random,mean,250
2026090928,1250,250,0.40324375,0.7908975,0.123726889364,,0.2872,baseline,linear,MI,6000,2000,100,20,13,0,14,1,random,mean,250
2026090929,1250,250,0.678275,1.3251875,0.0563945178913,,0.1128,baseline,linear,MI,6000,2000,100,20,13,0,14,1,random,mean,250
2026090930,1250,250,0.512252083333,0.985655833333,0.0994875372793,,0.3112,baseline,linear,MI,6000,2000,100,20,13,0,14,1,random,mean,250
2026090931,1250,250,0.601922916667,1.14237666667,0.0712636212695,,0.2744,baseline,linear,MI,6000,2000,100,20,13,0,14,1,random,mean,250
2026090900,1500,250,0.491710416667,0.938949166667,0.0971722107956,,0.279333333333,baseline,linear,MI,6000,2000,100,20,13,0,14,1,random,mean,250
2026090901,1500,250,0.44633125,0.8754425,0.117430605024,,0.312,baseline,linear,MI,6000,2000,100,20,13,0,14,1,random,mean,250
2026090902,1500,250,0.624095833333,1.19034083333,0.0717857013522,,0.18,baseline,linear,MI,6000,2000,100,20,13,0,14,1,random,mean,250
2026090903,1500,250,0.63249375,1.2111475,0.0619314185514,,0.255333333333,baseline,linear,MI,6000,2000,100,20,13,0,14,1,random,mean,250
2026090904,1500,250,0.501235416667,0.954786666667,0.0983739979474,,0.217333333333,baseline,linear,MI,6000,2000,100,20,13,0,14,1,random,mean,250
2026090905,1500,250,0.445279166667,0.858496666667,0.108479404691,,0.25,baseline,linear,MI,6000,2000,100,20,13,0,14,1,random,mean,250
2026090906,1500,250,0.66426875,1.26396,0.0437286097012,,0.211333333333,baseline,linear,MI,6000,2000,100,20,13,0,14,1,random,mean,250
2026090907,1500,250,0.551216666667,1.05379416667,0.0872283886743,,0.272666666667,baseline,linear,MI,6000,2000,100,20,13,0,14,1,random,mean,250
2026090908,1500,250,0.506497916667,0.973351666667,0.0992734964584,,0.251333333333,baseline,linear,MI,6000,2000,100,20,13,0,14,1,random,mean,250
2026090909,1500,250,0.540795833333,1.04673583333,0.0957158208289,,0.272666666667,baseline,linear,MI,6000,2000,100,20,13,0,14,1,random,mean,250
2026090910,1500,250,0.53970625,1.0350025,0.0884451074731,,0.199333333333,baseline,linear,MI,6000,2000,100,20,13,0,14,1,random,mean,250
2026090911,1500,250,0.60749375,1.1420325,0.0577807859792,,0.25,baseline,linear,MI,6000,2000,100,20,13,0,14,1,random,mean,250
2026090912,1500,250,0.497133333333,0.960265833333,0.104636153327,,0.228666666667,baseline,linear,MI,6000,2000,100,20,13,0,14,1,random,mean,250
2026090913,1500,250,0.535441666667,1.03697916667,0.0934333561939,,0.232,baseline,linear,MI,6000,2000,100,20,13,0,14,1,random,mean,250
2026090914,1500,250,0.809172916667,1.52184416667,0.0329992408651,,0.271333333333,baseline,linear,MI,6000,2000,100,20,13,0,14,1,random,mean,250
2026090915,1500,250,0.510108333333,0.987648333333,0.0979338558663,,0.288666666667,baseline,linear,MI,6000,2000,100,20,13,0,14,1,random,mean,250
2026090916,1500,250,0.564835416667,1.08742916667,0.0842051946047,,0.256666666667,baseline,linear,MI,6000,2000,100,20,13,0,14,1,random,mean,250
2026090917,1500,250,0.501854166667,0.960866666667,0.100588045813,,0.284666666667,baseline,linear,MI,6000,2000,100,20,13,0,14,1,random,mean,250
2026090918,1500,250,0.502075,0.950445,0.0974829136395,,0.212666666667,baseline,linear,MI,6000,2000,100,20,13,0,14,1,random,mean,250
2026090919,1500,250,0.552883333333,1.08220833333,0.0924362504909,,0.158666666667,baseline,linear,MI,6000,2000,100,20,13,0,14,1,random,mean,250
2026090920,1500,250,0.711520833333,1.34750833333,0.0455257180047,,0.108666666667,baseline,linear,MI,6000,2000,100,20,13,0,14,1,random,mean,250
2026090921,1500,250,0.451583333333,0.871640833333,0.114473469071,,0.26,baseline,linear,MI,6000,2000,100,20,13,0,14,1,random,mean,250
2026090922,1500,250,0.555741666667,1.07421166667,0.084863867515,,0.238666666667,baseline,linear,MI,6000,2000,100,20,13,0,14,1,random,mean,250
2026090923,1500,250,0.53071875,1.003275,0.0915732176274,,0.186666666667,baseline,linear,MI,6000,2000,100,20,13,0,14,1,random,mean,250
2026090924,1500,250,0.509054166667,0.977699166667,0.0968268053036,,0.244666666667,baseline,linear,MI,6000,2000,100,20,13,0,14,1,random,mean,250
2026090925,1500,250,0.513895833333,0.984615833333,0.0927728046361,,0.286666666667,baseline,linear,MI,6000,2000,100,20,13,0,14,1,random,mean,250
2026090926,1500,250,0.501166666667,0.952021666667,0.0972725109044,,0.220666666667,baseline,linear,MI,6000,2000,100,20,13,0,14,1,random,mean,250
2026090927,1500,250,0.522895833333,0.993708333333,0.0895547334383,,0.28,baseline,linear,MI,6000,2000,100,20,13,0,14,1,random,mean,250
2026090928,1500,250,0.475797916667,0.923141666667,0.106436288675,,0.291333333333,baseline,linear,MI,6000,2000,100,20,13,0,14,1,random,mean,250
2026090929,1500,250,0.588883333333,1.15468083333,0.0828291944074,,0.119333333333,baseline,linear,MI,6000,2000,100,20,13,0,14,1,random,mean,250
2026090930,1500,250,0.506327083333,0.967350833333,0.0974841060128,,0.314666666667,baseline,linear,MI,6000,2000,100,20,13,0,14,1,random,mean,250
2026090931,1500,250,0.47799375,0.906885,0.101667872076,,0.291333333333,baseline,linear,MI,6000,2000,100,20,13,0,14,1,random,mean,250
2026090900,1750,250,0.8080125,1.50694,0.0329473592043,,0.247428571429,baseline,linear,MI,6000,2000,100,20,13,0,14,1,random,mean,250
2026090901,1750,250,0.47575,0.92019,0.108725710008,,0.308,baseline,linear,MI,6000,2000,100,20,13,0,14,1,random,mean,250
2026090902,1750,250,0.53210625,1.013495,0.0939352474742,,0.194857142857,baseline,linear,MI,6000,2000,100,20,13,0,14,1,random,mean,250
2026090903,1750,250,0.535772916667,1.02624416667,0.0909388419966,,0.247428571429,baseline,linear,MI,6000,2000,100,20,13,0,14,1,random,mean,250
2026090904,1750,250,0.50035,0.9749025,0.106944309462,,0.236,baseline,linear,MI,6000,2000,100,20,13,0,14,1,random,mean,250
2026090905,1750,250,0.543927083333,1.04612083333,0.0916109918852,,0.26,baseline,linear,MI,6000,2000,100,20,13,0,14,1,random,mean,250
2026090906,1750,250,0.7222125,1.400765,0.0449609412545,,0.184,baseline,linear,MI,6000,2000,100,20,13,0,14,1,random,mean,250
2026090907,1750,250,0.540189583333,1.03186583333,0.0913507677994,,0.282285714286,baseline,linear,MI,6000,2000,100,20,13,0,14,1,random,mean,250
2026090908,1750,250,0.480595833333,0.927700833333,0.104574485632,,0.270857142857,baseline,linear,MI,6000,2000,100,20,13,0,14,1,random,mean,250
2026090909,1750,250,0.65181875,1.23202,0.0645338782349,,0.250857142857,baseline,linear,MI,6000,2000,100,20,13,0,14,1,random,mean,250
2026090910,1750,250,0.499120833333,0.976960833333,0.101912545098,,0.205714285714,baseline,linear,MI,6000,2000,100,20,13,0,14,1,random,mean,250
2026090911,1750,250,0.69441875,1.339895,0.0557091166914,,0.226857142857,baseline,linear,MI,6000,2000,100,20,13,0,14,1,random,mean,250
2026090912,1750,250,0.432064583333,0.822533333333,0.107260345367,,0.235428571429,baseline,linear,MI,6000,2000,100,20,13,0,14,1,random,mean,250
2026090913,1750,250,0.57009375,1.1019275,0.0807262535348,,0.225142857143,baseline,linear,MI,6000,2000,100,20,13,0,14,1,random,mean,250
2026090914,1750,250,0.506433333333,0.987935833333,0.104057480917,,0.250285714286,baseline,linear,MI,6000,2000,100,20,13,0,14,1,random,mean,250
2026090915,1750,250,0.5253125,1.0147625,0.087956997718,,0.268,baseline,linear,MI,6000,2000,100,20,13,0,14,1,random,mean,250
2026090916,1750,250,0.512327083333,0.994418333333,0.090934218491,,0.234285714286,baseline,linear,MI,6000,2000,100,20,13,0,14,1,random,mean,250
2026090917,1750,250,0.482575,0.94382,0.107086493234,,0.292571428571,baseline,linear,MI,6000,2000,100,20,13,0,14,1,random,mean,250
2026090918,1750,250,0.485741666667,0.927976666667,0.0952022254934,,0.222285714286,baseline,linear,MI,6000,2000,100,20,13,0,14,1,random,mean,250
2026090919,1750,250,0.624864583333,1.18899833333,0.0687050449328,,0.154285714286,baseline,linear,MI,6000,2000,100,20,13,0,14,1,random,mean,250
2026090920,1750,250,0.700520833333,1.32770833333,0.0412665599844,,0.0931428571429,baseline,linear,MI,6000,2000,100,20,13,0,14,1,random,mean,250
2026090921,1750,250,0.530010416667,1.01992916667,0.0920468490467,,0.258857142857,baseline,linear,MI,6000,2000,100,20,13,0,14,1,random,mean,250
2026090922,1750,250,0.5125875,0.9842875,0.0946430328039,,0.250857142857,baseline,linear,MI,6000,2000,100,20,13,0,14,1,random,mean,250
2026090923,1750,250,0.47936875,0.9295975,0.105911833537,,0.192,baseline,linear,MI,6000,2000,100,20,13,0,14,1,random,mean,250
2026090924,1750,250,0.536670833333,1.00974833333,0.0914024272447,,0.248571428571,baseline,linear,MI,6000,2000,100,20,13,0,14,1,random,mean,250
2026090925,1750,250,0.517958333333,0.991655833333,0.0940306688764,,0.275428571429,baseline,linear,MI,6000,2000,100,20,13,0,14,1,random,mean,250
2026090926,1750,250,0.671804166667,1.28716416667,0.0551428088079,,0.201714285714,baseline,linear,MI,6000,2000,100,20,13,0,14,1,random,mean,250
2026090927,1750,250,0.510333333333,0.980770833333,0.0964054327939,,0.287428571429,baseline,linear,MI,6000,2000,100,20,13,0,14,1,random,mean,250
2026090928,1750,250,0.506722916667,0.954109166667,0.0984602490423,,0.305142857143,baseline,linear,MI,6000,2000,100,20,13,0,14,1,random,mean,250
2026090929,1750,250,0.514558333333,0.979790833333,0.0988361210788,,0.147428571429,baseline,linear,MI,6000,2000,100,20,13,0,14,1,random,mean,250
2026090930,1750,250,0.505241666667,0.973096666667,0.0994132605766,,0.320571428571,baseline,linear,MI,6000,2000,100,20,13,0,14,1,random,mean,250
2026090931,1750,250,0.61475,1.175385,0.0686760385827,,0.259428571429,baseline,linear,MI,6000,2000,100,20,13,0,14,1,random,mean,250
2026090900,2000,250,0.848804166667,1.58229166667,0.0284305266021,,0.2175,baseline,linear,MI,6000,2000,100,20,13,0,14,1,random,mean,250
2026090901,2000,250,0.495008333333,0.973678333333,0.103211051518,,0.29,baseline,linear,MI,6000,2000,100,20,13,0,14,1,random,mean,250
2026090902,2000,250,0.551489583333,1.05407083333,0.0880701928434,,0.191,baseline,linear,MI,6000,2000,100,20,13,0,14,1,random,mean,250
2026090903,2000,250,0.5632375,1.0731575,0.0812178244333,,0.255,baseline,linear,MI,6000,2000,100,20,13,0,14,1,random,mean,250
2026090904,2000,250,0.502445833333,0.955640833333,0.0947032785759,,0.252,baseline,linear,MI,6000,2000,100,20,13,0,14,1,random,mean,250
2026090905,2000,250,0.489960416667,0.953196666667,0.108387041943,,0.267,baseline,linear,MI,6000,2000,100,20,13,0,14,1,random,mean,250
2026090906,2000,250,0.692414583333,1.35062083333,0.0577629629739,,0.173,baseline,linear,MI,6000,2000,100,20,13,0,14,1,random,mean,250
2026090907,2000,250,0.490647916667,0.928236666667,0.0975810520965,,0.283,baseline,linear,MI,6000,2000,100,20,13,0,14,1,random,mean,250
2026090908,2000,250,0.69073125,1.3209775,0.0605341489069,,0.2515,baseline,linear,MI,6000,2000,100,20,13,0,14,1,random,mean,250
2026090909,2000,250,0.515825,1.0100525,0.0936134441941,,0.2445,baseline,linear,MI,6000,2000,100,20,13,0,14,1,random,mean,250
2026090910,2000,250,0.676125,1.2986025,0.05434968256,,0.183,baseline,linear,MI,6000,2000,100,20,13,0,14,1,random,mean,250
2026090911,2000,250,0.71875,1.3975,0.0491432306388,,0.1985,baseline,linear,MI,6000,2000,100,20,13,0,14,1,random,mean,250
2026090912,2000,250,0.557852083333,1.06748583333,0.0872608103079,,0.247,baseline,linear,MI,6000,2000,100,20,13,0,14,1,random,mean,250
2026090913,2000,250,0.491920833333,0.934318333333,0.098319340703,,0.234,baseline,linear,MI,6000,2000,100,20,13,0,14,1,random,mean,250
2026090914,2000,250,0.535402083333,1.02929833333,0.0884041163079,,0.246,baseline,linear,MI,6000,2000,100,20,13,0,14,1,random,mean,250
2026090915,2000,250,0.509177083333,0.971523333333,0.0948552451086,,0.269,baseline,linear,MI,6000,2000,100,20,13,0,14,1,random,mean,250
2026090916,2000,250,0.5738375,1.1349675,0.0811486156259,,0.215,baseline,linear,MI,6000,2000,100,20,13,0,14,1,random,mean,250
2026090917,2000,250,0.5156625,0.971575,0.0881091613656,,0.291,baseline,linear,MI,6000,2000,100,20,13,0,14,1,random,mean,250
2026090918,2000,250,0.57905625,1.1079125,0.0797927457464,,0.2235,baseline,linear,MI,6000,2000,100,20,13,0,14,1,random,mean,250
2026090919,2000,250,0.7798875,1.46086,0.0235733328624,,0.136,baseline,linear,MI,6000,2000,100,20,13,0,14,1,random,mean,250
2026090920,2000,250,0.700520833333,1.32770833333,0.0412665599844,,0.0815,baseline,linear,MI,6000,2000,100,20,13,0,14,1,random,mean,250
2026090921,2000,250,0.51098125,0.9846825,0.0950105064505,,0.266,baseline,linear,MI,6000,2000,100,20,13,0,14,1,random,mean,250
2026090922,2000,250,0.467983333333,0.896895833333,0.10674002555,,0.2645,baseline,linear,MI,6000,2000,100,20,13,0,14,1,random,mean,250
2026090923,2000,250,0.507441666667,0.975721666667,0.0971081976516,,0.2085,baseline,linear,MI,6000,2000,100,20,13,0,14,1,random,mean,250
2026090924,2000,250,0.616754166667,1.18884166667,0.0756395716361,,0.245,baseline,linear,MI,6000,2000,100,20,13,0,14,1,random,mean,250
2026090925,2000,250,0.535545833333,1.03780333333,0.0962689688152,,0.271,baseline,linear,MI,6000,2000,100,20,13,0,14,1,random,mean,250
2026090926,2000,250,0.770460416667,1.50084166667,0.0468396153749,,0.1775,baseline,linear,MI,6000,2000,100,20,13,0,14,1,random,mean,250
2026090927,2000,250,0.464372916667,0.891504166667,0.111199670575,,0.294,baseline,linear,MI,6000,2000,100,20,13,0,14,1,random,mean,250
2026090928,2000,250,0.500904166667,0.963581666667,0.101934817012,,0.3035,baseline,linear,MI,6000,2000,100,20,13,0,14,1,random,mean,250
2026090929,2000,250,0.619385416667,1.20571416667,0.0750075503489,,0.1475,baseline,linear,MI,6000,2000,100,20,13,0,14,1,random,mean,250
2026090930,2000,250,0.604179166667,1.17037916667,0.0799733839161,,0.29,baseline,linear,MI,6000,2000,100,20,13,0,14,1,random,mean,250
2026090931,2000,250,0.608877083333,1.17361583333,0.0712870946208,,0.2425,baseline,linear,MI,6000,2000,100,20,13,0,14,1,random,mean,250
2026090900,2250,250,0.540045833333,1.02024083333,0.089471604244,,0.222666666667,baseline,linear,MI,6000,2000,100,20,13,0,14,1,random,mean,250
2026090901,2250,250,0.546239583333,1.06519083333,0.0964733147577,,0.287555555556,baseline,linear,MI,6000,2000,100,20,13,0,14,1,random,mean,250
2026090902,2250,250,0.447229166667,0.864884166667,0.112956126151,,0.201333333333,baseline,linear,MI,6000,2000,100,20,13,0,14,1,random,mean,250
2026090903,2250,250,0.499785416667,0.964439166667,0.0978615744446,,0.256,baseline,linear,MI,6000,2000,100,20,13,0,14,1,random,mean,250
2026090904,2250,250,0.539570833333,1.03244083333,0.0903728187049,,0.250666666667,baseline,linear,MI,6000,2000,100,20,13,0,14,1,random,mean,250
2026090905,2250,250,0.569147916667,1.08015416667,0.0814121308172,,0.270666666667,baseline,linear,MI,6000,2000,100,20,13,0,14,1,random,mean,250
2026090906,2250,250,0.6033,1.15711,0.0793523261575,,0.177777777778,baseline,linear,MI,6000,2000,100,20,13,0,14,1,random,mean,250
2026090907,2250,250,0.56163125,1.0671075,0.085833639135,,0.285333333333,baseline,linear,MI,6000,2000,100,20,13,0,14,1,random,mean,250
2026090908,2250,250,0.524470833333,1.03662833333,0.102008207324,,0.243555555556,baseline,linear,MI,6000,2000,100,20,13,0,14,1,random,mean,250
2026090909,2250,250,0.46440625,0.9018225,0.111306019337,,0.251555555556,baseline,linear,MI,6000,2000,100,20,13,0,14,1,random,mean,250
2026090910,2250,250,0.688541666667,1.32291666667,0.0513985532652,,0.162666666667,baseline,linear,MI,6000,2000,100,20,13,0,14,1,random,mean,250
2026090911,2250,250,0.637210416667,1.23109666667,0.0706337309385,,0.194666666667,baseline,linear,MI,6000,2000,100,20,13,0,14,1,random,mean,250
2026090912,2250,250,0.539883333333,1.03752333333,0.0900292541516,,0.257777777778,baseline,linear,MI,6000,2000,100,20,13,0,14,1,random,mean,250
2026090913,2250,250,0.488133333333,0.940043333333,0.102602561377,,0.224,baseline,linear,MI,6000,2000,100,20,13,0,14,1,random,mean,250
2026090914,2250,250,0.469379166667,0.885136666667,0.09994988866,,0.247111111111,baseline,linear,MI,6000,2000,100,20,13,0,14,1,random,mean,250
2026090915,2250,250,0.49294375,0.94902,0.101234881082,,0.268888888889,baseline,linear,MI,6000,2000,100,20,13,0,14,1,random,mean,250
2026090916,2250,250,0.533297916667,1.05013666667,0.0940378459942,,0.208888888889,baseline,linear,MI,6000,2000,100,20,13,0,14,1,random,mean,250
2026090917,2250,250,0.53616875,1.0512775,0.0950613168352,,0.284444444444,baseline,linear,MI,6000,2000,100,20,13,0,14,1,random,mean,250
2026090918,2250,250,0.545379166667,1.04329916667,0.0883582225374,,0.219555555556,baseline,linear,MI,6000,2000,100,20,13,0,14,1,random,mean,250
2026090919,2250,250,0.714733333333,1.37849583333,0.0542634273126,,0.128444444444,baseline,linear,MI,6000,2000,100,20,13,0,14,1,random,mean,250
2026090920,2250,250,0.60563125,1.15597,0.0695435406844,,0.092,baseline,linear,MI,6000,2000,100,20,13,0,14,1,random,mean,250
2026090921,2250,250,0.512060416667,0.977366666667,0.0890284397135,,0.26,baseline,linear,MI,6000,2000,100,20,13,0,14,1,random,mean,250
2026090922,2250,250,0.487929166667,0.956304166667,0.108215741072,,0.266666666667,baseline,linear,MI,6000,2000,100,20,13,0,14,1,random,mean,250
2026090923,2250,250,0.498164583333,0.957860833333,0.099185883303,,0.216888888889,baseline,linear,MI,6000,2000,100,20,13,0,14,1,random,mean,250
2026090924,2250,250,0.778125,1.49125,0.0381204099786,,0.217777777778,baseline,linear,MI,6000,2000,100,20,13,0,14,1,random,mean,250
2026090925,2250,250,0.536997916667,1.02685166667,0.0905329657931,,0.267111111111,baseline,linear,MI,6000,2000,100,20,13,0,14,1,random,mean,250
2026090926,2250,250,0.5588625,1.0894925,0.0914327670322,,0.178666666667,baseline,linear,MI,6000,2000,100,20,13,0,14,1,random,mean,250
2026090927,2250,250,0.488854166667,0.929321666667,0.103358573604,,0.303111111111,baseline,linear,MI,6000,2000,100,20,13,0,14,1,random,mean,250
2026090928,2250,250,0.500095833333,0.967575833333,0.103105605444,,0.299111111111,baseline,linear,MI,6000,2000,100,20,13,0,14,1,random,mean,250
2026090929,2250,250,0.507289583333,0.969508333333,0.0973334819303,,0.164,baseline,linear,MI,6000,2000,100,20,13,0,14,1,random,mean,250
2026090930,2250,250,0.491,0.9374575,0.0985225933018,,0.298222222222,baseline,linear,MI,6000,2000,100,20,13,0,14,1,random,mean,250
2026090931,2250,250,0.641858333333,1.21563833333,0.0624529880513,,0.228,baseline,linear,MI,6000,2000,100,20,13,0,14,1,random,mean,250
2026090900,2500,250,0.499670833333,0.968063333333,0.100259609044,,0.232,baseline,linear,MI,6000,2000,100,20,13,0,14,1,random,mean,250
2026090901,2500,250,0.542929166667,1.04159916667,0.0898714438675,,0.288,baseline,linear,MI,6000,2000,100,20,13,0,14,1,random,mean,250
2026090902,2500,250,0.512870833333,0.978155833333,0.0953286843711,,0.2112,baseline,linear,MI,6000,2000,100,20,13,0,14,1,random,mean,250
2026090903,2500,250,0.489841666667,0.949739166667,0.103003158161,,0.2608,baseline,linear,MI,6000,2000,100,20,13,0,14,1,random,mean,250
2026090904,2500,250,0.5262125,0.9927625,0.0955080130389,,0.2528,baseline,linear,MI,6000,2000,100,20,13,0,14,1,random,mean,250
2026090905,2500,250,0.841145833333,1.59020833333,0.0206779950116,,0.2436,baseline,linear,MI,6000,2000,100,20,13,0,14,1,random,mean,250
2026090906,2500,250,0.582797916667,1.11141416667,0.0780469844974,,0.184,baseline,linear,MI,6000,2000,100,20,13,0,14,1,random,mean,250
2026090907,2500,250,0.6986375,1.35015,0.059818605596,,0.2656,baseline,linear,MI,6000,2000,100,20,13,0,14,1,random,mean,250
2026090908,2500,250,0.549447916667,1.05783166667,0.0899878056763,,0.2396,baseline,linear,MI,6000,2000,100,20,13,0,14,1,random,mean,250
2026090909,2500,250,0.589877083333,1.14313333333,0.0802885258505,,0.2472,baseline,linear,MI,6000,2000,100,20,13,0,14,1,random,mean,250
2026090910,2500,250,0.688541666667,1.32291666667,0.0513985532652,,0.1464,baseline,linear,MI,6000,2000,100,20,13,0,14,1,random,mean,250
2026090911,2500,250,0.579729166667,1.11039916667,0.076543986442,,0.1968,baseline,linear,MI,6000,2000,100,20,13,0,14,1,random,mean,250
2026090912,2500,250,0.51573125,0.984785,0.092831581902,,0.2616,baseline,linear,MI,6000,2000,100,20,13,0,14,1,random,mean,250
2026090913,2500,250,0.468370833333,0.911248333333,0.108710953177,,0.228,baseline,linear,MI,6000,2000,100,20,13,0,14,1,random,mean,250
2026090914,2500,250,0.598452083333,1.14208833333,0.0808281993558,,0.248,baseline,linear,MI,6000,2000,100,20,13,0,14,1,random,mean,250
2026090915,2500,250,0.491104166667,0.943971666667,0.0984388152305,,0.2668,baseline,linear,MI,6000,2000,100,20,13,0,14,1,random,mean,250
2026090916,2500,250,0.488539583333,0.938708333333,0.103233114199,,0.2168,baseline,linear,MI,6000,2000,100,20,13,0,14,1,random,mean,250
2026090917,2500,250,0.658958333333,1.25474583333,0.0637288777797,,0.272,baseline,linear,MI,6000,2000,100,20,13,0,14,1,random,mean,250
2026090918,2500,250,0.545633333333,1.04703083333,0.0866573028298,,0.2184,baseline,linear,MI,6000,2000,100,20,13,0,14,1,random,mean,250
2026090919,2500,250,0.749479166667,1.45666666667,0.0518043563489,,0.1156,baseline,linear,MI,6000,2000,100,20,13,0,14,1,random,mean,250
2026090920,2500,250,0.573777083333,1.09658333333,0.0844465423465,,0.1088,baseline,linear,MI,6000,2000,100,20,13,0,14,1,random,mean,250
2026090921,2500,250,0.589558333333,1.11354333333,0.064272625884,,0.2532,baseline,linear,MI,6000,2000,100,20,13,0,14,1,random,mean,250
2026090922,2500,250,0.562829166667,1.08140916667,0.0783237354414,,0.2532,baseline,linear,MI,6000,2000,100,20,13,0,14,1,random,mean,250
2026090923,2500,250,0.556814583333,1.06594333333,0.0857750027898,,0.2244,baseline,linear,MI,6000,2000,100,20,13,0,14,1,random,mean,250
2026090924,2500,250,0.778125,1.49125,0.0381204099786,,0.196,baseline,linear,MI,6000,2000,100,20,13,0,14,1,random,mean,250
2026090925,2500,250,0.50525,0.9674525,0.101535913537,,0.2692,baseline,linear,MI,6000,2000,100,20,13,0,14,1,random,mean,250
2026090926,2500,250,0.6743375,1.287835,0.0498414150281,,0.164,baseline,linear,MI,6000,2000,100,20,13,0,14,1,random,mean,250
2026090927,2500,250,0.469135416667,0.900284166667,0.09886184328,,0.3028,baseline,linear,MI,6000,2000,100,20,13,0,14,1,random,mean,250
2026090928,2500,250,0.4747,0.9088025,0.109154810693,,0.3052,baseline,linear,MI,6000,2000,100,20,13,0,14,1,random,mean,250
2026090929,2500,250,0.5853375,1.14664,0.0799548959588,,0.1524,baseline,linear,MI,6000,2000,100,20,13,0,14,1,random,mean,250
2026090930,2500,250,0.54288125,1.040575,0.0870776282777,,0.2932,baseline,linear,MI,6000,2000,100,20,13,0,14,1,random,mean,250
2026090931,2500,250,0.552310416667,1.06803666667,0.0900479350277,,0.2248,baseline,linear,MI,6000,2000,100,20,13,0,14,1,random,mean,250
2026090900,2750,250,0.567283333333,1.06998083333,0.0766938326015,,0.234181818182,baseline,linear,MI,6000,2000,100,20,13,0,14,1,random,mean,250
2026090901,2750,250,0.614977083333,1.18159333333,0.0734004175165,,0.268,baseline,linear,MI,6000,2000,100,20,13,0,14,1,random,mean,250
2026090902,2750,250,0.527954166667,1.01011166667,0.091528281495,,0.221818181818,baseline,linear,MI,6000,2000,100,20,13,0,14,1,random,mean,250
2026090903,2750,250,0.438691666667,0.844026666667,0.11519675109,,0.266909090909,baseline,linear,MI,6000,2000,100,20,13,0,14,1,random,mean,250
2026090904,2750,250,0.49464375,0.98123,0.108470209197,,0.250909090909,baseline,linear,MI,6000,2000,100,20,13,0,14,1,random,mean,250
2026090905,2750,250,0.845045833333,1.60190833333,0.0205512178976,,0.221818181818,baseline,linear,MI,6000,2000,100,20,13,0,14,1,random,mean,250
2026090906,2750,250,0.504235416667,0.969934166667,0.0957941325465,,0.185090909091,baseline,linear,MI,6000,2000,100,20,13,0,14,1,random,mean,250
2026090907,2750,250,0.819229166667,1.54413916667,0.0279681778977,,0.248727272727,baseline,linear,MI,6000,2000,100,20,13,0,14,1,random,mean,250
2026090908,2750,250,0.59960625,1.1438875,0.0771901422662,,0.240727272727,baseline,linear,MI,6000,2000,100,20,13,0,14,1,random,mean,250
2026090909,2750,250,0.510616666667,0.959384166667,0.0862021112008,,0.242545454545,baseline,linear,MI,6000,2000,100,20,13,0,14,1,random,mean,250
2026090910,2750,250,0.688541666667,1.32291666667,0.0513985532652,,0.133090909091,baseline,linear,MI,6000,2000,100,20,13,0,14,1,random,mean,250
2026090911,2750,250,0.532739583333,1.02633083333,0.0872921818762,,0.191272727273,baseline,linear,MI,6000,2000,100,20,13,0,14,1,random,mean,250
2026090912,2750,250,0.5003125,0.9632275,0.0960838400315,,0.261090909091,baseline,linear,MI,6000,2000,100,20,13,0,14,1,random,mean,250
2026090913,2750,250,0.43918125,0.8447225,0.108939743335,,0.234181818182,baseline,linear,MI,6000,2000,100,20,13,0,14,1,random,mean,250
2026090914,2750,250,0.509439583333,0.973588333333,0.0942583754104,,0.253090909091,baseline,linear,MI,6000,2000,100,20,13,0,14,1,random,mean,250
2026090915,2750,250,0.456397916667,0.877789166667,0.110934345796,,0.274545454545,baseline,linear,MI,6000,2000,100,20,13,0,14,1,random,mean,250
2026090916,2750,250,0.649189583333,1.26521083333,0.0608577282803,,0.201090909091,baseline,linear,MI,6000,2000,100,20,13,0,14,1,random,mean,250
2026090917,2750,250,0.553079166667,1.09582666667,0.0921224822882,,0.257818181818,baseline,linear,MI,6000,2000,100,20,13,0,14,1,random,mean,250
2026090918,2750,250,0.564133333333,1.07157833333,0.0838444748275,,0.223272727273,baseline,linear,MI,6000,2000,100,20,13,0,14,1,random,mean,250
2026090919,2750,250,0.749479166667,1.45666666667,0.0518043563489,,0.105090909091,baseline,linear,MI,6000,2000,100,20,13,0,14,1,random,mean,250
2026090920,2750,250,0.470220833333,0.906718333333,0.106095239092,,0.130545454545,baseline,linear,MI,6000,2000,100,20,13,0,14,1,random,mean,250
2026090921,2750,250,0.588102083333,1.12307333333,0.0641732246018,,0.234909090909,baseline,linear,MI,6000,2000,100,20,13,0,14,1,random,mean,250
2026090922,2750,250,0.486983333333,0.929380833333,0.108898329929,,0.246545454545,baseline,linear,MI,6000,2000,100,20,13,0,14,1,random,mean,250
2026090923,2750,250,0.4824125,0.93034,0.106516243053,,0.232727272727,baseline,linear,MI,6000,2000,100,20,13,0,14,1,random,mean,250
2026090924,2750,250,0.568616666667,1.09242416667,0.0838360432869,,0.196727272727,baseline,linear,MI,6000,2000,100,20,13,0,14,1,random,mean,250
2026090925,2750,250,0.47959375,0.9234225,0.100961950991,,0.269090909091,baseline,linear,MI,6000,2000,100,20,13,0,14,1,random,mean,250
2026090926,2750,250,0.752458333333,1.42705833333,0.0259878263765,,0.149818181818,baseline,linear,MI,6000,2000,100,20,13,0,14,1,random,mean,250
2026090927,2750,250,0.562577083333,1.08355333333,0.0812591346603,,0.287636363636,baseline,linear,MI,6000,2000,100,20,13,0,14,1,random,mean,250
2026090928,2750,250,0.498825,0.96781,0.102231394201,,0.302545454545,baseline,linear,MI,6000,2000,100,20,13,0,14,1,random,mean,250
2026090929,2750,250,0.606770833333,1.19583333333,0.0744437449956,,0.138545454545,baseline,linear,MI,6000,2000,100,20,13,0,14,1,random,mean,250
2026090930,2750,250,0.73936875,1.4183625,0.0409919368912,,0.268727272727,baseline,linear,MI,6000,2000,100,20,13,0,14,1,random,mean,250
2026090931,2750,250,0.744358333333,1.40708833333,0.0444233564051,,0.213090909091,baseline,linear,MI,6000,2000,100,20,13,0,14,1,random,mean,250
2026090900,3000,250,0.493585416667,0.941621666667,0.100177829543,,0.240666666667,baseline,linear,MI,6000,2000,100,20,13,0,14,1,random,mean,250
2026090901,3000,250,0.54529375,1.029945,0.0875023662195,,0.253666666667,baseline,linear,MI,6000,2000,100,20,13,0,14,1,random,mean,250
2026090902,3000,250,0.53260625,1.023235,0.0962373322114,,0.227666666667,baseline,linear,MI,6000,2000,100,20,13,0,14,1,random,mean,250
2026090903,3000,250,0.503014583333,0.964643333333,0.100136757074,,0.276333333333,baseline,linear,MI,6000,2000,100,20,13,0,14,1,random,mean,250
2026090904,3000,250,0.48573125,0.9366175,0.105001721954,,0.252666666667,baseline,linear,MI,6000,2000,100,20,13,0,14,1,random,mean,250
2026090905,3000,250,0.80934375,1.54907,0.0295232399705,,0.205333333333,baseline,linear,MI,6000,2000,100,20,13,0,14,1,random,mean,250
2026090906,3000,250,0.59265625,1.130085,0.0787740100247,,0.191,baseline,linear,MI,6000,2000,100,20,13,0,14,1,random,mean,250
2026090907,3000,250,0.5564875,1.073915,0.0862203292177,,0.246666666667,baseline,linear,MI,6000,2000,100,20,13,0,14,1,random,mean,250
2026090908,3000,250,0.576758333333,1.10669583333,0.080739292034,,0.245666666667,baseline,linear,MI,6000,2000,100,20,13,0,14,1,random,mean,250
2026090909,3000,250,0.427241666667,0.834634166667,0.119383299487,,0.241666666667,baseline,linear,MI,6000,2000,100,20,13,0,14,1,random,mean,250
2026090910,3000,250,0.688541666667,1.32291666667,0.0513985532652,,0.122,baseline,linear,MI,6000,2000,100,20,13,0,14,1,random,mean,250
2026090911,3000,250,0.5274875,1.0090725,0.0896566551769,,0.195333333333,baseline,linear,MI,6000,2000,100,20,13,0,14,1,random,mean,250
2026090912,3000,250,0.537072916667,1.03073166667,0.0871061733979,,0.263,baseline,linear,MI,6000,2000,100,20,13,0,14,1,random,mean,250
2026090913,3000,250,0.543289583333,1.03725083333,0.0877226091223,,0.233666666667,baseline,linear,MI,6000,2000,100,20,13,0,14,1,random,mean,250
2026090914,3000,250,0.510679166667,0.966269166667,0.0945897936599,,0.253,baseline,linear,MI,6000,2000,100,20,13,0,14,1,random,mean,250
2026090915,3000,250,0.509952083333,0.984848333333,0.0976828144999,,0.273,baseline,linear,MI,6000,2000,100,20,13,0,14,1,random,mean,250
2026090916,3000,250,0.64894375,1.2832975,0.0645448700978,,0.185,baseline,linear,MI,6000,2000,100,20,13,0,14,1,random,mean,250
2026090917,3000,250,0.5474875,1.0474375,0.0925626023676,,0.256666666667,baseline,linear,MI,6000,2000,100,20,13,0,14,1,random,mean,250
2026090918,3000,250,0.483847916667,0.925829166667,0.0992506811837,,0.229333333333,baseline,linear,MI,6000,2000,100,20,13,0,14,1,random,mean,250
2026090919,3000,250,0.723072916667,1.40856666667,0.0582008162027,,0.0966666666667,baseline,linear,MI,6000,2000,100,20,13,0,14,1,random,mean,250
2026090920,3000,250,0.509885416667,0.973386666667,0.0952407399075,,0.148333333333,baseline,linear,MI,6000,2000,100,20,13,0,14,1,random,mean,250
2026090921,3000,250,0.4982125,0.9628325,0.0982904118821,,0.229666666667,baseline,linear,MI,6000,2000,100,20,13,0,14,1,random,mean,250
2026090922,3000,250,0.555702083333,1.05594083333,0.0790087309087,,0.246333333333,baseline,linear,MI,6000,2000,100,20,13,0,14,1,random,mean,250
2026090923,3000,250,0.497827083333,0.965848333333,0.0987251802131,,0.235333333333,baseline,linear,MI,6000,2000,100,20,13,0,14,1,random,mean,250
2026090924,3000,250,0.437770833333,0.847095833333,0.114647107697,,0.207666666667,baseline,linear,MI,6000,2000,100,20,13,0,14,1,random,mean,250
2026090925,3000,250,0.5638875,1.0859625,0.0857259832679,,0.262333333333,baseline,linear,MI,6000,2000,100,20,13,0,14,1,random,mean,250
2026090926,3000,250,0.638614583333,1.23330833333,0.0629476084499,,0.150666666667,baseline,linear,MI,6000,2000,100,20,13,0,14,1,random,mean,250
2026090927,3000,250,0.628541666667,1.20541166667,0.0611910764695,,0.264,baseline,linear,MI,6000,2000,100,20,13,0,14,1,random,mean,250
2026090928,3000,250,0.575345833333,1.10648833333,0.0814355344263,,0.291666666667,baseline,linear,MI,6000,2000,100,20,13,0,14,1,random,mean,250
2026090929,3000,250,0.610525,1.1954575,0.0702579036502,,0.128333333333,baseline,linear,MI,6000,2000,100,20,13,0,14,1,random,mean,250
2026090930,3000,250,0.790391666667,1.50119916667,0.0358867293073,,0.247333333333,baseline,linear,MI,6000,2000,100,20,13,0,14,1,random,mean,250
2026090931,3000,250,0.65021875,1.2390325,0.0672362074235,,0.210333333333,baseline,linear,MI,6000,2000,100,20,13,0,14,1,random,mean,250
2026090900,3250,250,0.496183333333,0.956515833333,0.0985826505323,,0.245538461538,baseline,linear,MI,6000,2000,100,20,13,0,14,1,random,mean,250
2026090901,3250,250,0.47686875,0.90808,0.101669177633,,0.261538461538,baseline,linear,MI,6000,2000,100,20,13,0,14,1,random,mean,250
2026090902,3250,250,0.53504375,1.0218825,0.0889412213585,,0.231076923077,baseline,linear,MI,6000,2000,100,20,13,0,14,1,random,mean,250
2026090903,3250,250,0.59836875,1.14615,0.0750123075113,,0.269846153846,baseline,linear,MI,6000,2000,100,20,13,0,14,1,random,mean,250
2026090904,3250,250,0.501083333333,0.953718333333,0.099270534233,,0.256923076923,baseline,linear,MI,6000,2000,100,20,13,0,14,1,random,mean,250
2026090905,3250,250,0.7703125,1.485625,0.0358463746404,,0.189538461538,baseline,linear,MI,6000,2000,100,20,13,0,14,1,random,mean,250
2026090906,3250,250,0.749479166667,1.39729166667,0.0259205324006,,0.176307692308,baseline,linear,MI,6000,2000,100,20,13,0,14,1,random,mean,250
2026090907,3250,250,0.563852083333,1.08130083333,0.0832104449243,,0.243384615385,baseline,linear,MI,6000,2000,100,20,13,0,14,1,random,mean,250
2026090908,3250,250,0.66144375,1.25417,0.0536599208877,,0.233230769231,baseline,linear,MI,6000,2000,100,20,13,0,14,1,random,mean,250
2026090909,3250,250,0.532641666667,1.02492666667,0.0901763169705,,0.242153846154,baseline,linear,MI,6000,2000,100,20,13,0,14,1,random,mean,250
2026090910,3250,250,0.679197916667,1.30555166667,0.0524183055281,,0.112923076923,baseline,linear,MI,6000,2000,100,20,13,0,14,1,random,mean,250
2026090911,3250,250,0.505185416667,0.988914166667,0.105239769561,,0.208615384615,baseline,linear,MI,6000,2000,100,20,13,0,14,1,random,mean,250
2026090912,3250,250,0.53205625,1.009865,0.0928480051537,,0.263692307692,baseline,linear,MI,6000,2000,100,20,13,0,14,1,random,mean,250
2026090913,3250,250,0.47360625,0.921805,0.106705347129,,0.234769230769,baseline,linear,MI,6000,2000,100,20,13,0,14,1,random,mean,250
2026090914,3250,250,0.506627083333,0.979703333333,0.101843345253,,0.250769230769,baseline,linear,MI,6000,2000,100,20,13,0,14,1,random,mean,250
2026090915,3250,250,0.498535416667,0.958684166667,0.0987696075889,,0.277846153846,baseline,linear,MI,6000,2000,100,20,13,0,14,1,random,mean,250
2026090916,3250,250,0.525070833333,1.01024083333,0.0949797482309,,0.194153846154,baseline,linear,MI,6000,2000,100,20,13,0,14,1,random,mean,250
2026090917,3250,250,0.4866125,0.936205,0.0966788672234,,0.256,baseline,linear,MI,6000,2000,100,20,13,0,14,1,random,mean,250
2026090918,3250,250,0.471879166667,0.906794166667,0.108382213731,,0.236307692308,baseline,linear,MI,6000,2000,100,20,13,0,14,1,random,mean,250
2026090919,3250,250,0.7147625,1.39178,0.0597398180656,,0.0895384615385,baseline,linear,MI,6000,2000,100,20,13,0,14,1,random,mean,250
2026090920,3250,250,0.533479166667,1.03350166667,0.0932568064041,,0.159076923077,baseline,linear,MI,6000,2000,100,20,13,0,14,1,random,mean,250
2026090921,3250,250,0.780729166667,1.49104166667,0.0477272711075,,0.212,baseline,linear,MI,6000,2000,100,20,13,0,14,1,random,mean,250
2026090922,3250,250,0.502125,0.9585525,0.0949748374864,,0.255692307692,baseline,linear,MI,6000,2000,100,20,13,0,14,1,random,mean,250
2026090923,3250,250,0.613016666667,1.15152166667,0.0643516552925,,0.233538461538,baseline,linear,MI,6000,2000,100,20,13,0,14,1,random,mean,250
2026090924,3250,250,0.540922916667,1.02266666667,0.0863805973493,,0.214769230769,baseline,linear,MI,6000,2000,100,20,13,0,14,1,random,mean,250
2026090925,3250,250,0.615597916667,1.18836416667,0.074297840399,,0.258461538462,baseline,linear,MI,6000,2000,100,20,13,0,14,1,random,mean,250
2026090926,3250,250,0.473752083333,0.907188333333,0.101681626681,,0.164923076923,baseline,linear,MI,6000,2000,100,20,13,0,14,1,random,mean,250
2026090927,3250,250,0.573177083333,1.11155083333,0.0795220407268,,0.251076923077,baseline,linear,MI,6000,2000,100,20,13,0,14,1,random,mean,250
2026090928,3250,250,0.657991666667,1.25443916667,0.0554680597533,,0.277230769231,baseline,linear,MI,6000,2000,100,20,13,0,14,1,random,mean,250
2026090929,3250,250,0.665629166667,1.26735416667,0.0557424426073,,0.122769230769,baseline,linear,MI,6000,2000,100,20,13,0,14,1,random,mean,250
2026090930,3250,250,0.464852083333,0.896488333333,0.107934186875,,0.254461538462,baseline,linear,MI,6000,2000,100,20,13,0,14,1,random,mean,250
2026090931,3250,250,0.530997916667,0.999339166667,0.0826040175087,,0.216307692308,baseline,linear,MI,6000,2000,100,20,13,0,14,1,random,mean,250
2026090900,3500,250,0.619947916667,1.20706666667,0.0759752676851,,0.235142857143,baseline,linear,MI,6000,2000,100,20,13,0,14,1,random,mean,250
2026090901,3500,250,0.52760625,1.0439425,0.0958290355628,,0.256285714286,baseline,linear,MI,6000,2000,100,20,13,0,14,1,random,mean,250
2026090902,3500,250,0.503985416667,0.964221666667,0.0924035699686,,0.231142857143,baseline,linear,MI,6000,2000,100,20,13,0,14,1,random,mean,250
2026090903,3500,250,0.587777083333,1.11928833333,0.0731151011003,,0.265428571429,baseline,linear,MI,6000,2000,100,20,13,0,14,1,random,mean,250
2026090904,3500,250,0.559652083333,1.07993833333,0.0870176545106,,0.254571428571,baseline,linear,MI,6000,2000,100,20,13,0,14,1,random,mean,250
2026090905,3500,250,0.7703125,1.485625,0.0358463746404,,0.176,baseline,linear,MI,6000,2000,100,20,13,0,14,1,random,mean,250
2026090906,3500,250,0.4743,0.9332925,0.110230508922,,0.184285714286,baseline,linear,MI,6000,2000,100,20,13,0,14,1,random,mean,250
2026090907,3500,250,0.507735416667,0.968101666667,0.0952023934513,,0.249428571429,baseline,linear,MI,6000,2000,100,20,13,0,14,1,random,mean,250
2026090908,3500,250,0.639377083333,1.21190833333,0.0581563482192,,0.227714285714,baseline,linear,MI,6000,2000,100,20,13,0,14,1,random,mean,250
2026090909,3500,250,0.521033333333,0.995583333333,0.0880072658643,,0.238571428571,baseline,linear,MI,6000,2000,100,20,13,0,14,1,random,mean,250
2026090910,3500,250,0.653033333333,1.25461333333,0.0583306186001,,0.105428571429,baseline,linear,MI,6000,2000,100,20,13,0,14,1,random,mean,250
2026090911,3500,250,0.497304166667,0.973864166667,0.0999587397261,,0.207428571429,baseline,linear,MI,6000,2000,100,20,13,0,14,1,random,mean,250
2026090912,3500,250,0.502002083333,0.947080833333,0.0943816650913,,0.264571428571,baseline,linear,MI,6000,2000,100,20,13,0,14,1,random,mean,250
2026090913,3500,250,0.482116666667,0.928171666667,0.104587430381,,0.234285714286,baseline,linear,MI,6000,2000,100,20,13,0,14,1,random,mean,250
2026090914,3500,250,0.53594375,1.02749,0.0921629355142,,0.248571428571,baseline,linear,MI,6000,2000,100,20,13,0,14,1,random,mean,250
2026090915,3500,250,0.524304166667,0.991644166667,0.0905457720298,,0.275714285714,baseline,linear,MI,6000,2000,100,20,13,0,14,1,random,mean,250
2026090916,3500,250,0.519029166667,0.979494166667,0.0900927291161,,0.203428571429,baseline,linear,MI,6000,2000,100,20,13,0,14,1,random,mean,250
2026090917,3500,250,0.534,1.016475,0.0903812612051,,0.260285714286,baseline,linear,MI,6000,2000,100,20,13,0,14,1,random,mean,250
2026090918,3500,250,0.478289583333,0.905085833333,0.0972762070188,,0.242285714286,baseline,linear,MI,6000,2000,100,20,13,0,14,1,random,mean,250
2026090919,3500,250,0.60959375,1.17228,0.075233765968,,0.0954285714286,baseline,linear,MI,6000,2000,100,20,13,0,14,1,random,mean,250
2026090920,3500,250,0.4889125,0.9326225,0.0979398468777,,0.168,baseline,linear,MI,6000,2000,100,20,13,0,14,1,random,mean,250
2026090921,3500,250,0.780729166667,1.49104166667,0.0477272711075,,0.196857142857,baseline,linear,MI,6000,2000,100,20,13,0,14,1,random,mean,250
2026090922,3500,250,0.59994375,1.1476825,0.0748085372735,,0.243714285714,baseline,linear,MI,6000,2000,100,20,13,0,14,1,random,mean,250
2026090923,3500,250,0.494029166667,0.945099166667,0.0995157950672,,0.235428571429,baseline,linear,MI,6000,2000,100,20,13,0,14,1,random,mean,250
2026090924,3500,250,0.527297916667,1.00113416667,0.0902242145245,,0.223714285714,baseline,linear,MI,6000,2000,100,20,13,0,14,1,random,mean,250
2026090925,3500,250,0.526866666667,0.997341666667,0.0902244609321,,0.263142857143,baseline,linear,MI,6000,2000,100,20,13,0,14,1,random,mean,250
2026090926,3500,250,0.529514583333,1.00589333333,0.0852690441796,,0.169428571429,baseline,linear,MI,6000,2000,100,20,13,0,14,1,random,mean,250
2026090927,3500,250,0.528808333333,1.01553833333,0.0927765346122,,0.249142857143,baseline,linear,MI,6000,2000,100,20,13,0,14,1,random,mean,250
2026090928,3500,250,0.63095,1.2120525,0.0561983693332,,0.261428571429,baseline,linear,MI,6000,2000,100,20,13,0,14,1,random,mean,250
2026090929,3500,250,0.548472916667,1.04036666667,0.0860841396096,,0.125428571429,baseline,linear,MI,6000,2000,100,20,13,0,14,1,random,mean,250
2026090930,3500,250,0.503402083333,0.972608333333,0.0971869086703,,0.259428571429,baseline,linear,MI,6000,2000,100,20,13,0,14,1,random,mean,250
2026090931,3500,250,0.543675,1.0272325,0.0847699174541,,0.222571428571,baseline,linear,MI,6000,2000,100,20,13,0,14,1,random,mean,250
2026090900,3750,250,0.520097916667,0.997779166667,0.098096251537,,0.24,baseline,linear,MI,6000,2000,100,20,13,0,14,1,random,mean,250
2026090901,3750,250,0.49610625,0.9495825,0.0975008811319,,0.245866666667,baseline,linear,MI,6000,2000,100,20,13,0,14,1,random,mean,250
2026090902,3750,250,0.543595833333,1.04295333333,0.0889557775643,,0.234933333333,baseline,linear,MI,6000,2000,100,20,13,0,14,1,random,mean,250
2026090903,3750,250,0.5182875,0.98759,0.0967809248306,,0.266933333333,baseline,linear,MI,6000,2000,100,20,13,0,14,1,random,mean,250
2026090904,3750,250,0.535508333333,1.02078833333,0.0920496492862,,0.260266666667,baseline,linear,MI,6000,2000,100,20,13,0,14,1,random,mean,250
2026090905,3750,250,0.8443125,1.612065,0.030348207195,,0.165066666667,baseline,linear,MI,6000,2000,100,20,13,0,14,1,random,mean,250
2026090906,3750,250,0.553154166667,1.06199166667,0.0928524650228,,0.186933333333,baseline,linear,MI,6000,2000,100,20,13,0,14,1,random,mean,250
2026090907,3750,250,0.48775,0.9077525,0.0916165095543,,0.253066666667,baseline,linear,MI,6000,2000,100,20,13,0,14,1,random,mean,250
2026090908,3750,250,0.535260416667,1.03057416667,0.0944617083234,,0.231466666667,baseline,linear,MI,6000,2000,100,20,13,0,14,1,random,mean,250
2026090909,3750,250,0.539033333333,1.02356833333,0.0903402411359,,0.237866666667,baseline,linear,MI,6000,2000,100,20,13,0,14,1,random,mean,250
2026090910,3750,250,0.761979166667,1.45666666667,0.0338227489234,,0.0984,baseline,linear,MI,6000,2000,100,20,13,0,14,1,random,mean,250
2026090911,3750,250,0.50674375,0.9762225,0.100867755951,,0.216533333333,baseline,linear,MI,6000,2000,100,20,13,0,14,1,random,mean,250
2026090912,3750,250,0.520522916667,0.988679166667,0.0952855577093,,0.266666666667,baseline,linear,MI,6000,2000,100,20,13,0,14,1,random,mean,250
2026090913,3750,250,0.5024875,0.9703525,0.102763081258,,0.230133333333,baseline,linear,MI,6000,2000,100,20,13,0,14,1,random,mean,250
2026090914,3750,250,0.55171875,1.058095,0.0893186838426,,0.248533333333,baseline,linear,MI,6000,2000,100,20,13,0,14,1,random,mean,250
2026090915,3750,250,0.505389583333,0.968348333333,0.095695950053,,0.2808,baseline,linear,MI,6000,2000,100,20,13,0,14,1,random,mean,250
2026090916,3750,250,0.546216666667,1.03778166667,0.0855928820143,,0.2064,baseline,linear,MI,6000,2000,100,20,13,0,14,1,random,mean,250
2026090917,3750,250,0.503102083333,0.966348333333,0.101364335239,,0.2672,baseline,linear,MI,6000,2000,100,20,13,0,14,1,random,mean,250
2026090918,3750,250,0.53700625,1.018815,0.0896603257671,,0.241333333333,baseline,linear,MI,6000,2000,100,20,13,0,14,1,random,mean,250
2026090919,3750,250,0.443041666667,0.856694166667,0.114870183321,,0.1072,baseline,linear,MI,6000,2000,100,20,13,0,14,1,random,mean,250
2026090920,3750,250,0.567560416667,1.08358416667,0.080948746455,,0.1712,baseline,linear,MI,6000,2000,100,20,13,0,14,1,random,mean,250
2026090921,3750,250,0.780729166667,1.49104166667,0.0477272711075,,0.183733333333,baseline,linear,MI,6000,2000,100,20,13,0,14,1,random,mean,250
2026090922,3750,250,0.610095833333,1.16812083333,0.0736618212402,,0.2384,baseline,linear,MI,6000,2000,100,20,13,0,14,1,random,mean,250
2026090923,3750,250,0.594983333333,1.12621083333,0.0748541408183,,0.231466666667,baseline,linear,MI,6000,2000,100,20,13,0,14,1,random,mean,250
2026090924,3750,250,0.615179166667,1.16583166667,0.0647607820078,,0.2232,baseline,linear,MI,6000,2000,100,20,13,0,14,1,random,mean,250
2026090925,3750,250,0.601447916667,1.14412166667,0.0735617959275,,0.258133333333,baseline,linear,MI,6000,2000,100,20,13,0,14,1,random,mean,250
2026090926,3750,250,0.520704166667,1.00173416667,0.0946733767703,,0.172,baseline,linear,MI,6000,2000,100,20,13,0,14,1,random,mean,250
2026090927,3750,250,0.62491875,1.202845,0.0692324795497,,0.2424,baseline,linear,MI,6000,2000,100,20,13,0,14,1,random,mean,250
2026090928,3750,250,0.608789583333,1.18662083333,0.0712204371276,,0.252266666667,baseline,linear,MI,6000,2000,100,20,13,0,14,1,random,mean,250
2026090929,3750,250,0.4665625,0.8939675,0.101148533615,,0.136,baseline,linear,MI,6000,2000,100,20,13,0,14,1,random,mean,250
2026090930,3750,250,0.519002083333,1.00024583333,0.0969096973686,,0.2576,baseline,linear,MI,6000,2000,100,20,13,0,14,1,random,mean,250
2026090931,3750,250,0.4819875,0.92978,0.100785562012,,0.223733333333,baseline,linear,MI,6000,2000,100,20,13,0,14,1,random,mean,250
2026090900,4000,250,0.49356875,0.9530225,0.101379060433,,0.247,baseline,linear,MI,6000,2000,100,20,13,0,14,1,random,mean,250
2026090901,4000,250,0.542954166667,1.04424166667,0.0827345749332,,0.24125,baseline,linear,MI,6000,2000,100,20,13,0,14,1,random,mean,250
2026090902,4000,250,0.506152083333,0.966060833333,0.096431894367,,0.23725,baseline,linear,MI,6000,2000,100,20,13,0,14,1,random,mean,250
2026090903,4000,250,0.495120833333,0.951470833333,0.098013247529,,0.27,baseline,linear,MI,6000,2000,100,20,13,0,14,1,random,mean,250
2026090904,4000,250,0.492047916667,0.950131666667,0.0989053347602,,0.26325,baseline,linear,MI,6000,2000,100,20,13,0,14,1,random,mean,250
2026090905,4000,250,0.66374375,1.27678,0.0632778426889,,0.16575,baseline,linear,MI,6000,2000,100,20,13,0,14,1,random,mean,250
2026090906,4000,250,0.56689375,1.07999,0.0853651985236,,0.19225,baseline,linear,MI,6000,2000,100,20,13,0,14,1,random,mean,250
2026090907,4000,250,0.501952083333,0.967218333333,0.102638978698,,0.2575,baseline,linear,MI,6000,2000,100,20,13,0,14,1,random,mean,250
2026090908,4000,250,0.522564583333,1.00530833333,0.0928626354077,,0.2335,baseline,linear,MI,6000,2000,100,20,13,0,14,1,random,mean,250
2026090909,4000,250,0.558358333333,1.06160083333,0.0854159588557,,0.23875,baseline,linear,MI,6000,2000,100,20,13,0,14,1,random,mean,250
2026090910,4000,250,0.761979166667,1.45666666667,0.0338227489234,,0.09225,baseline,linear,MI,6000,2000,100,20,13,0,14,1,random,mean,250
2026090911,4000,250,0.50454375,0.955765,0.0965990118698,,0.2225,baseline,linear,MI,6000,2000,100,20,13,0,14,1,random,mean,250
2026090912,4000,250,0.549316666667,1.05697416667,0.088480589079,,0.26575,baseline,linear,MI,6000,2000,100,20,13,0,14,1,random,mean,250
2026090913,4000,250,0.531054166667,1.01661916667,0.0899150834923,,0.233,baseline,linear,MI,6000,2000,100,20,13,0,14,1,random,mean,250
2026090914,4000,250,0.4691125,0.8961525,0.108038352841,,0.2545,baseline,linear,MI,6000,2000,100,20,13,0,14,1,random,mean,250
2026090915,4000,250,0.487514583333,0.940358333333,0.10308721738,,0.282,baseline,linear,MI,6000,2000,100,20,13,0,14,1,random,mean,250
2026090916,4000,250,0.505745833333,0.961370833333,0.0973856770819,,0.21225,baseline,linear,MI,6000,2000,100,20,13,0,14,1,random,mean,250
2026090917,4000,250,0.545260416667,1.03661416667,0.0878693634078,,0.264,baseline,linear,MI,6000,2000,100,20,13,0,14,1,random,mean,250
2026090918,4000,250,0.531775,1.0133375,0.0916555816015,,0.245,baseline,linear,MI,6000,2000,100,20,13,0,14,1,random,mean,250
2026090919,4000,250,0.59104375,1.12076,0.0755932403997,,0.11825,baseline,linear,MI,6000,2000,100,20,13,0,14,1,random,mean,250
2026090920,4000,250,0.477764583333,0.922938333333,0.111672488154,,0.17875,baseline,linear,MI,6000,2000,100,20,13,0,14,1,random,mean,250
2026090921,4000,250,0.780729166667,1.49104166667,0.0477272711075,,0.17225,baseline,linear,MI,6000,2000,100,20,13,0,14,1,random,mean,250
2026090922,4000,250,0.4662,0.897095,0.108525813684,,0.2465,baseline,linear,MI,6000,2000,100,20,13,0,14,1,random,mean,250
2026090923,4000,250,0.4988125,0.94113,0.0988372713163,,0.23575,baseline,linear,MI,6000,2000,100,20,13,0,14,1,random,mean,250
2026090924,4000,250,0.651110416667,1.22097916667,0.048930992051,,0.21375,baseline,linear,MI,6000,2000,100,20,13,0,14,1,random,mean,250
2026090925,4000,250,0.47835,0.9092025,0.0989837353112,,0.26175,baseline,linear,MI,6000,2000,100,20,13,0,14,1,random,mean,250
2026090926,4000,250,0.539229166667,1.02897666667,0.0878466213728,,0.17675,baseline,linear,MI,6000,2000,100,20,13,0,14,1,random,mean,250
2026090927,4000,250,0.511391666667,0.988854166667,0.102053549884,,0.251,baseline,linear,MI,6000,2000,100,20,13,0,14,1,random,mean,250
2026090928,4000,250,0.525464583333,1.02355833333,0.0988967473237,,0.253,baseline,linear,MI,6000,2000,100,20,13,0,14,1,random,mean,250
2026090929,4000,250,0.467985416667,0.900456666667,0.111963630346,,0.145,baseline,linear,MI,6000,2000,100,20,13,0,14,1,random,mean,250
2026090930,4000,250,0.5575125,1.06665,0.0884662323974,,0.25925,baseline,linear,MI,6000,2000,100,20,13,0,14,1,random,mean,250
2026090931,4000,250,0.519529166667,0.987051666667,0.0879324549968,,0.22775,baseline,linear,MI,6000,2000,100,20,13,0,14,1,random,mean,250
2026090900,4250,250,0.656597916667,1.24556916667,0.0619584030234,,0.244,baseline,linear,MI,6000,2000,100,20,13,0,14,1,random,mean,250
2026090901,4250,250,0.543154166667,1.03852916667,0.0887264852336,,0.245647058824,baseline,linear,MI,6000,2000,100,20,13,0,14,1,random,mean,250
2026090902,4250,250,0.597091666667,1.13441916667,0.0762182348156,,0.240470588235,baseline,linear,MI,6000,2000,100,20,13,0,14,1,random,mean,250
2026090903,4250,250,0.435997916667,0.838831666667,0.113494037982,,0.270352941176,baseline,linear,MI,6000,2000,100,20,13,0,14,1,random,mean,250
2026090904,4250,250,0.515208333333,0.984975833333,0.0961379650264,,0.262117647059,baseline,linear,MI,6000,2000,100,20,13,0,14,1,random,mean,250
2026090905,4250,250,0.582435416667,1.10949416667,0.0754681190988,,0.171058823529,baseline,linear,MI,6000,2000,100,20,13,0,14,1,random,mean,250
2026090906,4250,250,0.507945833333,0.963460833333,0.0938465507097,,0.198352941176,baseline,linear,MI,6000,2000,100,20,13,0,14,1,random,mean,250
2026090907,4250,250,0.500466666667,0.977931666667,0.104326816947,,0.257411764706,baseline,linear,MI,6000,2000,100,20,13,0,14,1,random,mean,250
2026090908,4250,250,0.58556875,1.1260025,0.0790060256225,,0.228705882353,baseline,linear,MI,6000,2000,100,20,13,0,14,1,random,mean,250
2026090909,4250,250,0.512904166667,0.986429166667,0.0964531235996,,0.238352941176,baseline,linear,MI,6000,2000,100,20,13,0,14,1,random,mean,250
2026090910,4250,250,0.790433333333,1.50632333333,0.0279400854493,,0.0872941176471,baseline,linear,MI,6000,2000,100,20,13,0,14,1,random,mean,250
2026090911,4250,250,0.512533333333,0.984510833333,0.0971276900933,,0.226352941176,baseline,linear,MI,6000,2000,100,20,13,0,14,1,random,mean,250
2026090912,4250,250,0.490879166667,0.937696666667,0.104519003182,,0.269647058824,baseline,linear,MI,6000,2000,100,20,13,0,14,1,random,mean,250
2026090913,4250,250,0.54095,1.02498,0.0855122921463,,0.232235294118,baseline,linear,MI,6000,2000,100,20,13,0,14,1,random,mean,250
2026090914,4250,250,0.511729166667,0.972629166667,0.0964529552888,,0.254588235294,baseline,linear,MI,6000,2000,100,20,13,0,14,1,random,mean,250
2026090915,4250,250,0.526764583333,1.00160333333,0.0926068060095,,0.288,baseline,linear,MI,6000,2000,100,20,13,0,14,1,random,mean,250
2026090916,4250,250,0.507954166667,0.974754166667,0.0999836089481,,0.219529411765,baseline,linear,MI,6000,2000,100,20,13,0,14,1,random,mean,250
2026090917,4250,250,0.5907875,1.127045,0.0847283664486,,0.261882352941,baseline,linear,MI,6000,2000,100,20,13,0,14,1,random,mean,250
2026090918,4250,250,0.793216666667,1.48495666667,0.0364444705499,,0.231764705882,baseline,linear,MI,6000,2000,100,20,13,0,14,1,random,mean,250
2026090919,4250,250,0.524933333333,1.00161083333,0.0884621589514,,0.126588235294,baseline,linear,MI,6000,2000,100,20,13,0,14,1,random,mean,250
2026090920,4250,250,0.678645833333,1.33083333333,0.0575671658221,,0.168470588235,baseline,linear,MI,6000,2000,100,20,13,0,14,1,random,mean,250
2026090921,4250,250,0.780729166667,1.49104166667,0.0477272711075,,0.162117647059,baseline,linear,MI,6000,2000,100,20,13,0,14,1,random,mean,250
2026090922,4250,250,0.524652083333,0.994753333333,0.0879876430398,,0.251294117647,baseline,linear,MI,6000,2000,100,20,13,0,14,1,random,mean,250
2026090923,4250,250,0.56393125,1.1132525,0.08940420497,,0.231294117647,baseline,linear,MI,6000,2000,100,20,13,0,14,1,random,mean,250
2026090924,4250,250,0.48819375,0.9479075,0.101917499193,,0.217411764706,baseline,linear,MI,6000,2000,100,20,13,0,14,1,random,mean,250
2026090925,4250,250,0.438054166667,0.841509166667,0.113620231851,,0.261647058824,baseline,linear,MI,6000,2000,100,20,13,0,14,1,random,mean,250
2026090926,4250,250,0.488964583333,0.943225833333,0.10315024847,,0.18,baseline,linear,MI,6000,2000,100,20,13,0,14,1,random,mean,250
2026090927,4250,250,0.4893,0.9326375,0.0970934725641,,0.255764705882,baseline,linear,MI,6000,2000,100,20,13,0,14,1,random,mean,250
2026090928,4250,250,0.484102083333,0.924105833333,0.101524996025,,0.255764705882,baseline,linear,MI,6000,2000,100,20,13,0,14,1,random,mean,250
2026090929,4250,250,0.511052083333,0.974428333333,0.0925332282107,,0.157882352941,baseline,linear,MI,6000,2000,100,20,13,0,14,1,random,mean,250
2026090930,4250,250,0.530133333333,1.03664333333,0.0879275273478,,0.249176470588,baseline,linear,MI,6000,2000,100,20,13,0,14,1,random,mean,250
2026090931,4250,250,0.499639583333,0.946675833333,0.0920412975059,,0.232705882353,baseline,linear,MI,6000,2000,100,20,13,0,14,1,random,mean,250
2026090900,4500,250,0.740395833333,1.42953583333,0.0423196158275,,0.232,baseline,linear,MI,6000,2000,100,20,13,0,14,1,random,mean,250
2026090901,4500,250,0.5250875,1.0215975,0.0966757570362,,0.246,baseline,linear,MI,6000,2000,100,20,13,0,14,1,random,mean,250
2026090902,4500,250,0.532420833333,1.02919583333,0.095444052942,,0.244,baseline,linear,MI,6000,2000,100,20,13,0,14,1,random,mean,250
2026090903,4500,250,0.559702083333,1.06827833333,0.0887651597024,,0.269555555556,baseline,linear,MI,6000,2000,100,20,13,0,14,1,random,mean,250
2026090904,4500,250,0.614514583333,1.17158583333,0.0768502010853,,0.258888888889,baseline,linear,MI,6000,2000,100,20,13,0,14,1,random,mean,250
2026090905,4500,250,0.487045833333,0.927620833333,0.100531929099,,0.180444444444,baseline,linear,MI,6000,2000,100,20,13,0,14,1,random,mean,250
2026090906,4500,250,0.544847916667,1.04359916667,0.0853373496907,,0.199777777778,baseline,linear,MI,6000,2000,100,20,13,0,14,1,random,mean,250
2026090907,4500,250,0.500977083333,0.969130833333,0.104501701447,,0.26,baseline,linear,MI,6000,2000,100,20,13,0,14,1,random,mean,250
2026090908,4500,250,0.583689583333,1.11587333333,0.0809106878779,,0.224444444444,baseline,linear,MI,6000,2000,100,20,13,0,14,1,random,mean,250
2026090909,4500,250,0.463875,0.9141475,0.108002581714,,0.241333333333,baseline,linear,MI,6000,2000,100,20,13,0,14,1,random,mean,250
2026090910,4500,250,0.775308333333,1.48509833333,0.034267234994,,0.0826666666667,baseline,linear,MI,6000,2000,100,20,13,0,14,1,random,mean,250
2026090911,4500,250,0.481427083333,0.923503333333,0.103831767012,,0.229777777778,baseline,linear,MI,6000,2000,100,20,13,0,14,1,random,mean,250
2026090912,4500,250,0.474060416667,0.910416666667,0.103984311976,,0.272,baseline,linear,MI,6000,2000,100,20,13,0,14,1,random,mean,250
2026090913,4500,250,0.549789583333,1.05749333333,0.0869755670728,,0.228,baseline,linear,MI,6000,2000,100,20,13,0,14,1,random,mean,250
2026090914,4500,250,0.489725,0.9367475,0.103183054032,,0.259333333333,baseline,linear,MI,6000,2000,100,20,13,0,14,1,random,mean,250
2026090915,4500,250,0.5013875,0.968975,0.0979512335542,,0.289555555556,baseline,linear,MI,6000,2000,100,20,13,0,14,1,random,mean,250
2026090916,4500,250,0.535722916667,1.02755166667,0.0946813934656,,0.221777777778,baseline,linear,MI,6000,2000,100,20,13,0,14,1,random,mean,250
2026090917,4500,250,0.699047916667,1.33270916667,0.0445207961018,,0.247555555556,baseline,linear,MI,6000,2000,100,20,13,0,14,1,random,mean,250
2026090918,4500,250,0.631420833333,1.19170833333,0.0677241398124,,0.227111111111,baseline,linear,MI,6000,2000,100,20,13,0,14,1,random,mean,250
2026090919,4500,250,0.693208333333,1.30904583333,0.0438810849249,,0.122,baseline,linear,MI,6000,2000,100,20,13,0,14,1,random,mean,250
2026090920,4500,250,0.532352083333,1.02855083333,0.0952953785128,,0.174444444444,baseline,linear,MI,6000,2000,100,20,13,0,14,1,random,mean,250
2026090921,4500,250,0.763854166667,1.46185416667,0.0501379932098,,0.153333333333,baseline,linear,MI,6000,2000,100,20,13,0,14,1,random,mean,250
2026090922,4500,250,0.488879166667,0.937431666667,0.103218961007,,0.245777777778,baseline,linear,MI,6000,2000,100,20,13,0,14,1,random,mean,250
2026090923,4500,250,0.6218375,1.18857,0.0652793486709,,0.226888888889,baseline,linear,MI,6000,2000,100,20,13,0,14,1,random,mean,250
2026090924,4500,250,0.4698625,0.90382,0.107625909321,,0.216888888889,baseline,linear,MI,6000,2000,100,20,13,0,14,1,random,mean,250
2026090925,4500,250,0.503333333333,0.967655833333,0.0983059277978,,0.263555555556,baseline,linear,MI,6000,2000,100,20,13,0,14,1,random,mean,250
2026090926,4500,250,0.589997916667,1.12873166667,0.0797994314139,,0.176666666667,baseline,linear,MI,6000,2000,100,20,13,0,14,1,random,mean,250
2026090927,4500,250,0.452402083333,0.862830833333,0.103731070279,,0.256444444444,baseline,linear,MI,6000,2000,100,20,13,0,14,1,random,mean,250
2026090928,4500,250,0.674027083333,1.28782333333,0.0643946462198,,0.248,baseline,linear,MI,6000,2000,100,20,13,0,14,1,random,mean,250
2026090929,4500,250,0.6282125,1.1730275,0.0729991470095,,0.163777777778,baseline,linear,MI,6000,2000,100,20,13,0,14,1,random,mean,250
2026090930,4500,250,0.500972916667,0.965959166667,0.100636989735,,0.252,baseline,linear,MI,6000,2000,100,20,13,0,14,1,random,mean,250
2026090931,4500,250,0.56403125,1.0801625,0.0860607076892,,0.231777777778,baseline,linear,MI,6000,2000,100,20,13,0,14,1,random,mean,250
2026090900,4750,250,0.7094375,1.3269275,0.0511502250671,,0.225684210526,baseline,linear,MI,6000,2000,100,20,13,0,14,1,random,mean,250
2026090901,4750,250,0.565616666667,1.06863416667,0.0860673689294,,0.249894736842,baseline,linear,MI,6000,2000,100,20,13,0,14,1,random,mean,250
2026090902,4750,250,0.498197916667,0.947746666667,0.099117565289,,0.251157894737,baseline,linear,MI,6000,2000,100,20,13,0,14,1,random,mean,250
2026090903,4750,250,0.4781625,0.9424275,0.111330237809,,0.265263157895,baseline,linear,MI,6000,2000,100,20,13,0,14,1,random,mean,250
2026090904,4750,250,0.635229166667,1.20251416667,0.068992910116,,0.250526315789,baseline,linear,MI,6000,2000,100,20,13,0,14,1,random,mean,250
2026090905,4750,250,0.505689583333,0.966503333333,0.0971015744615,,0.188421052632,baseline,linear,MI,6000,2000,100,20,13,0,14,1,random,mean,250
2026090906,4750,250,0.736377083333,1.40962833333,0.0452879610895,,0.190526315789,baseline,linear,MI,6000,2000,100,20,13,0,14,1,random,mean,250
2026090907,4750,250,0.50201875,0.96245,0.0988785044833,,0.261684210526,baseline,linear,MI,6000,2000,100,20,13,0,14,1,random,mean,250
2026090908,4750,250,0.483872916667,0.927519166667,0.100542580278,,0.227789473684,baseline,linear,MI,6000,2000,100,20,13,0,14,1,random,mean,250
2026090909,4750,250,0.510054166667,0.991906666667,0.100235996948,,0.241894736842,baseline,linear,MI,6000,2000,100,20,13,0,14,1,random,mean,250
2026090910,4750,250,0.7625,1.469375,0.0405410597205,,0.0783157894737,baseline,linear,MI,6000,2000,100,20,13,0,14,1,random,mean,250
2026090911,4750,250,0.580060416667,1.09940416667,0.0791222256562,,0.228210526316,baseline,linear,MI,6000,2000,100,20,13,0,14,1,random,mean,250
2026090912,4750,250,0.5381625,1.050615,0.0936160280441,,0.267157894737,baseline,linear,MI,6000,2000,100,20,13,0,14,1,random,mean,250
2026090913,4750,250,0.708691666667,1.35895916667,0.052339920728,,0.221263157895,baseline,linear,MI,6000,2000,100,20,13,0,14,1,random,mean,250
2026090914,4750,250,0.660416666667,1.23666666667,0.0646446506889,,0.245894736842,baseline,linear,MI,6000,2000,100,20,13,0,14,1,random,mean,250
2026090915,4750,250,0.48313125,0.93424,0.104256564206,,0.289894736842,baseline,linear,MI,6000,2000,100,20,13,0,14,1,random,mean,250
2026090916,4750,250,0.48503125,0.9285175,0.10210765068,,0.230526315789,baseline,linear,MI,6000,2000,100,20,13,0,14,1,random,mean,250
2026090917,4750,250,0.695777083333,1.32761833333,0.044806092461,,0.234947368421,baseline,linear,MI,6000,2000,100,20,13,0,14,1,random,mean,250
2026090918,4750,250,0.740502083333,1.43915583333,0.0492817989808,,0.216210526316,baseline,linear,MI,6000,2000,100,20,13,0,14,1,random,mean,250
2026090919,4750,250,0.702083333333,1.33145833333,0.0418657638466,,0.115578947368,baseline,linear,MI,6000,2000,100,20,13,0,14,1,random,mean,250
2026090920,4750,250,0.4925875,0.9417025,0.0993456587532,,0.181684210526,baseline,linear,MI,6000,2000,100,20,13,0,14,1,random,mean,250
2026090921,4750,250,0.494758333333,0.937055833333,0.0945548203706,,0.160631578947,baseline,linear,MI,6000,2000,100,20,13,0,14,1,random,mean,250
2026090922,4750,250,0.472910416667,0.909999166667,0.102499454584,,0.246526315789,baseline,linear,MI,6000,2000,100,20,13,0,14,1,random,mean,250
2026090923,4750,250,0.569675,1.1010275,0.0836897705349,,0.224842105263,baseline,linear,MI,6000,2000,100,20,13,0,14,1,random,mean,250
2026090924,4750,250,0.639427083333,1.24101833333,0.0654200513656,,0.209894736842,baseline,linear,MI,6000,2000,100,20,13,0,14,1,random,mean,250
2026090925,4750,250,0.6529375,1.2603075,0.0630236341521,,0.255578947368,baseline,linear,MI,6000,2000,100,20,13,0,14,1,random,mean,250
2026090926,4750,250,0.5620875,1.07072,0.0808080725456,,0.174947368421,baseline,linear,MI,6000,2000,100,20,13,0,14,1,random,mean,250
2026090927,4750,250,0.492497916667,0.946054166667,0.104414279031,,0.260210526316,baseline,linear,MI,6000,2000,100,20,13,0,14,1,random,mean,250
2026090928,4750,250,0.508977083333,0.966135833333,0.0953674445498,,0.253894736842,baseline,linear,MI,6000,2000,100,20,13,0,14,1,random,mean,250
2026090929,4750,250,0.76610625,1.409275,0.0517913676449,,0.159578947368,baseline,linear,MI,6000,2000,100,20,13,0,14,1,random,mean,250
2026090930,4750,250,0.462958333333,0.895420833333,0.112135141335,,0.250315789474,baseline,linear,MI,6000,2000,100,20,13,0,14,1,random,mean,250
2026090931,4750,250,0.746354166667,1.44791666667,0.050003005055,,0.219578947368,baseline,linear,MI,6000,2000,100,20,13,0,14,1,random,mean,250
2026090900,5000,250,0.6193125,1.1776725,0.0766030997712,,0.2216,baseline,linear,MI,6000,2000,100,20,13,0,14,1,random,mean,250
2026090901,5000,250,0.5806,1.0954475,0.0760432516046,,0.2482,baseline,linear,MI,6000,2000,100,20,13,0,14,1,random,mean,250
2026090902,5000,250,0.57383125,1.1028875,0.0769799299043,,0.2466,baseline,linear,MI,6000,2000,100,20,13,0,14,1,random,mean,250
2026090903,5000,250,0.470239583333,0.916663333333,0.109797062442,,0.267,baseline,linear,MI,6000,2000,100,20,13,0,14,1,random,mean,250
2026090904,5000,250,0.57095625,1.09343,0.0889577947912,,0.242,baseline,linear,MI,6000,2000,100,20,13,0,14,1,random,mean,250
2026090905,5000,250,0.547327083333,1.03814083333,0.0924439407893,,0.1948,baseline,linear,MI,6000,2000,100,20,13,0,14,1,random,mean,250
2026090906,5000,250,0.49486875,0.9411625,0.0996627539016,,0.1966,baseline,linear,MI,6000,2000,100,20,13,0,14,1,random,mean,250
2026090907,5000,250,0.539464583333,1.04279083333,0.086185869899,,0.2542,baseline,linear,MI,6000,2000,100,20,13,0,14,1,random,mean,250
2026090908,5000,250,0.512754166667,0.987939166667,0.0947312083544,,0.2308,baseline,linear,MI,6000,2000,100,20,13,0,14,1,random,mean,250
2026090909,5000,250,0.599195833333,1.18559333333,0.0750735399281,,0.23,baseline,linear,MI,6000,2000,100,20,13,0,14,1,random,mean,250
2026090910,5000,250,0.485610416667,0.925511666667,0.0989572956398,,0.0894,baseline,linear,MI,6000,2000,100,20,13,0,14,1,random,mean,250
2026090911,5000,250,0.601145833333,1.15680333333,0.0741370900163,,0.2226,baseline,linear,MI,6000,2000,100,20,13,0,14,1,random,mean,250
2026090912,5000,250,0.501810416667,0.948021666667,0.0993320073155,,0.2706,baseline,linear,MI,6000,2000,100,20,13,0,14,1,random,mean,250
2026090913,5000,250,0.541233333333,1.03436083333,0.0890306946472,,0.2222,baseline,linear,MI,6000,2000,100,20,13,0,14,1,random,mean,250
2026090914,5000,250,0.55350625,1.0435425,0.0898157146307,,0.2428,baseline,linear,MI,6000,2000,100,20,13,0,14,1,random,mean,250
2026090915,5000,250,0.580283333333,1.11262083333,0.0879045729145,,0.2912,baseline,linear,MI,6000,2000,100,20,13,0,14,1,random,mean,250
2026090916,5000,250,0.54989375,1.056295,0.0915736589479,,0.2288,baseline,linear,MI,6000,2000,100,20,13,0,14,1,random,mean,250
2026090917,5000,250,0.544916666667,1.05306666667,0.0859561135353,,0.2332,baseline,linear,MI,6000,2000,100,20,13,0,14,1,random,mean,250
2026090918,5000,250,0.71788125,1.399605,0.0499002950935,,0.2064,baseline,linear,MI,6000,2000,100,20,13,0,14,1,random,mean,250
2026090919,5000,250,0.739922916667,1.40262916667,0.0357339041165,,0.1104,baseline,linear,MI,6000,2000,100,20,13,0,14,1,random,mean,250
2026090920,5000,250,0.682939583333,1.31839833333,0.0662999478865,,0.1818,baseline,linear,MI,6000,2000,100,20,13,0,14,1,random,mean,250
2026090921,5000,250,0.566683333333,1.07271833333,0.0795575657281,,0.1648,baseline,linear,MI,6000,2000,100,20,13,0,14,1,random,mean,250
2026090922,5000,250,0.600102083333,1.14595833333,0.0726971774777,,0.241,baseline,linear,MI,6000,2000,100,20,13,0,14,1,random,mean,250
2026090923,5000,250,0.524697916667,0.994186666667,0.0899922788284,,0.2246,baseline,linear,MI,6000,2000,100,20,13,0,14,1,random,mean,250
2026090924,5000,250,0.5662,1.0738625,0.0795002231181,,0.208,baseline,linear,MI,6000,2000,100,20,13,0,14,1,random,mean,250
2026090925,5000,250,0.482635416667,0.915576666667,0.0980489542891,,0.254,baseline,linear,MI,6000,2000,100,20,13,0,14,1,random,mean,250
2026090926,5000,250,0.582866666667,1.11041166667,0.080101170945,,0.1736,baseline,linear,MI,6000,2000,100,20,13,0,14,1,random,mean,250
2026090927,5000,250,0.508920833333,0.987173333333,0.100666119718,,0.2586,baseline,linear,MI,6000,2000,100,20,13,0,14,1,random,mean,250
2026090928,5000,250,0.616464583333,1.15813333333,0.0634528074377,,0.2488,baseline,linear,MI,6000,2000,100,20,13,0,14,1,random,mean,250
2026090929,5000,250,0.53641875,1.0305425,0.0924995093238,,0.1648,baseline,linear,MI,6000,2000,100,20,13,0,14,1,random,mean,250
2026090930,5000,250,0.546816666667,1.05938916667,0.0923079676464,,0.2502,baseline,linear,MI,6000,2000,100,20,13,0,14,1,random,mean,250
2026090931,5000,250,0.746354166667,1.44791666667,0.050003005055,,0.2086,baseline,linear,MI,6000,2000,100,20,13,0,14,1,random,mean,250
2026090900,5250,250,0.603195833333,1.14745333333,0.0737049351548,,0.221333333333,baseline,linear,MI,6000,2000,100,20,13,0,14,1,random,mean,250
2026090901,5250,250,0.52700625,1.0103925,0.0949617801639,,0.249142857143,baseline,linear,MI,6000,2000,100,20,13,0,14,1,random,mean,250
2026090902,5250,250,0.6254375,1.2121675,0.0710189226204,,0.241333333333,baseline,linear,MI,6000,2000,100,20,13,0,14,1,random,mean,250
2026090903,5250,250,0.529416666667,1.01740166667,0.0915409147617,,0.265904761905,baseline,linear,MI,6000,2000,100,20,13,0,14,1,random,mean,250
2026090904,5250,250,0.471697916667,0.914314166667,0.109204001831,,0.244,baseline,linear,MI,6000,2000,100,20,13,0,14,1,random,mean,250
2026090905,5250,250,0.483833333333,0.926365833333,0.102214445137,,0.203428571429,baseline,linear,MI,6000,2000,100,20,13,0,14,1,random,mean,250
2026090906,5250,250,0.49311875,0.9377275,0.099002227492,,0.205142857143,baseline,linear,MI,6000,2000,100,20,13,0,14,1,random,mean,250
2026090907,5250,250,0.549070833333,1.05616833333,0.0834770512827,,0.254666666667,baseline,linear,MI,6000,2000,100,20,13,0,14,1,random,mean,250
2026090908,5250,250,0.49348125,0.941215,0.102343736695,,0.238476190476,baseline,linear,MI,6000,2000,100,20,13,0,14,1,random,mean,250
2026090909,5250,250,0.600177083333,1.18090833333,0.070931894104,,0.219428571429,baseline,linear,MI,6000,2000,100,20,13,0,14,1,random,mean,250
2026090910,5250,250,0.565804166667,1.09613916667,0.0858158471753,,0.0979047619048,baseline,linear,MI,6000,2000,100,20,13,0,14,1,random,mean,250
2026090911,5250,250,0.697504166667,1.33479166667,0.0515668837252,,0.212571428571,baseline,linear,MI,6000,2000,100,20,13,0,14,1,random,mean,250
2026090912,5250,250,0.52673125,1.0144075,0.0929050145202,,0.269523809524,baseline,linear,MI,6000,2000,100,20,13,0,14,1,random,mean,250
2026090913,5250,250,0.49033125,0.939645,0.103100328176,,0.225714285714,baseline,linear,MI,6000,2000,100,20,13,0,14,1,random,mean,250
2026090914,5250,250,0.53375,1.01281,0.0887339749417,,0.24,baseline,linear,MI,6000,2000,100,20,13,0,14,1,random,mean,250
2026090915,5250,250,0.489904166667,0.942701666667,0.096833742553,,0.292952380952,baseline,linear,MI,6000,2000,100,20,13,0,14,1,random,mean,250
2026090916,5250,250,0.477566666667,0.931086666667,0.101125299237,,0.22780952381,baseline,linear,MI,6000,2000,100,20,13,0,14,1,random,mean,250
2026090917,5250,250,0.498464583333,0.952325833333,0.0958601514822,,0.24019047619,baseline,linear,MI,6000,2000,100,20,13,0,14,1,random,mean,250
2026090918,5250,250,0.655097916667,1.29059916667,0.0637294322374,,0.197904761905,baseline,linear,MI,6000,2000,100,20,13,0,14,1,random,mean,250
2026090919,5250,250,0.752604166667,1.42666666667,0.0328531099697,,0.105333333333,baseline,linear,MI,6000,2000,100,20,13,0,14,1,random,mean,250
2026090920,5250,250,0.477339583333,0.921198333333,0.102932998207,,0.187619047619,baseline,linear,MI,6000,2000,100,20,13,0,14,1,random,mean,250
2026090921,5250,250,0.529366666667,1.00227916667,0.0899437246091,,0.173142857143,baseline,linear,MI,6000,2000,100,20,13,0,14,1,random,mean,250
2026090922,5250,250,0.484097916667,0.936849166667,0.107474063147,,0.247428571429,baseline,linear,MI,6000,2000,100,20,13,0,14,1,random,mean,250
2026090923,5250,250,0.582704166667,1.11280166667,0.0778321477012,,0.223428571429,baseline,linear,MI,6000,2000,100,20,13,0,14,1,random,mean,250
2026090924,5250,250,0.597960416667,1.12508166667,0.0730366191373,,0.207428571429,baseline,linear,MI,6000,2000,100,20,13,0,14,1,random,mean,250
2026090925,5250,250,0.563245833333,1.07527333333,0.0841163615096,,0.254857142857,baseline,linear,MI,6000,2000,100,20,13,0,14,1,random,mean,250
2026090926,5250,250,0.579727083333,1.08755083333,0.0794589809379,,0.17580952381,baseline,linear,MI,6000,2000,100,20,13,0,14,1,random,mean,250
2026090927,5250,250,0.531975,1.00301,0.0934041896235,,0.259238095238,baseline,linear,MI,6000,2000,100,20,13,0,14,1,random,mean,250
2026090928,5250,250,0.50616875,0.99843,0.0994797742599,,0.245142857143,baseline,linear,MI,6000,2000,100,20,13,0,14,1,random,mean,250
2026090929,5250,250,0.5506625,1.067825,0.0923513701991,,0.171047619048,baseline,linear,MI,6000,2000,100,20,13,0,14,1,random,mean,250
2026090930,5250,250,0.538479166667,1.02347166667,0.0901633930249,,0.254476190476,baseline,linear,MI,6000,2000,100,20,13,0,14,1,random,mean,250
2026090931,5250,250,0.746354166667,1.44791666667,0.050003005055,,0.198666666667,baseline,linear,MI,6000,2000,100,20,13,0,14,1,random,mean,250
2026090900,5500,250,0.469745833333,0.891133333333,0.104711255712,,0.226909090909,baseline,linear,MI,6000,2000,100,20,13,0,14,1,random,mean,250
2026090901,5500,250,0.50433125,0.9652425,0.0936747243733,,0.250545454545,baseline,linear,MI,6000,2000,100,20,13,0,14,1,random,mean,250
2026090902,5500,250,0.5737375,1.104455,0.0894394408114,,0.242363636364,baseline,linear,MI,6000,2000,100,20,13,0,14,1,random,mean,250
2026090903,5500,250,0.486308333333,0.942153333333,0.101014701645,,0.267090909091,baseline,linear,MI,6000,2000,100,20,13,0,14,1,random,mean,250
2026090904,5500,250,0.649797916667,1.30429166667,0.073763849252,,0.233454545455,baseline,linear,MI,6000,2000,100,20,13,0,14,1,random,mean,250
2026090905,5500,250,0.63006875,1.21872,0.0742094944796,,0.202,baseline,linear,MI,6000,2000,100,20,13,0,14,1,random,mean,250
2026090906,5500,250,0.5275125,1.010385,0.0921829253589,,0.207818181818,baseline,linear,MI,6000,2000,100,20,13,0,14,1,random,mean,250
2026090907,5500,250,0.51549375,1.0013075,0.10033102078,,0.257636363636,baseline,linear,MI,6000,2000,100,20,13,0,14,1,random,mean,250
2026090908,5500,250,0.551877083333,1.05368083333,0.0861428752054,,0.239272727273,baseline,linear,MI,6000,2000,100,20,13,0,14,1,random,mean,250
2026090909,5500,250,0.605208333333,1.18770833333,0.0683299362839,,0.209454545455,baseline,linear,MI,6000,2000,100,20,13,0,14,1,random,mean,250
2026090910,5500,250,0.51545,0.992525,0.102326160942,,0.102181818182,baseline,linear,MI,6000,2000,100,20,13,0,14,1,random,mean,250
2026090911,5500,250,0.738020833333,1.40770833333,0.039014205311,,0.202909090909,baseline,linear,MI,6000,2000,100,20,13,0,14,1,random,mean,250
2026090912,5500,250,0.482170833333,0.918530833333,0.100931951755,,0.272909090909,baseline,linear,MI,6000,2000,100,20,13,0,14,1,random,mean,250
2026090913,5500,250,0.5309125,1.01304,0.0931478062134,,0.230545454545,baseline,linear,MI,6000,2000,100,20,13,0,14,1,random,mean,250
2026090914,5500,250,0.5087875,0.955305,0.0947443143682,,0.239818181818,baseline,linear,MI,6000,2000,100,20,13,0,14,1,random,mean,250
2026090915,5500,250,0.4719625,0.9079275,0.107142503251,,0.292727272727,baseline,linear,MI,6000,2000,100,20,13,0,14,1,random,mean,250
2026090916,5500,250,0.486627083333,0.942620833333,0.103636234725,,0.23,baseline,linear,MI,6000,2000,100,20,13,0,14,1,random,mean,250
2026090917,5500,250,0.507472916667,0.991541666667,0.099672326567,,0.238727272727,baseline,linear,MI,6000,2000,100,20,13,0,14,1,random,mean,250
2026090918,5500,250,0.589966666667,1.16213916667,0.0831170205722,,0.195818181818,baseline,linear,MI,6000,2000,100,20,13,0,14,1,random,mean,250
2026090919,5500,250,0.755125,1.4307,0.0317016436301,,0.100727272727,baseline,linear,MI,6000,2000,100,20,13,0,14,1,random,mean,250
2026090920,5500,250,0.515177083333,0.997853333333,0.100012013243,,0.187454545455,baseline,linear,MI,6000,2000,100,20,13,0,14,1,random,mean,250
2026090921,5500,250,0.547877083333,1.05933833333,0.089621345325,,0.174727272727,baseline,linear,MI,6000,2000,100,20,13,0,14,1,random,mean,250
2026090922,5500,250,0.494525,0.9556,0.105219009271,,0.249636363636,baseline,linear,MI,6000,2000,100,20,13,0,14,1,random,mean,250
2026090923,5500,250,0.52964375,1.011275,0.0939235168383,,0.227272727273,baseline,linear,MI,6000,2000,100,20,13,0,14,1,random,mean,250
2026090924,5500,250,0.45331875,0.873295,0.110474266574,,0.206363636364,baseline,linear,MI,6000,2000,100,20,13,0,14,1,random,mean,250
2026090925,5500,250,0.55901875,1.087505,0.0860763835401,,0.251636363636,baseline,linear,MI,6000,2000,100,20,13,0,14,1,random,mean,250
2026090926,5500,250,0.5325,0.9953725,0.0857711047707,,0.179454545455,baseline,linear,MI,6000,2000,100,20,13,0,14,1,random,mean,250
2026090927,5500,250,0.435566666667,0.845581666667,0.114678398425,,0.262181818182,baseline,linear,MI,6000,2000,100,20,13,0,14,1,random,mean,250
2026090928,5500,250,0.56539375,1.1063175,0.0906771644539,,0.240545454545,baseline,linear,MI,6000,2000,100,20,13,0,14,1,random,mean,250
2026090929,5500,250,0.499625,0.95187,0.0981677457171,,0.174909090909,baseline,linear,MI,6000,2000,100,20,13,0,14,1,random,mean,250
2026090930,5500,250,0.4500125,0.870535,0.115402205568,,0.256727272727,baseline,linear,MI,6000,2000,100,20,13,0,14,1,random,mean,250
2026090931,5500,250,0.7261625,1.4038525,0.0542603343457,,0.191818181818,baseline,linear,MI,6000,2000,100,20,13,0,14,1,random,mean,250
2026090900,5750,250,0.52338125,1.00196,0.094483289746,,0.225043478261,baseline,linear,MI,6000,2000,100,20,13,0,14,1,random,mean,250
2026090901,5750,250,0.645039583333,1.24528333333,0.0656506142082,,0.244869565217,baseline,linear,MI,6000,2000,100,20,13,0,14,1,random,mean,250
2026090902,5750,250,0.514735416667,0.986251666667,0.0950134373934,,0.242260869565,baseline,linear,MI,6000,2000,100,20,13,0,14,1,random,mean,250
2026090903,5750,250,0.548114583333,1.05679833333,0.0863883977279,,0.266956521739,baseline,linear,MI,6000,2000,100,20,13,0,14,1,random,mean,250
2026090904,5750,250,0.667708333333,1.34270833333,0.0729252967168,,0.223652173913,baseline,linear,MI,6000,2000,100,20,13,0,14,1,random,mean,250
2026090905,5750,250,0.491475,0.94643,0.100167153859,,0.205739130435,baseline,linear,MI,6000,2000,100,20,13,0,14,1,random,mean,250
2026090906,5750,250,0.575025,1.1259675,0.0876235717365,,0.203130434783,baseline,linear,MI,6000,2000,100,20,13,0,14,1,random,mean,250
2026090907,5750,250,0.50949375,0.96702,0.095246029845,,0.261739130435,baseline,linear,MI,6000,2000,100,20,13,0,14,1,random,mean,250
2026090908,5750,250,0.754270833333,1.45457083333,0.0501018577713,,0.229043478261,baseline,linear,MI,6000,2000,100,20,13,0,14,1,random,mean,250
2026090909,5750,250,0.605208333333,1.18770833333,0.0683299362839,,0.200347826087,baseline,linear,MI,6000,2000,100,20,13,0,14,1,random,mean,250
2026090910,5750,250,0.532764583333,1.01817583333,0.0899466280451,,0.110956521739,baseline,linear,MI,6000,2000,100,20,13,0,14,1,random,mean,250
2026090911,5750,250,0.7367375,1.407415,0.0400093526652,,0.194260869565,baseline,linear,MI,6000,2000,100,20,13,0,14,1,random,mean,250
2026090912,5750,250,0.621245833333,1.21162083333,0.0809747556654,,0.269043478261,baseline,linear,MI,6000,2000,100,20,13,0,14,1,random,mean,250
2026090913,5750,250,0.538266666667,1.03473916667,0.0903786523118,,0.226782608696,baseline,linear,MI,6000,2000,100,20,13,0,14,1,random,mean,250
2026090914,5750,250,0.563389583333,1.07704583333,0.0814537991324,,0.238260869565,baseline,linear,MI,6000,2000,100,20,13,0,14,1,random,mean,250
2026090915,5750,250,0.535516666667,1.03554666667,0.0902050234758,,0.284869565217,baseline,linear,MI,6000,2000,100,20,13,0,14,1,random,mean,250
2026090916,5750,250,0.512958333333,0.987728333333,0.0987898680868,,0.233913043478,baseline,linear,MI,6000,2000,100,20,13,0,14,1,random,mean,250
2026090917,5750,250,0.489102083333,0.932895833333,0.0961885980671,,0.235304347826,baseline,linear,MI,6000,2000,100,20,13,0,14,1,random,mean,250
2026090918,5750,250,0.485702083333,0.931958333333,0.103511028658,,0.198782608696,baseline,linear,MI,6000,2000,100,20,13,0,14,1,random,mean,250
2026090919,5750,250,0.7640625,1.445,0.0276191720624,,0.096347826087,baseline,linear,MI,6000,2000,100,20,13,0,14,1,random,mean,250
2026090920,5750,250,0.484816666667,0.934049166667,0.103814061169,,0.193739130435,baseline,linear,MI,6000,2000,100,20,13,0,14,1,random,mean,250
2026090921,5750,250,0.523754166667,1.00922916667,0.0978080457234,,0.176869565217,baseline,linear,MI,6000,2000,100,20,13,0,14,1,random,mean,250
2026090922,5750,250,0.51259375,0.9761825,0.095910789219,,0.249391304348,baseline,linear,MI,6000,2000,100,20,13,0,14,1,random,mean,250
2026090923,5750,250,0.5070625,0.969705,0.101144621303,,0.232173913043,baseline,linear,MI,6000,2000,100,20,13,0,14,1,random,mean,250
2026090924,5750,250,0.588825,1.119355,0.0801799540168,,0.21147826087,baseline,linear,MI,6000,2000,100,20,13,0,14,1,random,mean,250
2026090925,5750,250,0.51381875,0.9861475,0.0971754432126,,0.250608695652,baseline,linear,MI,6000,2000,100,20,13,0,14,1,random,mean,250
2026090926,5750,250,0.537989583333,1.03064833333,0.0927806715314,,0.183130434783,baseline,linear,MI,6000,2000,100,20,13,0,14,1,random,mean,250
2026090927,5750,250,0.613175,1.189345,0.0796849768601,,0.257043478261,baseline,linear,MI,6000,2000,100,20,13,0,14,1,random,mean,250
2026090928,5750,250,0.592433333333,1.16445333333,0.083572918332,,0.235130434783,baseline,linear,MI,6000,2000,100,20,13,0,14,1,random,mean,250
2026090929,5750,250,0.53391875,1.0213525,0.0884296637652,,0.176869565217,baseline,linear,MI,6000,2000,100,20,13,0,14,1,random,mean,250
2026090930,5750,250,0.55510625,1.0699075,0.0943048461752,,0.256,baseline,linear,MI,6000,2000,100,20,13,0,14,1,random,mean,250
2026090931,5750,250,0.47706875,0.924015,0.108849507176,,0.200695652174,baseline,linear,MI,6000,2000,100,20,13,0,14,1,random,mean,250
2026090900,6000,250,0.469033333333,0.889778333333,0.101934399208,,0.227333333333,baseline,linear,MI,6000,2000,100,20,13,0,14,1,random,mean,250
2026090901,6000,250,0.686304166667,1.33775166667,0.0600716392447,,0.235666666667,baseline,linear,MI,6000,2000,100,20,13,0,14,1,random,mean,250
2026090902,6000,250,0.525214583333,1.00900333333,0.0827223932556,,0.2375,baseline,linear,MI,6000,2000,100,20,13,0,14,1,random,mean,250
2026090903,6000,250,0.502175,0.96478,0.0958667471098,,0.2685,baseline,linear,MI,6000,2000,100,20,13,0,14,1,random,mean,250
2026090904,6000,250,0.595595833333,1.17868333333,0.0834716864211,,0.221333333333,baseline,linear,MI,6000,2000,100,20,13,0,14,1,random,mean,250
2026090905,6000,250,0.499364583333,0.950950833333,0.101411122013,,0.210166666667,baseline,linear,MI,6000,2000,100,20,13,0,14,1,random,mean,250
2026090906,6000,250,0.6474875,1.257825,0.0759028181701,,0.195,baseline,linear,MI,6000,2000,100,20,13,0,14,1,random,mean,250
2026090907,6000,250,0.517177083333,0.985840833333,0.0951148578714,,0.264,baseline,linear,MI,6000,2000,100,20,13,0,14,1,random,mean,250
2026090908,6000,250,0.51225625,0.97605,0.0909357890806,,0.229333333333,baseline,linear,MI,6000,2000,100,20,13,0,14,1,random,mean,250
2026090909,6000,250,0.605208333333,1.18770833333,0.0683299362839,,0.192,baseline,linear,MI,6000,2000,100,20,13,0,14,1,random,mean,250
2026090910,6000,250,0.696345833333,1.28930833333,0.0440241705728,,0.1065,baseline,linear,MI,6000,2000,100,20,13,0,14,1,random,mean,250
2026090911,6000,250,0.57349375,1.1143875,0.0841912419666,,0.195166666667,baseline,linear,MI,6000,2000,100,20,13,0,14,1,random,mean,250
2026090912,6000,250,0.4961,0.9584025,0.0998678331741,,0.271166666667,baseline,linear,MI,6000,2000,100,20,13,0,14,1,random,mean,250
2026090913,6000,250,0.549795833333,1.04175083333,0.0827659305343,,0.228,baseline,linear,MI,6000,2000,100,20,13,0,14,1,random,mean,250
2026090914,6000,250,0.470002083333,0.906635833333,0.110382618997,,0.24,baseline,linear,MI,6000,2000,100,20,13,0,14,1,random,mean,250
2026090915,6000,250,0.537141666667,1.04444166667,0.094793331007,,0.282666666667,baseline,linear,MI,6000,2000,100,20,13,0,14,1,random,mean,250
2026090916,6000,250,0.472572916667,0.902664166667,0.1046790451,,0.239333333333,baseline,linear,MI,6000,2000,100,20,13,0,14,1,random,mean,250
2026090917,6000,250,0.618354166667,1.17872916667,0.0705432594545,,0.23,baseline,linear,MI,6000,2000,100,20,13,0,14,1,random,mean,250
2026090918,6000,250,0.5540875,1.0656325,0.0876658483818,,0.199333333333,baseline,linear,MI,6000,2000,100,20,13,0,14,1,random,mean,250
2026090919,6000,250,0.764895833333,1.44633333333,0.0276875557246,,0.0925,baseline,linear,MI,6000,2000,100,20,13,0,14,1,random,mean,250
2026090920,6000,250,0.629458333333,1.17281583333,0.0721028543156,,0.195166666667,baseline,linear,MI,6000,2000,100,20,13,0,14,1,random,mean,250
2026090921,6000,250,0.5054875,0.959915,0.096442209452,,0.181,baseline,linear,MI,6000,2000,100,20,13,0,14,1,random,mean,250
2026090922,6000,250,0.506852083333,0.970083333333,0.095397957135,,0.250333333333,baseline,linear,MI,6000,2000,100,20,13,0,14,1,random,mean,250
2026090923,6000,250,0.519885416667,0.985704166667,0.093465101511,,0.236333333333,baseline,linear,MI,6000,2000,100,20,13,0,14,1,random,mean,250
2026090924,6000,250,0.494341666667,0.957254166667,0.0964356417122,,0.210666666667,baseline,linear,MI,6000,2000,100,20,13,0,14,1,random,mean,250
2026090925,6000,250,0.675,1.296875,0.0623567058743,,0.240166666667,baseline,linear,MI,6000,2000,100,20,13,0,14,1,random,mean,250
2026090926,6000,250,0.4993375,0.9662925,0.0957630234729,,0.182166666667,baseline,linear,MI,6000,2000,100,20,13,0,14,1,random,mean,250
2026090927,6000,250,0.717335416667,1.34995666667,0.0425799284555,,0.2515,baseline,linear,MI,6000,2000,100,20,13,0,14,1,random,mean,250
2026090928,6000,250,0.523579166667,1.00675666667,0.0922064429204,,0.236833333333,baseline,linear,MI,6000,2000,100,20,13,0,14,1,random,mean,250
2026090929,6000,250,0.47630625,0.9229375,0.103662294086,,0.180333333333,baseline,linear,MI,6000,2000,100,20,13,0,14,1,random,mean,250
2026090930,6000,250,0.530875,1.02112,0.0835574155728,,0.252166666667,baseline,linear,MI,6000,2000,100,20,13,0,14,1,random,mean,250
2026090931,6000,250,0.465291666667,0.894199166667,0.103024447317,,0.204166666667,baseline,linear,MI,6000,2000,100,20,13,0,14,1,random,mean,250
