Treatment,Session,GroupID,Round,group_relative_contribution,surplus,gini,success,game
FE,1,1,1,0.479166666667,1.05416666667,0.0836713995943,,linear
FE,1,1,2,0.520833333333,1.14583333333,0.0752427184466,,linear
FE,1,1,3,0.21875,0.48125,0.0650492264416,,linear
FE,1,1,4,0.291666666667,0.641666666667,0.120558375635,,linear
FE,1,1,5,0.364583333333,0.802083333333,0.0852601156069,,linear
FE,1,1,6,0.4375,0.9625,0.0875796178344,,linear
FE,1,1,7,0.708333333333,1.55833333333,0.0692182410423,,linear
FE,1,1,8,0.583333333333,1.28333333333,0.0912408759124,,linear
FE,1,1,9,0.34375,0.75625,0.108244365362,,linear
FE,1,1,10,0.59375,1.30625,0.0982384823848,,linear
FE,1,1,11,0.291666666667,0.641666666667,0.120558375635,,linear
FE,1,1,12,0.34375,0.75625,0.10231316726,,linear
FE,1,1,13,0.416666666667,0.916666666667,0.0869565217391,,linear
FE,1,1,14,0.385416666667,0.847916666667,0.0859639233371,,linear
FE,1,1,15,0.541666666667,1.19166666667,0.0760456273764,,linear
FE,1,1,16,0.510416666667,1.12291666667,0.0797350343474,,linear
FE,1,1,17,0.489583333333,1.07708333333,0.0814944834504,,linear
FE,1,1,18,0.5,1.1,0.0744047619048,,linear
FE,1,1,19,0.385416666667,0.847916666667,0.111330326945,,linear
FE,1,1,20,0.708333333333,1.55833333333,0.0773615635179,,linear
FE,1,2,1,0.5625,1.2375,0.0721601489758,,linear
FE,1,2,2,0.583333333333,1.28333333333,0.0342153284672,,linear
FE,1,2,3,0.75,1.65,0.0471698113208,,linear
FE,1,2,4,0.875,1.925,0.0106837606838,,linear
FE,1,2,5,0.8125,1.7875,0.026158445441,,linear
FE,1,2,6,0.729166666667,1.60416666667,0.048,,linear
FE,1,2,7,0.75,1.65,0.0491352201258,,linear
FE,1,2,8,0.572916666667,1.26041666667,0.0794930875576,,linear
FE,1,2,9,0.666666666667,1.46666666667,0.0548986486486,,linear
FE,1,2,10,0.572916666667,1.26041666667,0.0541474654378,,linear
FE,1,2,11,0.46875,1.03125,0.0884615384615,,linear
FE,1,2,12,0.458333333333,1.00833333333,0.0959543568465,,linear
FE,1,2,13,0.5625,1.2375,0.0721601489758,,linear
FE,1,2,14,0.760416666667,1.67291666667,0.0496882307093,,linear
FE,1,2,15,0.760416666667,1.67291666667,0.0496882307093,,linear
FE,1,2,16,0.708333333333,1.55833333333,0.057003257329,,linear
FE,1,2,17,0.5,1.1,0.0892857142857,,linear
FE,1,2,18,0.40625,0.89375,0.119636963696,,linear
FE,1,2,19,0.229166666667,0.504166666667,0.114265927978,,linear
FE,1,2,20,0.354166666667,0.779166666667,0.120023419204,,linear
FE,1,3,1,0.510416666667,1.12291666667,0.116535819431,,linear
FE,1,3,2,0.729166666667,1.60416666667,0.07,,linear
FE,1,3,3,0.75,1.65,0.0707547169811,,linear
FE,1,3,4,0.458333333333,1.00833333333,0.119294605809,,linear
FE,1,3,5,0.333333333333,0.733333333333,0.0540865384615,,linear
FE,1,3,6,0.697916666667,1.53541666667,0.0770336894002,,linear
FE,1,3,7,0.375,0.825,0.114155251142,,linear
FE,1,3,8,0.75,1.65,0.0707547169811,,linear
FE,1,3,9,0.708333333333,1.55833333333,0.057003257329,,linear
FE,1,3,10,0.697916666667,1.53541666667,0.0770336894002,,linear
FE,1,3,11,0.770833333333,1.69583333333,0.0637557959815,,linear
FE,1,3,12,0.75,1.65,0.0707547169811,,linear
FE,1,3,13,0.625,1.375,0.0921052631579,,linear
FE,1,3,14,0.635416666667,1.39791666667,0.0879669852302,,linear
FE,1,3,15,0.75,1.65,0.0707547169811,,linear
FE,1,3,16,0.75,1.65,0.0707547169811,,linear
FE,1,3,17,0.5,1.1,0.119047619048,,linear
FE,1,3,18,0.75,1.65,0.0707547169811,,linear
FE,1,3,19,0.75,1.65,0.0707547169811,,linear
FE,1,3,20,0.75,1.65,0.0707547169811,,linear
FE,1,4,1,0.510416666667,1.12291666667,0.0748282630029,,linear
FE,1,4,2,0.5625,1.2375,0.0628491620112,,linear
FE,1,4,3,0.625,1.375,0.0723684210526,,linear
FE,1,4,4,0.729166666667,1.60416666667,0.046,,linear
FE,1,4,5,0.822916666667,1.81041666667,0.0213120830245,,linear
FE,1,4,6,0.697916666667,1.53541666667,0.0605998356615,,linear
FE,1,4,7,0.708333333333,1.55833333333,0.0366449511401,,linear
FE,1,4,8,0.572916666667,1.26041666667,0.0841013824885,,linear
FE,1,4,9,0.541666666667,1.19166666667,0.0807984790875,,linear
FE,1,4,10,0.458333333333,1.00833333333,0.0674273858921,,linear
FE,1,4,11,0.604166666667,1.32916666667,0.0469588550984,,linear
FE,1,4,12,0.5,1.1,0.014880952381,,linear
FE,1,4,13,0.5,1.1,0,,linear
FE,1,4,14,0.5625,1.2375,0.0162942271881,,linear
FE,1,4,15,0.53125,1.16875,0.0228146013449,,linear
FE,1,4,16,0.427083333333,0.939583333333,0.0362513426423,,linear
FE,1,4,17,0.489583333333,1.07708333333,0.0238214643932,,linear
FE,1,4,18,0.40625,0.89375,0.0398789878988,,linear
FE,1,4,19,0.197916666667,0.435416666667,0.0707547169811,,linear
FE,1,4,20,0.09375,0.20625,0.0410189982729,,linear
FE,1,5,1,0.71875,1.58125,0.0655770782889,,linear
FE,1,5,2,0.958333333333,2.10833333333,0.0100536193029,,linear
FE,1,5,3,1,2.2,0,,linear
FE,1,5,4,1,2.2,0,,linear
FE,1,5,5,1,2.2,0,,linear
FE,1,5,6,1,2.2,0,,linear
FE,1,5,7,1,2.2,0,,linear
FE,1,5,8,1,2.2,0,,linear
FE,1,5,9,1,2.2,0,,linear
FE,1,5,10,1,2.2,0,,linear
FE,1,5,11,1,2.2,0,,linear
FE,1,5,12,1,2.2,0,,linear
FE,1,5,13,1,2.2,0,,linear
FE,1,5,14,1,2.2,0,,linear
FE,1,5,15,1,2.2,0,,linear
FE,1,5,16,1,2.2,0,,linear
FE,1,5,17,1,2.2,0,,linear
FE,1,5,18,1,2.2,0,,linear
FE,1,5,19,1,2.2,0,,linear
FE,1,5,20,0.75,1.65,0.0707547169811,,linear
FE,1,6,1,0.479166666667,1.05416666667,0.0938133874239,,linear
FE,1,6,2,0.375,0.825,0.119863013699,,linear
FE,1,6,3,0.208333333333,0.458333333333,0.0714285714286,,linear
FE,1,6,4,0.260416666667,0.572916666667,0.091059602649,,linear
FE,1,6,5,0.239583333333,0.527083333333,0.0903819918145,,linear
FE,1,6,6,0.166666666667,0.366666666667,0.0876524390244,,linear
FE,1,6,7,0.520833333333,1.14583333333,0.0898058252427,,linear
FE,1,6,8,0.489583333333,1.07708333333,0.0488966900702,,linear
FE,1,6,9,0.447916666667,0.985416666667,0.053777544596,,linear
FE,1,6,10,0.4375,0.9625,0.0690021231423,,linear
FE,1,6,11,0.302083333333,0.664583333333,0.0923028785982,,linear
FE,1,6,12,0.291666666667,0.641666666667,0.0983502538071,,linear
FE,1,6,13,0.302083333333,0.664583333333,0.0891739674593,,linear
FE,1,6,14,0.333333333333,0.733333333333,0.0991586538462,,linear
FE,1,6,15,0,0,0,,linear
FE,1,6,16,0.0625,0.1375,0.03663003663,,linear
FE,1,6,17,0.166666666667,0.366666666667,0.0609756097561,,linear
FE,1,6,18,0.0833333333333,0.183333333333,0.0220070422535,,linear
FE,1,6,19,0.0208333333333,0.0458333333333,0.0149402390438,,linear
FE,1,6,20,0.364583333333,0.802083333333,0.117052023121,,linear
FE,1,7,1,0.53125,1.16875,0.0612391930836,,linear
FE,1,7,2,0.614583333333,1.35208333333,0.0387511071745,,linear
FE,1,7,3,0.645833333333,1.42083333333,0.0344234079174,,linear
FE,1,7,4,0.65625,1.44375,0.0287723785166,,linear
FE,1,7,5,0.697916666667,1.53541666667,0.0503286770748,,linear
FE,1,7,6,0.708333333333,1.55833333333,0.0488599348534,,linear
FE,1,7,7,0.822916666667,1.81041666667,0.0250185322461,,linear
FE,1,7,8,0.885416666667,1.94791666667,0.0150176678445,,linear
FE,1,7,9,0.90625,1.99375,0.0165274878219,,linear
FE,1,7,10,0.885416666667,1.94791666667,0.0114840989399,,linear
FE,1,7,11,0.947916666667,2.08541666667,0.0109723160027,,linear
FE,1,7,12,0.947916666667,2.08541666667,0.0092842673869,,linear
FE,1,7,13,0.958333333333,2.10833333333,0.00837801608579,,linear
FE,1,7,14,0.958333333333,2.10833333333,0.00502680965147,,linear
FE,1,7,15,0.96875,2.13125,0.00249500998004,,linear
FE,1,7,16,0.989583333333,2.17708333333,0.00245901639344,,linear
FE,1,7,17,1,2.2,0,,linear
FE,1,7,18,1,2.2,0,,linear
FE,1,7,19,1,2.2,0,,linear
FE,1,7,20,1,2.2,0,,linear
FE,1,8,1,0.760416666667,1.67291666667,0.0672252533125,,linear
FE,1,8,2,1,2.2,0,,linear
FE,1,8,3,1,2.2,0,,linear
FE,1,8,4,1,2.2,0,,linear
FE,1,8,5,1,2.2,0,,linear
FE,1,8,6,1,2.2,0,,linear
FE,1,8,7,1,2.2,0,,linear
FE,1,8,8,1,2.2,0,,linear
FE,1,8,9,1,2.2,0,,linear
FE,1,8,10,1,2.2,0,,linear
FE,1,8,11,1,2.2,0,,linear
FE,1,8,12,1,2.2,0,,linear
FE,1,8,13,1,2.2,0,,linear
FE,1,8,14,1,2.2,0,,linear
FE,1,8,15,1,2.2,0,,linear
FE,1,8,16,1,2.2,0,,linear
FE,1,8,17,1,2.2,0,,linear
FE,1,8,18,1,2.2,0,,linear
FE,1,8,19,0.760416666667,1.67291666667,0.0672252533125,,linear
FE,1,8,20,0.708333333333,1.55833333333,0.0773615635179,,linear
FE,1,9,1,0.71875,1.58125,0.069612590799,,linear
FE,1,9,2,0.791666666667,1.74166666667,0.0341945288754,,linear
FE,1,9,3,0.822916666667,1.81041666667,0.0250185322461,,linear
FE,1,9,4,0.833333333333,1.83333333333,0.0220588235294,,linear
FE,1,9,5,0.666666666667,1.46666666667,0.0675675675676,,linear
FE,1,9,6,0.822916666667,1.81041666667,0.0250185322461,,linear
FE,1,9,7,0.583333333333,1.28333333333,0.0729927007299,,linear
FE,1,9,8,0.364583333333,0.802083333333,0.0968208092486,,linear
FE,1,9,9,0.28125,0.61875,0.0981338481338,,linear
FE,1,9,10,0.354166666667,0.779166666667,0.0790398126464,,linear
FE,1,9,11,0.291666666667,0.641666666667,0.0571065989848,,linear
FE,1,9,12,0.270833333333,0.595833333333,0.0620104438642,,linear
FE,1,9,13,0.333333333333,0.733333333333,0.0360576923077,,linear
FE,1,9,14,0.395833333333,0.870833333333,0.0306236080178,,linear
FE,1,9,15,0.5625,1.2375,0.0349162011173,,linear
FE,1,9,16,0.666666666667,1.46666666667,0.0337837837838,,linear
FE,1,9,17,0.65625,1.44375,0.022378516624,,linear
FE,1,9,18,0.604166666667,1.32916666667,0.0268336314848,,linear
FE,1,9,19,0.291666666667,0.641666666667,0.0920050761421,,linear
FE,1,9,20,0.135416666667,0.297916666667,0.0742375601926,,linear
FE,1,10,1,0.875,1.925,0.0320512820513,,linear
FE,1,10,2,0.875,1.925,0.0320512820513,,linear
FE,1,10,3,1,2.2,0,,linear
FE,1,10,4,1,2.2,0,,linear
FE,1,10,5,1,2.2,0,,linear
FE,1,10,6,1,2.2,0,,linear
FE,1,10,7,0.989583333333,2.17708333333,0.00245901639344,,linear
FE,1,10,8,1,2.2,0,,linear
FE,1,10,9,0.875,1.925,0.0320512820513,,linear
FE,1,10,10,0.833333333333,1.83333333333,0.0367647058824,,linear
FE,1,10,11,0.75,1.65,0.0471698113208,,linear
FE,1,10,12,0.75,1.65,0.0471698113208,,linear
FE,1,10,13,0.75,1.65,0.0471698113208,,linear
FE,1,10,14,0.75,1.65,0.0471698113208,,linear
FE,1,10,15,0.75,1.65,0.0471698113208,,linear
FE,1,10,16,0.625,1.375,0.0394736842105,,linear
FE,1,10,17,0.625,1.375,0.0394736842105,,linear
FE,1,10,18,0.625,1.375,0.0394736842105,,linear
FE,1,10,19,0.625,1.375,0.0394736842105,,linear
FE,1,10,20,0.5,1.1,0,,linear
FE,1,11,1,0.75,1.65,0.0707547169811,,linear
FE,1,11,2,0.8125,1.7875,0.0504484304933,,linear
FE,1,11,3,0.75,1.65,0.0707547169811,,linear
FE,1,11,4,0.645833333333,1.42083333333,0.0839070567986,,linear
FE,1,11,5,0.666666666667,1.46666666667,0.0760135135135,,linear
FE,1,11,6,0.541666666667,1.19166666667,0.0712927756654,,linear
FE,1,11,7,0.416666666667,0.916666666667,0.0652173913043,,linear
FE,1,11,8,0.0625,0.1375,0.0412087912088,,linear
FE,1,11,9,0.25,0.55,0.120967741935,,linear
FE,1,11,10,0.385416666667,0.847916666667,0.116967305524,,linear
FE,1,11,11,0.479166666667,1.05416666667,0.0938133874239,,linear
FE,1,11,12,0.395833333333,0.870833333333,0.114142538976,,linear
FE,1,11,13,0.458333333333,1.00833333333,0.0933609958506,,linear
FE,1,11,14,0.5,1.1,0.0892857142857,,linear
FE,1,11,15,0.395833333333,0.870833333333,0.114142538976,,linear
FE,1,11,16,0.447916666667,0.985416666667,0.0957502623295,,linear
FE,1,11,17,0.104166666667,0.229166666667,0.0381355932203,,linear
FE,1,11,18,0.0208333333333,0.0458333333333,0.0149402390438,,linear
FE,1,11,19,0.25,0.55,0.120967741935,,linear
FE,1,11,20,0.302083333333,0.664583333333,0.120463078849,,linear
FE,1,12,1,0.875,1.925,0.0320512820513,,linear
FE,1,12,2,0.958333333333,2.10833333333,0.0100536193029,,linear
FE,1,12,3,0.958333333333,2.10833333333,0.0100536193029,,linear
FE,1,12,4,0.9375,2.0625,0.0119047619048,,linear
FE,1,12,5,0.979166666667,2.15416666667,0.00495376486129,,linear
FE,1,12,6,0.979166666667,2.15416666667,0.00495376486129,,linear
FE,1,12,7,1,2.2,0,,linear
FE,1,12,8,0.989583333333,2.17708333333,0.00245901639344,,linear
FE,1,12,9,1,2.2,0,,linear
FE,1,12,10,1,2.2,0,,linear
FE,1,12,11,1,2.2,0,,linear
FE,1,12,12,1,2.2,0,,linear
FE,1,12,13,1,2.2,0,,linear
FE,1,12,14,1,2.2,0,,linear
FE,1,12,15,1,2.2,0,,linear
FE,1,12,16,1,2.2,0,,linear
FE,1,12,17,1,2.2,0,,linear
FE,1,12,18,1,2.2,0,,linear
FE,1,12,19,0.75,1.65,0.0707547169811,,linear
FE,1,12,20,0.375,0.825,0.119863013699,,linear
FE,1,13,1,0.854166666667,1.87916666667,0.037988422576,,linear
FE,1,13,2,0.84375,1.85625,0.0410284463895,,linear
FE,1,13,3,0.770833333333,1.69583333333,0.0463678516229,,linear
FE,1,13,4,0.46875,1.03125,0.0961538461538,,linear
FE,1,13,5,0.697916666667,1.53541666667,0.0605998356615,,linear
FE,1,13,6,0.458333333333,1.00833333333,0.0933609958506,,linear
FE,1,13,7,0.59375,1.30625,0.0982384823848,,linear
FE,1,13,8,0.645833333333,1.42083333333,0.0774526678141,,linear
FE,1,13,9,0.697916666667,1.53541666667,0.0605998356615,,linear
FE,1,13,10,0.854166666667,1.87916666667,0.037988422576,,linear
FE,1,13,11,0.854166666667,1.87916666667,0.037988422576,,linear
FE,1,13,12,0.302083333333,0.664583333333,0.0484981226533,,linear
FE,1,13,13,0.40625,0.89375,0.119636963696,,linear
FE,1,13,14,0.645833333333,1.42083333333,0.0774526678141,,linear
FE,1,13,15,0.583333333333,1.28333333333,0.100364963504,,linear
FE,1,13,16,0.59375,1.30625,0.0982384823848,,linear
FE,1,13,17,0.6875,1.5125,0.0621890547264,,linear
FE,1,13,18,0.697916666667,1.53541666667,0.0605998356615,,linear
FE,1,13,19,0.354166666667,0.779166666667,0.117096018735,,linear
FE,1,13,20,0.208333333333,0.458333333333,0.0678571428571,,linear
FE,1,14,1,0.53125,1.16875,0.0996637848223,,linear
FE,1,14,2,0.4375,0.9625,0.0955414012739,,linear
FE,1,14,3,0.458333333333,1.00833333333,0.0881742738589,,linear
FE,1,14,4,0.489583333333,1.07708333333,0.0814944834504,,linear
FE,1,14,5,0.291666666667,0.641666666667,0.0793147208122,,linear
FE,1,14,6,0.364583333333,0.802083333333,0.0505780346821,,linear
FE,1,14,7,0.520833333333,1.14583333333,0.0242718446602,,linear
FE,1,14,8,0.583333333333,1.28333333333,0.0136861313869,,linear
FE,1,14,9,0.770833333333,1.69583333333,0.0270479134467,,linear
FE,1,14,10,0.770833333333,1.69583333333,0.0135239567233,,linear
FE,1,14,11,0.833333333333,1.83333333333,0.0147058823529,,linear
FE,1,14,12,0.916666666667,2.01666666667,0.0103591160221,,linear
FE,1,14,13,0.947916666667,2.08541666667,0.0059081701553,,linear
FE,1,14,14,0.96875,2.13125,0.00582168995343,,linear
FE,1,14,15,0.979166666667,2.15416666667,0.00495376486129,,linear
FE,1,14,16,0.708333333333,1.55833333333,0.0773615635179,,linear
FE,1,14,17,0.458333333333,1.00833333333,0.119294605809,,linear
FE,1,14,18,0.21875,0.48125,0.107243319269,,linear
FE,1,14,19,0.229166666667,0.504166666667,0.0796398891967,,linear
FE,1,14,20,0.302083333333,0.664583333333,0.0860450563204,,linear
FE,1,15,1,0.385416666667,0.847916666667,0.116967305524,,linear
FE,1,15,2,0.09375,0.20625,0.0539723661485,,linear
FE,1,15,3,0.0208333333333,0.0458333333333,0.0149402390438,,linear
FE,1,15,4,0,0,0,,linear
FE,1,15,5,0.03125,0.06875,0.0170565302144,,linear
FE,1,15,6,0.0208333333333,0.0458333333333,0.00996015936255,,linear
FE,1,15,7,0.135416666667,0.297916666667,0.0742375601926,,linear
FE,1,15,8,0.208333333333,0.458333333333,0.0678571428571,,linear
FE,1,15,9,0.260416666667,0.572916666667,0.0711920529801,,linear
FE,1,15,10,0.21875,0.48125,0.0685654008439,,linear
FE,1,15,11,0.28125,0.61875,0.0723938223938,,linear
FE,1,15,12,0.333333333333,0.733333333333,0.0480769230769,,linear
FE,1,15,13,0.416666666667,0.916666666667,0.0217391304348,,linear
FE,1,15,14,0.4375,0.9625,0.0238853503185,,linear
FE,1,15,15,0.458333333333,1.00833333333,0.0622406639004,,linear
FE,1,15,16,0.291666666667,0.641666666667,0.0761421319797,,linear
FE,1,15,17,0.416666666667,0.916666666667,0.0217391304348,,linear
FE,1,15,18,0.239583333333,0.527083333333,0.0699181446112,,linear
FE,1,15,19,0.458333333333,1.00833333333,0.0985477178423,,linear
FE,1,15,20,0.166666666667,0.366666666667,0.0609756097561,,linear
FE,1,16,1,0.854166666667,1.87916666667,0.037988422576,,linear
FE,1,16,2,1,2.2,0,,linear
FE,1,16,3,1,2.2,0,,linear
FE,1,16,4,1,2.2,0,,linear
FE,1,16,5,1,2.2,0,,linear
FE,1,16,6,1,2.2,0,,linear
FE,1,16,7,1,2.2,0,,linear
FE,1,16,8,1,2.2,0,,linear
FE,1,16,9,1,2.2,0,,linear
FE,1,16,10,1,2.2,0,,linear
FE,1,16,11,1,2.2,0,,linear
FE,1,16,12,1,2.2,0,,linear
FE,1,16,13,1,2.2,0,,linear
FE,1,16,14,1,2.2,0,,linear
FE,1,16,15,1,2.2,0,,linear
FE,1,16,16,1,2.2,0,,linear
FE,1,16,17,1,2.2,0,,linear
FE,1,16,18,1,2.2,0,,linear
FE,1,16,19,1,2.2,0,,linear
FE,1,16,20,1,2.2,0,,linear
FE,1,17,1,0.645833333333,1.42083333333,0.0580895008606,,linear
FE,1,17,2,0.729166666667,1.60416666667,0.05,,linear
FE,1,17,3,0.65625,1.44375,0.0628729752771,,linear
FE,1,17,4,0.510416666667,1.12291666667,0.106722276742,,linear
FE,1,17,5,0.65625,1.44375,0.0863171355499,,linear
FE,1,17,6,0.583333333333,1.28333333333,0.0866788321168,,linear
FE,1,17,7,0.46875,1.03125,0.0807692307692,,linear
FE,1,17,8,0.40625,0.89375,0.0811331133113,,linear
FE,1,17,9,0.458333333333,1.00833333333,0.0933609958506,,linear
FE,1,17,10,0.166666666667,0.366666666667,0.0724085365854,,linear
FE,1,17,11,0.125,0.275,0.0735294117647,,linear
FE,1,17,12,0.40625,0.89375,0.105885588559,,linear
FE,1,17,13,0.3125,0.6875,0.0462962962963,,linear
FE,1,17,14,0.302083333333,0.664583333333,0.061013767209,,linear
FE,1,17,15,0.21875,0.48125,0.0545007032349,,linear
FE,1,17,16,0.09375,0.20625,0.0410189982729,,linear
FE,1,17,17,0.208333333333,0.458333333333,0.107142857143,,linear
FE,1,17,18,0.208333333333,0.458333333333,0.107142857143,,linear
FE,1,17,19,0.208333333333,0.458333333333,0.107142857143,,linear
FE,1,17,20,0.0208333333333,0.0458333333333,0.0149402390438,,linear
FE,1,18,1,0.708333333333,1.55833333333,0.0610749185668,,linear
FE,1,18,2,0.729166666667,1.60416666667,0.064,,linear
FE,1,18,3,0.75,1.65,0.0550314465409,,linear
FE,1,18,4,0.697916666667,1.53541666667,0.0647082990961,,linear
FE,1,18,5,0.625,1.375,0.0701754385965,,linear
FE,1,18,6,0.583333333333,1.28333333333,0.0798357664234,,linear
FE,1,18,7,0.333333333333,0.733333333333,0.078125,,linear
FE,1,18,8,0.395833333333,0.870833333333,0.0807349665924,,linear
FE,1,18,9,0.5625,1.2375,0.0884543761639,,linear
FE,1,18,10,0.5625,1.2375,0.0721601489758,,linear
FE,1,18,11,0.333333333333,0.733333333333,0.0661057692308,,linear
FE,1,18,12,0.260416666667,0.572916666667,0.044701986755,,linear
FE,1,18,13,0.239583333333,0.527083333333,0.056275579809,,linear
FE,1,18,14,0.229166666667,0.504166666667,0.031163434903,,linear
FE,1,18,15,0.177083333333,0.389583333333,0.0505997001499,,linear
FE,1,18,16,0.385416666667,0.847916666667,0.102874859076,,linear
FE,1,18,17,0.53125,1.16875,0.0804514889529,,linear
FE,1,18,18,0.614583333333,1.35208333333,0.0741806908769,,linear
FE,1,18,19,0.708333333333,1.55833333333,0.0671824104235,,linear
FE,1,18,20,0.5625,1.2375,0.104748603352,,linear
FE,1,19,1,0.1875,0.4125,0.0479351032448,,linear
FE,1,19,2,0.135416666667,0.297916666667,0.0381219903692,,linear
FE,1,19,3,0.125,0.275,0.0245098039216,,linear
FE,1,19,4,0.197916666667,0.435416666667,0.0453555878084,,linear
FE,1,19,5,0.177083333333,0.389583333333,0.0243628185907,,linear
FE,1,19,6,0.166666666667,0.366666666667,0.0114329268293,,linear
FE,1,19,7,0.21875,0.48125,0.0545007032349,,linear
FE,1,19,8,0.260416666667,0.572916666667,0.0314569536424,,linear
FE,1,19,9,0.21875,0.48125,0.0158227848101,,linear
FE,1,19,10,0.229166666667,0.504166666667,0.0173130193906,,linear
FE,1,19,11,0.21875,0.48125,0.0123066104079,,linear
FE,1,19,12,0.229166666667,0.504166666667,0.0207756232687,,linear
FE,1,19,13,0.239583333333,0.527083333333,0.0221691678035,,linear
FE,1,19,14,0.260416666667,0.572916666667,0.0149006622517,,linear
FE,1,19,15,0.25,0.55,0.0235215053763,,linear
FE,1,19,16,0.25,0.55,0.0168010752688,,linear
FE,1,19,17,0.197916666667,0.435416666667,0.0199564586357,,linear
FE,1,19,18,0.135416666667,0.297916666667,0.0300963081862,,linear
FE,1,19,19,0.0416666666667,0.0916666666667,0.0238549618321,,linear
FE,1,19,20,0.0520833333333,0.114583333333,0.0210280373832,,linear
FE,1,20,1,0.6875,1.5125,0.068407960199,,linear
FE,1,20,2,0.625,1.375,0.0921052631579,,linear
FE,1,20,3,0.458333333333,1.00833333333,0.0985477178423,,linear
FE,1,20,4,0.572916666667,1.26041666667,0.0564516129032,,linear
FE,1,20,5,0.583333333333,1.28333333333,0.0638686131387,,linear
FE,1,20,6,0.333333333333,0.733333333333,0.078125,,linear
FE,1,20,7,0.552083333333,1.21458333333,0.107008466604,,linear
FE,1,20,8,0.677083333333,1.48958333333,0.0407949790795,,linear
FE,1,20,9,0.65625,1.44375,0.0863171355499,,linear
FE,1,20,10,0.739583333333,1.62708333333,0.0624504361618,,linear
FE,1,20,11,0.53125,1.16875,0.0516330451489,,linear
FE,1,20,12,0.541666666667,1.19166666667,0.0261406844106,,linear
FE,1,20,13,0.53125,1.16875,0.0900576368876,,linear
FE,1,20,14,0.770833333333,1.69583333333,0.0637557959815,,linear
FE,1,20,15,0.75,1.65,0.0707547169811,,linear
FE,1,20,16,0.25,0.55,0.120967741935,,linear
FE,1,20,17,0.5,1.1,0.119047619048,,linear
FE,1,20,18,0.28125,0.61875,0.120656370656,,linear
FE,1,20,19,0.0208333333333,0.0458333333333,0.0149402390438,,linear
FE,1,20,20,0,0,0,,linear
FE,1,21,1,0.75,1.65,0.0707547169811,,linear
FE,1,21,2,0.875,1.925,0.0320512820513,,linear
FE,1,21,3,0.875,1.925,0.0320512820513,,linear
FE,1,21,4,0.875,1.925,0.0320512820513,,linear
FE,1,21,5,0.75,1.65,0.0707547169811,,linear
FE,1,21,6,0.604166666667,1.32916666667,0.0827370304114,,linear
FE,1,21,7,0.666666666667,1.46666666667,0.0760135135135,,linear
FE,1,21,8,0.5,1.1,0.0892857142857,,linear
FE,1,21,9,0.333333333333,0.733333333333,0.120192307692,,linear
FE,1,21,10,0.604166666667,1.32916666667,0.0827370304114,,linear
FE,1,21,11,0.697916666667,1.53541666667,0.0523829087921,,linear
FE,1,21,12,0.291666666667,0.641666666667,0.0634517766497,,linear
FE,1,21,13,0.5625,1.2375,0.0768156424581,,linear
FE,1,21,14,0.5625,1.2375,0.0814711359404,,linear
FE,1,21,15,0.4375,0.9625,0.10881104034,,linear
FE,1,21,16,0.604166666667,1.32916666667,0.0469588550984,,linear
FE,1,21,17,0.697916666667,1.53541666667,0.0605998356615,,linear
FE,1,21,18,0.729166666667,1.60416666667,0.054,,linear
FE,1,21,19,0.645833333333,1.42083333333,0.0839070567986,,linear
FE,1,21,20,0.5,1.1,0.109126984127,,linear
FE,1,22,1,0.708333333333,1.55833333333,0.0692182410423,,linear
FE,1,22,2,0.875,1.925,0.0249287749288,,linear
FE,1,22,3,0.916666666667,2.01666666667,0.0207182320442,,linear
FE,1,22,4,0.947916666667,2.08541666667,0.0126603646185,,linear
FE,1,22,5,0.958333333333,2.10833333333,0.0100536193029,,linear
FE,1,22,6,1,2.2,0,,linear
FE,1,22,7,1,2.2,0,,linear
FE,1,22,8,1,2.2,0,,linear
FE,1,22,9,1,2.2,0,,linear
FE,1,22,10,1,2.2,0,,linear
FE,1,22,11,1,2.2,0,,linear
FE,1,22,12,1,2.2,0,,linear
FE,1,22,13,1,2.2,0,,linear
FE,1,22,14,1,2.2,0,,linear
FE,1,22,15,1,2.2,0,,linear
FE,1,22,16,1,2.2,0,,linear
FE,1,22,17,1,2.2,0,,linear
FE,1,22,18,1,2.2,0,,linear
FE,1,22,19,1,2.2,0,,linear
FE,1,22,20,1,2.2,0,,linear
FE,1,23,1,0.5625,1.2375,0.0488826815642,,linear
FE,1,23,2,0.5625,1.2375,0.0581936685289,,linear
FE,1,23,3,0.552083333333,1.21458333333,0.057619943556,,linear
FE,1,23,4,0.447916666667,0.985416666667,0.0091815320042,,linear
FE,1,23,5,0.458333333333,1.00833333333,0.00778008298755,,linear
FE,1,23,6,0.677083333333,1.48958333333,0.0491631799163,,linear
FE,1,23,7,0.708333333333,1.55833333333,0.0427524429967,,linear
FE,1,23,8,0.65625,1.44375,0.0394288150043,,linear
FE,1,23,9,0.65625,1.44375,0.0394288150043,,linear
FE,1,23,10,0.552083333333,1.21458333333,0.008231420508,,linear
FE,1,23,11,0.520833333333,1.14583333333,0.0121359223301,,linear
FE,1,23,12,0.364583333333,0.802083333333,0.0534682080925,,linear
FE,1,23,13,0.364583333333,0.802083333333,0.0939306358382,,linear
FE,1,23,14,0.3125,0.6875,0.0925925925926,,linear
FE,1,23,15,0.114583333333,0.252083333333,0.0478369384359,,linear
FE,1,23,16,0.125,0.275,0.0735294117647,,linear
FE,1,23,17,0.322916666667,0.710416666667,0.11419001218,,linear
FE,1,23,18,0.46875,1.03125,0.0782051282051,,linear
FE,1,23,19,0.583333333333,1.28333333333,0.0501824817518,,linear
FE,1,23,20,0.583333333333,1.28333333333,0.0501824817518,,linear
FE,1,24,1,0.645833333333,1.42083333333,0.0580895008606,,linear
FE,1,24,2,0.614583333333,1.35208333333,0.0564658990257,,linear
FE,1,24,3,0.708333333333,1.55833333333,0.057003257329,,linear
FE,1,24,4,0.697916666667,1.53541666667,0.0338948233361,,linear
FE,1,24,5,0.583333333333,1.28333333333,0.0410583941606,,linear
FE,1,24,6,0.458333333333,1.00833333333,0.0778008298755,,linear
FE,1,24,7,0.46875,1.03125,0.0525641025641,,linear
FE,1,24,8,0.3125,0.6875,0.0771604938272,,linear
FE,1,24,9,0.520833333333,1.14583333333,0.0461165048544,,linear
FE,1,24,10,0.541666666667,1.19166666667,0.0285171102662,,linear
FE,1,24,11,0.5,1.1,0.014880952381,,linear
FE,1,24,12,0.447916666667,0.985416666667,0.0327911857293,,linear
FE,1,24,13,0.46875,1.03125,0.024358974359,,linear
FE,1,24,14,0.489583333333,1.07708333333,0.0112838515547,,linear
FE,1,24,15,0.458333333333,1.00833333333,0.0207468879668,,linear
FE,1,24,16,0.458333333333,1.00833333333,0.018153526971,,linear
FE,1,24,17,0.364583333333,0.802083333333,0.0708092485549,,linear
FE,1,24,18,0.260416666667,0.572916666667,0.0612582781457,,linear
FE,1,24,19,0.0520833333333,0.114583333333,0.035046728972,,linear
FE,1,24,20,0,0,0,,linear
FE,1,25,1,0.364583333333,0.802083333333,0.0736994219653,,linear
FE,1,25,2,0.322916666667,0.710416666667,0.0471985383678,,linear
FE,1,25,3,0.28125,0.61875,0.0176962676963,,linear
FE,1,25,4,0.270833333333,0.595833333333,0.0195822454308,,linear
FE,1,25,5,0.21875,0.48125,0.00527426160338,,linear
FE,1,25,6,0.166666666667,0.366666666667,0.0342987804878,,linear
FE,1,25,7,0.114583333333,0.252083333333,0.0395174708819,,linear
FE,1,25,8,0.0833333333333,0.183333333333,0.0396126760563,,linear
FE,1,25,9,0.0729166666667,0.160416666667,0.0336624775583,,linear
FE,1,25,10,0.03125,0.06875,0.0170565302144,,linear
FE,1,25,11,0.125,0.275,0.0612745098039,,linear
FE,1,25,12,0.197916666667,0.435416666667,0.0489840348331,,linear
FE,1,25,13,0.208333333333,0.458333333333,0.0357142857143,,linear
FE,1,25,14,0.208333333333,0.458333333333,0.0178571428571,,linear
FE,1,25,15,0.229166666667,0.504166666667,0.00692520775623,,linear
FE,1,25,16,0.25,0.55,0.0100806451613,,linear
FE,1,25,17,0.25,0.55,0.0134408602151,,linear
FE,1,25,18,0.177083333333,0.389583333333,0.0393553223388,,linear
FE,1,25,19,0.0625,0.1375,0.03663003663,,linear
FE,1,25,20,0.0520833333333,0.114583333333,0.035046728972,,linear
FE,2,26,1,1,2.2,0,,linear
FE,2,26,2,0.75,1.65,0.0707547169811,,linear
FE,2,26,3,1,2.2,0,,linear
FE,2,26,4,1,2.2,0,,linear
FE,2,26,5,0.75,1.65,0.0707547169811,,linear
FE,2,26,6,0.958333333333,2.10833333333,0.0100536193029,,linear
FE,2,26,7,0.958333333333,2.10833333333,0.0100536193029,,linear
FE,2,26,8,1,2.2,0,,linear
FE,2,26,9,0.875,1.925,0.0320512820513,,linear
FE,2,26,10,0.75,1.65,0.0707547169811,,linear
FE,2,26,11,1,2.2,0,,linear
FE,2,26,12,1,2.2,0,,linear
FE,2,26,13,0.75,1.65,0.0707547169811,,linear
FE,2,26,14,0.75,1.65,0.0707547169811,,linear
FE,2,26,15,0.75,1.65,0.0707547169811,,linear
FE,2,26,16,0.5,1.1,0.119047619048,,linear
FE,2,26,17,0.75,1.65,0.0707547169811,,linear
FE,2,26,18,1,2.2,0,,linear
FE,2,26,19,0.75,1.65,0.0707547169811,,linear
FE,2,26,20,0.75,1.65,0.0707547169811,,linear
FE,2,27,1,0.729166666667,1.60416666667,0.054,,linear
FE,2,27,2,0.875,1.925,0.0320512820513,,linear
FE,2,27,3,0.916666666667,2.01666666667,0.0207182320442,,linear
FE,2,27,4,0.958333333333,2.10833333333,0.0100536193029,,linear
FE,2,27,5,0.958333333333,2.10833333333,0.0100536193029,,linear
FE,2,27,6,1,2.2,0,,linear
FE,2,27,7,1,2.2,0,,linear
FE,2,27,8,0.989583333333,2.17708333333,0.00245901639344,,linear
FE,2,27,9,0.989583333333,2.17708333333,0.00245901639344,,linear
FE,2,27,10,0.989583333333,2.17708333333,0.00245901639344,,linear
FE,2,27,11,0.989583333333,2.17708333333,0.00245901639344,,linear
FE,2,27,12,0.989583333333,2.17708333333,0.00245901639344,,linear
FE,2,27,13,0.989583333333,2.17708333333,0.00245901639344,,linear
FE,2,27,14,0.989583333333,2.17708333333,0.00245901639344,,linear
FE,2,27,15,0.979166666667,2.15416666667,0.00495376486129,,linear
FE,2,27,16,0.979166666667,2.15416666667,0.00495376486129,,linear
FE,2,27,17,0.979166666667,2.15416666667,0.00495376486129,,linear
FE,2,27,18,0.979166666667,2.15416666667,0.00495376486129,,linear
FE,2,27,19,0.958333333333,2.10833333333,0.0100536193029,,linear
FE,2,27,20,0.458333333333,1.00833333333,0.119294605809,,linear
FE,2,28,1,0.40625,0.89375,0.119636963696,,linear
FE,2,28,2,0.177083333333,0.389583333333,0.0843328335832,,linear
FE,2,28,3,0.177083333333,0.389583333333,0.0880809595202,,linear
FE,2,28,4,0.1875,0.4125,0.0884955752212,,linear
FE,2,28,5,0.25,0.55,0.0672043010753,,linear
FE,2,28,6,0.260416666667,0.572916666667,0.0711920529801,,linear
FE,2,28,7,0.291666666667,0.641666666667,0.0602791878173,,linear
FE,2,28,8,0.239583333333,0.527083333333,0.0460436562074,,linear
FE,2,28,9,0.1875,0.4125,0.0442477876106,,linear
FE,2,28,10,0.15625,0.34375,0.0600775193798,,linear
FE,2,28,11,0.0520833333333,0.114583333333,0.035046728972,,linear
FE,2,28,12,0.208333333333,0.458333333333,0.103571428571,,linear
FE,2,28,13,0.114583333333,0.252083333333,0.0644758735441,,linear
FE,2,28,14,0,0,0,,linear
FE,2,28,15,0.0104166666667,0.0229166666667,0.00763747454175,,linear
FE,2,28,16,0.0104166666667,0.0229166666667,0.00763747454175,,linear
FE,2,28,17,0.0520833333333,0.114583333333,0.035046728972,,linear
FE,2,28,18,0.0520833333333,0.114583333333,0.035046728972,,linear
FE,2,28,19,0,0,0,,linear
FE,2,28,20,0,0,0,,linear
FE,2,29,1,0.8125,1.7875,0.0392376681614,,linear
FE,2,29,2,0.8125,1.7875,0.0392376681614,,linear
FE,2,29,3,0.895833333333,1.97083333333,0.0192847124825,,linear
FE,2,29,4,0.895833333333,1.97083333333,0.0122720897616,,linear
FE,2,29,5,0.9375,2.0625,0.0119047619048,,linear
FE,2,29,6,0.979166666667,2.15416666667,0.00495376486129,,linear
FE,2,29,7,0.989583333333,2.17708333333,0.00245901639344,,linear
FE,2,29,8,1,2.2,0,,linear
FE,2,29,9,1,2.2,0,,linear
FE,2,29,10,1,2.2,0,,linear
FE,2,29,11,1,2.2,0,,linear
FE,2,29,12,1,2.2,0,,linear
FE,2,29,13,1,2.2,0,,linear
FE,2,29,14,1,2.2,0,,linear
FE,2,29,15,1,2.2,0,,linear
FE,2,29,16,1,2.2,0,,linear
FE,2,29,17,1,2.2,0,,linear
FE,2,29,18,1,2.2,0,,linear
FE,2,29,19,0.989583333333,2.17708333333,0.00245901639344,,linear
FE,2,29,20,0.75,1.65,0.0707547169811,,linear
FE,2,30,1,0.958333333333,2.10833333333,0.0100536193029,,linear
FE,2,30,2,0.958333333333,2.10833333333,0.0100536193029,,linear
FE,2,30,3,1,2.2,0,,linear
FE,2,30,4,1,2.2,0,,linear
FE,2,30,5,1,2.2,0,,linear
FE,2,30,6,0.958333333333,2.10833333333,0.0100536193029,,linear
FE,2,30,7,1,2.2,0,,linear
FE,2,30,8,0.958333333333,2.10833333333,0.0100536193029,,linear
FE,2,30,9,0.708333333333,1.55833333333,0.0773615635179,,linear
FE,2,30,10,1,2.2,0,,linear
FE,2,30,11,1,2.2,0,,linear
FE,2,30,12,1,2.2,0,,linear
FE,2,30,13,1,2.2,0,,linear
FE,2,30,14,1,2.2,0,,linear
FE,2,30,15,1,2.2,0,,linear
FE,2,30,16,0.958333333333,2.10833333333,0.0100536193029,,linear
FE,2,30,17,0.916666666667,2.01666666667,0.0138121546961,,linear
FE,2,30,18,0.708333333333,1.55833333333,0.0773615635179,,linear
FE,2,30,19,0.4375,0.9625,0.119426751592,,linear
FE,2,30,20,0.5,1.1,0.119047619048,,linear
FE,2,31,1,0.854166666667,1.87916666667,0.0343704775687,,linear
FE,2,31,2,0.833333333333,1.83333333333,0.0367647058824,,linear
FE,2,31,3,0.6875,1.5125,0.0435323383085,,linear
FE,2,31,4,0.6875,1.5125,0.051824212272,,linear
FE,2,31,5,0.5,1.1,0.0744047619048,,linear
FE,2,31,6,0.625,1.375,0.0570175438596,,linear
FE,2,31,7,0.65625,1.44375,0.0479539641944,,linear
FE,2,31,8,0.78125,1.71875,0.0392720306513,,linear
FE,2,31,9,0.854166666667,1.87916666667,0.0271345875543,,linear
FE,2,31,10,0.895833333333,1.97083333333,0.0122720897616,,linear
FE,2,31,11,0.916666666667,2.01666666667,0.0103591160221,,linear
FE,2,31,12,0.885416666667,1.94791666667,0.0167844522968,,linear
FE,2,31,13,0.895833333333,1.97083333333,0.015778401122,,linear
FE,2,31,14,0.885416666667,1.94791666667,0.00618374558304,,linear
FE,2,31,15,0.875,1.925,0.00534188034188,,linear
FE,2,31,16,0.875,1.925,0.00712250712251,,linear
FE,2,31,17,0.75,1.65,0.0353773584906,,linear
FE,2,31,18,0.697916666667,1.53541666667,0.0523829087921,,linear
FE,2,31,19,0.53125,1.16875,0.0804514889529,,linear
FE,2,31,20,0.385416666667,0.847916666667,0.0718714768884,,linear
FE,2,32,1,0.625,1.375,0.0921052631579,,linear
FE,2,32,2,0.395833333333,0.870833333333,0.114142538976,,linear
FE,2,32,3,0.34375,0.75625,0.0993475682088,,linear
FE,2,32,4,0.125,0.275,0.0490196078431,,linear
FE,2,32,5,0.260416666667,0.572916666667,0.120860927152,,linear
FE,2,32,6,0.375,0.825,0.114155251142,,linear
FE,2,32,7,0.427083333333,0.939583333333,0.0953276047261,,linear
FE,2,32,8,0.114583333333,0.252083333333,0.0436772046589,,linear
FE,2,32,9,0.0416666666667,0.0916666666667,0.0238549618321,,linear
FE,2,32,10,0.0729166666667,0.160416666667,0.0426391382406,,linear
FE,2,32,11,0.333333333333,0.733333333333,0.114182692308,,linear
FE,2,32,12,0.395833333333,0.870833333333,0.114142538976,,linear
FE,2,32,13,0.291666666667,0.641666666667,0.11421319797,,linear
FE,2,32,14,0.0104166666667,0.0229166666667,0.00763747454175,,linear
FE,2,32,15,0.0416666666667,0.0916666666667,0.0286259541985,,linear
FE,2,32,16,0,0,0,,linear
FE,2,32,17,0,0,0,,linear
FE,2,32,18,0,0,0,,linear
FE,2,32,19,0,0,0,,linear
FE,2,32,20,0,0,0,,linear
FE,2,33,1,0.447916666667,0.985416666667,0.0931269674711,,linear
FE,2,33,2,0.53125,1.16875,0.0876560999039,,linear
FE,2,33,3,0.479166666667,1.05416666667,0.0786004056795,,linear
FE,2,33,4,0.3125,0.6875,0.0617283950617,,linear
FE,2,33,5,0.322916666667,0.710416666667,0.0654689403167,,linear
FE,2,33,6,0.322916666667,0.710416666667,0.0654689403167,,linear
FE,2,33,7,0.125,0.275,0.0245098039216,,linear
FE,2,33,8,0.125,0.275,0.0245098039216,,linear
FE,2,33,9,0.291666666667,0.641666666667,0.0951776649746,,linear
FE,2,33,10,0.291666666667,0.641666666667,0.0951776649746,,linear
FE,2,33,11,0.1875,0.4125,0.0553097345133,,linear
FE,2,33,12,0.166666666667,0.366666666667,0,,linear
FE,2,33,13,0.166666666667,0.366666666667,0,,linear
FE,2,33,14,0.229166666667,0.504166666667,0.031163434903,,linear
FE,2,33,15,0.208333333333,0.458333333333,0.0214285714286,,linear
FE,2,33,16,0.125,0.275,0.0245098039216,,linear
FE,2,33,17,0.125,0.275,0.0245098039216,,linear
FE,2,33,18,0.1875,0.4125,0.0553097345133,,linear
FE,2,33,19,0.0833333333333,0.183333333333,0.0352112676056,,linear
FE,2,33,20,0.0416666666667,0.0916666666667,0.0286259541985,,linear
FE,2,34,1,0.6875,1.5125,0.051824212272,,linear
FE,2,34,2,0.875,1.925,0.0249287749288,,linear
FE,2,34,3,0.791666666667,1.74166666667,0.0417933130699,,linear
FE,2,34,4,0.8125,1.7875,0.0429745889387,,linear
FE,2,34,5,0.760416666667,1.67291666667,0.0516367887763,,linear
FE,2,34,6,0.71875,1.58125,0.0494350282486,,linear
FE,2,34,7,0.65625,1.44375,0.0458226768968,,linear
FE,2,34,8,0.729166666667,1.60416666667,0.038,,linear
FE,2,34,9,0.729166666667,1.60416666667,0.014,,linear
FE,2,34,10,0.770833333333,1.69583333333,0.0135239567233,,linear
FE,2,34,11,0.802083333333,1.76458333333,0.0103617181613,,linear
FE,2,34,12,0.864583333333,1.90208333333,0.00628140703518,,linear
FE,2,34,13,0.90625,1.99375,0.00782881002088,,linear
FE,2,34,14,0.96875,2.13125,0.00582168995343,,linear
FE,2,34,15,1,2.2,0,,linear
FE,2,34,16,1,2.2,0,,linear
FE,2,34,17,1,2.2,0,,linear
FE,2,34,18,1,2.2,0,,linear
FE,2,34,19,1,2.2,0,,linear
FE,2,34,20,1,2.2,0,,linear
FE,2,35,1,0.78125,1.71875,0.0431034482759,,linear
FE,2,35,2,0.739583333333,1.62708333333,0.0406423473434,,linear
FE,2,35,3,0.770833333333,1.69583333333,0.0425038639876,,linear
FE,2,35,4,0.802083333333,1.76458333333,0.0273172569706,,linear
FE,2,35,5,0.927083333333,2.03958333333,0.0145647703907,,linear
FE,2,35,6,0.947916666667,2.08541666667,0.0109723160027,,linear
FE,2,35,7,0.96875,2.13125,0.00748502994012,,linear
FE,2,35,8,0.989583333333,2.17708333333,0.00245901639344,,linear
FE,2,35,9,0.989583333333,2.17708333333,0.00245901639344,,linear
FE,2,35,10,1,2.2,0,,linear
FE,2,35,11,1,2.2,0,,linear
FE,2,35,12,0.989583333333,2.17708333333,0.00245901639344,,linear
FE,2,35,13,1,2.2,0,,linear
FE,2,35,14,1,2.2,0,,linear
FE,2,35,15,1,2.2,0,,linear
FE,2,35,16,1,2.2,0,,linear
FE,2,35,17,1,2.2,0,,linear
FE,2,35,18,1,2.2,0,,linear
FE,2,35,19,1,2.2,0,,linear
FE,2,35,20,1,2.2,0,,linear
FE,2,36,1,0.604166666667,1.32916666667,0.0827370304114,,linear
FE,2,36,2,0.572916666667,1.26041666667,0.100230414747,,linear
FE,2,36,3,0.53125,1.16875,0.0876560999039,,linear
FE,2,36,4,0.71875,1.58125,0.0635593220339,,linear
FE,2,36,5,0.635416666667,1.39791666667,0.0662467419635,,linear
FE,2,36,6,0.302083333333,0.664583333333,0.0578848560701,,linear
FE,2,36,7,0.270833333333,0.595833333333,0.0359007832898,,linear
FE,2,36,8,0.5625,1.2375,0.104748603352,,linear
FE,2,36,9,0.59375,1.30625,0.0914634146341,,linear
FE,2,36,10,0.729166666667,1.60416666667,0.062,,linear
FE,2,36,11,0.583333333333,1.28333333333,0.0775547445255,,linear
FE,2,36,12,0.4375,0.9625,0.0716560509554,,linear
FE,2,36,13,0.302083333333,0.664583333333,0.120463078849,,linear
FE,2,36,14,0.458333333333,1.00833333333,0.0985477178423,,linear
FE,2,36,15,0.46875,1.03125,0.111538461538,,linear
FE,2,36,16,0.135416666667,0.297916666667,0.0501605136437,,linear
FE,2,36,17,0.395833333333,0.870833333333,0.119710467706,,linear
FE,2,36,18,0.270833333333,0.595833333333,0.120757180157,,linear
FE,2,36,19,0.34375,0.75625,0.111209964413,,linear
FE,2,36,20,0.395833333333,0.870833333333,0.0918708240535,,linear
FE,2,37,1,0.541666666667,1.19166666667,0.0712927756654,,linear
FE,2,37,2,0.625,1.375,0.0394736842105,,linear
FE,2,37,3,0.645833333333,1.42083333333,0.0408777969019,,linear
FE,2,37,4,0.708333333333,1.55833333333,0.0447882736156,,linear
FE,2,37,5,0.760416666667,1.67291666667,0.034099766173,,linear
FE,2,37,6,0.71875,1.58125,0.0272397094431,,linear
FE,2,37,7,0.729166666667,1.60416666667,0.028,,linear
FE,2,37,8,0.520833333333,1.14583333333,0.0728155339806,,linear
FE,2,37,9,0.614583333333,1.35208333333,0.0520372010629,,linear
FE,2,37,10,0.5625,1.2375,0.0186219739292,,linear
FE,2,37,11,0.520833333333,1.14583333333,0.0242718446602,,linear
FE,2,37,12,0.260416666667,0.572916666667,0.0579470198675,,linear
FE,2,37,13,0.385416666667,0.847916666667,0.0662344983089,,linear
FE,2,37,14,0.260416666667,0.572916666667,0.0579470198675,,linear
FE,2,37,15,0.260416666667,0.572916666667,0.0579470198675,,linear
FE,2,37,16,0.40625,0.89375,0.0783828382838,,linear
FE,2,37,17,0.510416666667,1.12291666667,0.0699214916585,,linear
FE,2,37,18,0.3125,0.6875,0.0771604938272,,linear
FE,2,37,19,0.260416666667,0.572916666667,0.0579470198675,,linear
FE,2,37,20,0.15625,0.34375,0.0678294573643,,linear
FE,2,38,1,1,2.2,0,,linear
FE,2,38,2,1,2.2,0,,linear
FE,2,38,3,1,2.2,0,,linear
FE,2,38,4,1,2.2,0,,linear
FE,2,38,5,1,2.2,0,,linear
FE,2,38,6,1,2.2,0,,linear
FE,2,38,7,1,2.2,0,,linear
FE,2,38,8,1,2.2,0,,linear
FE,2,38,9,1,2.2,0,,linear
FE,2,38,10,1,2.2,0,,linear
FE,2,38,11,1,2.2,0,,linear
FE,2,38,12,1,2.2,0,,linear
FE,2,38,13,1,2.2,0,,linear
FE,2,38,14,1,2.2,0,,linear
FE,2,38,15,1,2.2,0,,linear
FE,2,38,16,1,2.2,0,,linear
FE,2,38,17,1,2.2,0,,linear
FE,2,38,18,1,2.2,0,,linear
FE,2,38,19,1,2.2,0,,linear
FE,2,38,20,1,2.2,0,,linear
FE,2,39,1,0.708333333333,1.55833333333,0.0773615635179,,linear
FE,2,39,2,0.6875,1.5125,0.051824212272,,linear
FE,2,39,3,0.541666666667,1.19166666667,0.0570342205323,,linear
FE,2,39,4,0.447916666667,0.985416666667,0.061647429171,,linear
FE,2,39,5,0.5,1.1,0.0545634920635,,linear
FE,2,39,6,0.520833333333,1.14583333333,0.0461165048544,,linear
FE,2,39,7,0.333333333333,0.733333333333,0.0360576923077,,linear
FE,2,39,8,0.177083333333,0.389583333333,0.0505997001499,,linear
FE,2,39,9,0.0833333333333,0.183333333333,0.0528169014085,,linear
FE,2,39,10,0.0833333333333,0.183333333333,0.0528169014085,,linear
FE,2,39,11,0.0416666666667,0.0916666666667,0.0190839694656,,linear
FE,2,39,12,0.0520833333333,0.114583333333,0.0163551401869,,linear
FE,2,39,13,0.0625,0.1375,0.03663003663,,linear
FE,2,39,14,0.03125,0.06875,0.0170565302144,,linear
FE,2,39,15,0.0208333333333,0.0458333333333,0.0149402390438,,linear
FE,2,39,16,0.0208333333333,0.0458333333333,0.0149402390438,,linear
FE,2,39,17,0.0208333333333,0.0458333333333,0.0149402390438,,linear
FE,2,39,18,0.0208333333333,0.0458333333333,0.0149402390438,,linear
FE,2,39,19,0,0,0,,linear
FE,2,39,20,0.0104166666667,0.0229166666667,0.00763747454175,,linear
FE,2,40,1,0.635416666667,1.39791666667,0.0879669852302,,linear
FE,2,40,2,0.729166666667,1.60416666667,0.062,,linear
FE,2,40,3,0.75,1.65,0.0550314465409,,linear
FE,2,40,4,0.770833333333,1.69583333333,0.0482998454405,,linear
FE,2,40,5,0.791666666667,1.74166666667,0.0417933130699,,linear
FE,2,40,6,0.8125,1.7875,0.0355007473842,,linear
FE,2,40,7,0.875,1.925,0.0249287749288,,linear
FE,2,40,8,0.895833333333,1.97083333333,0.0192847124825,,linear
FE,2,40,9,0.875,1.925,0.0249287749288,,linear
FE,2,40,10,0.739583333333,1.62708333333,0.0664155432197,,linear
FE,2,40,11,0.770833333333,1.69583333333,0.056027820711,,linear
FE,2,40,12,0.8125,1.7875,0.0392376681614,,linear
FE,2,40,13,0.8125,1.7875,0.0392376681614,,linear
FE,2,40,14,0.84375,1.85625,0.0300875273523,,linear
FE,2,40,15,0.71875,1.58125,0.069612590799,,linear
FE,2,40,16,0.5625,1.2375,0.104748603352,,linear
FE,2,40,17,0.71875,1.58125,0.0575060532688,,linear
FE,2,40,18,0.4375,0.9625,0.103503184713,,linear
FE,2,40,19,0.125,0.275,0.0735294117647,,linear
FE,2,40,20,0.0208333333333,0.0458333333333,0.0149402390438,,linear
FE,2,41,1,0.479166666667,1.05416666667,0.0735294117647,,linear
FE,2,41,2,0.270833333333,0.595833333333,0.0685378590078,,linear
FE,2,41,3,0.260416666667,0.572916666667,0.0546357615894,,linear
FE,2,41,4,0.260416666667,0.572916666667,0.0480132450331,,linear
FE,2,41,5,0.145833333333,0.320833333333,0.0473186119874,,linear
FE,2,41,6,0.0833333333333,0.183333333333,0.0396126760563,,linear
FE,2,41,7,0.0208333333333,0.0458333333333,0.0149402390438,,linear
FE,2,41,8,0.0208333333333,0.0458333333333,0.0149402390438,,linear
FE,2,41,9,0.114583333333,0.252083333333,0.0644758735441,,linear
FE,2,41,10,0.125,0.275,0.0653594771242,,linear
FE,2,41,11,0.135416666667,0.297916666667,0.0621990369181,,linear
FE,2,41,12,0.0416666666667,0.0916666666667,0.0190839694656,,linear
FE,2,41,13,0.03125,0.06875,0.0170565302144,,linear
FE,2,41,14,0.0208333333333,0.0458333333333,0.00996015936255,,linear
FE,2,41,15,0.104166666667,0.229166666667,0.0635593220339,,linear
FE,2,41,16,0.125,0.275,0.0653594771242,,linear
FE,2,41,17,0.0416666666667,0.0916666666667,0.0190839694656,,linear
FE,2,41,18,0.03125,0.06875,0.0170565302144,,linear
FE,2,41,19,0.03125,0.06875,0.00730994152047,,linear
FE,2,41,20,0.0416666666667,0.0916666666667,0.0190839694656,,linear
FE,2,42,1,0.9375,2.0625,0.015306122449,,linear
FE,2,42,2,1,2.2,0,,linear
FE,2,42,3,1,2.2,0,,linear
FE,2,42,4,1,2.2,0,,linear
FE,2,42,5,1,2.2,0,,linear
FE,2,42,6,1,2.2,0,,linear
FE,2,42,7,1,2.2,0,,linear
FE,2,42,8,1,2.2,0,,linear
FE,2,42,9,1,2.2,0,,linear
FE,2,42,10,1,2.2,0,,linear
FE,2,42,11,1,2.2,0,,linear
FE,2,42,12,1,2.2,0,,linear
FE,2,42,13,1,2.2,0,,linear
FE,2,42,14,1,2.2,0,,linear
FE,2,42,15,1,2.2,0,,linear
FE,2,42,16,1,2.2,0,,linear
FE,2,42,17,1,2.2,0,,linear
FE,2,42,18,0.75,1.65,0.0707547169811,,linear
FE,2,42,19,1,2.2,0,,linear
FE,2,42,20,0.958333333333,2.10833333333,0.0100536193029,,linear
FE,2,43,1,0.53125,1.16875,0.106868395773,,linear
FE,2,43,2,0.479166666667,1.05416666667,0.0938133874239,,linear
FE,2,43,3,0.4375,0.9625,0.0902335456476,,linear
FE,2,43,4,0.125,0.275,0.0531045751634,,linear
FE,2,43,5,0.0729166666667,0.160416666667,0.0426391382406,,linear
FE,2,43,6,0.0416666666667,0.0916666666667,0.0286259541985,,linear
FE,2,43,7,0.09375,0.20625,0.0496545768566,,linear
FE,2,43,8,0.166666666667,0.366666666667,0.0685975609756,,linear
FE,2,43,9,0.15625,0.34375,0.0368217054264,,linear
FE,2,43,10,0.260416666667,0.572916666667,0.0546357615894,,linear
FE,2,43,11,0.302083333333,0.664583333333,0.0735294117647,,linear
FE,2,43,12,0.177083333333,0.389583333333,0.061844077961,,linear
FE,2,43,13,0.197916666667,0.435416666667,0.0417271407837,,linear
FE,2,43,14,0.135416666667,0.297916666667,0.0541733547352,,linear
FE,2,43,15,0.09375,0.20625,0.0496545768566,,linear
FE,2,43,16,0.0833333333333,0.183333333333,0.0528169014085,,linear
FE,2,43,17,0.0625,0.1375,0.0412087912088,,linear
FE,2,43,18,0.0833333333333,0.183333333333,0.044014084507,,linear
FE,2,43,19,0.0625,0.1375,0.0412087912088,,linear
FE,2,43,20,0.0729166666667,0.160416666667,0.0471274685817,,linear
FE,2,44,1,0.84375,1.85625,0.0410284463895,,linear
FE,2,44,2,0.875,1.925,0.0320512820513,,linear
FE,2,44,3,0.895833333333,1.97083333333,0.0262973352034,,linear
FE,2,44,4,0.9375,2.0625,0.015306122449,,linear
FE,2,44,5,1,2.2,0,,linear
FE,2,44,6,0.854166666667,1.87916666667,0.037988422576,,linear
FE,2,44,7,1,2.2,0,,linear
FE,2,44,8,1,2.2,0,,linear
FE,2,44,9,1,2.2,0,,linear
FE,2,44,10,1,2.2,0,,linear
FE,2,44,11,1,2.2,0,,linear
FE,2,44,12,1,2.2,0,,linear
FE,2,44,13,1,2.2,0,,linear
FE,2,44,14,0.875,1.925,0.0320512820513,,linear
FE,2,44,15,0.854166666667,1.87916666667,0.037988422576,,linear
FE,2,44,16,1,2.2,0,,linear
FE,2,44,17,1,2.2,0,,linear
FE,2,44,18,1,2.2,0,,linear
FE,2,44,19,0.875,1.925,0.0320512820513,,linear
FE,2,44,20,0.25,0.55,0.120967741935,,linear
FE,2,45,1,0.708333333333,1.55833333333,0.057003257329,,linear
FE,2,45,2,0.875,1.925,0.0106837606838,,linear
FE,2,45,3,0.916666666667,2.01666666667,0.0120856353591,,linear
FE,2,45,4,0.9375,2.0625,0.0119047619048,,linear
FE,2,45,5,0.958333333333,2.10833333333,0.00670241286863,,linear
FE,2,45,6,0.96875,2.13125,0.00582168995343,,linear
FE,2,45,7,0.979166666667,2.15416666667,0.00495376486129,,linear
FE,2,45,8,0.979166666667,2.15416666667,0.00330250990753,,linear
FE,2,45,9,0.979166666667,2.15416666667,0.00330250990753,,linear
FE,2,45,10,0.947916666667,2.08541666667,0.0109723160027,,linear
FE,2,45,11,0.9375,2.0625,0.0119047619048,,linear
FE,2,45,12,0.916666666667,2.01666666667,0.0103591160221,,linear
FE,2,45,13,0.916666666667,2.01666666667,0.0103591160221,,linear
FE,2,45,14,0.916666666667,2.01666666667,0.0103591160221,,linear
FE,2,45,15,0.916666666667,2.01666666667,0.0103591160221,,linear
FE,2,45,16,0.90625,1.99375,0.0130480167015,,linear
FE,2,45,17,0.895833333333,1.97083333333,0.0122720897616,,linear
FE,2,45,18,0.895833333333,1.97083333333,0.0122720897616,,linear
FE,2,45,19,0.895833333333,1.97083333333,0.0122720897616,,linear
FE,2,45,20,0.645833333333,1.42083333333,0.0709982788296,,linear
FE,2,46,1,0.833333333333,1.83333333333,0.0441176470588,,linear
FE,2,46,2,0.958333333333,2.10833333333,0.0100536193029,,linear
FE,2,46,3,1,2.2,0,,linear
FE,2,46,4,1,2.2,0,,linear
FE,2,46,5,1,2.2,0,,linear
FE,2,46,6,1,2.2,0,,linear
FE,2,46,7,1,2.2,0,,linear
FE,2,46,8,1,2.2,0,,linear
FE,2,46,9,1,2.2,0,,linear
FE,2,46,10,1,2.2,0,,linear
FE,2,46,11,1,2.2,0,,linear
FE,2,46,12,1,2.2,0,,linear
FE,2,46,13,1,2.2,0,,linear
FE,2,46,14,1,2.2,0,,linear
FE,2,46,15,1,2.2,0,,linear
FE,2,46,16,1,2.2,0,,linear
FE,2,46,17,1,2.2,0,,linear
FE,2,46,18,1,2.2,0,,linear
FE,2,46,19,1,2.2,0,,linear
FE,2,46,20,1,2.2,0,,linear
FE,2,47,1,0.604166666667,1.32916666667,0.0469588550984,,linear
FE,2,47,2,0.71875,1.58125,0.0494350282486,,linear
FE,2,47,3,0.677083333333,1.48958333333,0.0575313807531,,linear
FE,2,47,4,0.625,1.375,0.0394736842105,,linear
FE,2,47,5,0.510416666667,1.12291666667,0.00368007850834,,linear
FE,2,47,6,0.479166666667,1.05416666667,0.0177484787018,,linear
FE,2,47,7,0.458333333333,1.00833333333,0.0311203319502,,linear
FE,2,47,8,0.40625,0.89375,0.0123762376238,,linear
FE,2,47,9,0.395833333333,0.870833333333,0.00835189309577,,linear
FE,2,47,10,0.4375,0.9625,0.015923566879,,linear
FE,2,47,11,0.5625,1.2375,0.0488826815642,,linear
FE,2,47,12,0.666666666667,1.46666666667,0.0548986486486,,linear
FE,2,47,13,0.791666666667,1.74166666667,0.0417933130699,,linear
FE,2,47,14,0.90625,1.99375,0.0234864300626,,linear
FE,2,47,15,0.916666666667,2.01666666667,0.0207182320442,,linear
FE,2,47,16,0.9375,2.0625,0.015306122449,,linear
FE,2,47,17,0.958333333333,2.10833333333,0.0100536193029,,linear
FE,2,47,18,0.979166666667,2.15416666667,0.00495376486129,,linear
FE,2,47,19,0.5,1.1,0.119047619048,,linear
FE,2,47,20,0,0,0,,linear
FE,2,48,1,0.770833333333,1.69583333333,0.0386398763524,,linear
FE,2,48,2,0.833333333333,1.83333333333,0.0257352941176,,linear
FE,2,48,3,0.916666666667,2.01666666667,0.0138121546961,,linear
FE,2,48,4,0.9375,2.0625,0.0102040816327,,linear
FE,2,48,5,0.958333333333,2.10833333333,0.00670241286863,,linear
FE,2,48,6,0.989583333333,2.17708333333,0.00245901639344,,linear
FE,2,48,7,0.989583333333,2.17708333333,0.00245901639344,,linear
FE,2,48,8,0.989583333333,2.17708333333,0.00245901639344,,linear
FE,2,48,9,0.989583333333,2.17708333333,0.00245901639344,,linear
FE,2,48,10,0.989583333333,2.17708333333,0.00245901639344,,linear
FE,2,48,11,1,2.2,0,,linear
FE,2,48,12,1,2.2,0,,linear
FE,2,48,13,1,2.2,0,,linear
FE,2,48,14,1,2.2,0,,linear
FE,2,48,15,1,2.2,0,,linear
FE,2,48,16,1,2.2,0,,linear
FE,2,48,17,1,2.2,0,,linear
FE,2,48,18,1,2.2,0,,linear
FE,2,48,19,0.9375,2.0625,0.015306122449,,linear
FE,2,48,20,0.9375,2.0625,0.015306122449,,linear
FE,2,49,1,0.802083333333,1.76458333333,0.0386209495102,,linear
FE,2,49,2,0.9375,2.0625,0.0119047619048,,linear
FE,2,49,3,1,2.2,0,,linear
FE,2,49,4,1,2.2,0,,linear
FE,2,49,5,1,2.2,0,,linear
FE,2,49,6,1,2.2,0,,linear
FE,2,49,7,1,2.2,0,,linear
FE,2,49,8,1,2.2,0,,linear
FE,2,49,9,1,2.2,0,,linear
FE,2,49,10,1,2.2,0,,linear
FE,2,49,11,1,2.2,0,,linear
FE,2,49,12,1,2.2,0,,linear
FE,2,49,13,1,2.2,0,,linear
FE,2,49,14,1,2.2,0,,linear
FE,2,49,15,1,2.2,0,,linear
FE,2,49,16,1,2.2,0,,linear
FE,2,49,17,1,2.2,0,,linear
FE,2,49,18,1,2.2,0,,linear
FE,2,49,19,1,2.2,0,,linear
FE,2,49,20,1,2.2,0,,linear
FE,2,50,1,0.416666666667,0.916666666667,0.0760869565217,,linear
FE,2,50,2,0.197916666667,0.435416666667,0.0562409288824,,linear
FE,2,50,3,0.0729166666667,0.160416666667,0.020197486535,,linear
FE,2,50,4,0.208333333333,0.458333333333,0.0821428571429,,linear
FE,2,50,5,0.260416666667,0.572916666667,0.0645695364238,,linear
FE,2,50,6,0.270833333333,0.595833333333,0.0750652741514,,linear
FE,2,50,7,0.4375,0.9625,0.0928874734607,,linear
FE,2,50,8,0.541666666667,1.19166666667,0.0665399239544,,linear
FE,2,50,9,0.697916666667,1.53541666667,0.0503286770748,,linear
FE,2,50,10,0.770833333333,1.69583333333,0.0328438948995,,linear
FE,2,50,11,0.833333333333,1.83333333333,0.0257352941176,,linear
FE,2,50,12,0.84375,1.85625,0.0264405543399,,linear
FE,2,50,13,0.833333333333,1.83333333333,0.0110294117647,,linear
FE,2,50,14,0.864583333333,1.90208333333,0.00987078248385,,linear
FE,2,50,15,0.854166666667,1.87916666667,0.00542691751085,,linear
FE,2,50,16,0.854166666667,1.87916666667,0.00542691751085,,linear
FE,2,50,17,0.895833333333,1.97083333333,0.0122720897616,,linear
FE,2,50,18,0.927083333333,2.03958333333,0.0111377655929,,linear
FE,2,50,19,0.9375,2.0625,0.0119047619048,,linear
FE,2,50,20,0.697916666667,1.53541666667,0.0770336894002,,linear
AI,1,1,1,0.729166666667,1.86666666667,0.0526889534884,,linear
AI,1,1,2,0.770833333333,1.94583333333,0.0459688826025,,linear
AI,1,1,3,0.791666666667,2.00416666667,0.0398751733703,,linear
AI,1,1,4,0.6875,1.65,0.0569968553459,,linear
AI,1,1,5,0.854166666667,2.11666666667,0.0317513368984,,linear
AI,1,1,6,0.6875,1.65,0.0569968553459,,linear
AI,1,1,7,0.864583333333,2.14583333333,0.0289735099338,,linear
AI,1,1,8,0.8125,2,0.0434027777778,,linear
AI,1,1,9,0.6875,1.65,0.0569968553459,,linear
AI,1,1,10,0.78125,1.975,0.0428921568627,,linear
AI,1,1,11,0.635416666667,1.56666666667,0.0537743506494,,linear
AI,1,1,12,0.708333333333,1.75833333333,0.0453172205438,,linear
AI,1,1,13,0.6875,1.65,0.0569968553459,,linear
AI,1,1,14,0.6875,1.65,0.0569968553459,,linear
AI,1,1,15,0.645833333333,1.53333333333,0.0637335526316,,linear
AI,1,1,16,0.8125,2,0.0434027777778,,linear
AI,1,1,17,0.854166666667,2.11666666667,0.0317513368984,,linear
AI,1,1,18,0.854166666667,2.11666666667,0.0317513368984,,linear
AI,1,1,19,0.916666666667,2.29166666667,0.0158227848101,,linear
AI,1,1,20,0.833333333333,2.18333333333,0.032722513089,,linear
AI,1,2,1,0.854166666667,2.26666666667,0.0302933673469,,linear
AI,1,2,2,0.729166666667,1.76666666667,0.0696536144578,,linear
AI,1,2,3,0.90625,2.35,0.0178793532338,,linear
AI,1,2,4,0.979166666667,2.46666666667,0.00450721153846,,linear
AI,1,2,5,1,2.5,0,,linear
AI,1,2,6,1,2.5,0,,linear
AI,1,2,7,1,2.5,0,,linear
AI,1,2,8,1,2.5,0,,linear
AI,1,2,9,1,2.5,0,,linear
AI,1,2,10,1,2.5,0,,linear
AI,1,2,11,1,2.5,0,,linear
AI,1,2,12,1,2.5,0,,linear
AI,1,2,13,1,2.5,0,,linear
AI,1,2,14,1,2.5,0,,linear
AI,1,2,15,1,2.5,0,,linear
AI,1,2,16,1,2.5,0,,linear
AI,1,2,17,1,2.5,0,,linear
AI,1,2,18,1,2.5,0,,linear
AI,1,2,19,0.875,2.3,0.0284090909091,,linear
AI,1,2,20,0.875,2.3,0.0284090909091,,linear
AI,1,3,1,0.177083333333,0.308333333333,0.264729299363,,linear
AI,1,3,2,0.40625,1.1,0.137648809524,,linear
AI,1,3,3,0.489583333333,1.23333333333,0.127098880597,,linear
AI,1,3,4,0.59375,1.4,0.120442708333,,linear
AI,1,3,5,0.604166666667,1.41666666667,0.118534482759,,linear
AI,1,3,6,0.59375,1.4,0.120442708333,,linear
AI,1,3,7,0.625,1.45,0.114795918367,,linear
AI,1,3,8,1,2.5,0,,linear
AI,1,3,9,1,2.5,0,,linear
AI,1,3,10,1,2.5,0,,linear
AI,1,3,11,1,2.5,0,,linear
AI,1,3,12,1,2.5,0,,linear
AI,1,3,13,1,2.5,0,,linear
AI,1,3,14,1,2.5,0,,linear
AI,1,3,15,1,2.5,0,,linear
AI,1,3,16,1,2.5,0,,linear
AI,1,3,17,1,2.5,0,,linear
AI,1,3,18,1,2.5,0,,linear
AI,1,3,19,1,2.5,0,,linear
AI,1,3,20,0.625,1.45,0.114795918367,,linear
AI,1,4,1,0.458333333333,1.18333333333,0.13358778626,,linear
AI,1,4,2,0.5,1.25,0.125,,linear
AI,1,4,3,0.3125,0.625,0.208333333333,,linear
AI,1,4,4,0.0833333333333,0.133333333333,0.275735294118,,linear
AI,1,4,5,0.197916666667,0.429166666667,0.213192419825,,linear
AI,1,4,6,0.166666666667,0.341666666667,0.225155279503,,linear
AI,1,4,7,0.114583333333,0.258333333333,0.217301324503,,linear
AI,1,4,8,0.0833333333333,0.233333333333,0.185810810811,,linear
AI,1,4,9,0.135416666667,0.291666666667,0.215725806452,,linear
AI,1,4,10,0.145833333333,0.233333333333,0.282939189189,,linear
AI,1,4,11,0.0416666666667,0.0666666666667,0.263671875,,linear
AI,1,4,12,0.125,0.2,0.286458333333,,linear
AI,1,4,13,0.25,0.55,0.201612903226,,linear
AI,1,4,14,0.322916666667,0.666666666667,0.1984375,,linear
AI,1,4,15,0.458333333333,1.18333333333,0.138358778626,,linear
AI,1,4,16,0.270833333333,0.658333333333,0.160175879397,,linear
AI,1,4,17,0.354166666667,0.791666666667,0.165697674419,,linear
AI,1,4,18,0.177083333333,0.408333333333,0.197855029586,,linear
AI,1,4,19,0.260416666667,0.529166666667,0.216280653951,,linear
AI,1,4,20,0.177083333333,0.433333333333,0.179869186047,,linear
AI,1,5,1,0.625,1.55,0.0531045751634,,linear
AI,1,5,2,0.71875,1.7375,0.0466133942161,,linear
AI,1,5,3,0.802083333333,1.97083333333,0.0324333800842,,linear
AI,1,5,4,0.739583333333,1.82083333333,0.0452363367799,,linear
AI,1,5,5,0.729166666667,1.76666666667,0.050828313253,,linear
AI,1,5,6,0.90625,2.2625,0.0183588761175,,linear
AI,1,5,7,0.916666666667,2.29166666667,0.0158227848101,,linear
AI,1,5,8,0.770833333333,1.90833333333,0.0376074498567,,linear
AI,1,5,9,0.864583333333,2.17083333333,0.0106767411301,,linear
AI,1,5,10,0.958333333333,2.40833333333,0.00611246943765,,linear
AI,1,5,11,0.979166666667,2.46666666667,0.00450721153846,,linear
AI,1,5,12,0.979166666667,2.46666666667,0.00450721153846,,linear
AI,1,5,13,0.604166666667,1.41666666667,0.118534482759,,linear
AI,1,5,14,0.916666666667,2.29166666667,0.0158227848101,,linear
AI,1,5,15,0.958333333333,2.40833333333,0.00611246943765,,linear
AI,1,5,16,0.625,1.45,0.114795918367,,linear
AI,1,5,17,0.833333333333,2.03333333333,0.0412087912088,,linear
AI,1,5,18,0.625,1.45,0.114795918367,,linear
AI,1,5,19,0.5625,1.275,0.130494505495,,linear
AI,1,5,20,0.78125,2.0375,0.0385802469136,,linear
AI,1,6,1,0.822916666667,2.07916666667,0.0329837618403,,linear
AI,1,6,2,0.90625,2.2625,0.0183588761175,,linear
AI,1,6,3,0.854166666667,2.15416666667,0.0264200792602,,linear
AI,1,6,4,0.916666666667,2.29166666667,0.0158227848101,,linear
AI,1,6,5,0.90625,2.2875,0.0150506970849,,linear
AI,1,6,6,0.875,2.2,0.0227864583333,,linear
AI,1,6,7,0.875,2.15,0.0297619047619,,linear
AI,1,6,8,0.875,2.15,0.0297619047619,,linear
AI,1,6,9,0.791666666667,1.95416666667,0.0317348377997,,linear
AI,1,6,10,0.885416666667,2.20416666667,0.0235695708713,,linear
AI,1,6,11,0.895833333333,2.23333333333,0.0209407216495,,linear
AI,1,6,12,0.84375,2.0875,0.0278340080972,,linear
AI,1,6,13,0.8125,2,0.0260416666667,,linear
AI,1,6,14,0.802083333333,2.02083333333,0.0284482758621,,linear
AI,1,6,15,0.854166666667,2.11666666667,0.0317513368984,,linear
AI,1,6,16,0.864583333333,2.14583333333,0.0289735099338,,linear
AI,1,6,17,0.8125,2.05,0.0358606557377,,linear
AI,1,6,18,0.770833333333,1.93333333333,0.0266335227273,,linear
AI,1,6,19,0.75,1.875,0.0326086956522,,linear
AI,1,6,20,0.854166666667,2.14166666667,0.0281830238727,,linear
AI,1,7,1,0.604166666667,1.54166666667,0.0840163934426,,linear
AI,1,7,2,0.770833333333,1.90833333333,0.0519340974212,,linear
AI,1,7,3,0.833333333333,2.08333333333,0.0337837837838,,linear
AI,1,7,4,0.8125,1.975,0.047268907563,,linear
AI,1,7,5,0.895833333333,2.25833333333,0.0175831202046,,linear
AI,1,7,6,0.916666666667,2.29166666667,0.0158227848101,,linear
AI,1,7,7,0.864583333333,2.13333333333,0.0307513297872,,linear
AI,1,7,8,0.979166666667,2.46666666667,0.00450721153846,,linear
AI,1,7,9,0.979166666667,2.46666666667,0.00450721153846,,linear
AI,1,7,10,0.979166666667,2.46666666667,0.00450721153846,,linear
AI,1,7,11,0.979166666667,2.46666666667,0.00450721153846,,linear
AI,1,7,12,0.979166666667,2.46666666667,0.00450721153846,,linear
AI,1,7,13,0.979166666667,2.46666666667,0.00450721153846,,linear
AI,1,7,14,0.666666666667,1.59166666667,0.0924437299035,,linear
AI,1,7,15,0.666666666667,1.59166666667,0.0924437299035,,linear
AI,1,7,16,0.645833333333,1.58333333333,0.0907258064516,,linear
AI,1,7,17,0.53125,1.4125,0.0939119170984,,linear
AI,1,7,18,0.479166666667,1.22916666667,0.126168224299,,linear
AI,1,7,19,0.125,0.2,0.260416666667,,linear
AI,1,7,20,0.125,0.275,0.220588235294,,linear
AI,1,8,1,0.520833333333,1.23333333333,0.0956156716418,,linear
AI,1,8,2,0.510416666667,1.12916666667,0.145547945205,,linear
AI,1,8,3,0.71875,1.7125,0.056643625192,,linear
AI,1,8,4,0.770833333333,1.85833333333,0.0400874635569,,linear
AI,1,8,5,0.895833333333,2.20833333333,0.0243506493506,,linear
AI,1,8,6,0.5625,1.275,0.130494505495,,linear
AI,1,8,7,0.614583333333,1.42083333333,0.106497418244,,linear
AI,1,8,8,0.302083333333,0.545833333333,0.234164420485,,linear
AI,1,8,9,0.21875,0.4125,0.241519174041,,linear
AI,1,8,10,0.166666666667,0.391666666667,0.194610778443,,linear
AI,1,8,11,0.25,0.525,0.21174863388,,linear
AI,1,8,12,0.5625,1.3,0.0973731884058,,linear
AI,1,8,13,0.614583333333,1.49583333333,0.0699081803005,,linear
AI,1,8,14,0.385416666667,0.804166666667,0.18331408776,,linear
AI,1,8,15,0.572916666667,1.37916666667,0.0842819614711,,linear
AI,1,8,16,0.5625,1.35,0.126329787234,,linear
AI,1,8,17,0.635416666667,1.52916666667,0.0998764415157,,linear
AI,1,8,18,0.375,0.75,0.196428571429,,linear
AI,1,8,19,0.166666666667,0.266666666667,0.279605263158,,linear
AI,1,8,20,0.510416666667,1.26666666667,0.13671875,,linear
AI,1,9,1,0.854166666667,2.26666666667,0.0239158163265,,linear
AI,1,9,2,0.9375,2.4,0.0122549019608,,linear
AI,1,9,3,1,2.5,0,,linear
AI,1,9,4,1,2.5,0,,linear
AI,1,9,5,1,2.5,0,,linear
AI,1,9,6,1,2.5,0,,linear
AI,1,9,7,0.989583333333,2.47083333333,0.00225090036014,,linear
AI,1,9,8,0.989583333333,2.47083333333,0.00225090036014,,linear
AI,1,9,9,0.979166666667,2.46666666667,0.00450721153846,,linear
AI,1,9,10,1,2.5,0,,linear
AI,1,9,11,1,2.5,0,,linear
AI,1,9,12,1,2.5,0,,linear
AI,1,9,13,0.989583333333,2.48333333333,0.00224282296651,,linear
AI,1,9,14,1,2.5,0,,linear
AI,1,9,15,0.989583333333,2.47083333333,0.00225090036014,,linear
AI,1,9,16,0.989583333333,2.48333333333,0.00224282296651,,linear
AI,1,9,17,1,2.5,0,,linear
AI,1,9,18,1,2.5,0,,linear
AI,1,9,19,1,2.5,0,,linear
AI,1,9,20,0.625,1.45,0.114795918367,,linear
AI,1,10,1,0.4375,1.15,0.138081395349,,linear
AI,1,10,2,0.708333333333,1.83333333333,0.0551470588235,,linear
AI,1,10,3,0.875,2.3,0.0284090909091,,linear
AI,1,10,4,0.875,2.3,0.0284090909091,,linear
AI,1,10,5,0.5,1.25,0.138888888889,,linear
AI,1,10,6,0.5,1.25,0.138888888889,,linear
AI,1,10,7,0.229166666667,0.491666666667,0.212988826816,,linear
AI,1,10,8,0.572916666667,1.44166666667,0.0821245733788,,linear
AI,1,10,9,0.375,0.9,0.115131578947,,linear
AI,1,10,10,0.614583333333,1.57083333333,0.0881280388979,,linear
AI,1,10,11,0.40625,0.9875,0.106132075472,,linear
AI,1,10,12,0.28125,0.7875,0.0655594405594,,linear
AI,1,10,13,0.489583333333,1.22083333333,0.078564727955,,linear
AI,1,10,14,0.5,1.25,0.0833333333333,,linear
AI,1,10,15,0.229166666667,0.641666666667,0.0856598984772,,linear
AI,1,10,16,0.5,1.1,0.119047619048,,linear
AI,1,10,17,0.4375,1.225,0.0210674157303,,linear
AI,1,10,18,0.5,1.25,0.0833333333333,,linear
AI,1,10,19,0.125,0.35,0.162037037037,,linear
AI,1,10,20,0.1875,0.375,0.238636363636,,linear
AI,1,11,1,0.5625,1.425,0.105240549828,,linear
AI,1,11,2,0.541666666667,1.39166666667,0.104529616725,,linear
AI,1,11,3,0.895833333333,2.33333333333,0.0171875,,linear
AI,1,11,4,0.84375,2.175,0.0155839895013,,linear
AI,1,11,5,0.697916666667,1.79166666667,0.053171641791,,linear
AI,1,11,6,0.541666666667,1.39166666667,0.104529616725,,linear
AI,1,11,7,0.677083333333,1.75833333333,0.0557024169184,,linear
AI,1,11,8,0.697916666667,1.79166666667,0.053171641791,,linear
AI,1,11,9,0.572916666667,1.51666666667,0.0403559602649,,linear
AI,1,11,10,0.760416666667,2.04166666667,0.0248287671233,,linear
AI,1,11,11,0.697916666667,1.86666666667,0.0336119186047,,linear
AI,1,11,12,0.708333333333,1.80833333333,0.0370919881306,,linear
AI,1,11,13,0.78125,2,0.0373263888889,,linear
AI,1,11,14,0.708333333333,1.79583333333,0.0316691505216,,linear
AI,1,11,15,0.729166666667,1.90416666667,0.0358680057389,,linear
AI,1,11,16,0.666666666667,1.74166666667,0.0227963525836,,linear
AI,1,11,17,0.479166666667,1.21666666667,0.0704887218045,,linear
AI,1,11,18,0.458333333333,1.20833333333,0.0400943396226,,linear
AI,1,11,19,0.489583333333,1.28333333333,0.112910583942,,linear
AI,1,11,20,0.270833333333,0.633333333333,0.14987244898,,linear
AI,1,12,1,0.6875,1.7,0.0752314814815,,linear
AI,1,12,2,0.697916666667,1.72916666667,0.0658396946565,,linear
AI,1,12,3,0.510416666667,1.15416666667,0.107591876209,,linear
AI,1,12,4,0.46875,1.0875,0.108532934132,,linear
AI,1,12,5,0.40625,0.975,0.0988924050633,,linear
AI,1,12,6,0.645833333333,1.77083333333,0.0394736842105,,linear
AI,1,12,7,0.8125,2.0875,0.0253036437247,,linear
AI,1,12,8,0.822916666667,2.04166666667,0.0248287671233,,linear
AI,1,12,9,0.75,1.825,0.0479351032448,,linear
AI,1,12,10,0.791666666667,1.95416666667,0.0264456981664,,linear
AI,1,12,11,0.78125,1.9625,0.0237341772152,,linear
AI,1,12,12,0.822916666667,2.09166666667,0.0109501347709,,linear
AI,1,12,13,0.895833333333,2.24583333333,0.012836970475,,linear
AI,1,12,14,0.885416666667,2.20416666667,0.0203185955787,,linear
AI,1,12,15,0.833333333333,2.04583333333,0.0341997264022,,linear
AI,1,12,16,0.614583333333,1.44583333333,0.113926746167,,linear
AI,1,12,17,0.427083333333,0.970833333333,0.151955602537,,linear
AI,1,12,18,0.302083333333,0.695833333333,0.173525798526,,linear
AI,1,12,19,0.229166666667,0.604166666667,0.13961038961,,linear
AI,1,12,20,0.1875,0.475,0.158898305085,,linear
AI,1,13,1,0.333333333333,0.633333333333,0.210459183673,,linear
AI,1,13,2,0.40625,0.8375,0.165816326531,,linear
AI,1,13,3,0.5,1.1,0.119047619048,,linear
AI,1,13,4,0.59375,1.3625,0.0936948853616,,linear
AI,1,13,5,0.729166666667,1.74166666667,0.0740881458967,,linear
AI,1,13,6,0.833333333333,2.03333333333,0.0412087912088,,linear
AI,1,13,7,0.979166666667,2.46666666667,0.00450721153846,,linear
AI,1,13,8,1,2.5,0,,linear
AI,1,13,9,1,2.5,0,,linear
AI,1,13,10,0.979166666667,2.46666666667,0.00450721153846,,linear
AI,1,13,11,1,2.5,0,,linear
AI,1,13,12,0.9375,2.4,0.0137867647059,,linear
AI,1,13,13,0.958333333333,2.38333333333,0.00923645320197,,linear
AI,1,13,14,1,2.5,0,,linear
AI,1,13,15,0.989583333333,2.47083333333,0.00225090036014,,linear
AI,1,13,16,0.9375,2.4,0.0137867647059,,linear
AI,1,13,17,1,2.5,0,,linear
AI,1,13,18,0.90625,2.3125,0.0165094339623,,linear
AI,1,13,19,0.9375,2.325,0.0140977443609,,linear
AI,1,13,20,0.875,2.225,0.0193798449612,,linear
AI,1,14,1,0.916666666667,2.36666666667,0.0185643564356,,linear
AI,1,14,2,0.958333333333,2.43333333333,0.00910194174757,,linear
AI,1,14,3,1,2.5,0,,linear
AI,1,14,4,1,2.5,0,,linear
AI,1,14,5,1,2.5,0,,linear
AI,1,14,6,1,2.5,0,,linear
AI,1,14,7,1,2.5,0,,linear
AI,1,14,8,1,2.5,0,,linear
AI,1,14,9,1,2.5,0,,linear
AI,1,14,10,1,2.5,0,,linear
AI,1,14,11,1,2.5,0,,linear
AI,1,14,12,1,2.5,0,,linear
AI,1,14,13,1,2.5,0,,linear
AI,1,14,14,1,2.5,0,,linear
AI,1,14,15,1,2.5,0,,linear
AI,1,14,16,1,2.5,0,,linear
AI,1,14,17,1,2.5,0,,linear
AI,1,14,18,1,2.5,0,,linear
AI,1,14,19,1,2.5,0,,linear
AI,1,14,20,1,2.5,0,,linear
AI,1,15,1,0.510416666667,1.26666666667,0.13671875,,linear
AI,1,15,2,0.5625,1.35,0.126329787234,,linear
AI,1,15,3,0.59375,1.3875,0.105802792321,,linear
AI,1,15,4,0.604166666667,1.46666666667,0.107685810811,,linear
AI,1,15,5,0.614583333333,1.48333333333,0.10591442953,,linear
AI,1,15,6,0.625,1.4875,0.102596314908,,linear
AI,1,15,7,0.5625,1.4,0.09765625,,linear
AI,1,15,8,0.572916666667,1.44166666667,0.0991894197952,,linear
AI,1,15,9,0.40625,1.1375,0.0840643274854,,linear
AI,1,15,10,0.177083333333,0.433333333333,0.165334302326,,linear
AI,1,15,11,0.229166666667,0.416666666667,0.238970588235,,linear
AI,1,15,12,0.458333333333,1.13333333333,0.1318359375,,linear
AI,1,15,13,0.270833333333,0.533333333333,0.220788043478,,linear
AI,1,15,14,0.25,0.525,0.21174863388,,linear
AI,1,15,15,0.25,0.55,0.188172043011,,linear
AI,1,15,16,0.239583333333,0.483333333333,0.208918539326,,linear
AI,1,15,17,0.229166666667,0.491666666667,0.199022346369,,linear
AI,1,15,18,0.15625,0.35,0.190972222222,,linear
AI,1,15,19,0.0729166666667,0.116666666667,0.263526119403,,linear
AI,1,15,20,0.208333333333,0.583333333333,0.125,,linear
AI,1,16,1,0.802083333333,2.03333333333,0.0369162087912,,linear
AI,1,16,2,0.708333333333,1.73333333333,0.0495426829268,,linear
AI,1,16,3,0.583333333333,1.53333333333,0.0246710526316,,linear
AI,1,16,4,0.489583333333,1.20833333333,0.0837264150943,,linear
AI,1,16,5,0.34375,0.775,0.165786384977,,linear
AI,1,16,6,0.395833333333,1.00833333333,0.0855809128631,,linear
AI,1,16,7,0.322916666667,0.766666666667,0.145931603774,,linear
AI,1,16,8,0.229166666667,0.516666666667,0.178571428571,,linear
AI,1,16,9,0.270833333333,0.658333333333,0.160175879397,,linear
AI,1,16,10,0,0,0.25,,linear
AI,1,16,11,0.239583333333,0.608333333333,0.150582901554,,linear
AI,1,16,12,0.239583333333,0.608333333333,0.144106217617,,linear
AI,1,16,13,0.291666666667,0.691666666667,0.150862068966,,linear
AI,1,16,14,0.427083333333,1.03333333333,0.0986168032787,,linear
AI,1,16,15,0.625,1.525,0.0577557755776,,linear
AI,1,16,16,0.666666666667,1.66666666667,0.03515625,,linear
AI,1,16,17,0.6875,1.7,0.0405092592593,,linear
AI,1,16,18,0.677083333333,1.68333333333,0.0397903726708,,linear
AI,1,16,19,0.479166666667,1.06666666667,0.148689516129,,linear
AI,1,16,20,0.125,0.2,0.286458333333,,linear
AI,1,17,1,0.333333333333,0.758333333333,0.148104265403,,linear
AI,1,17,2,0.479166666667,1.17916666667,0.0788718929254,,linear
AI,1,17,3,0.520833333333,1.22083333333,0.114915572233,,linear
AI,1,17,4,0.354166666667,0.854166666667,0.112359550562,,linear
AI,1,17,5,0.395833333333,0.920833333333,0.113882863341,,linear
AI,1,17,6,0.322916666667,0.729166666667,0.143072289157,,linear
AI,1,17,7,0.291666666667,0.616666666667,0.177190721649,,linear
AI,1,17,8,0.28125,0.625,0.165064102564,,linear
AI,1,17,9,0.145833333333,0.320833333333,0.201104100946,,linear
AI,1,17,10,0.34375,0.775,0.145246478873,,linear
AI,1,17,11,0.322916666667,0.729166666667,0.143072289157,,linear
AI,1,17,12,0.354166666667,0.791666666667,0.136627906977,,linear
AI,1,17,13,0.364583333333,0.820833333333,0.130148741419,,linear
AI,1,17,14,0.354166666667,0.804166666667,0.135681293303,,linear
AI,1,17,15,0.322916666667,0.741666666667,0.133074162679,,linear
AI,1,17,16,0.302083333333,0.720833333333,0.122578692494,,linear
AI,1,17,17,0.625,1.5875,0.0785024154589,,linear
AI,1,17,18,0.78125,1.95,0.0467867231638,,linear
AI,1,17,19,0.604166666667,1.41666666667,0.0926724137931,,linear
AI,1,17,20,0.458333333333,0.983333333333,0.136554621849,,linear
AI,1,18,1,0.6875,1.775,0.0619369369369,,linear
AI,1,18,2,0.739583333333,1.85833333333,0.0482871720117,,linear
AI,1,18,3,0.822916666667,2.00416666667,0.0338072122053,,linear
AI,1,18,4,1,2.5,0,,linear
AI,1,18,5,1,2.5,0,,linear
AI,1,18,6,1,2.5,0,,linear
AI,1,18,7,0.989583333333,2.48333333333,0.00224282296651,,linear
AI,1,18,8,0.989583333333,2.47083333333,0.00225090036014,,linear
AI,1,18,9,1,2.5,0,,linear
AI,1,18,10,0.979166666667,2.44166666667,0.00453995157385,,linear
AI,1,18,11,1,2.5,0,,linear
AI,1,18,12,1,2.5,0,,linear
AI,1,18,13,1,2.5,0,,linear
AI,1,18,14,1,2.5,0,,linear
AI,1,18,15,1,2.5,0,,linear
AI,1,18,16,1,2.5,0,,linear
AI,1,18,17,1,2.5,0,,linear
AI,1,18,18,1,2.5,0,,linear
AI,1,18,19,1,2.5,0,,linear
AI,1,18,20,1,2.5,0,,linear
AI,1,19,1,0.25,0.6,0.169270833333,,linear
AI,1,19,2,0.260416666667,0.654166666667,0.140113350126,,linear
AI,1,19,3,0.166666666667,0.466666666667,0.142045454545,,linear
AI,1,19,4,0.427083333333,1.15833333333,0.124276061776,,linear
AI,1,19,5,0.166666666667,0.329166666667,0.231191222571,,linear
AI,1,19,6,0.166666666667,0.291666666667,0.262096774194,,linear
AI,1,19,7,0.09375,0.1625,0.253136200717,,linear
AI,1,19,8,0.0729166666667,0.141666666667,0.244069343066,,linear
AI,1,19,9,0.114583333333,0.195833333333,0.26350174216,,linear
AI,1,19,10,0.0208333333333,0.0458333333333,0.244023904382,,linear
AI,1,19,11,0.0520833333333,0.0833333333333,0.257211538462,,linear
AI,1,19,12,0.0729166666667,0.116666666667,0.263526119403,,linear
AI,1,19,13,0.0208333333333,0.0458333333333,0.244023904382,,linear
AI,1,19,14,0.0625,0.1125,0.252808988764,,linear
AI,1,19,15,0.0208333333333,0.0333333333333,0.257056451613,,linear
AI,1,19,16,0.0104166666667,0.0166666666667,0.253586065574,,linear
AI,1,19,17,0,0,0.25,,linear
AI,1,19,18,0.0208333333333,0.0333333333333,0.257056451613,,linear
AI,1,19,19,0.114583333333,0.195833333333,0.272212543554,,linear
AI,1,19,20,0.0208333333333,0.0333333333333,0.252016129032,,linear
AI,1,20,1,0.239583333333,0.470833333333,0.221317280453,,linear
AI,1,20,2,0.229166666667,0.479166666667,0.18661971831,,linear
AI,1,20,3,0.229166666667,0.504166666667,0.173130193906,,linear
AI,1,20,4,0.25,0.55,0.168010752688,,linear
AI,1,20,5,0.270833333333,0.633333333333,0.143494897959,,linear
AI,1,20,6,0.229166666667,0.504166666667,0.180055401662,,linear
AI,1,20,7,0.21875,0.55,0.139448924731,,linear
AI,1,20,8,0.09375,0.2,0.223524305556,,linear
AI,1,20,9,0.114583333333,0.283333333333,0.184659090909,,linear
AI,1,20,10,0.145833333333,0.358333333333,0.168711656442,,linear
AI,1,20,11,0.177083333333,0.408333333333,0.179363905325,,linear
AI,1,20,12,0.125,0.2875,0.190129449838,,linear
AI,1,20,13,0.125,0.2875,0.194174757282,,linear
AI,1,20,14,0.03125,0.0625,0.247549019608,,linear
AI,1,20,15,0.0833333333333,0.183333333333,0.220070422535,,linear
AI,1,20,16,0.0729166666667,0.166666666667,0.216517857143,,linear
AI,1,20,17,0.0416666666667,0.0916666666667,0.238549618321,,linear
AI,1,20,18,0.0833333333333,0.208333333333,0.202586206897,,linear
AI,1,20,19,0.0208333333333,0.0333333333333,0.257056451613,,linear
AI,1,20,20,0.0104166666667,0.0291666666667,0.240384615385,,linear
AI,1,21,1,0.760416666667,1.90416666667,0.0511119081779,,linear
AI,1,21,2,0.791666666667,1.96666666667,0.0456460674157,,linear
AI,1,21,3,0.947916666667,2.41666666667,0.0114329268293,,linear
AI,1,21,4,1,2.5,0,,linear
AI,1,21,5,1,2.5,0,,linear
AI,1,21,6,1,2.5,0,,linear
AI,1,21,7,1,2.5,0,,linear
AI,1,21,8,1,2.5,0,,linear
AI,1,21,9,1,2.5,0,,linear
AI,1,21,10,1,2.5,0,,linear
AI,1,21,11,1,2.5,0,,linear
AI,1,21,12,1,2.5,0,,linear
AI,1,21,13,1,2.5,0,,linear
AI,1,21,14,1,2.5,0,,linear
AI,1,21,15,1,2.5,0,,linear
AI,1,21,16,1,2.5,0,,linear
AI,1,21,17,1,2.5,0,,linear
AI,1,21,18,1,2.5,0,,linear
AI,1,21,19,1,2.5,0,,linear
AI,1,21,20,1,2.5,0,,linear
AI,1,22,1,0.645833333333,1.58333333333,0.0866935483871,,linear
AI,1,22,2,0.708333333333,1.70833333333,0.0769230769231,,linear
AI,1,22,3,0.75,1.8,0.0669642857143,,linear
AI,1,22,4,0.75,1.8,0.0669642857143,,linear
AI,1,22,5,0.5,1.1,0.119047619048,,linear
AI,1,22,6,0.520833333333,1.23333333333,0.0956156716418,,linear
AI,1,22,7,0.666666666667,1.66666666667,0.078125,,linear
AI,1,22,8,0.78125,2,0.0338541666667,,linear
AI,1,22,9,0.541666666667,1.29166666667,0.0909090909091,,linear
AI,1,22,10,0.354166666667,0.791666666667,0.142441860465,,linear
AI,1,22,11,0.479166666667,1.21666666667,0.129229323308,,linear
AI,1,22,12,0.25,0.675,0.0932835820896,,linear
AI,1,22,13,0.208333333333,0.583333333333,0.125,,linear
AI,1,22,14,0,0,0.25,,linear
AI,1,22,15,0.104166666667,0.216666666667,0.235445205479,,linear
AI,1,22,16,0.166666666667,0.391666666667,0.187125748503,,linear
AI,1,22,17,0.208333333333,0.508333333333,0.151933701657,,linear
AI,1,22,18,0.3125,0.75,0.116071428571,,linear
AI,1,22,19,0.333333333333,0.783333333333,0.116822429907,,linear
AI,1,22,20,0.354166666667,0.816666666667,0.123279816514,,linear
AI,1,23,1,0.177083333333,0.383333333333,0.205195783133,,linear
AI,1,23,2,0.15625,0.35,0.194830246914,,linear
AI,1,23,3,0.0833333333333,0.220833333333,0.183447098976,,linear
AI,1,23,4,0.0729166666667,0.191666666667,0.190122377622,,linear
AI,1,23,5,0.03125,0.0875,0.217911877395,,linear
AI,1,23,6,0.03125,0.075,0.230135658915,,linear
AI,1,23,7,0.0416666666667,0.116666666667,0.209888059701,,linear
AI,1,23,8,0.03125,0.075,0.234980620155,,linear
AI,1,23,9,0.0729166666667,0.154166666667,0.232400722022,,linear
AI,1,23,10,0.0625,0.1375,0.228937728938,,linear
AI,1,23,11,0.09375,0.225,0.197704081633,,linear
AI,1,23,12,0.104166666667,0.254166666667,0.191029900332,,linear
AI,1,23,13,0.1875,0.475,0.151836158192,,linear
AI,1,23,14,0.208333333333,0.508333333333,0.151933701657,,linear
AI,1,23,15,0.21875,0.525,0.155396174863,,linear
AI,1,23,16,0.229166666667,0.541666666667,0.165540540541,,linear
AI,1,23,17,0.239583333333,0.570833333333,0.154177718833,,linear
AI,1,23,18,0.1875,0.4125,0.21017699115,,linear
AI,1,23,19,0.208333333333,0.458333333333,0.203571428571,,linear
AI,1,23,20,0.1875,0.4,0.212053571429,,linear
AI,1,24,1,0.729166666667,1.74166666667,0.0740881458967,,linear
AI,1,24,2,0.833333333333,2.03333333333,0.0412087912088,,linear
AI,1,24,3,0.833333333333,2.03333333333,0.0412087912088,,linear
AI,1,24,4,0.979166666667,2.46666666667,0.00450721153846,,linear
AI,1,24,5,0.885416666667,2.17916666667,0.0270314547837,,linear
AI,1,24,6,0.864583333333,2.14583333333,0.0289735099338,,linear
AI,1,24,7,0.770833333333,1.93333333333,0.0461647727273,,linear
AI,1,24,8,0.833333333333,2.13333333333,0.0232712765957,,linear
AI,1,24,9,0.8125,2.0375,0.0342935528121,,linear
AI,1,24,10,0.84375,2.15,0.0239748677249,,linear
AI,1,24,11,0.71875,1.85,0.046600877193,,linear
AI,1,24,12,0.822916666667,2.07916666667,0.029600811908,,linear
AI,1,24,13,0.78125,2.0125,0.0319847856155,,linear
AI,1,24,14,0.75,1.9,0.0431034482759,,linear
AI,1,24,15,0.822916666667,2.05416666667,0.0366643929059,,linear
AI,1,24,16,0.864583333333,2.14583333333,0.0289735099338,,linear
AI,1,24,17,0.885416666667,2.21666666667,0.0202396373057,,linear
AI,1,24,18,0.916666666667,2.29166666667,0.0158227848101,,linear
AI,1,24,19,0.53125,1.225,0.129915730337,,linear
AI,1,24,20,0.239583333333,0.408333333333,0.257026627219,,linear
AI,1,25,1,0.677083333333,1.69583333333,0.0666537867079,,linear
AI,1,25,2,0.875,2.175,0.0262467191601,,linear
AI,1,25,3,0.895833333333,2.20833333333,0.0243506493506,,linear
AI,1,25,4,0.989583333333,2.48333333333,0.00224282296651,,linear
AI,1,25,5,0.864583333333,2.14583333333,0.0289735099338,,linear
AI,1,25,6,0.864583333333,2.15833333333,0.0255606860158,,linear
AI,1,25,7,0.739583333333,1.79583333333,0.0661326378539,,linear
AI,1,25,8,0.885416666667,2.19166666667,0.0252937336815,,linear
AI,1,25,9,0.885416666667,2.19166666667,0.0252937336815,,linear
AI,1,25,10,0.895833333333,2.20833333333,0.0243506493506,,linear
AI,1,25,11,0.510416666667,1.14166666667,0.142266536965,,linear
AI,1,25,12,0.541666666667,1.31666666667,0.121402877698,,linear
AI,1,25,13,0.6875,1.675,0.0798286604361,,linear
AI,1,25,14,0.75,1.9,0.0466954022989,,linear
AI,1,25,15,0.708333333333,1.73333333333,0.0724085365854,,linear
AI,1,25,16,0.604166666667,1.41666666667,0.118534482759,,linear
AI,1,25,17,1,2.5,0,,linear
AI,1,25,18,0.989583333333,2.47083333333,0.00225090036014,,linear
AI,1,25,19,0.927083333333,2.30833333333,0.0149559193955,,linear
AI,1,25,20,0.916666666667,2.29166666667,0.0158227848101,,linear
AI,1,26,1,0.729166666667,1.84166666667,0.0568181818182,,linear
AI,1,26,2,0.697916666667,1.76666666667,0.0385918674699,,linear
AI,1,26,3,0.677083333333,1.67083333333,0.0536271450858,,linear
AI,1,26,4,0.760416666667,1.82916666667,0.0561487481591,,linear
AI,1,26,5,0.770833333333,1.88333333333,0.0451589595376,,linear
AI,1,26,6,0.6875,1.625,0.0615079365079,,linear
AI,1,26,7,0.75,1.85,0.0438596491228,,linear
AI,1,26,8,0.739583333333,1.77083333333,0.0592105263158,,linear
AI,1,26,9,0.916666666667,2.26666666667,0.0191326530612,,linear
AI,1,26,10,0.875,2.15,0.0198412698413,,linear
AI,1,26,11,0.875,2.15,0.0198412698413,,linear
AI,1,26,12,0.875,2.15,0.0198412698413,,linear
AI,1,26,13,0.875,2.15,0.0198412698413,,linear
AI,1,26,14,0.875,2.15,0.0198412698413,,linear
AI,1,26,15,0.885416666667,2.17916666667,0.0188401048493,,linear
AI,1,26,16,0.895833333333,2.20833333333,0.0162337662338,,linear
AI,1,26,17,0.916666666667,2.26666666667,0.0127551020408,,linear
AI,1,26,18,0.989583333333,2.47083333333,0.00225090036014,,linear
AI,1,26,19,1,2.5,0,,linear
AI,1,26,20,1,2.5,0,,linear
AI,2,27,1,0.9375,2.4,0.0137867647059,,linear
AI,2,27,2,1,2.5,0,,linear
AI,2,27,3,1,2.5,0,,linear
AI,2,27,4,1,2.5,0,,linear
AI,2,27,5,0.625,1.45,0.114795918367,,linear
AI,2,27,6,1,2.5,0,,linear
AI,2,27,7,1,2.5,0,,linear
AI,2,27,8,0.625,1.45,0.114795918367,,linear
AI,2,27,9,1,2.5,0,,linear
AI,2,27,10,1,2.5,0,,linear
AI,2,27,11,0.625,1.45,0.114795918367,,linear
AI,2,27,12,1,2.5,0,,linear
AI,2,27,13,0.625,1.45,0.114795918367,,linear
AI,2,27,14,0.625,1.45,0.114795918367,,linear
AI,2,27,15,0.625,1.45,0.114795918367,,linear
AI,2,27,16,0.875,2.3,0.0284090909091,,linear
AI,2,27,17,0.9375,2.4,0.0137867647059,,linear
AI,2,27,18,0.625,1.45,0.114795918367,,linear
AI,2,27,19,1,2.5,0,,linear
AI,2,27,20,1,2.5,0,,linear
AI,2,28,1,0.895833333333,2.28333333333,0.0174492385787,,linear
AI,2,28,2,1,2.5,0,,linear
AI,2,28,3,1,2.5,0,,linear
AI,2,28,4,1,2.5,0,,linear
AI,2,28,5,1,2.5,0,,linear
AI,2,28,6,1,2.5,0,,linear
AI,2,28,7,1,2.5,0,,linear
AI,2,28,8,1,2.5,0,,linear
AI,2,28,9,1,2.5,0,,linear
AI,2,28,10,1,2.5,0,,linear
AI,2,28,11,1,2.5,0,,linear
AI,2,28,12,1,2.5,0,,linear
AI,2,28,13,1,2.5,0,,linear
AI,2,28,14,1,2.5,0,,linear
AI,2,28,15,1,2.5,0,,linear
AI,2,28,16,1,2.5,0,,linear
AI,2,28,17,1,2.5,0,,linear
AI,2,28,18,1,2.5,0,,linear
AI,2,28,19,1,2.5,0,,linear
AI,2,28,20,1,2.5,0,,linear
AI,2,29,1,0.6875,1.775,0.0619369369369,,linear
AI,2,29,2,0.75,1.95,0.0423728813559,,linear
AI,2,29,3,0.8125,2.125,0.035,,linear
AI,2,29,4,0.791666666667,2.06666666667,0.0373641304348,,linear
AI,2,29,5,0.5,1.25,0.138888888889,,linear
AI,2,29,6,0.791666666667,2.06666666667,0.0373641304348,,linear
AI,2,29,7,0.5,1.25,0.138888888889,,linear
AI,2,29,8,0.708333333333,1.83333333333,0.0551470588235,,linear
AI,2,29,9,0.5,1.25,0.138888888889,,linear
AI,2,29,10,0.5,1.25,0.138888888889,,linear
AI,2,29,11,0.5,1.25,0.138888888889,,linear
AI,2,29,12,0.5,1.25,0.138888888889,,linear
AI,2,29,13,0.125,0.2,0.286458333333,,linear
AI,2,29,14,0.166666666667,0.316666666667,0.253164556962,,linear
AI,2,29,15,0.5,1.25,0.138888888889,,linear
AI,2,29,16,0.6875,1.775,0.0619369369369,,linear
AI,2,29,17,0.5,1.25,0.138888888889,,linear
AI,2,29,18,0.5,1.25,0.138888888889,,linear
AI,2,29,19,0.770833333333,2.00833333333,0.0398199445983,,linear
AI,2,29,20,0.583333333333,1.48333333333,0.10067114094,,linear
AI,2,30,1,0.5625,1.425,0.109536082474,,linear
AI,2,30,2,0.572916666667,1.45416666667,0.105050933786,,linear
AI,2,30,3,0.677083333333,1.59583333333,0.0932985553772,,linear
AI,2,30,4,0.479166666667,1.34166666667,0.086743772242,,linear
AI,2,30,5,0.479166666667,1.34166666667,0.086743772242,,linear
AI,2,30,6,0.114583333333,0.308333333333,0.177149681529,,linear
AI,2,30,7,0.260416666667,0.579166666667,0.192941952507,,linear
AI,2,30,8,0.395833333333,1.09583333333,0.131709741551,,linear
AI,2,30,9,0.395833333333,1.10833333333,0.125988142292,,linear
AI,2,30,10,0.0208333333333,0.0583333333333,0.231299212598,,linear
AI,2,30,11,0.208333333333,0.433333333333,0.225290697674,,linear
AI,2,30,12,0.0520833333333,0.0958333333333,0.25427756654,,linear
AI,2,30,13,0.0208333333333,0.0333333333333,0.257056451613,,linear
AI,2,30,14,0.0729166666667,0.204166666667,0.192474048443,,linear
AI,2,30,15,0.09375,0.1875,0.243421052632,,linear
AI,2,30,16,0.09375,0.1875,0.243421052632,,linear
AI,2,30,17,0.0208333333333,0.0583333333333,0.231299212598,,linear
AI,2,30,18,0.03125,0.0875,0.222701149425,,linear
AI,2,30,19,0,0,0.25,,linear
AI,2,30,20,0,0,0.25,,linear
AI,2,31,1,0.625,1.6,0.0841346153846,,linear
AI,2,31,2,0.875,2.3,0.0284090909091,,linear
AI,2,31,3,1,2.5,0,,linear
AI,2,31,4,1,2.5,0,,linear
AI,2,31,5,1,2.5,0,,linear
AI,2,31,6,1,2.5,0,,linear
AI,2,31,7,1,2.5,0,,linear
AI,2,31,8,1,2.5,0,,linear
AI,2,31,9,1,2.5,0,,linear
AI,2,31,10,1,2.5,0,,linear
AI,2,31,11,1,2.5,0,,linear
AI,2,31,12,1,2.5,0,,linear
AI,2,31,13,1,2.5,0,,linear
AI,2,31,14,0.875,2.3,0.0284090909091,,linear
AI,2,31,15,1,2.5,0,,linear
AI,2,31,16,1,2.5,0,,linear
AI,2,31,17,0.875,2.3,0.0284090909091,,linear
AI,2,31,18,0.625,1.45,0.114795918367,,linear
AI,2,31,19,0.3125,0.8,0.130208333333,,linear
AI,2,31,20,0.541666666667,1.31666666667,0.130395683453,,linear
AI,2,32,1,1,2.5,0,,linear
AI,2,32,2,1,2.5,0,,linear
AI,2,32,3,1,2.5,0,,linear
AI,2,32,4,1,2.5,0,,linear
AI,2,32,5,1,2.5,0,,linear
AI,2,32,6,1,2.5,0,,linear
AI,2,32,7,1,2.5,0,,linear
AI,2,32,8,1,2.5,0,,linear
AI,2,32,9,1,2.5,0,,linear
AI,2,32,10,1,2.5,0,,linear
AI,2,32,11,1,2.5,0,,linear
AI,2,32,12,1,2.5,0,,linear
AI,2,32,13,1,2.5,0,,linear
AI,2,32,14,1,2.5,0,,linear
AI,2,32,15,1,2.5,0,,linear
AI,2,32,16,1,2.5,0,,linear
AI,2,32,17,1,2.5,0,,linear
AI,2,32,18,1,2.5,0,,linear
AI,2,32,19,0.625,1.45,0.114795918367,,linear
AI,2,32,20,1,2.5,0,,linear
AI,2,33,1,1,2.5,0,,linear
AI,2,33,2,1,2.5,0,,linear
AI,2,33,3,1,2.5,0,,linear
AI,2,33,4,1,2.5,0,,linear
AI,2,33,5,1,2.5,0,,linear
AI,2,33,6,1,2.5,0,,linear
AI,2,33,7,1,2.5,0,,linear
AI,2,33,8,1,2.5,0,,linear
AI,2,33,9,0.833333333333,2.03333333333,0.0412087912088,,linear
AI,2,33,10,0.833333333333,2.03333333333,0.0412087912088,,linear
AI,2,33,11,0.916666666667,2.26666666667,0.0191326530612,,linear
AI,2,33,12,0.885416666667,2.17916666667,0.0270314547837,,linear
AI,2,33,13,0.75,1.8,0.0669642857143,,linear
AI,2,33,14,0.75,1.8,0.0669642857143,,linear
AI,2,33,15,0.375,0.9,0.115131578947,,linear
AI,2,33,16,0.5625,1.35,0.126329787234,,linear
AI,2,33,17,0.625,1.45,0.114795918367,,linear
AI,2,33,18,0.25,0.4,0.267857142857,,linear
AI,2,33,19,0.0625,0.1,0.269886363636,,linear
AI,2,33,20,0,0,0.25,,linear
AI,2,34,1,0.8125,1.975,0.047268907563,,linear
AI,2,34,2,1,2.5,0,,linear
AI,2,34,3,0.9375,2.325,0.0140977443609,,linear
AI,2,34,4,1,2.5,0,,linear
AI,2,34,5,0.833333333333,2.03333333333,0.0412087912088,,linear
AI,2,34,6,0.9375,2.325,0.0140977443609,,linear
AI,2,34,7,0.760416666667,1.97916666667,0.0410839160839,,linear
AI,2,34,8,0.75,1.8,0.0558035714286,,linear
AI,2,34,9,0.9375,2.325,0.0140977443609,,linear
AI,2,34,10,0.895833333333,2.20833333333,0.0178571428571,,linear
AI,2,34,11,0.833333333333,2.18333333333,0.032722513089,,linear
AI,2,34,12,0.625,1.45,0.114795918367,,linear
AI,2,34,13,0.9375,2.325,0.0140977443609,,linear
AI,2,34,14,0.4375,0.925,0.170454545455,,linear
AI,2,34,15,0.5,1.175,0.129310344828,,linear
AI,2,34,16,0.708333333333,1.83333333333,0.0551470588235,,linear
AI,2,34,17,0.4375,1.075,0.143072289157,,linear
AI,2,34,18,0.4375,1.075,0.143072289157,,linear
AI,2,34,19,0.4375,1.075,0.143072289157,,linear
AI,2,34,20,0.125,0.2,0.286458333333,,linear
AI,2,35,1,0.791666666667,1.96666666667,0.0456460674157,,linear
AI,2,35,2,0.895833333333,2.23333333333,0.0209407216495,,linear
AI,2,35,3,0.760416666667,1.84166666667,0.0485703812317,,linear
AI,2,35,4,0.604166666667,1.59166666667,0.024115755627,,linear
AI,2,35,5,0.479166666667,1.21666666667,0.138627819549,,linear
AI,2,35,6,0.583333333333,1.63333333333,0.0474683544304,,linear
AI,2,35,7,0.458333333333,1.18333333333,0.138358778626,,linear
AI,2,35,8,0.645833333333,1.70833333333,0.0596153846154,,linear
AI,2,35,9,0.770833333333,1.90833333333,0.0519340974212,,linear
AI,2,35,10,0.583333333333,1.38333333333,0.122377622378,,linear
AI,2,35,11,0.864583333333,2.13333333333,0.0307513297872,,linear
AI,2,35,12,0.8125,2,0.0416666666667,,linear
AI,2,35,13,0.760416666667,1.91666666667,0.0455357142857,,linear
AI,2,35,14,0.739583333333,1.83333333333,0.0579044117647,,linear
AI,2,35,15,0.510416666667,1.29166666667,0.0761363636364,,linear
AI,2,35,16,0.65625,1.75,0.0520833333333,,linear
AI,2,35,17,0.416666666667,1.11666666667,0.137795275591,,linear
AI,2,35,18,0.375,1.05,0.137195121951,,linear
AI,2,35,19,0.416666666667,1.11666666667,0.137795275591,,linear
AI,2,35,20,0.0833333333333,0.133333333333,0.275735294118,,linear
AI,2,36,1,0.916666666667,2.36666666667,0.0185643564356,,linear
AI,2,36,2,0.989583333333,2.47083333333,0.00225090036014,,linear
AI,2,36,3,1,2.5,0,,linear
AI,2,36,4,1,2.5,0,,linear
AI,2,36,5,1,2.5,0,,linear
AI,2,36,6,1,2.5,0,,linear
AI,2,36,7,1,2.5,0,,linear
AI,2,36,8,1,2.5,0,,linear
AI,2,36,9,1,2.5,0,,linear
AI,2,36,10,1,2.5,0,,linear
AI,2,36,11,1,2.5,0,,linear
AI,2,36,12,1,2.5,0,,linear
AI,2,36,13,1,2.5,0,,linear
AI,2,36,14,1,2.5,0,,linear
AI,2,36,15,1,2.5,0,,linear
AI,2,36,16,1,2.5,0,,linear
AI,2,36,17,1,2.5,0,,linear
AI,2,36,18,1,2.5,0,,linear
AI,2,36,19,1,2.5,0,,linear
AI,2,36,20,1,2.5,0,,linear
AI,2,37,1,0.833333333333,2.03333333333,0.0412087912088,,linear
AI,2,37,2,1,2.5,0,,linear
AI,2,37,3,1,2.5,0,,linear
AI,2,37,4,1,2.5,0,,linear
AI,2,37,5,1,2.5,0,,linear
AI,2,37,6,1,2.5,0,,linear
AI,2,37,7,1,2.5,0,,linear
AI,2,37,8,1,2.5,0,,linear
AI,2,37,9,1,2.5,0,,linear
AI,2,37,10,1,2.5,0,,linear
AI,2,37,11,1,2.5,0,,linear
AI,2,37,12,1,2.5,0,,linear
AI,2,37,13,1,2.5,0,,linear
AI,2,37,14,1,2.5,0,,linear
AI,2,37,15,1,2.5,0,,linear
AI,2,37,16,1,2.5,0,,linear
AI,2,37,17,1,2.5,0,,linear
AI,2,37,18,1,2.5,0,,linear
AI,2,37,19,1,2.5,0,,linear
AI,2,37,20,0.833333333333,2.03333333333,0.0412087912088,,linear
AI,2,38,1,0.875,2.225,0.0193798449612,,linear
AI,2,38,2,0.9375,2.325,0.0140977443609,,linear
AI,2,38,3,0.989583333333,2.48333333333,0.00224282296651,,linear
AI,2,38,4,0.9375,2.325,0.0140977443609,,linear
AI,2,38,5,0.604166666667,1.41666666667,0.118534482759,,linear
AI,2,38,6,0.927083333333,2.38333333333,0.0146243842365,,linear
AI,2,38,7,0.989583333333,2.48333333333,0.00224282296651,,linear
AI,2,38,8,0.927083333333,2.30833333333,0.0149559193955,,linear
AI,2,38,9,0.947916666667,2.41666666667,0.00990853658537,,linear
AI,2,38,10,0.916666666667,2.29166666667,0.0158227848101,,linear
AI,2,38,11,0.979166666667,2.46666666667,0.00450721153846,,linear
AI,2,38,12,0.8125,2,0.0434027777778,,linear
AI,2,38,13,0.9375,2.4,0.0107230392157,,linear
AI,2,38,14,0.916666666667,2.36666666667,0.0123762376238,,linear
AI,2,38,15,0.8125,2.125,0.035,,linear
AI,2,38,16,0.875,2.3,0.0284090909091,,linear
AI,2,38,17,0.6875,1.925,0.0373931623932,,linear
AI,2,38,18,0.604166666667,1.54166666667,0.0922131147541,,linear
AI,2,38,19,0.875,2.225,0.0193798449612,,linear
AI,2,38,20,0.78125,1.9625,0.0237341772152,,linear
AI,2,39,1,0.458333333333,1.08333333333,0.135,,linear
AI,2,39,2,0.4375,1,0.1484375,,linear
AI,2,39,3,0.229166666667,0.616666666667,0.132087628866,,linear
AI,2,39,4,0.208333333333,0.458333333333,0.192857142857,,linear
AI,2,39,5,0.25,0.55,0.201612903226,,linear
AI,2,39,6,0.197916666667,0.516666666667,0.132211538462,,linear
AI,2,39,7,0.135416666667,0.291666666667,0.223790322581,,linear
AI,2,39,8,0.114583333333,0.208333333333,0.260775862069,,linear
AI,2,39,9,0.125,0.2,0.286458333333,,linear
AI,2,39,10,0.0416666666667,0.0666666666667,0.263671875,,linear
AI,2,39,11,0.3125,0.75,0.145833333333,,linear
AI,2,39,12,0.364583333333,0.808333333333,0.171370967742,,linear
AI,2,39,13,0.34375,0.7375,0.184352517986,,linear
AI,2,39,14,0.375,0.7875,0.183566433566,,linear
AI,2,39,15,0.385416666667,0.841666666667,0.171097285068,,linear
AI,2,39,16,0.375,0.825,0.171232876712,,linear
AI,2,39,17,0.395833333333,0.858333333333,0.170964125561,,linear
AI,2,39,18,0.40625,0.9,0.163103070175,,linear
AI,2,39,19,0.395833333333,0.858333333333,0.170964125561,,linear
AI,2,39,20,0.385416666667,0.841666666667,0.171097285068,,linear
AI,2,40,1,0.729166666667,1.81666666667,0.0610207100592,,linear
AI,2,40,2,0.84375,2.175,0.0270669291339,,linear
AI,2,40,3,0.9375,2.4,0.0137867647059,,linear
AI,2,40,4,1,2.5,0,,linear
AI,2,40,5,1,2.5,0,,linear
AI,2,40,6,1,2.5,0,,linear
AI,2,40,7,0.989583333333,2.47083333333,0.00225090036014,,linear
AI,2,40,8,0.989583333333,2.48333333333,0.00224282296651,,linear
AI,2,40,9,0.583333333333,1.35833333333,0.11925795053,,linear
AI,2,40,10,0.489583333333,1.10833333333,0.117341897233,,linear
AI,2,40,11,0.479166666667,1.24166666667,0.05343866171,,linear
AI,2,40,12,0.46875,1.225,0.0877808988764,,linear
AI,2,40,13,0.833333333333,2.15833333333,0.0296833773087,,linear
AI,2,40,14,0.6875,1.7,0.0752314814815,,linear
AI,2,40,15,0.708333333333,1.83333333333,0.0551470588235,,linear
AI,2,40,16,0.53125,1.425,0.0891323024055,,linear
AI,2,40,17,0.166666666667,0.466666666667,0.142045454545,,linear
AI,2,40,18,0.166666666667,0.391666666667,0.194610778443,,linear
AI,2,40,19,0.458333333333,1.20833333333,0.0471698113208,,linear
AI,2,40,20,0.458333333333,1.15833333333,0.0772200772201,,linear
AI,2,41,1,0.458333333333,0.983333333333,0.147058823529,,linear
AI,2,41,2,0.458333333333,0.983333333333,0.141806722689,,linear
AI,2,41,3,0.5,1.1,0.119047619048,,linear
AI,2,41,4,0.604166666667,1.39166666667,0.0936411149826,,linear
AI,2,41,5,0.791666666667,1.91666666667,0.0535714285714,,linear
AI,2,41,6,0.6875,1.625,0.0694444444444,,linear
AI,2,41,7,0.833333333333,2.03333333333,0.0412087912088,,linear
AI,2,41,8,0.864583333333,2.12083333333,0.0325433911883,,linear
AI,2,41,9,0.885416666667,2.17916666667,0.0270314547837,,linear
AI,2,41,10,1,2.5,0,,linear
AI,2,41,11,1,2.5,0,,linear
AI,2,41,12,1,2.5,0,,linear
AI,2,41,13,1,2.5,0,,linear
AI,2,41,14,1,2.5,0,,linear
AI,2,41,15,1,2.5,0,,linear
AI,2,41,16,1,2.5,0,,linear
AI,2,41,17,1,2.5,0,,linear
AI,2,41,18,1,2.5,0,,linear
AI,2,41,19,1,2.5,0,,linear
AI,2,41,20,1,2.5,0,,linear
AI,2,42,1,0.739583333333,1.85833333333,0.0337099125364,,linear
AI,2,42,2,0.875,2.15,0.0198412698413,,linear
AI,2,42,3,1,2.5,0,,linear
AI,2,42,4,1,2.5,0,,linear
AI,2,42,5,1,2.5,0,,linear
AI,2,42,6,1,2.5,0,,linear
AI,2,42,7,1,2.5,0,,linear
AI,2,42,8,1,2.5,0,,linear
AI,2,42,9,1,2.5,0,,linear
AI,2,42,10,1,2.5,0,,linear
AI,2,42,11,1,2.5,0,,linear
AI,2,42,12,1,2.5,0,,linear
AI,2,42,13,1,2.5,0,,linear
AI,2,42,14,1,2.5,0,,linear
AI,2,42,15,1,2.5,0,,linear
AI,2,42,16,1,2.5,0,,linear
AI,2,42,17,1,2.5,0,,linear
AI,2,42,18,1,2.5,0,,linear
AI,2,42,19,1,2.5,0,,linear
AI,2,42,20,1,2.5,0,,linear
AI,2,43,1,0.520833333333,1.28333333333,0.107208029197,,linear
AI,2,43,2,0.5625,1.275,0.107600732601,,linear
AI,2,43,3,0.541666666667,1.21666666667,0.117481203008,,linear
AI,2,43,4,0.5625,1.275,0.0961538461538,,linear
AI,2,43,5,0.572916666667,1.30416666667,0.0938065099458,,linear
AI,2,43,6,0.541666666667,1.24166666667,0.0952602230483,,linear
AI,2,43,7,0.489583333333,1.17083333333,0.0851727447217,,linear
AI,2,43,8,0.479166666667,1.14166666667,0.0875486381323,,linear
AI,2,43,9,0.510416666667,1.25416666667,0.070471349353,,linear
AI,2,43,10,0.583333333333,1.33333333333,0.0915178571429,,linear
AI,2,43,11,0.614583333333,1.42083333333,0.084982788296,,linear
AI,2,43,12,0.666666666667,1.56666666667,0.0750811688312,,linear
AI,2,43,13,0.666666666667,1.56666666667,0.0750811688312,,linear
AI,2,43,14,0.635416666667,1.47916666667,0.0808823529412,,linear
AI,2,43,15,0.666666666667,1.56666666667,0.0750811688312,,linear
AI,2,43,16,0.635416666667,1.47916666667,0.0808823529412,,linear
AI,2,43,17,0.635416666667,1.47916666667,0.0766806722689,,linear
AI,2,43,18,0.625,1.45,0.0807823129252,,linear
AI,2,43,19,0.666666666667,1.56666666667,0.0689935064935,,linear
AI,2,43,20,0.697916666667,1.65416666667,0.0637755102041,,linear
AI,2,44,1,0.4375,1.0625,0.126262626263,,linear
AI,2,44,2,0.40625,0.925,0.150162337662,,linear
AI,2,44,3,0.427083333333,0.970833333333,0.144027484144,,linear
AI,2,44,4,0.364583333333,0.858333333333,0.149943946188,,linear
AI,2,44,5,0.15625,0.2625,0.274339933993,,linear
AI,2,44,6,0.104166666667,0.241666666667,0.213926174497,,linear
AI,2,44,7,0.333333333333,0.795833333333,0.150812064965,,linear
AI,2,44,8,0.260416666667,0.541666666667,0.211148648649,,linear
AI,2,44,9,0.166666666667,0.466666666667,0.142045454545,,linear
AI,2,44,10,0.15625,0.2875,0.260922330097,,linear
AI,2,44,11,0.302083333333,0.820833333333,0.110125858124,,linear
AI,2,44,12,0.322916666667,0.779166666667,0.150761124122,,linear
AI,2,44,13,0.145833333333,0.245833333333,0.267558528428,,linear
AI,2,44,14,0.25,0.6625,0.128446115288,,linear
AI,2,44,15,0.302083333333,0.745833333333,0.14468973747,,linear
AI,2,44,16,0.25,0.5375,0.189701897019,,linear
AI,2,44,17,0.395833333333,1.07083333333,0.0653923541247,,linear
AI,2,44,18,0.46875,1.1,0.115327380952,,linear
AI,2,44,19,0.197916666667,0.516666666667,0.132211538462,,linear
AI,2,44,20,0.3125,0.875,0.0694444444444,,linear
AI,2,45,1,0.895833333333,2.20833333333,0.0243506493506,,linear
AI,2,45,2,1,2.5,0,,linear
AI,2,45,3,1,2.5,0,,linear
AI,2,45,4,1,2.5,0,,linear
AI,2,45,5,1,2.5,0,,linear
AI,2,45,6,1,2.5,0,,linear
AI,2,45,7,1,2.5,0,,linear
AI,2,45,8,1,2.5,0,,linear
AI,2,45,9,1,2.5,0,,linear
AI,2,45,10,1,2.5,0,,linear
AI,2,45,11,1,2.5,0,,linear
AI,2,45,12,1,2.5,0,,linear
AI,2,45,13,1,2.5,0,,linear
AI,2,45,14,1,2.5,0,,linear
AI,2,45,15,1,2.5,0,,linear
AI,2,45,16,1,2.5,0,,linear
AI,2,45,17,1,2.5,0,,linear
AI,2,45,18,1,2.5,0,,linear
AI,2,45,19,1,2.5,0,,linear
AI,2,45,20,1,2.5,0,,linear
AI,2,46,1,0.354166666667,0.691666666667,0.193965517241,,linear
AI,2,46,2,0.291666666667,0.516666666667,0.233516483516,,linear
AI,2,46,3,0.3125,0.575,0.228174603175,,linear
AI,2,46,4,0.375,0.75,0.196428571429,,linear
AI,2,46,5,0.395833333333,0.808333333333,0.17569124424,,linear
AI,2,46,6,0.260416666667,0.429166666667,0.26056851312,,linear
AI,2,46,7,0.395833333333,0.808333333333,0.187211981567,,linear
AI,2,46,8,0.3125,0.575,0.221560846561,,linear
AI,2,46,9,0.5,1.1,0.14880952381,,linear
AI,2,46,10,0.541666666667,1.21666666667,0.136278195489,,linear
AI,2,46,11,0.791666666667,1.91666666667,0.0535714285714,,linear
AI,2,46,12,0.833333333333,2.03333333333,0.0412087912088,,linear
AI,2,46,13,1,2.5,0,,linear
AI,2,46,14,1,2.5,0,,linear
AI,2,46,15,1,2.5,0,,linear
AI,2,46,16,1,2.5,0,,linear
AI,2,46,17,1,2.5,0,,linear
AI,2,46,18,1,2.5,0,,linear
AI,2,46,19,1,2.5,0,,linear
AI,2,46,20,1,2.5,0,,linear
AI,2,47,1,0.645833333333,1.73333333333,0.0514481707317,,linear
AI,2,47,2,0.770833333333,2.13333333333,0.0382313829787,,linear
AI,2,47,3,0.791666666667,2.16666666667,0.0361842105263,,linear
AI,2,47,4,0.416666666667,1.11666666667,0.137795275591,,linear
AI,2,47,5,0.71875,2.0125,0.0389004149378,,linear
AI,2,47,6,0.739583333333,2.07083333333,0.0398575305292,,linear
AI,2,47,7,0.75,2.1,0.0403225806452,,linear
AI,2,47,8,0.375,1.05,0.137195121951,,linear
AI,2,47,9,0.333333333333,0.783333333333,0.163551401869,,linear
AI,2,47,10,0.541666666667,1.36666666667,0.0572183098592,,linear
AI,2,47,11,0.65625,1.8375,0.0302863436123,,linear
AI,2,47,12,0.53125,1.3875,0.0839877835951,,linear
AI,2,47,13,0.65625,1.8375,0.0302863436123,,linear
AI,2,47,14,0.729166666667,2.04166666667,0.0393835616438,,linear
AI,2,47,15,0.583333333333,1.63333333333,0.0474683544304,,linear
AI,2,47,16,0.364583333333,1.02083333333,0.0579896907216,,linear
AI,2,47,17,0.708333333333,1.95833333333,0.0352112676056,,linear
AI,2,47,18,0.770833333333,2.13333333333,0.0382313829787,,linear
AI,2,47,19,0.552083333333,1.52083333333,0.0671487603306,,linear
AI,2,47,20,0.46875,1.3125,0.0506756756757,,linear
AI,2,48,1,0.854166666667,2.19166666667,0.0146866840731,,linear
AI,2,48,2,0.916666666667,2.31666666667,0.0125628140704,,linear
AI,2,48,3,0.979166666667,2.46666666667,0.00450721153846,,linear
AI,2,48,4,0.958333333333,2.43333333333,0.00910194174757,,linear
AI,2,48,5,0.958333333333,2.43333333333,0.00910194174757,,linear
AI,2,48,6,0.958333333333,2.43333333333,0.00910194174757,,linear
AI,2,48,7,0.958333333333,2.43333333333,0.00910194174757,,linear
AI,2,48,8,0.947916666667,2.40416666667,0.00994492044064,,linear
AI,2,48,9,0.947916666667,2.41666666667,0.0114329268293,,linear
AI,2,48,10,0.958333333333,2.43333333333,0.00910194174757,,linear
AI,2,48,11,0.916666666667,2.36666666667,0.0185643564356,,linear
AI,2,48,12,0.854166666667,2.19166666667,0.0244778067885,,linear
AI,2,48,13,0.583333333333,1.38333333333,0.122377622378,,linear
AI,2,48,14,0.458333333333,1.18333333333,0.138358778626,,linear
AI,2,48,15,0.729166666667,1.99166666667,0.033077994429,,linear
AI,2,48,16,0.895833333333,2.33333333333,0.0203125,,linear
AI,2,48,17,0.958333333333,2.43333333333,0.00910194174757,,linear
AI,2,48,18,0.958333333333,2.43333333333,0.00910194174757,,linear
AI,2,48,19,0.520833333333,1.28333333333,0.12545620438,,linear
AI,2,48,20,0.0208333333333,0.0333333333333,0.257056451613,,linear
AI,2,49,1,0.625,1.625,0.031746031746,,linear
AI,2,49,2,0.833333333333,2.13333333333,0.0232712765957,,linear
AI,2,49,3,0.9375,2.375,0.0108024691358,,linear
AI,2,49,4,0.864583333333,2.18333333333,0.0106348167539,,linear
AI,2,49,5,0.84375,2.125,0.0108333333333,,linear
AI,2,49,6,0.885416666667,2.26666666667,0.0103635204082,,linear
AI,2,49,7,0.78125,1.9625,0.0413150492264,,linear
AI,2,49,8,0.635416666667,1.57916666667,0.045436187399,,linear
AI,2,49,9,0.635416666667,1.60416666667,0.033,,linear
AI,2,49,10,0.4375,1.075,0.0878514056225,,linear
AI,2,49,11,0.489583333333,1.24583333333,0.0521799628942,,linear
AI,2,49,12,0.479166666667,1.20416666667,0.0637996219282,,linear
AI,2,49,13,0.5625,1.45,0.0403911564626,,linear
AI,2,49,14,0.416666666667,1.04166666667,0.0841836734694,,linear
AI,2,49,15,0.541666666667,1.35416666667,0.0597345132743,,linear
AI,2,49,16,0.583333333333,1.49583333333,0.0479966611018,,linear
AI,2,49,17,0.46875,1.1625,0.0782755298651,,linear
AI,2,49,18,0.416666666667,1.04166666667,0.0867346938776,,linear
AI,2,49,19,0.145833333333,0.295833333333,0.221061093248,,linear
AI,2,49,20,0.166666666667,0.391666666667,0.187125748503,,linear
AI,2,50,1,0.739583333333,1.98333333333,0.0305516759777,,linear
AI,2,50,2,0.635416666667,1.69166666667,0.00290247678019,,linear
AI,2,50,3,0.520833333333,1.39583333333,0.0239130434783,,linear
AI,2,50,4,0.46875,1.1625,0.0782755298651,,linear
AI,2,50,5,0.333333333333,0.870833333333,0.0835189309577,,linear
AI,2,50,6,0.354166666667,0.829166666667,0.133826879271,,linear
AI,2,50,7,0.229166666667,0.566666666667,0.132978723404,,linear
AI,2,50,8,0.239583333333,0.633333333333,0.135522959184,,linear
AI,2,50,9,0.291666666667,0.741666666667,0.110645933014,,linear
AI,2,50,10,0.21875,0.5875,0.106627296588,,linear
AI,2,50,11,0.239583333333,0.508333333333,0.195096685083,,linear
AI,2,50,12,0.1875,0.4625,0.156695156695,,linear
AI,2,50,13,0.15625,0.375,0.179924242424,,linear
AI,2,50,14,0.125,0.35,0.138888888889,,linear
AI,2,50,15,0.0833333333333,0.233333333333,0.177364864865,,linear
AI,2,50,16,0.166666666667,0.341666666667,0.221273291925,,linear
AI,2,50,17,0.166666666667,0.441666666667,0.137283236994,,linear
AI,2,50,18,0.135416666667,0.366666666667,0.146722560976,,linear
AI,2,50,19,0.135416666667,0.366666666667,0.142911585366,,linear
AI,2,50,20,0.270833333333,0.758333333333,0.0859004739336,,linear
AI,2,51,1,0.729166666667,1.79166666667,0.0466417910448,,linear
AI,2,51,2,0.75,1.8375,0.0440528634361,,linear
AI,2,51,3,0.802083333333,1.97083333333,0.0324333800842,,linear
AI,2,51,4,0.84375,2.0875,0.0345816464238,,linear
AI,2,51,5,0.6875,1.625,0.0615079365079,,linear
AI,2,51,6,0.927083333333,2.29583333333,0.015012642225,,linear
AI,2,51,7,0.979166666667,2.44166666667,0.00453995157385,,linear
AI,2,51,8,0.625,1.45,0.114795918367,,linear
AI,2,51,9,0.604166666667,1.44166666667,0.0703924914676,,linear
AI,2,51,10,0.46875,1.2125,0.0717984934087,,linear
AI,2,51,11,0.770833333333,1.93333333333,0.0443892045455,,linear
AI,2,51,12,0.614583333333,1.54583333333,0.0419394435352,,linear
AI,2,51,13,0.604166666667,1.47916666667,0.0609243697479,,linear
AI,2,51,14,0.71875,1.8,0.0362723214286,,linear
AI,2,51,15,0.895833333333,2.25833333333,0.0143861892583,,linear
AI,2,51,16,0.65625,1.5625,0.0965447154472,,linear
AI,2,51,17,0.291666666667,0.716666666667,0.121359223301,,linear
AI,2,51,18,0.28125,0.65,0.162563131313,,linear
AI,2,51,19,0.40625,0.9875,0.124475890985,,linear
AI,2,51,20,0.375,0.975,0.084388185654,,linear
AI,2,52,1,0.708333333333,1.83333333333,0.0551470588235,,linear
AI,2,52,2,0.520833333333,1.29583333333,0.0816696914701,,linear
AI,2,52,3,0.4375,1.075,0.0978915662651,,linear
AI,2,52,4,0.458333333333,1.13333333333,0.0927734375,,linear
AI,2,52,5,0.416666666667,0.954166666667,0.138592750533,,linear
AI,2,52,6,0.447916666667,1.09166666667,0.103336653386,,linear
AI,2,52,7,0.416666666667,1.01666666667,0.113636363636,,linear
AI,2,52,8,0.604166666667,1.54166666667,0.0922131147541,,linear
AI,2,52,9,0.458333333333,1.10833333333,0.098814229249,,linear
AI,2,52,10,0.385416666667,0.941666666667,0.105954935622,,linear
AI,2,52,11,0.479166666667,1.16666666667,0.0841346153846,,linear
AI,2,52,12,0.510416666667,1.26666666667,0.0700827205882,,linear
AI,2,52,13,0.552083333333,1.38333333333,0.0579108391608,,linear
AI,2,52,14,0.583333333333,1.48333333333,0.0461409395973,,linear
AI,2,52,15,0.625,1.6,0.0360576923077,,linear
AI,2,52,16,0.666666666667,1.71666666667,0.034509202454,,linear
AI,2,52,17,0.791666666667,2.06666666667,0.0373641304348,,linear
AI,2,52,18,0.729166666667,1.89166666667,0.0342219020173,,linear
AI,2,52,19,0.78125,2.025,0.0301308539945,,linear
AI,2,52,20,0.510416666667,1.26666666667,0.13671875,,linear
MI,1,1,1,0.75,1.425,0.0644329896907,,linear
MI,1,1,2,0.895833333333,1.73333333333,0.0285823170732,,linear
MI,1,1,3,1,1.9,0,,linear
MI,1,1,4,1,1.9,0,,linear
MI,1,1,5,1,1.9,0,,linear
MI,1,1,6,1,1.9,0,,linear
MI,1,1,7,1,1.9,0,,linear
MI,1,1,8,1,1.9,0,,linear
MI,1,1,9,1,1.9,0,,linear
MI,1,1,10,1,1.9,0,,linear
MI,1,1,11,1,1.9,0,,linear
MI,1,1,12,1,1.9,0,,linear
MI,1,1,13,1,1.9,0,,linear
MI,1,1,14,1,1.9,0,,linear
MI,1,1,15,1,1.9,0,,linear
MI,1,1,16,1,1.9,0,,linear
MI,1,1,17,1,1.9,0,,linear
MI,1,1,18,0.875,1.55,0.0367647058824,,linear
MI,1,1,19,0.864583333333,1.53333333333,0.0380345394737,,linear
MI,1,1,20,0.75,1.2,0.0568181818182,,linear
MI,1,2,1,0.427083333333,0.758333333333,0.0755331753555,,linear
MI,1,2,2,0.520833333333,0.933333333333,0.0457974137931,,linear
MI,1,2,3,0.583333333333,1.12083333333,0.0663064833006,,linear
MI,1,2,4,0.604166666667,1.21666666667,0.077537593985,,linear
MI,1,2,5,0.552083333333,1.05833333333,0.0619939271255,,linear
MI,1,2,6,0.385416666667,0.829166666667,0.158029612756,,linear
MI,1,2,7,0.260416666667,0.479166666667,0.125,,linear
MI,1,2,8,0.270833333333,0.633333333333,0.194515306122,,linear
MI,1,2,9,0.3125,0.6875,0.179012345679,,linear
MI,1,2,10,0.385416666667,0.729166666667,0.100903614458,,linear
MI,1,2,11,0.489583333333,0.945833333333,0.0762847965739,,linear
MI,1,2,12,0.53125,1.0375,0.0702965235174,,linear
MI,1,2,13,0.552083333333,1.08333333333,0.06875,,linear
MI,1,2,14,0.614583333333,1.24583333333,0.0753710575139,,linear
MI,1,2,15,0.614583333333,1.19583333333,0.0628557874763,,linear
MI,1,2,16,0.697916666667,1.36666666667,0.0473151408451,,linear
MI,1,2,17,0.708333333333,1.38333333333,0.0437062937063,,linear
MI,1,2,18,0.71875,1.4,0.0423177083333,,linear
MI,1,2,19,0.458333333333,0.983333333333,0.147058823529,,linear
MI,1,2,20,0.260416666667,0.604166666667,0.196428571429,,linear
MI,1,3,1,0.354166666667,0.791666666667,0.15988372093,,linear
MI,1,3,2,0.458333333333,1.03333333333,0.133196721311,,linear
MI,1,3,3,0.5,1.025,0.100308641975,,linear
MI,1,3,4,0.572916666667,1.19166666667,0.0938688212928,,linear
MI,1,3,5,0.59375,1.225,0.0901217228464,,linear
MI,1,3,6,0.604166666667,1.21666666667,0.077537593985,,linear
MI,1,3,7,0.645833333333,1.25833333333,0.0622693726937,,linear
MI,1,3,8,0.708333333333,1.43333333333,0.0642123287671,,linear
MI,1,3,9,0.625,1.25,0.0694444444444,,linear
MI,1,3,10,0.697916666667,1.39166666667,0.0620644599303,,linear
MI,1,3,11,0.708333333333,1.40833333333,0.0562283737024,,linear
MI,1,3,12,0.708333333333,1.40833333333,0.060553633218,,linear
MI,1,3,13,0.791666666667,1.51666666667,0.0331125827815,,linear
MI,1,3,14,0.833333333333,1.63333333333,0.0316455696203,,linear
MI,1,3,15,0.875,1.625,0.0238095238095,,linear
MI,1,3,16,0.958333333333,1.83333333333,0.0110294117647,,linear
MI,1,3,17,0.979166666667,1.84166666667,0.00549853372434,,linear
MI,1,3,18,0.979166666667,1.84166666667,0.00549853372434,,linear
MI,1,3,19,0.8125,1.45,0.0446428571429,,linear
MI,1,3,20,0.5,0.95,0.160256410256,,linear
MI,1,4,1,0.520833333333,1.02083333333,0.090206185567,,linear
MI,1,4,2,0.625,1.275,0.0778388278388,,linear
MI,1,4,3,0.666666666667,1.36666666667,0.0704225352113,,linear
MI,1,4,4,0.739583333333,1.48333333333,0.0555788590604,,linear
MI,1,4,5,0.739583333333,1.48333333333,0.0534815436242,,linear
MI,1,4,6,0.71875,1.425,0.0547680412371,,linear
MI,1,4,7,0.677083333333,1.35833333333,0.0651501766784,,linear
MI,1,4,8,0.635416666667,1.26666666667,0.0677849264706,,linear
MI,1,4,9,0.541666666667,0.991666666667,0.0575313807531,,linear
MI,1,4,10,0.541666666667,1.01666666667,0.0671487603306,,linear
MI,1,4,11,0.552083333333,1.05833333333,0.0721153846154,,linear
MI,1,4,12,0.645833333333,1.22083333333,0.0515947467167,,linear
MI,1,4,13,0.520833333333,0.920833333333,0.0406724511931,,linear
MI,1,4,14,0.739583333333,1.34583333333,0.0543960923623,,linear
MI,1,4,15,0.635416666667,1.15416666667,0.0568181818182,,linear
MI,1,4,16,0.708333333333,1.33333333333,0.0446428571429,,linear
MI,1,4,17,0.625,1.125,0.0392156862745,,linear
MI,1,4,18,0.53125,0.9875,0.0537211740042,,linear
MI,1,4,19,0.53125,1,0.0716145833333,,linear
MI,1,4,20,0.322916666667,0.679166666667,0.178349875931,,linear
MI,1,5,1,0.479166666667,1.04166666667,0.135204081633,,linear
MI,1,5,2,0.604166666667,1.26666666667,0.0988051470588,,linear
MI,1,5,3,0.541666666667,1.16666666667,0.110576923077,,linear
MI,1,5,4,0.572916666667,1.21666666667,0.0975093984962,,linear
MI,1,5,5,0.625,1.3,0.0815217391304,,linear
MI,1,5,6,0.645833333333,1.33333333333,0.078125,,linear
MI,1,5,7,0.708333333333,1.43333333333,0.0642123287671,,linear
MI,1,5,8,0.729166666667,1.46666666667,0.0570101351351,,linear
MI,1,5,9,0.78125,1.55,0.0479983660131,,linear
MI,1,5,10,0.802083333333,1.58333333333,0.0413306451613,,linear
MI,1,5,11,0.84375,1.65,0.032429245283,,linear
MI,1,5,12,0.864583333333,1.68333333333,0.0262034161491,,linear
MI,1,5,13,0.895833333333,1.73333333333,0.0209603658537,,linear
MI,1,5,14,0.916666666667,1.76666666667,0.0188253012048,,linear
MI,1,5,15,0.9375,1.8,0.0130208333333,,linear
MI,1,5,16,0.947916666667,1.81666666667,0.0101701183432,,linear
MI,1,5,17,0.9375,1.8,0.0130208333333,,linear
MI,1,5,18,0.947916666667,1.81666666667,0.0101701183432,,linear
MI,1,5,19,0.958333333333,1.83333333333,0.00735294117647,,linear
MI,1,5,20,0.979166666667,1.86666666667,0.00545058139535,,linear
MI,1,6,1,0.708333333333,1.40833333333,0.0865051903114,,linear
MI,1,6,2,0.729166666667,1.41666666667,0.0538793103448,,linear
MI,1,6,3,0.802083333333,1.47083333333,0.0179173693086,,linear
MI,1,6,4,0.90625,1.725,0.0124235474006,,linear
MI,1,6,5,0.854166666667,1.52916666667,0.0329489291598,,linear
MI,1,6,6,0.697916666667,1.39166666667,0.0816637630662,,linear
MI,1,6,7,0.6875,1.225,0.0678838951311,,linear
MI,1,6,8,0.65625,1.275,0.0606684981685,,linear
MI,1,6,9,0.739583333333,1.39583333333,0.029347826087,,linear
MI,1,6,10,0.791666666667,1.52916666667,0.0370675453048,,linear
MI,1,6,11,0.833333333333,1.60833333333,0.0279552715655,,linear
MI,1,6,12,0.916666666667,1.71666666667,0.0153374233129,,linear
MI,1,6,13,0.9375,1.8,0.0167410714286,,linear
MI,1,6,14,1,1.9,0,,linear
MI,1,6,15,1,1.9,0,,linear
MI,1,6,16,1,1.9,0,,linear
MI,1,6,17,1,1.9,0,,linear
MI,1,6,18,1,1.9,0,,linear
MI,1,6,19,1,1.9,0,,linear
MI,1,6,20,0.625,1.3,0.122282608696,,linear
MI,1,7,1,0.666666666667,1.36666666667,0.0924295774648,,linear
MI,1,7,2,0.875,1.7,0.0231481481481,,linear
MI,1,7,3,0.875,1.7,0.0231481481481,,linear
MI,1,7,4,0.875,1.7,0.0231481481481,,linear
MI,1,7,5,0.875,1.7,0.0231481481481,,linear
MI,1,7,6,0.875,1.7,0.0231481481481,,linear
MI,1,7,7,0.875,1.7,0.0231481481481,,linear
MI,1,7,8,0.875,1.7,0.0231481481481,,linear
MI,1,7,9,0.875,1.7,0.0231481481481,,linear
MI,1,7,10,0.875,1.7,0.0231481481481,,linear
MI,1,7,11,0.875,1.7,0.0231481481481,,linear
MI,1,7,12,0.875,1.7,0.0231481481481,,linear
MI,1,7,13,0.875,1.7,0.0231481481481,,linear
MI,1,7,14,0.875,1.7,0.0231481481481,,linear
MI,1,7,15,0.875,1.7,0.0231481481481,,linear
MI,1,7,16,0.875,1.7,0.0231481481481,,linear
MI,1,7,17,0.875,1.7,0.0231481481481,,linear
MI,1,7,18,0.875,1.7,0.0231481481481,,linear
MI,1,7,19,0.875,1.7,0.0231481481481,,linear
MI,1,7,20,0.5625,1.2,0.134943181818,,linear
MI,1,8,1,0.520833333333,1.05833333333,0.0986842105263,,linear
MI,1,8,2,0.677083333333,1.33333333333,0.0613839285714,,linear
MI,1,8,3,0.885416666667,1.65416666667,0.0225667189953,,linear
MI,1,8,4,0.885416666667,1.67916666667,0.0262441679627,,linear
MI,1,8,5,0.895833333333,1.70833333333,0.0173076923077,,linear
MI,1,8,6,0.916666666667,1.69166666667,0.0193498452012,,linear
MI,1,8,7,0.916666666667,1.66666666667,0.0234375,,linear
MI,1,8,8,0.96875,1.8125,0.00833333333333,,linear
MI,1,8,9,0.979166666667,1.84166666667,0.00549853372434,,linear
MI,1,8,10,0.979166666667,1.84166666667,0.00549853372434,,linear
MI,1,8,11,0.9375,1.725,0.0172018348624,,linear
MI,1,8,12,0.9375,1.725,0.0172018348624,,linear
MI,1,8,13,0.875,1.55,0.0367647058824,,linear
MI,1,8,14,0.8125,1.375,0.0460526315789,,linear
MI,1,8,15,0.78125,1.4875,0.0554857621441,,linear
MI,1,8,16,0.802083333333,1.49583333333,0.0219115191987,,linear
MI,1,8,17,0.802083333333,1.47083333333,0.0305649241147,,linear
MI,1,8,18,0.822916666667,1.49166666667,0.0323996655518,,linear
MI,1,8,19,0.96875,1.85,0.00822368421053,,linear
MI,1,8,20,0.96875,1.8125,0.00833333333333,,linear
MI,1,9,1,0.239583333333,0.545833333333,0.207210242588,,linear
MI,1,9,2,0.458333333333,0.908333333333,0.152838427948,,linear
MI,1,9,3,0.3125,0.625,0.169871794872,,linear
MI,1,9,4,0.15625,0.3125,0.200396825397,,linear
MI,1,9,5,0.135416666667,0.254166666667,0.193106312292,,linear
MI,1,9,6,0.177083333333,0.370833333333,0.191869300912,,linear
MI,1,9,7,0.28125,0.6375,0.195610687023,,linear
MI,1,9,8,0.291666666667,0.629166666667,0.188618925831,,linear
MI,1,9,9,0.354166666667,0.841666666667,0.183823529412,,linear
MI,1,9,10,0.3125,0.725,0.190217391304,,linear
MI,1,9,11,0.333333333333,0.808333333333,0.190092165899,,linear
MI,1,9,12,0.229166666667,0.516666666667,0.188873626374,,linear
MI,1,9,13,0.166666666667,0.341666666667,0.201863354037,,linear
MI,1,9,14,0.135416666667,0.254166666667,0.197259136213,,linear
MI,1,9,15,0.0520833333333,0.0833333333333,0.21875,,linear
MI,1,9,16,0,0,0.25,,linear
MI,1,9,17,0.0625,0.175,0.252659574468,,linear
MI,1,9,18,0.135416666667,0.254166666667,0.193106312292,,linear
MI,1,9,19,0.0833333333333,0.170833333333,0.222419928826,,linear
MI,1,9,20,0,0,0.25,,linear
MI,1,10,1,0.625,1.225,0.112359550562,,linear
MI,1,10,2,0.479166666667,0.991666666667,0.117677824268,,linear
MI,1,10,3,0.75,1.5,0.075,,linear
MI,1,10,4,1,1.9,0,,linear
MI,1,10,5,1,1.9,0,,linear
MI,1,10,6,1,1.9,0,,linear
MI,1,10,7,1,1.9,0,,linear
MI,1,10,8,1,1.9,0,,linear
MI,1,10,9,1,1.9,0,,linear
MI,1,10,10,1,1.9,0,,linear
MI,1,10,11,1,1.9,0,,linear
MI,1,10,12,1,1.9,0,,linear
MI,1,10,13,1,1.9,0,,linear
MI,1,10,14,1,1.9,0,,linear
MI,1,10,15,1,1.9,0,,linear
MI,1,10,16,1,1.9,0,,linear
MI,1,10,17,1,1.9,0,,linear
MI,1,10,18,1,1.9,0,,linear
MI,1,10,19,1,1.9,0,,linear
MI,1,10,20,1,1.9,0,,linear
MI,1,11,1,0.770833333333,1.48333333333,0.060822147651,,linear
MI,1,11,2,0.979166666667,1.84166666667,0.00549853372434,,linear
MI,1,11,3,1,1.9,0,,linear
MI,1,11,4,1,1.9,0,,linear
MI,1,11,5,1,1.9,0,,linear
MI,1,11,6,1,1.9,0,,linear
MI,1,11,7,1,1.9,0,,linear
MI,1,11,8,1,1.9,0,,linear
MI,1,11,9,1,1.9,0,,linear
MI,1,11,10,1,1.9,0,,linear
MI,1,11,11,1,1.9,0,,linear
MI,1,11,12,1,1.9,0,,linear
MI,1,11,13,1,1.9,0,,linear
MI,1,11,14,1,1.9,0,,linear
MI,1,11,15,1,1.9,0,,linear
MI,1,11,16,1,1.9,0,,linear
MI,1,11,17,1,1.9,0,,linear
MI,1,11,18,1,1.9,0,,linear
MI,1,11,19,1,1.9,0,,linear
MI,1,11,20,1,1.9,0,,linear
MI,1,12,1,0.520833333333,1.10833333333,0.116106719368,,linear
MI,1,12,2,0.697916666667,1.39166666667,0.0729529616725,,linear
MI,1,12,3,0.697916666667,1.39166666667,0.0620644599303,,linear
MI,1,12,4,0.71875,1.425,0.0783934707904,,linear
MI,1,12,5,0.697916666667,1.39166666667,0.0729529616725,,linear
MI,1,12,6,0.604166666667,1.09166666667,0.102091633466,,linear
MI,1,12,7,0.5,1.025,0.11316872428,,linear
MI,1,12,8,0.5,0.875,0.0833333333333,,linear
MI,1,12,9,0.583333333333,1.13333333333,0.087890625,,linear
MI,1,12,10,0.666666666667,1.34166666667,0.0845195729537,,linear
MI,1,12,11,0.677083333333,1.33333333333,0.0680803571429,,linear
MI,1,12,12,0.59375,1.2,0.0887784090909,,linear
MI,1,12,13,0.708333333333,1.38333333333,0.0786713286713,,linear
MI,1,12,14,0.604166666667,1.09166666667,0.102091633466,,linear
MI,1,12,15,0.583333333333,1.18333333333,0.093034351145,,linear
MI,1,12,16,0.677083333333,1.33333333333,0.0680803571429,,linear
MI,1,12,17,0.6875,1.35,0.0864361702128,,linear
MI,1,12,18,0.677083333333,1.33333333333,0.0837053571429,,linear
MI,1,12,19,0.604166666667,1.09166666667,0.102091633466,,linear
MI,1,12,20,0.3125,0.625,0.169871794872,,linear
MI,1,13,1,0.53125,1.05,0.102896341463,,linear
MI,1,13,2,0.625,1.25,0.0694444444444,,linear
MI,1,13,3,0.75,1.475,0.0547138047138,,linear
MI,1,13,4,0.822916666667,1.61666666667,0.0388136942675,,linear
MI,1,13,5,0.916666666667,1.74166666667,0.0189969604863,,linear
MI,1,13,6,0.96875,1.85,0.00822368421053,,linear
MI,1,13,7,0.989583333333,1.88333333333,0.00270953757225,,linear
MI,1,13,8,1,1.9,0,,linear
MI,1,13,9,0.989583333333,1.88333333333,0.00270953757225,,linear
MI,1,13,10,1,1.9,0,,linear
MI,1,13,11,0.989583333333,1.88333333333,0.00270953757225,,linear
MI,1,13,12,1,1.9,0,,linear
MI,1,13,13,0.989583333333,1.88333333333,0.00270953757225,,linear
MI,1,13,14,1,1.9,0,,linear
MI,1,13,15,0.989583333333,1.88333333333,0.00270953757225,,linear
MI,1,13,16,1,1.9,0,,linear
MI,1,13,17,0.989583333333,1.88333333333,0.00270953757225,,linear
MI,1,13,18,0.989583333333,1.87083333333,0.00272133526851,,linear
MI,1,13,19,0.979166666667,1.85416666667,0.0036496350365,,linear
MI,1,13,20,0.958333333333,1.82083333333,0.00923190546529,,linear
MI,1,14,1,0.458333333333,0.908333333333,0.114628820961,,linear
MI,1,14,2,0.614583333333,1.28333333333,0.0901003649635,,linear
MI,1,14,3,0.666666666667,1.36666666667,0.0704225352113,,linear
MI,1,14,4,0.71875,1.45,0.062712585034,,linear
MI,1,14,5,0.770833333333,1.53333333333,0.0452302631579,,linear
MI,1,14,6,0.78125,1.55,0.0439133986928,,linear
MI,1,14,7,0.822916666667,1.61666666667,0.0388136942675,,linear
MI,1,14,8,0.802083333333,1.58333333333,0.0413306451613,,linear
MI,1,14,9,0.8125,1.6,0.0380608974359,,linear
MI,1,14,10,0.822916666667,1.61666666667,0.0388136942675,,linear
MI,1,14,11,0.875,1.7,0.0231481481481,,linear
MI,1,14,12,0.90625,1.75,0.0198863636364,,linear
MI,1,14,13,0.958333333333,1.83333333333,0.00919117647059,,linear
MI,1,14,14,0.958333333333,1.83333333333,0.00919117647059,,linear
MI,1,14,15,0.989583333333,1.88333333333,0.00270953757225,,linear
MI,1,14,16,0.979166666667,1.86666666667,0.00545058139535,,linear
MI,1,14,17,1,1.9,0,,linear
MI,1,14,18,0.96875,1.85,0.00822368421053,,linear
MI,1,14,19,0.90625,1.725,0.0181574923547,,linear
MI,1,14,20,0.854166666667,1.66666666667,0.03515625,,linear
MI,1,15,1,0.364583333333,0.883333333333,0.17560840708,,linear
MI,1,15,2,0.395833333333,0.933333333333,0.169719827586,,linear
MI,1,15,3,0.489583333333,1.08333333333,0.13875,,linear
MI,1,15,4,0.5,1.075,0.130522088353,,linear
MI,1,15,5,0.583333333333,1.23333333333,0.111940298507,,linear
MI,1,15,6,0.635416666667,1.31666666667,0.100044964029,,linear
MI,1,15,7,0.625,1.3,0.108695652174,,linear
MI,1,15,8,0.635416666667,1.31666666667,0.109037769784,,linear
MI,1,15,9,0.6875,1.4,0.0846354166667,,linear
MI,1,15,10,0.635416666667,1.31666666667,0.100044964029,,linear
MI,1,15,11,0.416666666667,0.966666666667,0.153601694915,,linear
MI,1,15,12,0.53125,1.15,0.124757751938,,linear
MI,1,15,13,0.458333333333,1.03333333333,0.133196721311,,linear
MI,1,15,14,0.4375,0.975,0.147679324895,,linear
MI,1,15,15,0.270833333333,0.558333333333,0.163770053476,,linear
MI,1,15,16,0.135416666667,0.216666666667,0.15625,,linear
MI,1,15,17,0.1875,0.45,0.226293103448,,linear
MI,1,15,18,0.25,0.625,0.211538461538,,linear
MI,1,15,19,0.302083333333,0.783333333333,0.202978971963,,linear
MI,1,15,20,0.3125,0.8,0.199652777778,,linear
MI,1,16,1,0.40625,0.7375,0.127398081535,,linear
MI,1,16,2,0.364583333333,0.708333333333,0.126524390244,,linear
MI,1,16,3,0.291666666667,0.579166666667,0.155013192612,,linear
MI,1,16,4,0.28125,0.6125,0.169573643411,,linear
MI,1,16,5,0.15625,0.35,0.202546296296,,linear
MI,1,16,6,0.25,0.525,0.170765027322,,linear
MI,1,16,7,0.291666666667,0.654166666667,0.170025188917,,linear
MI,1,16,8,0.364583333333,0.770833333333,0.130882352941,,linear
MI,1,16,9,0.270833333333,0.545833333333,0.171832884097,,linear
MI,1,16,10,0.1875,0.4375,0.20652173913,,linear
MI,1,16,11,0.28125,0.6375,0.182888040712,,linear
MI,1,16,12,0.229166666667,0.491666666667,0.171089385475,,linear
MI,1,16,13,0.21875,0.5125,0.19455922865,,linear
MI,1,16,14,0.270833333333,0.545833333333,0.16846361186,,linear
MI,1,16,15,0.09375,0.175,0.192819148936,,linear
MI,1,16,16,0.125,0.2375,0.193602693603,,linear
MI,1,16,17,0.0625,0.1625,0.241935483871,,linear
MI,1,16,18,0.135416666667,0.291666666667,0.203629032258,,linear
MI,1,16,19,0.208333333333,0.483333333333,0.207162921348,,linear
MI,1,16,20,0.114583333333,0.295833333333,0.22307073955,,linear
MI,1,17,1,0.552083333333,1.10833333333,0.114871541502,,linear
MI,1,17,2,0.479166666667,1.04166666667,0.125,,linear
MI,1,17,3,0.46875,1.025,0.140174897119,,linear
MI,1,17,4,0.46875,0.9625,0.112791932059,,linear
MI,1,17,5,0.354166666667,0.666666666667,0.109375,,linear
MI,1,17,6,0.177083333333,0.333333333333,0.166015625,,linear
MI,1,17,7,0.583333333333,1.09583333333,0.121769383698,,linear
MI,1,17,8,0.666666666667,1.16666666667,0.0673076923077,,linear
MI,1,17,9,0.447916666667,0.816666666667,0.124713302752,,linear
MI,1,17,10,0.125,0.2,0.160590277778,,linear
MI,1,17,11,0.0625,0.15,0.240036231884,,linear
MI,1,17,12,0.25,0.6,0.198567708333,,linear
MI,1,17,13,0.739583333333,1.45833333333,0.0752118644068,,linear
MI,1,17,14,0.895833333333,1.72083333333,0.0267993874426,,linear
MI,1,17,15,0.833333333333,1.54583333333,0.0327332242226,,linear
MI,1,17,16,0.833333333333,1.59583333333,0.0421348314607,,linear
MI,1,17,17,0.447916666667,0.866666666667,0.121372767857,,linear
MI,1,17,18,0.28125,0.6,0.174153645833,,linear
MI,1,17,19,0.229166666667,0.441666666667,0.155346820809,,linear
MI,1,17,20,0.0729166666667,0.116666666667,0.207555970149,,linear
MI,1,18,1,0.354166666667,0.791666666667,0.165697674419,,linear
MI,1,18,2,0.729166666667,1.46666666667,0.082347972973,,linear
MI,1,18,3,0.5,1.1,0.119047619048,,linear
MI,1,18,4,0.677083333333,1.38333333333,0.101617132867,,linear
MI,1,18,5,0.364583333333,0.883333333333,0.183904867257,,linear
MI,1,18,6,0.395833333333,0.933333333333,0.169719827586,,linear
MI,1,18,7,0.34375,0.775,0.180457746479,,linear
MI,1,18,8,0.520833333333,1.13333333333,0.12939453125,,linear
MI,1,18,9,0.729166666667,1.46666666667,0.082347972973,,linear
MI,1,18,10,0.791666666667,1.56666666667,0.0608766233766,,linear
MI,1,18,11,0.802083333333,1.58333333333,0.0554435483871,,linear
MI,1,18,12,0.8125,1.6,0.0500801282051,,linear
MI,1,18,13,0.822916666667,1.61666666667,0.0447850318471,,linear
MI,1,18,14,0.8125,1.6,0.0540865384615,,linear
MI,1,18,15,0.604166666667,1.26666666667,0.103400735294,,linear
MI,1,18,16,0.75,1.5,0.0583333333333,,linear
MI,1,18,17,0.9375,1.8,0.0167410714286,,linear
MI,1,18,18,0.708333333333,1.43333333333,0.0856164383562,,linear
MI,1,18,19,0.427083333333,0.983333333333,0.15099789916,,linear
MI,1,18,20,0.666666666667,1.29166666667,0.0954545454545,,linear
MI,1,19,1,0.78125,1.55,0.0643382352941,,linear
MI,1,19,2,1,1.9,0,,linear
MI,1,19,3,1,1.9,0,,linear
MI,1,19,4,1,1.9,0,,linear
MI,1,19,5,1,1.9,0,,linear
MI,1,19,6,1,1.9,0,,linear
MI,1,19,7,1,1.9,0,,linear
MI,1,19,8,1,1.9,0,,linear
MI,1,19,9,1,1.9,0,,linear
MI,1,19,10,1,1.9,0,,linear
MI,1,19,11,1,1.9,0,,linear
MI,1,19,12,1,1.9,0,,linear
MI,1,19,13,1,1.9,0,,linear
MI,1,19,14,1,1.9,0,,linear
MI,1,19,15,1,1.9,0,,linear
MI,1,19,16,1,1.9,0,,linear
MI,1,19,17,1,1.9,0,,linear
MI,1,19,18,1,1.9,0,,linear
MI,1,19,19,1,1.9,0,,linear
MI,1,19,20,0.875,1.55,0.0367647058824,,linear
MI,1,20,1,0.75,1.4625,0.0655668358714,,linear
MI,1,20,2,0.916666666667,1.70416666667,0.0057781201849,,linear
MI,1,20,3,0.84375,1.6125,0.0309011164274,,linear
MI,1,20,4,0.9375,1.7375,0.00951293759513,,linear
MI,1,20,5,0.8125,1.5375,0.0348932676519,,linear
MI,1,20,6,0.885416666667,1.59166666667,0.0311495176849,,linear
MI,1,20,7,0.6875,1.25,0.0578703703704,,linear
MI,1,20,8,0.927083333333,1.72083333333,0.00861408882083,,linear
MI,1,20,9,0.916666666667,1.69166666667,0.0116099071207,,linear
MI,1,20,10,0.916666666667,1.69166666667,0.0116099071207,,linear
MI,1,20,11,0.916666666667,1.69166666667,0.0116099071207,,linear
MI,1,20,12,0.895833333333,1.65833333333,0.00587774294671,,linear
MI,1,20,13,0.916666666667,1.69166666667,0.0116099071207,,linear
MI,1,20,14,0.927083333333,1.72083333333,0.0124425727412,,linear
MI,1,20,15,0.875,1.625,0.00793650793651,,linear
MI,1,20,16,0.895833333333,1.65833333333,0.00587774294671,,linear
MI,1,20,17,0.875,1.625,0.00793650793651,,linear
MI,1,20,18,0.541666666667,1.09166666667,0.129482071713,,linear
MI,1,20,19,0.6875,1.1,0.0520833333333,,linear
MI,1,20,20,0.479166666667,0.891666666667,0.162444933921,,linear
MI,1,21,1,0.364583333333,0.783333333333,0.162091121495,,linear
MI,1,21,2,0.375,0.7625,0.141843971631,,linear
MI,1,21,3,0.177083333333,0.433333333333,0.23074127907,,linear
MI,1,21,4,0.395833333333,0.858333333333,0.15134529148,,linear
MI,1,21,5,0.583333333333,1.18333333333,0.109732824427,,linear
MI,1,21,6,0.59375,1.125,0.11887254902,,linear
MI,1,21,7,0.604166666667,1.14166666667,0.104571984436,,linear
MI,1,21,8,0.291666666667,0.604166666667,0.146103896104,,linear
MI,1,21,9,0.552083333333,1.00833333333,0.120591286307,,linear
MI,1,21,10,0.145833333333,0.283333333333,0.190746753247,,linear
MI,1,21,11,0.28125,0.575,0.150462962963,,linear
MI,1,21,12,0.354166666667,0.679166666667,0.120967741935,,linear
MI,1,21,13,0.614583333333,1.08333333333,0.08125,,linear
MI,1,21,14,0.28125,0.5375,0.154132791328,,linear
MI,1,21,15,0.604166666667,1.19166666667,0.0689163498099,,linear
MI,1,21,16,0.572916666667,1.04166666667,0.047193877551,,linear
MI,1,21,17,0.5625,1.0125,0.0439958592133,,linear
MI,1,21,18,0.583333333333,1.07083333333,0.0452716297787,,linear
MI,1,21,19,0.697916666667,1.19166666667,0.0415874524715,,linear
MI,1,21,20,0.666666666667,1.10416666667,0.0470297029703,,linear
MI,1,22,1,0.729166666667,1.21666666667,0.0446428571429,,linear
MI,1,22,2,0.53125,0.9625,0.072983014862,,linear
MI,1,22,3,0.395833333333,0.733333333333,0.0991586538462,,linear
MI,1,22,4,0.572916666667,1.02916666667,0.101386036961,,linear
MI,1,22,5,0.510416666667,1.00416666667,0.100051975052,,linear
MI,1,22,6,0.541666666667,0.991666666667,0.0523012552301,,linear
MI,1,22,7,0.583333333333,1.00833333333,0.0440871369295,,linear
MI,1,22,8,0.520833333333,0.883333333333,0.110619469027,,linear
MI,1,22,9,0.333333333333,0.583333333333,0.0921052631579,,linear
MI,1,22,10,0.3125,0.575,0.122354497354,,linear
MI,1,22,11,0.354166666667,0.679166666667,0.105459057072,,linear
MI,1,22,12,0.229166666667,0.416666666667,0.147058823529,,linear
MI,1,22,13,0.270833333333,0.533333333333,0.15964673913,,linear
MI,1,22,14,0.229166666667,0.441666666667,0.166184971098,,linear
MI,1,22,15,0.552083333333,0.958333333333,0.102393617021,,linear
MI,1,22,16,0.78125,1.2875,0.0489526411658,,linear
MI,1,22,17,0.614583333333,1.02083333333,0.0657216494845,,linear
MI,1,22,18,0.135416666667,0.254166666667,0.193106312292,,linear
MI,1,22,19,0.0208333333333,0.0583333333333,0.250984251969,,linear
MI,1,22,20,0.395833333333,0.645833333333,0.0537974683544,,linear
MI,1,23,1,0.604166666667,1.21666666667,0.124530075188,,linear
MI,1,23,2,0.770833333333,1.48333333333,0.060822147651,,linear
MI,1,23,3,0.791666666667,1.51666666667,0.0538079470199,,linear
MI,1,23,4,0.666666666667,1.26666666667,0.0827205882353,,linear
MI,1,23,5,0.395833333333,0.858333333333,0.159753363229,,linear
MI,1,23,6,0.291666666667,0.566666666667,0.166223404255,,linear
MI,1,23,7,0.21875,0.6,0.226236979167,,linear
MI,1,23,8,0.354166666667,0.841666666667,0.178167420814,,linear
MI,1,23,9,0.458333333333,1.03333333333,0.133196721311,,linear
MI,1,23,10,0.75,1.5,0.075,,linear
MI,1,23,11,0.729166666667,1.46666666667,0.082347972973,,linear
MI,1,23,12,0.729166666667,1.46666666667,0.082347972973,,linear
MI,1,23,13,0.833333333333,1.63333333333,0.0474683544304,,linear
MI,1,23,14,0.770833333333,1.53333333333,0.0555098684211,,linear
MI,1,23,15,0.833333333333,1.63333333333,0.0474683544304,,linear
MI,1,23,16,0.760416666667,1.51666666667,0.0713990066225,,linear
MI,1,23,17,0.395833333333,0.933333333333,0.167025862069,,linear
MI,1,23,18,0.270833333333,0.733333333333,0.213341346154,,linear
MI,1,23,19,0.59375,1.2,0.129024621212,,linear
MI,1,23,20,0.583333333333,1.18333333333,0.13358778626,,linear
MI,1,24,1,0.916666666667,1.67916666667,0.0213841368585,,linear
MI,1,24,2,0.958333333333,1.80833333333,0.00741839762611,,linear
MI,1,24,3,0.96875,1.8375,0.00642437591777,,linear
MI,1,24,4,0.84375,1.5,0.040625,,linear
MI,1,24,5,0.697916666667,1.39166666667,0.0860191637631,,linear
MI,1,24,6,0.833333333333,1.63333333333,0.0474683544304,,linear
MI,1,24,7,0.90625,1.7125,0.0201612903226,,linear
MI,1,24,8,0.833333333333,1.54583333333,0.0245499181669,,linear
MI,1,24,9,0.770833333333,1.42083333333,0.0430292598967,,linear
MI,1,24,10,0.802083333333,1.43333333333,0.0417380136986,,linear
MI,1,24,11,0.583333333333,1.08333333333,0.09,,linear
MI,1,24,12,0.239583333333,0.545833333333,0.207210242588,,linear
MI,1,24,13,0.479166666667,0.916666666667,0.160326086957,,linear
MI,1,24,14,0.770833333333,1.47083333333,0.0358347386172,,linear
MI,1,24,15,0.625,1.15,0.0484496124031,,linear
MI,1,24,16,0.5,1.075,0.138052208835,,linear
MI,1,24,17,0.604166666667,1.11666666667,0.110728346457,,linear
MI,1,24,18,0.291666666667,0.616666666667,0.173969072165,,linear
MI,1,24,19,0.458333333333,0.970833333333,0.126849894292,,linear
MI,1,24,20,0.333333333333,0.783333333333,0.178154205607,,linear
MI,1,25,1,0.177083333333,0.395833333333,0.192164179104,,linear
MI,1,25,2,0.270833333333,0.633333333333,0.178571428571,,linear
MI,1,25,3,0.166666666667,0.366666666667,0.190548780488,,linear
MI,1,25,4,0.114583333333,0.220833333333,0.189846416382,,linear
MI,1,25,5,0.125,0.3125,0.234126984127,,linear
MI,1,25,6,0.0833333333333,0.170833333333,0.213523131673,,linear
MI,1,25,7,0.21875,0.525,0.210040983607,,linear
MI,1,25,8,0.166666666667,0.316666666667,0.174050632911,,linear
MI,1,25,9,0.458333333333,0.808333333333,0.149769585253,,linear
MI,1,25,10,0.34375,0.625,0.129807692308,,linear
MI,1,25,11,0.09375,0.2375,0.233585858586,,linear
MI,1,25,12,0.104166666667,0.216666666667,0.209760273973,,linear
MI,1,25,13,0.145833333333,0.283333333333,0.190746753247,,linear
MI,1,25,14,0.177083333333,0.308333333333,0.15326433121,,linear
MI,1,25,15,0.25,0.45,0.118534482759,,linear
MI,1,25,16,0.302083333333,0.595833333333,0.122389033943,,linear
MI,1,25,17,0.3125,0.5625,0.11,,linear
MI,1,25,18,0.3125,0.5625,0.106666666667,,linear
MI,1,25,19,0.364583333333,0.708333333333,0.120426829268,,linear
MI,1,25,20,0.354166666667,0.679166666667,0.117866004963,,linear
MI,1,26,1,0.885416666667,1.57916666667,0.029281098546,,linear
MI,1,26,2,0.927083333333,1.69583333333,0.0183539412674,,linear
MI,1,26,3,0.958333333333,1.78333333333,0.00935628742515,,linear
MI,1,26,4,0.989583333333,1.88333333333,0.00270953757225,,linear
MI,1,26,5,1,1.9,0,,linear
MI,1,26,6,0.989583333333,1.87083333333,0.00272133526851,,linear
MI,1,26,7,1,1.9,0,,linear
MI,1,26,8,1,1.9,0,,linear
MI,1,26,9,0.989583333333,1.87083333333,0.00272133526851,,linear
MI,1,26,10,0.979166666667,1.84166666667,0.00549853372434,,linear
MI,1,26,11,0.989583333333,1.88333333333,0.00270953757225,,linear
MI,1,26,12,0.989583333333,1.87083333333,0.00272133526851,,linear
MI,1,26,13,0.989583333333,1.88333333333,0.00270953757225,,linear
MI,1,26,14,1,1.9,0,,linear
MI,1,26,15,0.96875,1.825,0.00645280235988,,linear
MI,1,26,16,0.979166666667,1.84166666667,0.00549853372434,,linear
MI,1,26,17,1,1.9,0,,linear
MI,1,26,18,1,1.9,0,,linear
MI,1,26,19,0.96875,1.825,0.00645280235988,,linear
MI,1,26,20,0.9375,1.8,0.0167410714286,,linear
MI,1,27,1,0.90625,1.6375,0.0266587677725,,linear
MI,1,27,2,0.5625,1.125,0.139705882353,,linear
MI,1,27,3,0.5625,1.125,0.139705882353,,linear
MI,1,27,4,0.71875,1.3375,0.0701871657754,,linear
MI,1,27,5,0.416666666667,0.866666666667,0.147879464286,,linear
MI,1,27,6,0.6875,1.25,0.0763888888889,,linear
MI,1,27,7,0.40625,0.9125,0.167483660131,,linear
MI,1,27,8,0.28125,0.5625,0.175,,linear
MI,1,27,9,0.125,0.275,0.220588235294,,linear
MI,1,27,10,0.25,0.5,0.152777777778,,linear
MI,1,27,11,0.1875,0.375,0.185606060606,,linear
MI,1,27,12,0.25,0.575,0.205026455026,,linear
MI,1,27,13,0.604166666667,1.11666666667,0.110728346457,,linear
MI,1,27,14,0.697916666667,1.37916666667,0.0886602451839,,linear
MI,1,27,15,0.354166666667,0.866666666667,0.186941964286,,linear
MI,1,27,16,0.239583333333,0.570833333333,0.210543766578,,linear
MI,1,27,17,0.208333333333,0.483333333333,0.217696629213,,linear
MI,1,27,18,0.135416666667,0.254166666667,0.197259136213,,linear
MI,1,27,19,0.5,0.875,0.133333333333,,linear
MI,1,27,20,0.135416666667,0.254166666667,0.197259136213,,linear
MI,2,28,1,0.791666666667,1.46666666667,0.0253378378378,,linear
MI,2,28,2,0.833333333333,1.55833333333,0.0122149837134,,linear
MI,2,28,3,0.833333333333,1.55833333333,0.0122149837134,,linear
MI,2,28,4,0.875,1.65,0.0117924528302,,linear
MI,2,28,5,0.895833333333,1.69583333333,0.0115919629057,,linear
MI,2,28,6,0.84375,1.5375,0.0174466338259,,linear
MI,2,28,7,0.84375,1.575,0.00910194174757,,linear
MI,2,28,8,0.875,1.6375,0.00987361769352,,linear
MI,2,28,9,0.895833333333,1.70833333333,0.0153846153846,,linear
MI,2,28,10,0.90625,1.7,0.00868055555556,,linear
MI,2,28,11,0.885416666667,1.64166666667,0.0108438485804,,linear
MI,2,28,12,0.864583333333,1.60833333333,0.00698881789137,,linear
MI,2,28,13,0.8125,1.5,0.00416666666667,,linear
MI,2,28,14,0.791666666667,1.45416666667,0.00636672325976,,linear
MI,2,28,15,0.8125,1.525,0.0144389438944,,linear
MI,2,28,16,0.78125,1.4125,0.00971502590674,,linear
MI,2,28,17,0.833333333333,1.58333333333,0.0221774193548,,linear
MI,2,28,18,0.833333333333,1.58333333333,0.0201612903226,,linear
MI,2,28,19,0.822916666667,1.56666666667,0.0253652597403,,linear
MI,2,28,20,0.791666666667,1.49166666667,0.0250836120401,,linear
MI,2,29,1,0.760416666667,1.49166666667,0.0679347826087,,linear
MI,2,29,2,0.833333333333,1.57083333333,0.0384927066451,,linear
MI,2,29,3,0.854166666667,1.64166666667,0.0374605678233,,linear
MI,2,29,4,0.895833333333,1.64583333333,0.0236220472441,,linear
MI,2,29,5,0.96875,1.8125,0.00648148148148,,linear
MI,2,29,6,0.916666666667,1.74166666667,0.0189969604863,,linear
MI,2,29,7,0.9375,1.725,0.0152905198777,,linear
MI,2,29,8,0.96875,1.8125,0.00648148148148,,linear
MI,2,29,9,0.9375,1.725,0.0152905198777,,linear
MI,2,29,10,0.958333333333,1.80833333333,0.00741839762611,,linear
MI,2,29,11,0.947916666667,1.76666666667,0.0122364457831,,linear
MI,2,29,12,0.979166666667,1.84166666667,0.00549853372434,,linear
MI,2,29,13,1,1.9,0,,linear
MI,2,29,14,1,1.9,0,,linear
MI,2,29,15,1,1.9,0,,linear
MI,2,29,16,1,1.9,0,,linear
MI,2,29,17,1,1.9,0,,linear
MI,2,29,18,1,1.9,0,,linear
MI,2,29,19,1,1.9,0,,linear
MI,2,29,20,0.875,1.55,0.0367647058824,,linear
MI,2,30,1,0.916666666667,1.69166666667,0.0193498452012,,linear
MI,2,30,2,0.989583333333,1.88333333333,0.00270953757225,,linear
MI,2,30,3,1,1.9,0,,linear
MI,2,30,4,1,1.9,0,,linear
MI,2,30,5,1,1.9,0,,linear
MI,2,30,6,0.989583333333,1.87083333333,0.00272133526851,,linear
MI,2,30,7,1,1.9,0,,linear
MI,2,30,8,1,1.9,0,,linear
MI,2,30,9,1,1.9,0,,linear
MI,2,30,10,0.989583333333,1.87083333333,0.00272133526851,,linear
MI,2,30,11,0.989583333333,1.88333333333,0.00270953757225,,linear
MI,2,30,12,1,1.9,0,,linear
MI,2,30,13,1,1.9,0,,linear
MI,2,30,14,1,1.9,0,,linear
MI,2,30,15,1,1.9,0,,linear
MI,2,30,16,1,1.9,0,,linear
MI,2,30,17,1,1.9,0,,linear
MI,2,30,18,1,1.9,0,,linear
MI,2,30,19,1,1.9,0,,linear
MI,2,30,20,0.958333333333,1.78333333333,0.00748502994012,,linear
MI,2,31,1,0.864583333333,1.59583333333,0.0270866773676,,linear
MI,2,31,2,1,1.9,0,,linear
MI,2,31,3,1,1.9,0,,linear
MI,2,31,4,1,1.9,0,,linear
MI,2,31,5,1,1.9,0,,linear
MI,2,31,6,1,1.9,0,,linear
MI,2,31,7,1,1.9,0,,linear
MI,2,31,8,1,1.9,0,,linear
MI,2,31,9,1,1.9,0,,linear
MI,2,31,10,1,1.9,0,,linear
MI,2,31,11,1,1.9,0,,linear
MI,2,31,12,1,1.9,0,,linear
MI,2,31,13,1,1.9,0,,linear
MI,2,31,14,1,1.9,0,,linear
MI,2,31,15,1,1.9,0,,linear
MI,2,31,16,1,1.9,0,,linear
MI,2,31,17,1,1.9,0,,linear
MI,2,31,18,1,1.9,0,,linear
MI,2,31,19,1,1.9,0,,linear
MI,2,31,20,1,1.9,0,,linear
MI,2,32,1,0.520833333333,1.10833333333,0.116106719368,,linear
MI,2,32,2,0.541666666667,1.07916666667,0.0876753507014,,linear
MI,2,32,3,0.520833333333,1.02083333333,0.0798969072165,,linear
MI,2,32,4,0.447916666667,0.879166666667,0.101164079823,,linear
MI,2,32,5,0.447916666667,0.854166666667,0.0884831460674,,linear
MI,2,32,6,0.583333333333,1.13333333333,0.068359375,,linear
MI,2,32,7,0.614583333333,1.19583333333,0.0581119544592,,linear
MI,2,32,8,0.59375,1.1375,0.0548245614035,,linear
MI,2,32,9,0.604166666667,1.14166666667,0.0535019455253,,linear
MI,2,32,10,0.614583333333,1.17083333333,0.0563819577735,,linear
MI,2,32,11,0.604166666667,1.14166666667,0.0486381322957,,linear
MI,2,32,12,0.614583333333,1.14583333333,0.0400485436893,,linear
MI,2,32,13,0.666666666667,1.20416666667,0.0189035916824,,linear
MI,2,32,14,0.635416666667,1.12916666667,0.0134540117417,,linear
MI,2,32,15,0.520833333333,0.945833333333,0.058886509636,,linear
MI,2,32,16,0.385416666667,0.741666666667,0.0971889952153,,linear
MI,2,32,17,0.416666666667,0.829166666667,0.105353075171,,linear
MI,2,32,18,0.354166666667,0.641666666667,0.0983502538071,,linear
MI,2,32,19,0.125,0.2,0.182291666667,,linear
MI,2,32,20,0.0104166666667,0.0166666666667,0.243340163934,,linear
MI,2,33,1,0.635416666667,1.29166666667,0.0738636363636,,linear
MI,2,33,2,0.677083333333,1.35833333333,0.0651501766784,,linear
MI,2,33,3,0.65625,1.325,0.0683243727599,,linear
MI,2,33,4,0.697916666667,1.39166666667,0.0620644599303,,linear
MI,2,33,5,0.708333333333,1.40833333333,0.060553633218,,linear
MI,2,33,6,0.729166666667,1.44166666667,0.0511945392491,,linear
MI,2,33,7,0.697916666667,1.40416666667,0.0617417677643,,linear
MI,2,33,8,0.666666666667,1.34166666667,0.0645017793594,,linear
MI,2,33,9,0.645833333333,1.29583333333,0.0657894736842,,linear
MI,2,33,10,0.697916666667,1.36666666667,0.0517165492958,,linear
MI,2,33,11,0.6875,1.3625,0.0573192239859,,linear
MI,2,33,12,0.635416666667,1.25416666667,0.0612292051756,,linear
MI,2,33,13,0.614583333333,1.20833333333,0.060141509434,,linear
MI,2,33,14,0.572916666667,1.15416666667,0.083413926499,,linear
MI,2,33,15,0.572916666667,1.12916666667,0.0697162426614,,linear
MI,2,33,16,0.583333333333,1.13333333333,0.05859375,,linear
MI,2,33,17,0.5,0.9,0.0548245614035,,linear
MI,2,33,18,0.364583333333,0.583333333333,0.0509868421053,,linear
MI,2,33,19,0.0520833333333,0.0833333333333,0.21875,,linear
MI,2,33,20,0.229166666667,0.516666666667,0.209478021978,,linear
MI,2,34,1,0.916666666667,1.67916666667,0.0174961119751,,linear
MI,2,34,2,0.979166666667,1.84166666667,0.00549853372434,,linear
MI,2,34,3,0.989583333333,1.87083333333,0.00272133526851,,linear
MI,2,34,4,0.989583333333,1.87083333333,0.00272133526851,,linear
MI,2,34,5,0.989583333333,1.87083333333,0.00272133526851,,linear
MI,2,34,6,1,1.9,0,,linear
MI,2,34,7,0.989583333333,1.87083333333,0.00272133526851,,linear
MI,2,34,8,1,1.9,0,,linear
MI,2,34,9,0.989583333333,1.87083333333,0.00272133526851,,linear
MI,2,34,10,0.979166666667,1.85416666667,0.0036496350365,,linear
MI,2,34,11,0.989583333333,1.87083333333,0.00272133526851,,linear
MI,2,34,12,0.989583333333,1.87083333333,0.00272133526851,,linear
MI,2,34,13,0.989583333333,1.87083333333,0.00272133526851,,linear
MI,2,34,14,1,1.9,0,,linear
MI,2,34,15,0.989583333333,1.87083333333,0.00272133526851,,linear
MI,2,34,16,0.989583333333,1.87083333333,0.00272133526851,,linear
MI,2,34,17,1,1.9,0,,linear
MI,2,34,18,1,1.9,0,,linear
MI,2,34,19,1,1.9,0,,linear
MI,2,34,20,0.989583333333,1.87083333333,0.00272133526851,,linear
MI,2,35,1,0.6875,1.25,0.0625,,linear
MI,2,35,2,0.9375,1.725,0.0172018348624,,linear
MI,2,35,3,0.916666666667,1.66666666667,0.01953125,,linear
MI,2,35,4,0.927083333333,1.69583333333,0.0183539412674,,linear
MI,2,35,5,0.9375,1.725,0.0172018348624,,linear
MI,2,35,6,0.9375,1.725,0.0172018348624,,linear
MI,2,35,7,0.958333333333,1.78333333333,0.0112275449102,,linear
MI,2,35,8,0.916666666667,1.66666666667,0.01953125,,linear
MI,2,35,9,0.979166666667,1.84166666667,0.00549853372434,,linear
MI,2,35,10,0.9375,1.725,0.0172018348624,,linear
MI,2,35,11,0.916666666667,1.66666666667,0.01953125,,linear
MI,2,35,12,0.958333333333,1.78333333333,0.0112275449102,,linear
MI,2,35,13,0.947916666667,1.75416666667,0.0122919818457,,linear
MI,2,35,14,0.979166666667,1.84166666667,0.00549853372434,,linear
MI,2,35,15,0.979166666667,1.84166666667,0.00549853372434,,linear
MI,2,35,16,1,1.9,0,,linear
MI,2,35,17,1,1.9,0,,linear
MI,2,35,18,1,1.9,0,,linear
MI,2,35,19,1,1.9,0,,linear
MI,2,35,20,0.875,1.55,0.0367647058824,,linear
MI,2,36,1,0.447916666667,0.791666666667,0.0799418604651,,linear
MI,2,36,2,0.510416666667,0.879166666667,0.0374168514412,,linear
MI,2,36,3,0.46875,0.8125,0.0445402298851,,linear
MI,2,36,4,0.239583333333,0.445833333333,0.167507204611,,linear
MI,2,36,5,0.395833333333,0.733333333333,0.0901442307692,,linear
MI,2,36,6,0.40625,0.8375,0.15164399093,,linear
MI,2,36,7,0.354166666667,0.691666666667,0.157019704433,,linear
MI,2,36,8,0.395833333333,0.733333333333,0.0991586538462,,linear
MI,2,36,9,0.447916666667,0.879166666667,0.0983924611973,,linear
MI,2,36,10,0.5625,1.05,0.0558943089431,,linear
MI,2,36,11,0.416666666667,0.791666666667,0.093023255814,,linear
MI,2,36,12,0.375,0.65,0.0820707070707,,linear
MI,2,36,13,0.4375,0.75,0.0505952380952,,linear
MI,2,36,14,0.40625,0.7625,0.0901300236407,,linear
MI,2,36,15,0.364583333333,0.695833333333,0.0998157248157,,linear
MI,2,36,16,0.239583333333,0.495833333333,0.175835654596,,linear
MI,2,36,17,0.135416666667,0.279166666667,0.209690553746,,linear
MI,2,36,18,0.1875,0.425,0.215643274854,,linear
MI,2,36,19,0.104166666667,0.291666666667,0.254032258065,,linear
MI,2,36,20,0,0,0.25,,linear
MI,2,37,1,0.885416666667,1.57916666667,0.0333198707593,,linear
MI,2,37,2,0.916666666667,1.76666666667,0.0225903614458,,linear
MI,2,37,3,0.8125,1.6,0.0540865384615,,linear
MI,2,37,4,1,1.9,0,,linear
MI,2,37,5,1,1.9,0,,linear
MI,2,37,6,0.885416666667,1.71666666667,0.0316334355828,,linear
MI,2,37,7,0.541666666667,1.14166666667,0.136186770428,,linear
MI,2,37,8,0.895833333333,1.68333333333,0.021350931677,,linear
MI,2,37,9,0.708333333333,1.38333333333,0.0655594405594,,linear
MI,2,37,10,0.385416666667,0.841666666667,0.168269230769,,linear
MI,2,37,11,0.5,1.025,0.138888888889,,linear
MI,2,37,12,0.885416666667,1.57916666667,0.0333198707593,,linear
MI,2,37,13,0.885416666667,1.66666666667,0.0244140625,,linear
MI,2,37,14,0.854166666667,1.61666666667,0.0338375796178,,linear
MI,2,37,15,0.958333333333,1.78333333333,0.0112275449102,,linear
MI,2,37,16,1,1.9,0,,linear
MI,2,37,17,1,1.9,0,,linear
MI,2,37,18,1,1.9,0,,linear
MI,2,37,19,0.875,1.55,0.0367647058824,,linear
MI,2,37,20,0.5,0.95,0.160256410256,,linear
MI,2,38,1,0.9375,1.8,0.0167410714286,,linear
MI,2,38,2,1,1.9,0,,linear
MI,2,38,3,1,1.9,0,,linear
MI,2,38,4,1,1.9,0,,linear
MI,2,38,5,1,1.9,0,,linear
MI,2,38,6,1,1.9,0,,linear
MI,2,38,7,1,1.9,0,,linear
MI,2,38,8,1,1.9,0,,linear
MI,2,38,9,1,1.9,0,,linear
MI,2,38,10,1,1.9,0,,linear
MI,2,38,11,1,1.9,0,,linear
MI,2,38,12,1,1.9,0,,linear
MI,2,38,13,1,1.9,0,,linear
MI,2,38,14,1,1.9,0,,linear
MI,2,38,15,1,1.9,0,,linear
MI,2,38,16,1,1.9,0,,linear
MI,2,38,17,1,1.9,0,,linear
MI,2,38,18,0.979166666667,1.84166666667,0.00549853372434,,linear
MI,2,38,19,0.833333333333,1.63333333333,0.0474683544304,,linear
MI,2,38,20,0.604166666667,1.24166666667,0.127788104089,,linear
MI,2,39,1,0.979166666667,1.84166666667,0.00549853372434,,linear
MI,2,39,2,1,1.9,0,,linear
MI,2,39,3,1,1.9,0,,linear
MI,2,39,4,1,1.9,0,,linear
MI,2,39,5,1,1.9,0,,linear
MI,2,39,6,0.979166666667,1.84166666667,0.00549853372434,,linear
MI,2,39,7,0.989583333333,1.87083333333,0.00272133526851,,linear
MI,2,39,8,0.989583333333,1.88333333333,0.00270953757225,,linear
MI,2,39,9,0.864583333333,1.65833333333,0.0342868338558,,linear
MI,2,39,10,0.760416666667,1.50416666667,0.0551164725458,,linear
MI,2,39,11,0.677083333333,1.33333333333,0.0569196428571,,linear
MI,2,39,12,0.75,1.45,0.0680272108844,,linear
MI,2,39,13,0.760416666667,1.49166666667,0.0679347826087,,linear
MI,2,39,14,0.75,1.475,0.0547138047138,,linear
MI,2,39,15,0.697916666667,1.39166666667,0.0620644599303,,linear
MI,2,39,16,0.635416666667,1.27916666667,0.092550274223,,linear
MI,2,39,17,0.572916666667,1.16666666667,0.102163461538,,linear
MI,2,39,18,0.416666666667,0.916666666667,0.130434782609,,linear
MI,2,39,19,0.40625,0.825,0.132705479452,,linear
MI,2,39,20,0.385416666667,0.766666666667,0.128242924528,,linear
MI,2,40,1,0.770833333333,1.45833333333,0.0572033898305,,linear
MI,2,40,2,0.916666666667,1.74166666667,0.0189969604863,,linear
MI,2,40,3,1,1.9,0,,linear
MI,2,40,4,1,1.9,0,,linear
MI,2,40,5,1,1.9,0,,linear
MI,2,40,6,1,1.9,0,,linear
MI,2,40,7,1,1.9,0,,linear
MI,2,40,8,1,1.9,0,,linear
MI,2,40,9,1,1.9,0,,linear
MI,2,40,10,1,1.9,0,,linear
MI,2,40,11,1,1.9,0,,linear
MI,2,40,12,0.979166666667,1.84166666667,0.00549853372434,,linear
MI,2,40,13,1,1.9,0,,linear
MI,2,40,14,1,1.9,0,,linear
MI,2,40,15,1,1.9,0,,linear
MI,2,40,16,1,1.9,0,,linear
MI,2,40,17,1,1.9,0,,linear
MI,2,40,18,1,1.9,0,,linear
MI,2,40,19,1,1.9,0,,linear
MI,2,40,20,0.625,1.3,0.122282608696,,linear
MI,2,41,1,0.677083333333,1.35833333333,0.0695671378092,,linear
MI,2,41,2,0.510416666667,1.00416666667,0.0844594594595,,linear
MI,2,41,3,0.697916666667,1.30416666667,0.0734629294756,,linear
MI,2,41,4,0.75,1.45,0.0637755102041,,linear
MI,2,41,5,0.84375,1.6,0.0330528846154,,linear
MI,2,41,6,0.895833333333,1.68333333333,0.0174689440994,,linear
MI,2,41,7,0.854166666667,1.62916666667,0.033676703645,,linear
MI,2,41,8,0.697916666667,1.39166666667,0.0620644599303,,linear
MI,2,41,9,0.677083333333,1.33333333333,0.0569196428571,,linear
MI,2,41,10,0.583333333333,1.18333333333,0.081106870229,,linear
MI,2,41,11,0.208333333333,0.583333333333,0.223684210526,,linear
MI,2,41,12,0.3125,0.75,0.1875,,linear
MI,2,41,13,0.46875,1,0.14453125,,linear
MI,2,41,14,0.520833333333,1.10833333333,0.12104743083,,linear
MI,2,41,15,0.697916666667,1.39166666667,0.0729529616725,,linear
MI,2,41,16,0.729166666667,1.29166666667,0.0340909090909,,linear
MI,2,41,17,0.3125,0.625,0.169871794872,,linear
MI,2,41,18,0.229166666667,0.491666666667,0.199022346369,,linear
MI,2,41,19,0.364583333333,0.645833333333,0.150316455696,,linear
MI,2,41,20,0.3125,0.5,0.15625,,linear
MI,2,42,1,0.770833333333,1.53333333333,0.0472861842105,,linear
MI,2,42,2,0.895833333333,1.73333333333,0.0285823170732,,linear
MI,2,42,3,0.760416666667,1.51666666667,0.0527731788079,,linear
MI,2,42,4,0.6875,1.325,0.0560035842294,,linear
MI,2,42,5,0.708333333333,1.35833333333,0.041961130742,,linear
MI,2,42,6,0.760416666667,1.49166666667,0.0428511705686,,linear
MI,2,42,7,0.4375,0.85,0.149211711712,,linear
MI,2,42,8,0.416666666667,0.816666666667,0.149082568807,,linear
MI,2,42,9,0.458333333333,0.958333333333,0.143617021277,,linear
MI,2,42,10,0.5,1.1,0.143849206349,,linear
MI,2,42,11,0.729166666667,1.41666666667,0.0538793103448,,linear
MI,2,42,12,0.666666666667,1.31666666667,0.0629496402878,,linear
MI,2,42,13,0.34375,0.625,0.136217948718,,linear
MI,2,42,14,0.260416666667,0.429166666667,0.129373177843,,linear
MI,2,42,15,0.25,0.4375,0.148550724638,,linear
MI,2,42,16,0.385416666667,0.766666666667,0.151827830189,,linear
MI,2,42,17,0.5,1.1,0.143849206349,,linear
MI,2,42,18,0.84375,1.65,0.0442216981132,,linear
MI,2,42,19,0.6875,1.4,0.0672743055556,,linear
MI,2,42,20,0.666666666667,1.36666666667,0.0704225352113,,linear
MI,2,43,1,0.4375,0.95,0.130876068376,,linear
MI,2,43,2,0.458333333333,0.983333333333,0.141806722689,,linear
MI,2,43,3,0.5,1.05,0.116869918699,,linear
MI,2,43,4,0.520833333333,1.03333333333,0.0845286885246,,linear
MI,2,43,5,0.427083333333,0.883333333333,0.128595132743,,linear
MI,2,43,6,0.541666666667,1.06666666667,0.070564516129,,linear
MI,2,43,7,0.5,1.05,0.116869918699,,linear
MI,2,43,8,0.572916666667,1.16666666667,0.0901442307692,,linear
MI,2,43,9,0.572916666667,1.16666666667,0.0901442307692,,linear
MI,2,43,10,0.5,1.025,0.108024691358,,linear
MI,2,43,11,0.635416666667,1.16666666667,0.0877403846154,,linear
MI,2,43,12,0.520833333333,1.08333333333,0.1125,,linear
MI,2,43,13,0.34375,0.7,0.133272058824,,linear
MI,2,43,14,0.354166666667,0.766666666667,0.138561320755,,linear
MI,2,43,15,0.354166666667,0.766666666667,0.138561320755,,linear
MI,2,43,16,0.333333333333,0.733333333333,0.144230769231,,linear
MI,2,43,17,0.333333333333,0.733333333333,0.144230769231,,linear
MI,2,43,18,0.25,0.5,0.152777777778,,linear
MI,2,43,19,0.104166666667,0.216666666667,0.218321917808,,linear
MI,2,43,20,0.239583333333,0.533333333333,0.188519021739,,linear
MI,2,44,1,0.677083333333,1.38333333333,0.101617132867,,linear
MI,2,44,2,0.71875,1.4375,0.0844017094017,,linear
MI,2,44,3,0.708333333333,1.40833333333,0.0865051903114,,linear
MI,2,44,4,0.322916666667,0.779166666667,0.191744730679,,linear
MI,2,44,5,0.6875,1.35,0.0908687943262,,linear
MI,2,44,6,0.677083333333,1.32083333333,0.0931328545781,,linear
MI,2,44,7,0.291666666667,0.691666666667,0.197044334975,,linear
MI,2,44,8,0.489583333333,0.995833333333,0.113517745303,,linear
MI,2,44,9,0.53125,1.05,0.102896341463,,linear
MI,2,44,10,0.447916666667,0.879166666667,0.109478935698,,linear
MI,2,44,11,0.385416666667,0.766666666667,0.122346698113,,linear
MI,2,44,12,0.239583333333,0.420833333333,0.115469208211,,linear
MI,2,44,13,0.333333333333,0.683333333333,0.142326732673,,linear
MI,2,44,14,0.458333333333,1.03333333333,0.133196721311,,linear
MI,2,44,15,0.5625,1.2,0.111268939394,,linear
MI,2,44,16,0.729166666667,1.46666666667,0.082347972973,,linear
MI,2,44,17,0.5625,1.2,0.111268939394,,linear
MI,2,44,18,0.541666666667,1.16666666667,0.115384615385,,linear
MI,2,44,19,0.458333333333,1.03333333333,0.146004098361,,linear
MI,2,44,20,0.28125,0.6,0.1904296875,,linear
MI,2,45,1,0.75,1.4,0.0607638888889,,linear
MI,2,45,2,0.78125,1.5125,0.0570066334992,,linear
MI,2,45,3,0.791666666667,1.54166666667,0.0573770491803,,linear
MI,2,45,4,0.791666666667,1.54166666667,0.0573770491803,,linear
MI,2,45,5,0.791666666667,1.54166666667,0.0573770491803,,linear
MI,2,45,6,0.71875,1.425,0.0655068728522,,linear
MI,2,45,7,0.59375,1.2125,0.0835687382298,,linear
MI,2,45,8,0.71875,1.375,0.0690789473684,,linear
MI,2,45,9,0.947916666667,1.75416666667,0.0141830559758,,linear
MI,2,45,10,0.979166666667,1.84166666667,0.00549853372434,,linear
MI,2,45,11,0.979166666667,1.84166666667,0.00549853372434,,linear
MI,2,45,12,1,1.9,0,,linear
MI,2,45,13,1,1.9,0,,linear
MI,2,45,14,1,1.9,0,,linear
MI,2,45,15,1,1.9,0,,linear
MI,2,45,16,1,1.9,0,,linear
MI,2,45,17,0.947916666667,1.75416666667,0.0141830559758,,linear
MI,2,45,18,0.770833333333,1.50833333333,0.0643687707641,,linear
MI,2,45,19,0.28125,0.6625,0.192669172932,,linear
MI,2,45,20,0.447916666667,0.804166666667,0.165993071594,,linear
MI,2,46,1,0.5625,1.2,0.134943181818,,linear
MI,2,46,2,0.75,1.4625,0.0697969543147,,linear
MI,2,46,3,0.75,1.475,0.0547138047138,,linear
MI,2,46,4,0.541666666667,1.16666666667,0.139423076923,,linear
MI,2,46,5,0.364583333333,0.833333333333,0.177556818182,,linear
MI,2,46,6,0.291666666667,0.754166666667,0.20486935867,,linear
MI,2,46,7,0.208333333333,0.483333333333,0.207162921348,,linear
MI,2,46,8,0.291666666667,0.591666666667,0.166884816754,,linear
MI,2,46,9,0.354166666667,0.679166666667,0.120967741935,,linear
MI,2,46,10,0.291666666667,0.566666666667,0.132978723404,,linear
MI,2,46,11,0.375,0.6,0.17578125,,linear
MI,2,46,12,0.510416666667,0.891666666667,0.128028634361,,linear
MI,2,46,13,0.583333333333,1.08333333333,0.115,,linear
MI,2,46,14,0.625,1.15,0.0968992248062,,linear
MI,2,46,15,0.21875,0.425,0.15533625731,,linear
MI,2,46,16,0.1875,0.525,0.235655737705,,linear
MI,2,46,17,0.229166666667,0.516666666667,0.209478021978,,linear
MI,2,46,18,0.0208333333333,0.0333333333333,0.23689516129,,linear
MI,2,46,19,0,0,0.25,,linear
MI,2,46,20,0.135416666667,0.229166666667,0.184322033898,,linear
MI,2,47,1,0.197916666667,0.479166666667,0.223591549296,,linear
MI,2,47,2,0.270833333333,0.608333333333,0.197538860104,,linear
MI,2,47,3,0.25,0.5875,0.196850393701,,linear
MI,2,47,4,0.260416666667,0.616666666667,0.194909793814,,linear
MI,2,47,5,0.333333333333,0.745833333333,0.173031026253,,linear
MI,2,47,6,0.28125,0.675,0.200559701493,,linear
MI,2,47,7,0.3125,0.725,0.18115942029,,linear
MI,2,47,8,0.1875,0.375,0.181818181818,,linear
MI,2,47,9,0.28125,0.675,0.19434079602,,linear
MI,2,47,10,0.260416666667,0.616666666667,0.188466494845,,linear
MI,2,47,11,0.479166666667,0.966666666667,0.103283898305,,linear
MI,2,47,12,0.458333333333,0.945833333333,0.115096359743,,linear
MI,2,47,13,0.5,1.025,0.108024691358,,linear
MI,2,47,14,0.510416666667,1.06666666667,0.104586693548,,linear
MI,2,47,15,0.385416666667,0.879166666667,0.17322616408,,linear
MI,2,47,16,0.4375,1,0.15625,,linear
MI,2,47,17,0.4375,1,0.1484375,,linear
MI,2,47,18,0.552083333333,1.18333333333,0.115696564885,,linear
MI,2,47,19,0.458333333333,1.03333333333,0.15881147541,,linear
MI,2,47,20,0.625,1.15,0.101744186047,,linear
MI,2,48,1,0.53125,1.15,0.117490310078,,linear
MI,2,48,2,0.46875,1.05,0.138465447154,,linear
MI,2,48,3,0.4375,1,0.153645833333,,linear
MI,2,48,4,0.46875,1.05,0.138465447154,,linear
MI,2,48,5,0.4375,1,0.1484375,,linear
MI,2,48,6,0.322916666667,0.816666666667,0.196387614679,,linear
MI,2,48,7,0.302083333333,0.783333333333,0.202978971963,,linear
MI,2,48,8,0,0,0.25,,linear
MI,2,48,9,0.0104166666667,0.0166666666667,0.243340163934,,linear
MI,2,48,10,0.03125,0.075,0.244670542636,,linear
MI,2,48,11,0.15625,0.4,0.239955357143,,linear
MI,2,48,12,0.333333333333,0.833333333333,0.1875,,linear
MI,2,48,13,0.40625,0.875,0.1375,,linear
MI,2,48,14,0.479166666667,1.06666666667,0.128528225806,,linear
MI,2,48,15,0.510416666667,1.11666666667,0.121801181102,,linear
MI,2,48,16,0.520833333333,1.13333333333,0.1171875,,linear
MI,2,48,17,0.572916666667,1.21666666667,0.106907894737,,linear
MI,2,48,18,0.552083333333,1.18333333333,0.110925572519,,linear
MI,2,48,19,0.479166666667,1.06666666667,0.126008064516,,linear
MI,2,48,20,0.479166666667,1.06666666667,0.126008064516,,linear
MI,2,49,1,0.625,1.3,0.0951086956522,,linear
MI,2,49,2,0.6875,1.4,0.0716145833333,,linear
MI,2,49,3,0.78125,1.5375,0.0482348111658,,linear
MI,2,49,4,0.916666666667,1.76666666667,0.0225903614458,,linear
MI,2,49,5,1,1.9,0,,linear
MI,2,49,6,1,1.9,0,,linear
MI,2,49,7,1,1.9,0,,linear
MI,2,49,8,1,1.9,0,,linear
MI,2,49,9,0.625,1.3,0.122282608696,,linear
MI,2,49,10,0.833333333333,1.63333333333,0.0474683544304,,linear
MI,2,49,11,0.979166666667,1.84166666667,0.00549853372434,,linear
MI,2,49,12,0.9375,1.8,0.0167410714286,,linear
MI,2,49,13,0.854166666667,1.49166666667,0.0397157190635,,linear
MI,2,49,14,0.5,0.95,0.160256410256,,linear
MI,2,49,15,0.8125,1.525,0.0433168316832,,linear
MI,2,49,16,1,1.9,0,,linear
MI,2,49,17,1,1.9,0,,linear
MI,2,49,18,1,1.9,0,,linear
MI,2,49,19,0.625,1.3,0.122282608696,,linear
MI,2,49,20,0.3125,0.65,0.160984848485,,linear
MI,2,50,1,0.697916666667,1.26666666667,0.0677849264706,,linear
MI,2,50,2,0.875,1.5625,0.0345528455285,,linear
MI,2,50,3,0.9375,1.8,0.0167410714286,,linear
MI,2,50,4,0.979166666667,1.86666666667,0.00545058139535,,linear
MI,2,50,5,0.989583333333,1.87083333333,0.00272133526851,,linear
MI,2,50,6,0.885416666667,1.66666666667,0.0205078125,,linear
MI,2,50,7,0.854166666667,1.59166666667,0.0200964630225,,linear
MI,2,50,8,0.9375,1.7375,0.0152207001522,,linear
MI,2,50,9,0.864583333333,1.68333333333,0.0262034161491,,linear
MI,2,50,10,0.9375,1.7375,0.0152207001522,,linear
MI,2,50,11,0.875,1.6375,0.0256714060032,,linear
MI,2,50,12,0.885416666667,1.64166666667,0.0226735015773,,linear
MI,2,50,13,0.78125,1.475,0.0263047138047,,linear
MI,2,50,14,0.864583333333,1.63333333333,0.0227452531646,,linear
MI,2,50,15,0.90625,1.7125,0.0201612903226,,linear
MI,2,50,16,0.84375,1.5875,0.0191223832528,,linear
MI,2,50,17,0.9375,1.725,0.0172018348624,,linear
MI,2,50,18,0.864583333333,1.59583333333,0.0270866773676,,linear
MI,2,50,19,0.854166666667,1.56666666667,0.0304383116883,,linear
MI,2,50,20,0.645833333333,1.24583333333,0.0974025974026,,linear
MI,2,51,1,0.833333333333,1.58333333333,0.0403225806452,,linear
MI,2,51,2,0.75,1.5,0.05,,linear
MI,2,51,3,0.729166666667,1.46666666667,0.0570101351351,,linear
MI,2,51,4,0.75,1.5,0.05,,linear
MI,2,51,5,0.697916666667,1.34166666667,0.0455960854093,,linear
MI,2,51,6,0.729166666667,1.46666666667,0.082347972973,,linear
MI,2,51,7,1,1.9,0,,linear
MI,2,51,8,1,1.9,0,,linear
MI,2,51,9,1,1.9,0,,linear
MI,2,51,10,1,1.9,0,,linear
MI,2,51,11,1,1.9,0,,linear
MI,2,51,12,1,1.9,0,,linear
MI,2,51,13,1,1.9,0,,linear
MI,2,51,14,1,1.9,0,,linear
MI,2,51,15,1,1.9,0,,linear
MI,2,51,16,1,1.9,0,,linear
MI,2,51,17,1,1.9,0,,linear
MI,2,51,18,1,1.9,0,,linear
MI,2,51,19,1,1.9,0,,linear
MI,2,51,20,1,1.9,0,,linear
MI,2,52,1,0.322916666667,0.754166666667,0.185570071259,,linear
MI,2,52,2,0.34375,0.7625,0.172872340426,,linear
MI,2,52,3,0.3125,0.675,0.167910447761,,linear
MI,2,52,4,0.416666666667,0.866666666667,0.147879464286,,linear
MI,2,52,5,0.510416666667,0.979166666667,0.143421052632,,linear
MI,2,52,6,0.166666666667,0.466666666667,0.230823863636,,linear
MI,2,52,7,0.239583333333,0.520833333333,0.186643835616,,linear
MI,2,52,8,0.197916666667,0.479166666667,0.205985915493,,linear
MI,2,52,9,0.5,0.95,0.146901709402,,linear
MI,2,52,10,0.604166666667,1.09166666667,0.0946215139442,,linear
MI,2,52,11,0.739583333333,1.37083333333,0.0538224956063,,linear
MI,2,52,12,0.760416666667,1.42916666667,0.0525300171527,,linear
MI,2,52,13,0.739583333333,1.37083333333,0.0560193321617,,linear
MI,2,52,14,0.739583333333,1.37083333333,0.0538224956063,,linear
MI,2,52,15,0.729166666667,1.34166666667,0.0578291814947,,linear
MI,2,52,16,0.739583333333,1.37083333333,0.0538224956063,,linear
MI,2,52,17,0.697916666667,1.25416666667,0.0589186691312,,linear
MI,2,52,18,0.291666666667,0.566666666667,0.16289893617,,linear
MI,2,52,19,0.0520833333333,0.145833333333,0.252272727273,,linear
MI,2,52,20,0.135416666667,0.304166666667,0.217651757188,,linear
MI,2,53,1,0.614583333333,1.28333333333,0.101505474453,,linear
MI,2,53,2,0.354166666667,0.716666666667,0.136529126214,,linear
MI,2,53,3,0.4375,1,0.143229166667,,linear
MI,2,53,4,0.395833333333,0.720833333333,0.108958837772,,linear
MI,2,53,5,0.21875,0.5125,0.215220385675,,linear
MI,2,53,6,0.21875,0.4125,0.145648967552,,linear
MI,2,53,7,0.3125,0.725,0.178140096618,,linear
MI,2,53,8,0.104166666667,0.241666666667,0.230704697987,,linear
MI,2,53,9,0.0416666666667,0.0666666666667,0.224609375,,linear
MI,2,53,10,0.21875,0.5625,0.221666666667,,linear
MI,2,53,11,0.333333333333,0.758333333333,0.165876777251,,linear
MI,2,53,12,0.291666666667,0.679166666667,0.179900744417,,linear
MI,2,53,13,0.208333333333,0.433333333333,0.167151162791,,linear
MI,2,53,14,0.197916666667,0.404166666667,0.165059347181,,linear
MI,2,53,15,0.229166666667,0.441666666667,0.14450867052,,linear
MI,2,53,16,0.28125,0.5375,0.127032520325,,linear
MI,2,53,17,0.21875,0.4375,0.175724637681,,linear
MI,2,53,18,0.125,0.3,0.224358974359,,linear
MI,2,53,19,0.0833333333333,0.145833333333,0.195454545455,,linear
MI,2,53,20,0.0520833333333,0.0958333333333,0.216254752852,,linear
MI,2,54,1,0.604166666667,1.21666666667,0.124530075188,,linear
MI,2,54,2,0.614583333333,1.20833333333,0.114386792453,,linear
MI,2,54,3,0.416666666667,0.804166666667,0.127020785219,,linear
MI,2,54,4,0.427083333333,0.745833333333,0.168556085919,,linear
MI,2,54,5,0.489583333333,1.05833333333,0.148026315789,,linear
MI,2,54,6,0.645833333333,1.18333333333,0.0548664122137,,linear
MI,2,54,7,0.572916666667,1.04166666667,0.0395408163265,,linear
MI,2,54,8,0.260416666667,0.429166666667,0.13666180758,,linear
MI,2,54,9,0.28125,0.6,0.1806640625,,linear
MI,2,54,10,0.364583333333,0.645833333333,0.150316455696,,linear
MI,2,54,11,0.489583333333,0.870833333333,0.0876948775056,,linear
MI,2,54,12,0.322916666667,0.654166666667,0.165302267003,,linear
MI,2,54,13,0.34375,0.65,0.134154040404,,linear
MI,2,54,14,0.333333333333,0.558333333333,0.0868983957219,,linear
MI,2,54,15,0.520833333333,0.945833333333,0.136509635974,,linear
MI,2,54,16,0.229166666667,0.466666666667,0.163352272727,,linear
MI,2,54,17,0.489583333333,0.808333333333,0.0676843317972,,linear
MI,2,54,18,0.125,0.325,0.243710691824,,linear
MI,2,54,19,0.0625,0.125,0.226851851852,,linear
MI,2,54,20,0.104166666667,0.229166666667,0.224576271186,,linear
FE,1,1,1,0.583333333333,0.25,0.0458333333333,1,threshold
FE,1,1,2,0.53125,0.302083333333,0.018,1,threshold
FE,1,1,3,0.489583333333,-0.489583333333,0.015306122449,0,threshold
FE,1,1,4,0.53125,0.302083333333,0.014,1,threshold
FE,1,1,5,0.510416666667,0.322916666667,0.00590551181102,1,threshold
FE,1,1,6,0.479166666667,-0.479166666667,0.03,0,threshold
FE,1,1,7,0.5,0.333333333333,0.01171875,1,threshold
FE,1,1,8,0.479166666667,-0.479166666667,0.03,0,threshold
FE,1,1,9,0.5,0.333333333333,0.01171875,1,threshold
FE,1,1,10,0.489583333333,-0.489583333333,0.0459183673469,0,threshold
FE,1,1,11,0.541666666667,0.291666666667,0.0282258064516,1,threshold
FE,1,1,12,0.510416666667,0.322916666667,0.00590551181102,1,threshold
FE,1,1,13,0.520833333333,0.3125,0.00793650793651,1,threshold
FE,1,1,14,0.510416666667,0.322916666667,0.00590551181102,1,threshold
FE,1,1,15,0.5,0.333333333333,0.01171875,1,threshold
FE,1,1,16,0.46875,-0.46875,0.0343137254902,0,threshold
FE,1,1,17,0.479166666667,-0.479166666667,0.03,0,threshold
FE,1,1,18,0.385416666667,-0.385416666667,0.173728813559,0,threshold
FE,1,1,19,0.4375,-0.4375,0.268518518519,0,threshold
FE,1,1,20,0.197916666667,-0.197916666667,0.185064935065,0,threshold
FE,1,2,1,0.520833333333,0.3125,0.0119047619048,1,threshold
FE,1,2,2,0.510416666667,0.322916666667,0.00590551181102,1,threshold
FE,1,2,3,0.5,0.333333333333,0,1,threshold
FE,1,2,4,0.5,0.333333333333,0,1,threshold
FE,1,2,5,0.5,0.333333333333,0,1,threshold
FE,1,2,6,0.5,0.333333333333,0,1,threshold
FE,1,2,7,0.5,0.333333333333,0,1,threshold
FE,1,2,8,0.5,0.333333333333,0,1,threshold
FE,1,2,9,0.5,0.333333333333,0,1,threshold
FE,1,2,10,0.5,0.333333333333,0,1,threshold
FE,1,2,11,0.5,0.333333333333,0,1,threshold
FE,1,2,12,0.5,0.333333333333,0,1,threshold
FE,1,2,13,0.5,0.333333333333,0,1,threshold
FE,1,2,14,0.5,0.333333333333,0,1,threshold
FE,1,2,15,0.5,0.333333333333,0,1,threshold
FE,1,2,16,0.5,0.333333333333,0,1,threshold
FE,1,2,17,0.5,0.333333333333,0,1,threshold
FE,1,2,18,0.5,0.333333333333,0,1,threshold
FE,1,2,19,0.5,0.333333333333,0,1,threshold
FE,1,2,20,0.5,0.333333333333,0,1,threshold
FE,1,3,1,0.583333333333,0.25,0.1,1,threshold
FE,1,3,2,0.552083333333,0.28125,0.111788617886,1,threshold
FE,1,3,3,0.552083333333,0.28125,0.107723577236,1,threshold
FE,1,3,4,0.53125,0.302083333333,0.11,1,threshold
FE,1,3,5,0.520833333333,0.3125,0.107142857143,1,threshold
FE,1,3,6,0.25,-0.25,0.118055555556,0,threshold
FE,1,3,7,0.354166666667,-0.354166666667,0.153225806452,0,threshold
FE,1,3,8,0.260416666667,-0.260416666667,0.179577464789,0,threshold
FE,1,3,9,0.385416666667,-0.385416666667,0.351694915254,0,threshold
FE,1,3,10,0.520833333333,0.3125,0.130952380952,1,threshold
FE,1,3,11,0.541666666667,0.291666666667,0.120967741935,1,threshold
FE,1,3,12,0.489583333333,-0.489583333333,0.341836734694,0,threshold
FE,1,3,13,0.395833333333,-0.395833333333,0.336206896552,0,threshold
FE,1,3,14,0.416666666667,-0.416666666667,0.357142857143,0,threshold
FE,1,3,15,0.416666666667,-0.416666666667,0.357142857143,0,threshold
FE,1,3,16,0.583333333333,0.25,0.166666666667,1,threshold
FE,1,3,17,0.604166666667,0.229166666667,0.10593220339,1,threshold
FE,1,3,18,0.5625,0.270833333333,0.110655737705,1,threshold
FE,1,3,19,0.552083333333,0.28125,0.115853658537,1,threshold
FE,1,3,20,0.520833333333,0.3125,0.123015873016,1,threshold
FE,1,4,1,0.5,0.333333333333,0,1,threshold
FE,1,4,2,0.5,0.333333333333,0,1,threshold
FE,1,4,3,0.5,0.333333333333,0,1,threshold
FE,1,4,4,0.5,0.333333333333,0,1,threshold
FE,1,4,5,0.5,0.333333333333,0,1,threshold
FE,1,4,6,0.5,0.333333333333,0,1,threshold
FE,1,4,7,0.5,0.333333333333,0,1,threshold
FE,1,4,8,0.5,0.333333333333,0,1,threshold
FE,1,4,9,0.5,0.333333333333,0,1,threshold
FE,1,4,10,0.5,0.333333333333,0,1,threshold
FE,1,4,11,0.5,0.333333333333,0,1,threshold
FE,1,4,12,0.5,0.333333333333,0,1,threshold
FE,1,4,13,0.5,0.333333333333,0,1,threshold
FE,1,4,14,0.5,0.333333333333,0,1,threshold
FE,1,4,15,0.5,0.333333333333,0,1,threshold
FE,1,4,16,0.5,0.333333333333,0,1,threshold
FE,1,4,17,0.5,0.333333333333,0,1,threshold
FE,1,4,18,0.5,0.333333333333,0,1,threshold
FE,1,4,19,0.5,0.333333333333,0,1,threshold
FE,1,4,20,0.5,0.333333333333,0,1,threshold
FE,1,5,1,0.260416666667,-0.260416666667,0.165492957746,0,threshold
FE,1,5,2,0.416666666667,-0.416666666667,0.107142857143,0,threshold
FE,1,5,3,0.40625,-0.40625,0.197368421053,0,threshold
FE,1,5,4,0.645833333333,0.1875,0.0921052631579,1,threshold
FE,1,5,5,0.3125,-0.3125,0.159090909091,0,threshold
FE,1,5,6,0.229166666667,-0.229166666667,0.155405405405,0,threshold
FE,1,5,7,0.145833333333,-0.145833333333,0.115853658537,0,threshold
FE,1,5,8,0.166666666667,-0.166666666667,0.1,0,threshold
FE,1,5,9,0.125,-0.125,0.107142857143,0,threshold
FE,1,5,10,0.03125,-0.03125,0.0241935483871,0,threshold
FE,1,5,11,0.0208333333333,-0.0208333333333,0.0159574468085,0,threshold
FE,1,5,12,0,0,0,0,threshold
FE,1,5,13,0,0,0,0,threshold
FE,1,5,14,0,0,0,0,threshold
FE,1,5,15,0.0104166666667,-0.0104166666667,0.00789473684211,0,threshold
FE,1,5,16,0,0,0,0,threshold
FE,1,5,17,0,0,0,0,threshold
FE,1,5,18,0,0,0,0,threshold
FE,1,5,19,0,0,0,0,threshold
FE,1,5,20,0,0,0,0,threshold
FE,1,6,1,0.5,0.333333333333,0,1,threshold
FE,1,6,2,0.5,0.333333333333,0,1,threshold
FE,1,6,3,0.5,0.333333333333,0,1,threshold
FE,1,6,4,0.5,0.333333333333,0,1,threshold
FE,1,6,5,0.5,0.333333333333,0,1,threshold
FE,1,6,6,0.5,0.333333333333,0,1,threshold
FE,1,6,7,0.5,0.333333333333,0,1,threshold
FE,1,6,8,0.5,0.333333333333,0,1,threshold
FE,1,6,9,0.5,0.333333333333,0,1,threshold
FE,1,6,10,0.5,0.333333333333,0,1,threshold
FE,1,6,11,0.5,0.333333333333,0,1,threshold
FE,1,6,12,0.5,0.333333333333,0,1,threshold
FE,1,6,13,0.5,0.333333333333,0,1,threshold
FE,1,6,14,0.5,0.333333333333,0,1,threshold
FE,1,6,15,0.5,0.333333333333,0,1,threshold
FE,1,6,16,0.5,0.333333333333,0,1,threshold
FE,1,6,17,0.5,0.333333333333,0,1,threshold
FE,1,6,18,0.5,0.333333333333,0,1,threshold
FE,1,6,19,0.5,0.333333333333,0,1,threshold
FE,1,6,20,0.5,0.333333333333,0,1,threshold
FE,1,7,1,0.5,0.333333333333,0,1,threshold
FE,1,7,2,0.5,0.333333333333,0,1,threshold
FE,1,7,3,0.5,0.333333333333,0,1,threshold
FE,1,7,4,0.5,0.333333333333,0,1,threshold
FE,1,7,5,0.5,0.333333333333,0,1,threshold
FE,1,7,6,0.5,0.333333333333,0,1,threshold
FE,1,7,7,0.5,0.333333333333,0,1,threshold
FE,1,7,8,0.5,0.333333333333,0,1,threshold
FE,1,7,9,0.5,0.333333333333,0,1,threshold
FE,1,7,10,0.5,0.333333333333,0,1,threshold
FE,1,7,11,0.5,0.333333333333,0,1,threshold
FE,1,7,12,0.5,0.333333333333,0,1,threshold
FE,1,7,13,0.5,0.333333333333,0,1,threshold
FE,1,7,14,0.5,0.333333333333,0,1,threshold
FE,1,7,15,0.5,0.333333333333,0,1,threshold
FE,1,7,16,0.5,0.333333333333,0,1,threshold
FE,1,7,17,0.5,0.333333333333,0,1,threshold
FE,1,7,18,0.5,0.333333333333,0,1,threshold
FE,1,7,19,0.5,0.333333333333,0,1,threshold
FE,1,7,20,0.5,0.333333333333,0,1,threshold
FE,1,8,1,0.5,0.333333333333,0.0234375,1,threshold
FE,1,8,2,0.5,0.333333333333,0,1,threshold
FE,1,8,3,0.5,0.333333333333,0,1,threshold
FE,1,8,4,0.5,0.333333333333,0,1,threshold
FE,1,8,5,0.5,0.333333333333,0,1,threshold
FE,1,8,6,0.5,0.333333333333,0,1,threshold
FE,1,8,7,0.5,0.333333333333,0,1,threshold
FE,1,8,8,0.5,0.333333333333,0,1,threshold
FE,1,8,9,0.5,0.333333333333,0,1,threshold
FE,1,8,10,0.5,0.333333333333,0,1,threshold
FE,1,8,11,0.5,0.333333333333,0,1,threshold
FE,1,8,12,0.5,0.333333333333,0,1,threshold
FE,1,8,13,0.5,0.333333333333,0,1,threshold
FE,1,8,14,0.5,0.333333333333,0,1,threshold
FE,1,8,15,0.5,0.333333333333,0,1,threshold
FE,1,8,16,0.5,0.333333333333,0,1,threshold
FE,1,8,17,0.5,0.333333333333,0,1,threshold
FE,1,8,18,0.5,0.333333333333,0,1,threshold
FE,1,8,19,0.5,0.333333333333,0,1,threshold
FE,1,8,20,0.5,0.333333333333,0,1,threshold
FE,1,9,1,0.510416666667,0.322916666667,0.00590551181102,1,threshold
FE,1,9,2,0.5,0.333333333333,0,1,threshold
FE,1,9,3,0.5,0.333333333333,0,1,threshold
FE,1,9,4,0.510416666667,0.322916666667,0.00590551181102,1,threshold
FE,1,9,5,0.5,0.333333333333,0,1,threshold
FE,1,9,6,0.5,0.333333333333,0,1,threshold
FE,1,9,7,0.5,0.333333333333,0,1,threshold
FE,1,9,8,0.5,0.333333333333,0,1,threshold
FE,1,9,9,0.5,0.333333333333,0,1,threshold
FE,1,9,10,0.5,0.333333333333,0,1,threshold
FE,1,9,11,0.5,0.333333333333,0,1,threshold
FE,1,9,12,0.5,0.333333333333,0,1,threshold
FE,1,9,13,0.5,0.333333333333,0,1,threshold
FE,1,9,14,0.5,0.333333333333,0,1,threshold
FE,1,9,15,0.5,0.333333333333,0,1,threshold
FE,1,9,16,0.5,0.333333333333,0,1,threshold
FE,1,9,17,0.5,0.333333333333,0,1,threshold
FE,1,9,18,0.5,0.333333333333,0,1,threshold
FE,1,9,19,0.5,0.333333333333,0,1,threshold
FE,1,9,20,0.5,0.333333333333,0,1,threshold
FE,1,10,1,0.479166666667,-0.479166666667,0.03,0,threshold
FE,1,10,2,0.5,0.333333333333,0,1,threshold
FE,1,10,3,0.5,0.333333333333,0,1,threshold
FE,1,10,4,0.5,0.333333333333,0,1,threshold
FE,1,10,5,0.5,0.333333333333,0,1,threshold
FE,1,10,6,0.5,0.333333333333,0,1,threshold
FE,1,10,7,0.5,0.333333333333,0,1,threshold
FE,1,10,8,0.5,0.333333333333,0,1,threshold
FE,1,10,9,0.5,0.333333333333,0,1,threshold
FE,1,10,10,0.5,0.333333333333,0,1,threshold
FE,1,10,11,0.5,0.333333333333,0,1,threshold
FE,1,10,12,0.5,0.333333333333,0,1,threshold
FE,1,10,13,0.5,0.333333333333,0,1,threshold
FE,1,10,14,0.5,0.333333333333,0,1,threshold
FE,1,10,15,0.5,0.333333333333,0,1,threshold
FE,1,10,16,0.5,0.333333333333,0,1,threshold
FE,1,10,17,0.5,0.333333333333,0,1,threshold
FE,1,10,18,0.5,0.333333333333,0,1,threshold
FE,1,10,19,0.5,0.333333333333,0,1,threshold
FE,1,10,20,0.5,0.333333333333,0,1,threshold
FE,1,11,1,0.4375,-0.4375,0.0833333333333,0,threshold
FE,1,11,2,0.520833333333,0.3125,0.0119047619048,1,threshold
FE,1,11,3,0.5,0.333333333333,0,1,threshold
FE,1,11,4,0.5,0.333333333333,0,1,threshold
FE,1,11,5,0.5,0.333333333333,0,1,threshold
FE,1,11,6,0.5,0.333333333333,0,1,threshold
FE,1,11,7,0.5,0.333333333333,0,1,threshold
FE,1,11,8,0.5,0.333333333333,0,1,threshold
FE,1,11,9,0.5,0.333333333333,0,1,threshold
FE,1,11,10,0.5,0.333333333333,0,1,threshold
FE,1,11,11,0.5,0.333333333333,0,1,threshold
FE,1,11,12,0.479166666667,-0.479166666667,0.03,0,threshold
FE,1,11,13,0.5,0.333333333333,0,1,threshold
FE,1,11,14,0.5,0.333333333333,0,1,threshold
FE,1,11,15,0.5,0.333333333333,0,1,threshold
FE,1,11,16,0.5,0.333333333333,0,1,threshold
FE,1,11,17,0.5,0.333333333333,0,1,threshold
FE,1,11,18,0.5,0.333333333333,0,1,threshold
FE,1,11,19,0.5,0.333333333333,0,1,threshold
FE,1,11,20,0.5,0.333333333333,0,1,threshold
FE,1,12,1,0.479166666667,-0.479166666667,0.03,0,threshold
FE,1,12,2,0.5,0.333333333333,0,1,threshold
FE,1,12,3,0.5,0.333333333333,0,1,threshold
FE,1,12,4,0.5,0.333333333333,0,1,threshold
FE,1,12,5,0.5,0.333333333333,0,1,threshold
FE,1,12,6,0.5,0.333333333333,0,1,threshold
FE,1,12,7,0.5,0.333333333333,0,1,threshold
FE,1,12,8,0.5,0.333333333333,0,1,threshold
FE,1,12,9,0.5,0.333333333333,0,1,threshold
FE,1,12,10,0.5,0.333333333333,0,1,threshold
FE,1,12,11,0.5,0.333333333333,0,1,threshold
FE,1,12,12,0.5,0.333333333333,0,1,threshold
FE,1,12,13,0.5,0.333333333333,0,1,threshold
FE,1,12,14,0.5,0.333333333333,0,1,threshold
FE,1,12,15,0.5,0.333333333333,0,1,threshold
FE,1,12,16,0.5,0.333333333333,0,1,threshold
FE,1,12,17,0.5,0.333333333333,0,1,threshold
FE,1,12,18,0.5,0.333333333333,0,1,threshold
FE,1,12,19,0.5,0.333333333333,0,1,threshold
FE,1,12,20,0.5,0.333333333333,0,1,threshold
FE,1,13,1,0.552083333333,0.28125,0.0223577235772,1,threshold
FE,1,13,2,0.5625,0.270833333333,0.0245901639344,1,threshold
FE,1,13,3,0.510416666667,0.322916666667,0.00590551181102,1,threshold
FE,1,13,4,0.5,0.333333333333,0,1,threshold
FE,1,13,5,0.5,0.333333333333,0,1,threshold
FE,1,13,6,0.5,0.333333333333,0,1,threshold
FE,1,13,7,0.5,0.333333333333,0,1,threshold
FE,1,13,8,0.5,0.333333333333,0,1,threshold
FE,1,13,9,0.5,0.333333333333,0,1,threshold
FE,1,13,10,0.5,0.333333333333,0,1,threshold
FE,1,13,11,0.5,0.333333333333,0,1,threshold
FE,1,13,12,0.5,0.333333333333,0,1,threshold
FE,1,13,13,0.5,0.333333333333,0,1,threshold
FE,1,13,14,0.5,0.333333333333,0,1,threshold
FE,1,13,15,0.5,0.333333333333,0,1,threshold
FE,1,13,16,0.5,0.333333333333,0,1,threshold
FE,1,13,17,0.5,0.333333333333,0,1,threshold
FE,1,13,18,0.5,0.333333333333,0,1,threshold
FE,1,13,19,0.5,0.333333333333,0,1,threshold
FE,1,13,20,0.5,0.333333333333,0,1,threshold
FE,1,14,1,0.510416666667,0.322916666667,0.00590551181102,1,threshold
FE,1,14,2,0.5,0.333333333333,0,1,threshold
FE,1,14,3,0.5,0.333333333333,0,1,threshold
FE,1,14,4,0.5,0.333333333333,0,1,threshold
FE,1,14,5,0.5,0.333333333333,0,1,threshold
FE,1,14,6,0.5,0.333333333333,0,1,threshold
FE,1,14,7,0.510416666667,0.322916666667,0.00590551181102,1,threshold
FE,1,14,8,0.5,0.333333333333,0,1,threshold
FE,1,14,9,0.5,0.333333333333,0,1,threshold
FE,1,14,10,0.5,0.333333333333,0,1,threshold
FE,1,14,11,0.5,0.333333333333,0,1,threshold
FE,1,14,12,0.510416666667,0.322916666667,0.00590551181102,1,threshold
FE,1,14,13,0.5,0.333333333333,0,1,threshold
FE,1,14,14,0.5,0.333333333333,0,1,threshold
FE,1,14,15,0.5,0.333333333333,0,1,threshold
FE,1,14,16,0.5,0.333333333333,0,1,threshold
FE,1,14,17,0.5,0.333333333333,0,1,threshold
FE,1,14,18,0.5,0.333333333333,0,1,threshold
FE,1,14,19,0.5,0.333333333333,0,1,threshold
FE,1,14,20,0.5,0.333333333333,0,1,threshold
FE,1,15,1,0.5,0.333333333333,0,1,threshold
FE,1,15,2,0.5,0.333333333333,0,1,threshold
FE,1,15,3,0.5,0.333333333333,0,1,threshold
FE,1,15,4,0.5,0.333333333333,0,1,threshold
FE,1,15,5,0.5,0.333333333333,0,1,threshold
FE,1,15,6,0.5,0.333333333333,0,1,threshold
FE,1,15,7,0.5,0.333333333333,0,1,threshold
FE,1,15,8,0.5,0.333333333333,0,1,threshold
FE,1,15,9,0.5,0.333333333333,0,1,threshold
FE,1,15,10,0.5,0.333333333333,0,1,threshold
FE,1,15,11,0.5,0.333333333333,0,1,threshold
FE,1,15,12,0.5,0.333333333333,0,1,threshold
FE,1,15,13,0.5,0.333333333333,0,1,threshold
FE,1,15,14,0.5,0.333333333333,0,1,threshold
FE,1,15,15,0.5,0.333333333333,0,1,threshold
FE,1,15,16,0.5,0.333333333333,0,1,threshold
FE,1,15,17,0.5,0.333333333333,0,1,threshold
FE,1,15,18,0.5,0.333333333333,0,1,threshold
FE,1,15,19,0.5,0.333333333333,0,1,threshold
FE,1,15,20,0.5,0.333333333333,0,1,threshold
FE,1,16,1,0.520833333333,0.3125,0.0357142857143,1,threshold
FE,1,16,2,0.479166666667,-0.479166666667,0.03,0,threshold
FE,1,16,3,0.520833333333,0.3125,0.0119047619048,1,threshold
FE,1,16,4,0.520833333333,0.3125,0.0119047619048,1,threshold
FE,1,16,5,0.53125,0.302083333333,0.014,1,threshold
FE,1,16,6,0.53125,0.302083333333,0.014,1,threshold
FE,1,16,7,0.510416666667,0.322916666667,0.00590551181102,1,threshold
FE,1,16,8,0.53125,0.302083333333,0.014,1,threshold
FE,1,16,9,0.5625,0.270833333333,0.0204918032787,1,threshold
FE,1,16,10,0.53125,0.302083333333,0.014,1,threshold
FE,1,16,11,0.520833333333,0.3125,0.00793650793651,1,threshold
FE,1,16,12,0.520833333333,0.3125,0.00793650793651,1,threshold
FE,1,16,13,0.541666666667,0.291666666667,0.0201612903226,1,threshold
FE,1,16,14,0.510416666667,0.322916666667,0.00590551181102,1,threshold
FE,1,16,15,0.489583333333,-0.489583333333,0.0459183673469,0,threshold
FE,1,16,16,0.489583333333,-0.489583333333,0.0459183673469,0,threshold
FE,1,16,17,0.53125,0.302083333333,0.014,1,threshold
FE,1,16,18,0.520833333333,0.3125,0.0119047619048,1,threshold
FE,1,16,19,0.395833333333,-0.395833333333,0.181034482759,0,threshold
FE,1,16,20,0.395833333333,-0.395833333333,0.181034482759,0,threshold
FE,1,17,1,0.5,0.333333333333,0.140625,1,threshold
FE,1,17,2,0.458333333333,-0.458333333333,0.288461538462,0,threshold
FE,1,17,3,0.166666666667,-0.166666666667,0.125,0,threshold
FE,1,17,4,0.291666666667,-0.291666666667,0.25,0,threshold
FE,1,17,5,0.0625,-0.0625,0.0388888888889,0,threshold
FE,1,17,6,0.208333333333,-0.208333333333,0.197368421053,0,threshold
FE,1,17,7,0.229166666667,-0.229166666667,0.195945945946,0,threshold
FE,1,17,8,0.333333333333,-0.333333333333,0.28125,0,threshold
FE,1,17,9,0.291666666667,-0.291666666667,0.279411764706,0,threshold
FE,1,17,10,0.395833333333,-0.395833333333,0.336206896552,0,threshold
FE,1,17,11,0.0416666666667,-0.0416666666667,0.0326086956522,0,threshold
FE,1,17,12,0.208333333333,-0.208333333333,0.197368421053,0,threshold
FE,1,17,13,0.0416666666667,-0.0416666666667,0.0326086956522,0,threshold
FE,1,17,14,0.208333333333,-0.208333333333,0.197368421053,0,threshold
FE,1,17,15,0.125,-0.125,0.0833333333333,0,threshold
FE,1,17,16,0.291666666667,-0.291666666667,0.25,0,threshold
FE,1,17,17,0.166666666667,-0.166666666667,0.125,0,threshold
FE,1,17,18,0.208333333333,-0.208333333333,0.197368421053,0,threshold
FE,1,17,19,0.166666666667,-0.166666666667,0.125,0,threshold
FE,1,17,20,0.208333333333,-0.208333333333,0.197368421053,0,threshold
FE,1,18,1,0.5,0.333333333333,0,1,threshold
FE,1,18,2,0.5,0.333333333333,0,1,threshold
FE,1,18,3,0.5,0.333333333333,0,1,threshold
FE,1,18,4,0.5,0.333333333333,0,1,threshold
FE,1,18,5,0.5,0.333333333333,0,1,threshold
FE,1,18,6,0.5,0.333333333333,0,1,threshold
FE,1,18,7,0.5,0.333333333333,0,1,threshold
FE,1,18,8,0.5,0.333333333333,0,1,threshold
FE,1,18,9,0.5,0.333333333333,0,1,threshold
FE,1,18,10,0.5,0.333333333333,0,1,threshold
FE,1,18,11,0.5,0.333333333333,0,1,threshold
FE,1,18,12,0.5,0.333333333333,0,1,threshold
FE,1,18,13,0.5,0.333333333333,0,1,threshold
FE,1,18,14,0.5,0.333333333333,0,1,threshold
FE,1,18,15,0.5,0.333333333333,0,1,threshold
FE,1,18,16,0.5,0.333333333333,0,1,threshold
FE,1,18,17,0.5,0.333333333333,0,1,threshold
FE,1,18,18,0.5,0.333333333333,0,1,threshold
FE,1,18,19,0.5,0.333333333333,0,1,threshold
FE,1,18,20,0.375,-0.375,0.15,0,threshold
FE,1,19,1,0.5,0.333333333333,0,1,threshold
FE,1,19,2,0.5,0.333333333333,0,1,threshold
FE,1,19,3,0.5,0.333333333333,0,1,threshold
FE,1,19,4,0.5,0.333333333333,0,1,threshold
FE,1,19,5,0.5,0.333333333333,0,1,threshold
FE,1,19,6,0.5,0.333333333333,0,1,threshold
FE,1,19,7,0.5,0.333333333333,0,1,threshold
FE,1,19,8,0.5,0.333333333333,0,1,threshold
FE,1,19,9,0.5,0.333333333333,0,1,threshold
FE,1,19,10,0.5,0.333333333333,0,1,threshold
FE,1,19,11,0.5,0.333333333333,0,1,threshold
FE,1,19,12,0.5,0.333333333333,0,1,threshold
FE,1,19,13,0.5,0.333333333333,0,1,threshold
FE,1,19,14,0.5,0.333333333333,0,1,threshold
FE,1,19,15,0.5,0.333333333333,0,1,threshold
FE,1,19,16,0.5,0.333333333333,0,1,threshold
FE,1,19,17,0.5,0.333333333333,0,1,threshold
FE,1,19,18,0.5,0.333333333333,0,1,threshold
FE,1,19,19,0.5,0.333333333333,0,1,threshold
FE,1,19,20,0.5,0.333333333333,0,1,threshold
FE,2,20,1,0.5,0.333333333333,0,1,threshold
FE,2,20,2,0.5,0.333333333333,0,1,threshold
FE,2,20,3,0.5,0.333333333333,0,1,threshold
FE,2,20,4,0.5,0.333333333333,0,1,threshold
FE,2,20,5,0.5,0.333333333333,0,1,threshold
FE,2,20,6,0.5,0.333333333333,0,1,threshold
FE,2,20,7,0.5,0.333333333333,0,1,threshold
FE,2,20,8,0.5,0.333333333333,0,1,threshold
FE,2,20,9,0.5,0.333333333333,0,1,threshold
FE,2,20,10,0.5,0.333333333333,0,1,threshold
FE,2,20,11,0.5,0.333333333333,0,1,threshold
FE,2,20,12,0.5,0.333333333333,0,1,threshold
FE,2,20,13,0.5,0.333333333333,0,1,threshold
FE,2,20,14,0.5,0.333333333333,0,1,threshold
FE,2,20,15,0.5,0.333333333333,0,1,threshold
FE,2,20,16,0.5,0.333333333333,0,1,threshold
FE,2,20,17,0.5,0.333333333333,0,1,threshold
FE,2,20,18,0.5,0.333333333333,0,1,threshold
FE,2,20,19,0.5,0.333333333333,0,1,threshold
FE,2,20,20,0.5,0.333333333333,0,1,threshold
FE,2,21,1,0.510416666667,0.322916666667,0.135826771654,1,threshold
FE,2,21,2,0.447916666667,-0.447916666667,0.0801886792453,0,threshold
FE,2,21,3,0.489583333333,-0.489583333333,0.127551020408,0,threshold
FE,2,21,4,0.395833333333,-0.395833333333,0.181034482759,0,threshold
FE,2,21,5,0.635416666667,0.197916666667,0.0630434782609,1,threshold
FE,2,21,6,0.510416666667,0.322916666667,0.0295275590551,1,threshold
FE,2,21,7,0.541666666667,0.291666666667,0.0241935483871,1,threshold
FE,2,21,8,0.5,0.333333333333,0,1,threshold
FE,2,21,9,0.5,0.333333333333,0,1,threshold
FE,2,21,10,0.5,0.333333333333,0,1,threshold
FE,2,21,11,0.5,0.333333333333,0,1,threshold
FE,2,21,12,0.5,0.333333333333,0,1,threshold
FE,2,21,13,0.5,0.333333333333,0,1,threshold
FE,2,21,14,0.5,0.333333333333,0,1,threshold
FE,2,21,15,0.5,0.333333333333,0,1,threshold
FE,2,21,16,0.5,0.333333333333,0,1,threshold
FE,2,21,17,0.5,0.333333333333,0,1,threshold
FE,2,21,18,0.5,0.333333333333,0,1,threshold
FE,2,21,19,0.5,0.333333333333,0,1,threshold
FE,2,21,20,0.5,0.333333333333,0,1,threshold
FE,2,22,1,0.5,0.333333333333,0,1,threshold
FE,2,22,2,0.5,0.333333333333,0,1,threshold
FE,2,22,3,0.5,0.333333333333,0,1,threshold
FE,2,22,4,0.5,0.333333333333,0,1,threshold
FE,2,22,5,0.5,0.333333333333,0,1,threshold
FE,2,22,6,0.5,0.333333333333,0,1,threshold
FE,2,22,7,0.5,0.333333333333,0,1,threshold
FE,2,22,8,0.5,0.333333333333,0,1,threshold
FE,2,22,9,0.5,0.333333333333,0,1,threshold
FE,2,22,10,0.5,0.333333333333,0,1,threshold
FE,2,22,11,0.5,0.333333333333,0,1,threshold
FE,2,22,12,0.5,0.333333333333,0,1,threshold
FE,2,22,13,0.5,0.333333333333,0,1,threshold
FE,2,22,14,0.5,0.333333333333,0,1,threshold
FE,2,22,15,0.5,0.333333333333,0,1,threshold
FE,2,22,16,0.5,0.333333333333,0,1,threshold
FE,2,22,17,0.5,0.333333333333,0,1,threshold
FE,2,22,18,0.5,0.333333333333,0,1,threshold
FE,2,22,19,0.5,0.333333333333,0,1,threshold
FE,2,22,20,0.510416666667,0.322916666667,0.00590551181102,1,threshold
FE,2,23,1,0.5,0.333333333333,0,1,threshold
FE,2,23,2,0.5,0.333333333333,0,1,threshold
FE,2,23,3,0.5,0.333333333333,0,1,threshold
FE,2,23,4,0.5,0.333333333333,0,1,threshold
FE,2,23,5,0.5,0.333333333333,0,1,threshold
FE,2,23,6,0.5,0.333333333333,0,1,threshold
FE,2,23,7,0.5,0.333333333333,0,1,threshold
FE,2,23,8,0.5,0.333333333333,0,1,threshold
FE,2,23,9,0.5,0.333333333333,0,1,threshold
FE,2,23,10,0.5,0.333333333333,0,1,threshold
FE,2,23,11,0.5,0.333333333333,0,1,threshold
FE,2,23,12,0.5,0.333333333333,0,1,threshold
FE,2,23,13,0.5,0.333333333333,0,1,threshold
FE,2,23,14,0.5,0.333333333333,0,1,threshold
FE,2,23,15,0.5,0.333333333333,0,1,threshold
FE,2,23,16,0.5,0.333333333333,0,1,threshold
FE,2,23,17,0.5,0.333333333333,0,1,threshold
FE,2,23,18,0.5,0.333333333333,0,1,threshold
FE,2,23,19,0.5,0.333333333333,0,1,threshold
FE,2,23,20,0.5,0.333333333333,0,1,threshold
FE,2,24,1,0.375,-0.375,0.15,0,threshold
FE,2,24,2,0.5,0.333333333333,0,1,threshold
FE,2,24,3,0.5,0.333333333333,0,1,threshold
FE,2,24,4,0.5,0.333333333333,0,1,threshold
FE,2,24,5,0.5,0.333333333333,0,1,threshold
FE,2,24,6,0.5,0.333333333333,0,1,threshold
FE,2,24,7,0.5,0.333333333333,0,1,threshold
FE,2,24,8,0.5,0.333333333333,0,1,threshold
FE,2,24,9,0.5,0.333333333333,0,1,threshold
FE,2,24,10,0.5,0.333333333333,0,1,threshold
FE,2,24,11,0.5,0.333333333333,0,1,threshold
FE,2,24,12,0.5,0.333333333333,0,1,threshold
FE,2,24,13,0.5,0.333333333333,0,1,threshold
FE,2,24,14,0.5,0.333333333333,0,1,threshold
FE,2,24,15,0.5,0.333333333333,0,1,threshold
FE,2,24,16,0.5,0.333333333333,0,1,threshold
FE,2,24,17,0.5,0.333333333333,0,1,threshold
FE,2,24,18,0.5,0.333333333333,0,1,threshold
FE,2,24,19,0.5,0.333333333333,0,1,threshold
FE,2,24,20,0.5,0.333333333333,0,1,threshold
FE,2,25,1,0.5,0.333333333333,0,1,threshold
FE,2,25,2,0.5,0.333333333333,0,1,threshold
FE,2,25,3,0.5,0.333333333333,0,1,threshold
FE,2,25,4,0.5,0.333333333333,0,1,threshold
FE,2,25,5,0.5,0.333333333333,0,1,threshold
FE,2,25,6,0.5,0.333333333333,0,1,threshold
FE,2,25,7,0.5,0.333333333333,0,1,threshold
FE,2,25,8,0.5,0.333333333333,0,1,threshold
FE,2,25,9,0.5,0.333333333333,0,1,threshold
FE,2,25,10,0.5,0.333333333333,0,1,threshold
FE,2,25,11,0.5,0.333333333333,0,1,threshold
FE,2,25,12,0.5,0.333333333333,0,1,threshold
FE,2,25,13,0.5,0.333333333333,0,1,threshold
FE,2,25,14,0.5,0.333333333333,0,1,threshold
FE,2,25,15,0.5,0.333333333333,0,1,threshold
FE,2,25,16,0.5,0.333333333333,0,1,threshold
FE,2,25,17,0.5,0.333333333333,0,1,threshold
FE,2,25,18,0.5,0.333333333333,0,1,threshold
FE,2,25,19,0.5,0.333333333333,0,1,threshold
FE,2,25,20,0.5,0.333333333333,0,1,threshold
FE,2,26,1,0.5,0.333333333333,0,1,threshold
FE,2,26,2,0.5,0.333333333333,0,1,threshold
FE,2,26,3,0.5,0.333333333333,0,1,threshold
FE,2,26,4,0.5,0.333333333333,0,1,threshold
FE,2,26,5,0.5,0.333333333333,0,1,threshold
FE,2,26,6,0.5,0.333333333333,0,1,threshold
FE,2,26,7,0.5,0.333333333333,0,1,threshold
FE,2,26,8,0.5,0.333333333333,0,1,threshold
FE,2,26,9,0.5,0.333333333333,0,1,threshold
FE,2,26,10,0.5,0.333333333333,0,1,threshold
FE,2,26,11,0.5,0.333333333333,0,1,threshold
FE,2,26,12,0.5,0.333333333333,0,1,threshold
FE,2,26,13,0.5,0.333333333333,0,1,threshold
FE,2,26,14,0.5,0.333333333333,0,1,threshold
FE,2,26,15,0.5,0.333333333333,0,1,threshold
FE,2,26,16,0.5,0.333333333333,0,1,threshold
FE,2,26,17,0.5,0.333333333333,0,1,threshold
FE,2,26,18,0.5,0.333333333333,0,1,threshold
FE,2,26,19,0.5,0.333333333333,0,1,threshold
FE,2,26,20,0.5,0.333333333333,0,1,threshold
FE,2,27,1,0.5,0.333333333333,0,1,threshold
FE,2,27,2,0.5,0.333333333333,0,1,threshold
FE,2,27,3,0.5,0.333333333333,0,1,threshold
FE,2,27,4,0.5,0.333333333333,0,1,threshold
FE,2,27,5,0.5,0.333333333333,0,1,threshold
FE,2,27,6,0.5,0.333333333333,0,1,threshold
FE,2,27,7,0.5,0.333333333333,0,1,threshold
FE,2,27,8,0.5,0.333333333333,0,1,threshold
FE,2,27,9,0.5,0.333333333333,0,1,threshold
FE,2,27,10,0.5,0.333333333333,0,1,threshold
FE,2,27,11,0.5,0.333333333333,0,1,threshold
FE,2,27,12,0.5,0.333333333333,0,1,threshold
FE,2,27,13,0.5,0.333333333333,0,1,threshold
FE,2,27,14,0.5,0.333333333333,0,1,threshold
FE,2,27,15,0.5,0.333333333333,0,1,threshold
FE,2,27,16,0.5,0.333333333333,0,1,threshold
FE,2,27,17,0.5,0.333333333333,0,1,threshold
FE,2,27,18,0.5,0.333333333333,0,1,threshold
FE,2,27,19,0.5,0.333333333333,0,1,threshold
FE,2,27,20,0.5,0.333333333333,0,1,threshold
FE,2,28,1,0.53125,0.302083333333,0.018,1,threshold
FE,2,28,2,0.5,0.333333333333,0,1,threshold
FE,2,28,3,0.5,0.333333333333,0,1,threshold
FE,2,28,4,0.5,0.333333333333,0,1,threshold
FE,2,28,5,0.5,0.333333333333,0,1,threshold
FE,2,28,6,0.5,0.333333333333,0,1,threshold
FE,2,28,7,0.5,0.333333333333,0,1,threshold
FE,2,28,8,0.5,0.333333333333,0,1,threshold
FE,2,28,9,0.5,0.333333333333,0,1,threshold
FE,2,28,10,0.5,0.333333333333,0,1,threshold
FE,2,28,11,0.5,0.333333333333,0,1,threshold
FE,2,28,12,0.5,0.333333333333,0,1,threshold
FE,2,28,13,0.5,0.333333333333,0,1,threshold
FE,2,28,14,0.5,0.333333333333,0,1,threshold
FE,2,28,15,0.5,0.333333333333,0,1,threshold
FE,2,28,16,0.5,0.333333333333,0,1,threshold
FE,2,28,17,0.5,0.333333333333,0,1,threshold
FE,2,28,18,0.5,0.333333333333,0,1,threshold
FE,2,28,19,0.5,0.333333333333,0,1,threshold
FE,2,28,20,0.5,0.333333333333,0,1,threshold
FE,2,29,1,0.5,0.333333333333,0,1,threshold
FE,2,29,2,0.5,0.333333333333,0,1,threshold
FE,2,29,3,0.5,0.333333333333,0,1,threshold
FE,2,29,4,0.5,0.333333333333,0,1,threshold
FE,2,29,5,0.5,0.333333333333,0,1,threshold
FE,2,29,6,0.5,0.333333333333,0,1,threshold
FE,2,29,7,0.5,0.333333333333,0,1,threshold
FE,2,29,8,0.5,0.333333333333,0,1,threshold
FE,2,29,9,0.5,0.333333333333,0,1,threshold
FE,2,29,10,0.5,0.333333333333,0,1,threshold
FE,2,29,11,0.5,0.333333333333,0,1,threshold
FE,2,29,12,0.5,0.333333333333,0,1,threshold
FE,2,29,13,0.5,0.333333333333,0,1,threshold
FE,2,29,14,0.5,0.333333333333,0,1,threshold
FE,2,29,15,0.5,0.333333333333,0,1,threshold
FE,2,29,16,0.5,0.333333333333,0,1,threshold
FE,2,29,17,0.5,0.333333333333,0,1,threshold
FE,2,29,18,0.5,0.333333333333,0,1,threshold
FE,2,29,19,0.5,0.333333333333,0,1,threshold
FE,2,29,20,0.5,0.333333333333,0,1,threshold
FE,2,30,1,0.5,0.333333333333,0.0234375,1,threshold
FE,2,30,2,0.520833333333,0.3125,0.0119047619048,1,threshold
FE,2,30,3,0.5,0.333333333333,0,1,threshold
FE,2,30,4,0.5,0.333333333333,0,1,threshold
FE,2,30,5,0.5,0.333333333333,0,1,threshold
FE,2,30,6,0.5,0.333333333333,0,1,threshold
FE,2,30,7,0.5,0.333333333333,0,1,threshold
FE,2,30,8,0.5,0.333333333333,0,1,threshold
FE,2,30,9,0.5,0.333333333333,0,1,threshold
FE,2,30,10,0.5,0.333333333333,0,1,threshold
FE,2,30,11,0.5,0.333333333333,0,1,threshold
FE,2,30,12,0.5,0.333333333333,0,1,threshold
FE,2,30,13,0.5,0.333333333333,0,1,threshold
FE,2,30,14,0.5,0.333333333333,0,1,threshold
FE,2,30,15,0.5,0.333333333333,0,1,threshold
FE,2,30,16,0.5,0.333333333333,0,1,threshold
FE,2,30,17,0.5,0.333333333333,0,1,threshold
FE,2,30,18,0.5,0.333333333333,0,1,threshold
FE,2,30,19,0.5,0.333333333333,0,1,threshold
FE,2,30,20,0.5,0.333333333333,0,1,threshold
FE,2,31,1,0.5,0.333333333333,0,1,threshold
FE,2,31,2,0.5,0.333333333333,0,1,threshold
FE,2,31,3,0.5,0.333333333333,0,1,threshold
FE,2,31,4,0.5,0.333333333333,0,1,threshold
FE,2,31,5,0.5,0.333333333333,0,1,threshold
FE,2,31,6,0.5,0.333333333333,0,1,threshold
FE,2,31,7,0.5,0.333333333333,0,1,threshold
FE,2,31,8,0.5,0.333333333333,0,1,threshold
FE,2,31,9,0.5,0.333333333333,0,1,threshold
FE,2,31,10,0.5,0.333333333333,0,1,threshold
FE,2,31,11,0.5,0.333333333333,0,1,threshold
FE,2,31,12,0.5,0.333333333333,0,1,threshold
FE,2,31,13,0.5,0.333333333333,0,1,threshold
FE,2,31,14,0.5,0.333333333333,0,1,threshold
FE,2,31,15,0.5,0.333333333333,0,1,threshold
FE,2,31,16,0.5,0.333333333333,0,1,threshold
FE,2,31,17,0.5,0.333333333333,0,1,threshold
FE,2,31,18,0.5,0.333333333333,0,1,threshold
FE,2,31,19,0.5,0.333333333333,0,1,threshold
FE,2,31,20,0.5,0.333333333333,0,1,threshold
FE,2,32,1,0.510416666667,0.322916666667,0.00590551181102,1,threshold
FE,2,32,2,0.5,0.333333333333,0,1,threshold
FE,2,32,3,0.5,0.333333333333,0,1,threshold
FE,2,32,4,0.5,0.333333333333,0,1,threshold
FE,2,32,5,0.5,0.333333333333,0,1,threshold
FE,2,32,6,0.5,0.333333333333,0,1,threshold
FE,2,32,7,0.5,0.333333333333,0,1,threshold
FE,2,32,8,0.5,0.333333333333,0,1,threshold
FE,2,32,9,0.5,0.333333333333,0,1,threshold
FE,2,32,10,0.5,0.333333333333,0,1,threshold
FE,2,32,11,0.5,0.333333333333,0,1,threshold
FE,2,32,12,0.5,0.333333333333,0,1,threshold
FE,2,32,13,0.5,0.333333333333,0,1,threshold
FE,2,32,14,0.5,0.333333333333,0,1,threshold
FE,2,32,15,0.5,0.333333333333,0,1,threshold
FE,2,32,16,0.5,0.333333333333,0,1,threshold
FE,2,32,17,0.5,0.333333333333,0,1,threshold
FE,2,32,18,0.5,0.333333333333,0,1,threshold
FE,2,32,19,0.5,0.333333333333,0,1,threshold
FE,2,32,20,0.5,0.333333333333,0,1,threshold
FE,2,33,1,0.375,-0.375,0.15,0,threshold
FE,2,33,2,0.375,-0.375,0.15,0,threshold
FE,2,33,3,0.5,0.333333333333,0,1,threshold
FE,2,33,4,0.5,0.333333333333,0,1,threshold
FE,2,33,5,0.5,0.333333333333,0,1,threshold
FE,2,33,6,0.5,0.333333333333,0,1,threshold
FE,2,33,7,0.5,0.333333333333,0,1,threshold
FE,2,33,8,0.5,0.333333333333,0,1,threshold
FE,2,33,9,0.5,0.333333333333,0,1,threshold
FE,2,33,10,0.5,0.333333333333,0,1,threshold
FE,2,33,11,0.5,0.333333333333,0,1,threshold
FE,2,33,12,0.5,0.333333333333,0,1,threshold
FE,2,33,13,0.5,0.333333333333,0,1,threshold
FE,2,33,14,0.5,0.333333333333,0,1,threshold
FE,2,33,15,0.5,0.333333333333,0,1,threshold
FE,2,33,16,0.5,0.333333333333,0,1,threshold
FE,2,33,17,0.5,0.333333333333,0,1,threshold
FE,2,33,18,0.5,0.333333333333,0,1,threshold
FE,2,33,19,0.5,0.333333333333,0,1,threshold
FE,2,33,20,0.5,0.333333333333,0,1,threshold
FE,2,34,1,0.5,0.333333333333,0,1,threshold
FE,2,34,2,0.5,0.333333333333,0,1,threshold
FE,2,34,3,0.5,0.333333333333,0,1,threshold
FE,2,34,4,0.5,0.333333333333,0,1,threshold
FE,2,34,5,0.5,0.333333333333,0,1,threshold
FE,2,34,6,0.5,0.333333333333,0,1,threshold
FE,2,34,7,0.5,0.333333333333,0,1,threshold
FE,2,34,8,0.5,0.333333333333,0,1,threshold
FE,2,34,9,0.5,0.333333333333,0,1,threshold
FE,2,34,10,0.5,0.333333333333,0,1,threshold
FE,2,34,11,0.5,0.333333333333,0,1,threshold
FE,2,34,12,0.5,0.333333333333,0,1,threshold
FE,2,34,13,0.5,0.333333333333,0,1,threshold
FE,2,34,14,0.5,0.333333333333,0,1,threshold
FE,2,34,15,0.5,0.333333333333,0,1,threshold
FE,2,34,16,0.5,0.333333333333,0,1,threshold
FE,2,34,17,0.5,0.333333333333,0,1,threshold
FE,2,34,18,0.5,0.333333333333,0,1,threshold
FE,2,34,19,0.5,0.333333333333,0,1,threshold
FE,2,34,20,0.5,0.333333333333,0,1,threshold
FE,2,35,1,0.5,0.333333333333,0,1,threshold
FE,2,35,2,0.5,0.333333333333,0,1,threshold
FE,2,35,3,0.5,0.333333333333,0,1,threshold
FE,2,35,4,0.5,0.333333333333,0,1,threshold
FE,2,35,5,0.5,0.333333333333,0,1,threshold
FE,2,35,6,0.489583333333,-0.489583333333,0.015306122449,0,threshold
FE,2,35,7,0.489583333333,-0.489583333333,0.015306122449,0,threshold
FE,2,35,8,0.520833333333,0.3125,0.00793650793651,1,threshold
FE,2,35,9,0.520833333333,0.3125,0.00793650793651,1,threshold
FE,2,35,10,0.510416666667,0.322916666667,0.00590551181102,1,threshold
FE,2,35,11,0.510416666667,0.322916666667,0.00590551181102,1,threshold
FE,2,35,12,0.5,0.333333333333,0,1,threshold
FE,2,35,13,0.5,0.333333333333,0,1,threshold
FE,2,35,14,0.5,0.333333333333,0,1,threshold
FE,2,35,15,0.5,0.333333333333,0,1,threshold
FE,2,35,16,0.5,0.333333333333,0,1,threshold
FE,2,35,17,0.5,0.333333333333,0,1,threshold
FE,2,35,18,0.5,0.333333333333,0,1,threshold
FE,2,35,19,0.5,0.333333333333,0,1,threshold
FE,2,35,20,0.5,0.333333333333,0,1,threshold
FE,2,36,1,0.625,0.208333333333,0.0775862068966,1,threshold
FE,2,36,2,0.583333333333,0.25,0.05,1,threshold
FE,2,36,3,0.583333333333,0.25,0.1,1,threshold
FE,2,36,4,0.583333333333,0.25,0.05,1,threshold
FE,2,36,5,0.583333333333,0.25,0.1,1,threshold
FE,2,36,6,0.520833333333,0.3125,0.0753968253968,1,threshold
FE,2,36,7,0.5625,0.270833333333,0.102459016393,1,threshold
FE,2,36,8,0.541666666667,0.291666666667,0.0725806451613,1,threshold
FE,2,36,9,0.520833333333,0.3125,0.123015873016,1,threshold
FE,2,36,10,0.5,0.333333333333,0.0703125,1,threshold
FE,2,36,11,0.604166666667,0.229166666667,0.0889830508475,1,threshold
FE,2,36,12,0.520833333333,0.3125,0.0753968253968,1,threshold
FE,2,36,13,0.5625,0.270833333333,0.102459016393,1,threshold
FE,2,36,14,0.5,0.333333333333,0.0859375,1,threshold
FE,2,36,15,0.604166666667,0.229166666667,0.0889830508475,1,threshold
FE,2,36,16,0.520833333333,0.3125,0.0753968253968,1,threshold
FE,2,36,17,0.541666666667,0.291666666667,0.104838709677,1,threshold
FE,2,36,18,0.458333333333,-0.458333333333,0.211538461538,0,threshold
FE,2,36,19,0.416666666667,-0.416666666667,0.107142857143,0,threshold
FE,2,36,20,0.5,0.333333333333,0.125,1,threshold
FE,2,37,1,0.53125,0.302083333333,0.018,1,threshold
FE,2,37,2,0.5,0.333333333333,0,1,threshold
FE,2,37,3,0.5,0.333333333333,0,1,threshold
FE,2,37,4,0.5,0.333333333333,0,1,threshold
FE,2,37,5,0.5,0.333333333333,0,1,threshold
FE,2,37,6,0.5,0.333333333333,0,1,threshold
FE,2,37,7,0.5,0.333333333333,0,1,threshold
FE,2,37,8,0.5,0.333333333333,0,1,threshold
FE,2,37,9,0.5,0.333333333333,0,1,threshold
FE,2,37,10,0.5,0.333333333333,0,1,threshold
FE,2,37,11,0.5,0.333333333333,0,1,threshold
FE,2,37,12,0.5,0.333333333333,0,1,threshold
FE,2,37,13,0.5,0.333333333333,0,1,threshold
FE,2,37,14,0.5,0.333333333333,0,1,threshold
FE,2,37,15,0.5,0.333333333333,0,1,threshold
FE,2,37,16,0.5,0.333333333333,0,1,threshold
FE,2,37,17,0.5,0.333333333333,0,1,threshold
FE,2,37,18,0.5,0.333333333333,0,1,threshold
FE,2,37,19,0.5,0.333333333333,0,1,threshold
FE,2,37,20,0.375,-0.375,0.15,0,threshold
FE,2,38,1,0.510416666667,0.322916666667,0.00590551181102,1,threshold
FE,2,38,2,0.5,0.333333333333,0,1,threshold
FE,2,38,3,0.5,0.333333333333,0,1,threshold
FE,2,38,4,0.5,0.333333333333,0,1,threshold
FE,2,38,5,0.5,0.333333333333,0,1,threshold
FE,2,38,6,0.5,0.333333333333,0,1,threshold
FE,2,38,7,0.5,0.333333333333,0,1,threshold
FE,2,38,8,0.5,0.333333333333,0,1,threshold
FE,2,38,9,0.5,0.333333333333,0,1,threshold
FE,2,38,10,0.5,0.333333333333,0,1,threshold
FE,2,38,11,0.5,0.333333333333,0,1,threshold
FE,2,38,12,0.5,0.333333333333,0,1,threshold
FE,2,38,13,0.5,0.333333333333,0,1,threshold
FE,2,38,14,0.5,0.333333333333,0,1,threshold
FE,2,38,15,0.5,0.333333333333,0,1,threshold
FE,2,38,16,0.5,0.333333333333,0,1,threshold
FE,2,38,17,0.5,0.333333333333,0,1,threshold
FE,2,38,18,0.5,0.333333333333,0,1,threshold
FE,2,38,19,0.5,0.333333333333,0,1,threshold
FE,2,38,20,0.5,0.333333333333,0,1,threshold
AI,1,1,1,0.5,0.333333333333,0.234375,1,threshold
AI,1,1,2,0.541666666667,0.291666666667,0.104838709677,1,threshold
AI,1,1,3,0.1875,-0.1875,0.25,0,threshold
AI,1,1,4,0.479166666667,-0.479166666667,0.33,0,threshold
AI,1,1,5,0.458333333333,0.375,0.0757575757576,1,threshold
AI,1,1,6,0.5,0.333333333333,0.1015625,1,threshold
AI,1,1,7,0.479166666667,-0.479166666667,0.27,0,threshold
AI,1,1,8,0.3125,-0.3125,0.386363636364,0,threshold
AI,1,1,9,0.364583333333,-0.364583333333,0.110655737705,0,threshold
AI,1,1,10,0.46875,-0.46875,0.240196078431,0,threshold
AI,1,1,11,0.447916666667,-0.447916666667,0.202830188679,0,threshold
AI,1,1,12,0.510416666667,0.322916666667,0.0964566929134,1,threshold
AI,1,1,13,0.510416666667,0.322916666667,0.0964566929134,1,threshold
AI,1,1,14,0.510416666667,0.322916666667,0.0964566929134,1,threshold
AI,1,1,15,0.489583333333,-0.489583333333,0.260204081633,0,threshold
AI,1,1,16,0.5,0.333333333333,0.1015625,1,threshold
AI,1,1,17,0.5,0.333333333333,0.1015625,1,threshold
AI,1,1,18,0.5,0.333333333333,0.1015625,1,threshold
AI,1,1,19,0.4375,-0.4375,0.212962962963,0,threshold
AI,1,1,20,0.270833333333,-0.270833333333,0.335714285714,0,threshold
AI,1,2,1,0.541666666667,0.291666666667,0.133064516129,1,threshold
AI,1,2,2,0.53125,-0.53125,0.372222222222,0,threshold
AI,1,2,3,0.572916666667,0.260416666667,0.134297520661,1,threshold
AI,1,2,4,0.541666666667,0.291666666667,0.125,1,threshold
AI,1,2,5,0.53125,0.302083333333,0.118,1,threshold
AI,1,2,6,0.520833333333,0.3125,0.115079365079,1,threshold
AI,1,2,7,0.520833333333,0.3125,0.115079365079,1,threshold
AI,1,2,8,0.520833333333,0.3125,0.115079365079,1,threshold
AI,1,2,9,0.520833333333,0.3125,0.115079365079,1,threshold
AI,1,2,10,0.4375,-0.4375,0.222222222222,0,threshold
AI,1,2,11,0.40625,-0.40625,0.214912280702,0,threshold
AI,1,2,12,0.302083333333,-0.302083333333,0.384328358209,0,threshold
AI,1,2,13,0.302083333333,-0.302083333333,0.384328358209,0,threshold
AI,1,2,14,0.53125,0.302083333333,0.126,1,threshold
AI,1,2,15,0.5,-0.5,0.28125,0,threshold
AI,1,2,16,0.510416666667,-0.510416666667,0.292553191489,0,threshold
AI,1,2,17,0.520833333333,0.3125,0.107142857143,1,threshold
AI,1,2,18,0.322916666667,-0.322916666667,0.411538461538,0,threshold
AI,1,2,19,0.0729166666667,-0.0729166666667,0.328651685393,0,threshold
AI,1,2,20,0.0729166666667,-0.0729166666667,0.328651685393,0,threshold
AI,1,3,1,0.5625,0.270833333333,0.135245901639,1,threshold
AI,1,3,2,0.59375,0.239583333333,0.153361344538,1,threshold
AI,1,3,3,0.604166666667,0.229166666667,0.148305084746,1,threshold
AI,1,3,4,0.572916666667,0.260416666667,0.146694214876,1,threshold
AI,1,3,5,0.59375,0.239583333333,0.144957983193,1,threshold
AI,1,3,6,0.552083333333,0.28125,0.128048780488,1,threshold
AI,1,3,7,0.552083333333,0.28125,0.119918699187,1,threshold
AI,1,3,8,0.53125,0.302083333333,0.122,1,threshold
AI,1,3,9,0.552083333333,0.28125,0.123983739837,1,threshold
AI,1,3,10,0.53125,0.302083333333,0.122,1,threshold
AI,1,3,11,0.541666666667,0.291666666667,0.116935483871,1,threshold
AI,1,3,12,0.53125,0.302083333333,0.122,1,threshold
AI,1,3,13,0.541666666667,0.291666666667,0.116935483871,1,threshold
AI,1,3,14,0.520833333333,0.3125,0.115079365079,1,threshold
AI,1,3,15,0.53125,0.302083333333,0.11,1,threshold
AI,1,3,16,0.520833333333,0.3125,0.115079365079,1,threshold
AI,1,3,17,0.53125,0.302083333333,0.11,1,threshold
AI,1,3,18,0.510416666667,-0.510416666667,0.292553191489,0,threshold
AI,1,3,19,0.541666666667,0.291666666667,0.112903225806,1,threshold
AI,1,3,20,0.541666666667,0.291666666667,0.125,1,threshold
AI,1,4,1,0.541666666667,0.291666666667,0.120967741935,1,threshold
AI,1,4,2,0.510416666667,-0.510416666667,0.345744680851,0,threshold
AI,1,4,3,0.541666666667,0.291666666667,0.112903225806,1,threshold
AI,1,4,4,0.520833333333,0.3125,0.107142857143,1,threshold
AI,1,4,5,0.5,0.333333333333,0.09375,1,threshold
AI,1,4,6,0.5,0.333333333333,0.09375,1,threshold
AI,1,4,7,0.5,0.333333333333,0.09375,1,threshold
AI,1,4,8,0.5,0.333333333333,0.09375,1,threshold
AI,1,4,9,0.5,0.333333333333,0.09375,1,threshold
AI,1,4,10,0.5,0.333333333333,0.09375,1,threshold
AI,1,4,11,0.5,0.333333333333,0.09375,1,threshold
AI,1,4,12,0.5,0.333333333333,0.09375,1,threshold
AI,1,4,13,0.5,0.333333333333,0.09375,1,threshold
AI,1,4,14,0.5,0.333333333333,0.09375,1,threshold
AI,1,4,15,0.5,0.333333333333,0.09375,1,threshold
AI,1,4,16,0.5,0.333333333333,0.09375,1,threshold
AI,1,4,17,0.5,0.333333333333,0.09375,1,threshold
AI,1,4,18,0.5,0.333333333333,0.09375,1,threshold
AI,1,4,19,0.5,0.333333333333,0.09375,1,threshold
AI,1,4,20,0.5,0.333333333333,0.09375,1,threshold
AI,1,5,1,0.375,-0.375,0.516666666667,0,threshold
AI,1,5,2,0.583333333333,0.25,0.15,1,threshold
AI,1,5,3,0.572916666667,0.260416666667,0.150826446281,1,threshold
AI,1,5,4,0.583333333333,0.25,0.154166666667,1,threshold
AI,1,5,5,0.5625,0.270833333333,0.151639344262,1,threshold
AI,1,5,6,0.541666666667,-0.541666666667,0.420454545455,0,threshold
AI,1,5,7,0.59375,0.239583333333,0.153361344538,1,threshold
AI,1,5,8,0.572916666667,0.260416666667,0.159090909091,1,threshold
AI,1,5,9,0.572916666667,0.260416666667,0.159090909091,1,threshold
AI,1,5,10,0.5625,0.270833333333,0.155737704918,1,threshold
AI,1,5,11,0.583333333333,0.25,0.15,1,threshold
AI,1,5,12,0.541666666667,-0.541666666667,0.420454545455,0,threshold
AI,1,5,13,0.572916666667,0.260416666667,0.159090909091,1,threshold
AI,1,5,14,0.5625,0.270833333333,0.155737704918,1,threshold
AI,1,5,15,0.572916666667,0.260416666667,0.159090909091,1,threshold
AI,1,5,16,0.572916666667,0.260416666667,0.159090909091,1,threshold
AI,1,5,17,0.572916666667,0.260416666667,0.159090909091,1,threshold
AI,1,5,18,0.572916666667,0.260416666667,0.159090909091,1,threshold
AI,1,5,19,0.5625,0.270833333333,0.155737704918,1,threshold
AI,1,5,20,0.5625,0.270833333333,0.155737704918,1,threshold
AI,1,6,1,0.572916666667,0.260416666667,0.0888429752066,1,threshold
AI,1,6,2,0.395833333333,-0.395833333333,0.181034482759,0,threshold
AI,1,6,3,0.333333333333,-0.333333333333,0.3359375,0,threshold
AI,1,6,4,0.135416666667,-0.135416666667,0.388554216867,0,threshold
AI,1,6,5,0.270833333333,-0.270833333333,0.278571428571,0,threshold
AI,1,6,6,0.0833333333333,-0.0833333333333,0.329545454545,0,threshold
AI,1,6,7,0.208333333333,-0.208333333333,0.25,0,threshold
AI,1,6,8,0.1875,-0.1875,0.275641025641,0,threshold
AI,1,6,9,0.25,-0.25,0.361111111111,0,threshold
AI,1,6,10,0.28125,-0.28125,0.344202898551,0,threshold
AI,1,6,11,0.302083333333,-0.302083333333,0.376865671642,0,threshold
AI,1,6,12,0.322916666667,-0.322916666667,0.411538461538,0,threshold
AI,1,6,13,0.3125,-0.3125,0.401515151515,0,threshold
AI,1,6,14,0.53125,0.302083333333,0.094,1,threshold
AI,1,6,15,0.46875,-0.46875,0.279411764706,0,threshold
AI,1,6,16,0.09375,-0.09375,0.347701149425,0,threshold
AI,1,6,17,0.0729166666667,-0.0729166666667,0.323033707865,0,threshold
AI,1,6,18,0,0,0.25,0,threshold
AI,1,6,19,0,0,0.25,0,threshold
AI,1,6,20,0,0,0.25,0,threshold
AI,1,7,1,0.520833333333,0.3125,0.0912698412698,1,threshold
AI,1,7,2,0.5,0.333333333333,0.078125,1,threshold
AI,1,7,3,0.479166666667,0.354166666667,0.0730769230769,1,threshold
AI,1,7,4,0.447916666667,-0.447916666667,0.193396226415,0,threshold
AI,1,7,5,0.489583333333,-0.489583333333,0.301020408163,0,threshold
AI,1,7,6,0.489583333333,-0.489583333333,0.280612244898,0,threshold
AI,1,7,7,0.510416666667,-0.510416666667,0.38829787234,0,threshold
AI,1,7,8,0.479166666667,-0.479166666667,0.39,0,threshold
AI,1,7,9,0.364583333333,-0.364583333333,0.520491803279,0,threshold
AI,1,7,10,0.270833333333,-0.270833333333,0.335714285714,0,threshold
AI,1,7,11,0.25,-0.25,0.25,0,threshold
AI,1,7,12,0.4375,-0.4375,0.416666666667,0,threshold
AI,1,7,13,0.489583333333,-0.489583333333,0.331632653061,0,threshold
AI,1,7,14,0.552083333333,0.28125,0.099593495935,1,threshold
AI,1,7,15,0.5625,0.270833333333,0.094262295082,1,threshold
AI,1,7,16,0.46875,-0.46875,0.259803921569,0,threshold
AI,1,7,17,0.520833333333,0.3125,0.107142857143,1,threshold
AI,1,7,18,0.510416666667,0.322916666667,0.100393700787,1,threshold
AI,1,7,19,0.520833333333,0.3125,0.107142857143,1,threshold
AI,1,7,20,0.510416666667,0.322916666667,0.100393700787,1,threshold
AI,1,8,1,0.489583333333,-0.489583333333,0.382653061224,0,threshold
AI,1,8,2,0.34375,-0.34375,0.337301587302,0,threshold
AI,1,8,3,0.635416666667,0.197916666667,0.141304347826,1,threshold
AI,1,8,4,0.552083333333,0.28125,0.103658536585,1,threshold
AI,1,8,5,0.46875,0.364583333333,0.0629770992366,1,threshold
AI,1,8,6,0.4375,-0.4375,0.240740740741,0,threshold
AI,1,8,7,0.53125,0.302083333333,0.106,1,threshold
AI,1,8,8,0.375,-0.375,0.225,0,threshold
AI,1,8,9,0.552083333333,0.28125,0.0589430894309,1,threshold
AI,1,8,10,0.5,0.333333333333,0.08203125,1,threshold
AI,1,8,11,0.53125,0.302083333333,0.15,1,threshold
AI,1,8,12,0.385416666667,-0.385416666667,0.216101694915,0,threshold
AI,1,8,13,0.416666666667,-0.416666666667,0.241071428571,0,threshold
AI,1,8,14,0.427083333333,-0.427083333333,0.177272727273,0,threshold
AI,1,8,15,0.40625,-0.40625,0.293859649123,0,threshold
AI,1,8,16,0.375,-0.375,0.233333333333,0,threshold
AI,1,8,17,0.427083333333,-0.427083333333,0.140909090909,0,threshold
AI,1,8,18,0.28125,-0.28125,0.307971014493,0,threshold
AI,1,8,19,0.447916666667,-0.447916666667,0.268867924528,0,threshold
AI,1,8,20,0.322916666667,-0.322916666667,0.25,0,threshold
AI,1,9,1,0.552083333333,0.28125,0.140243902439,1,threshold
AI,1,9,2,0.625,0.208333333333,0.137931034483,1,threshold
AI,1,9,3,0.59375,0.239583333333,0.128151260504,1,threshold
AI,1,9,4,0.583333333333,0.25,0.141666666667,1,threshold
AI,1,9,5,0.614583333333,0.21875,0.130341880342,1,threshold
AI,1,9,6,0.59375,0.239583333333,0.128151260504,1,threshold
AI,1,9,7,0.59375,0.239583333333,0.128151260504,1,threshold
AI,1,9,8,0.59375,0.239583333333,0.144957983193,1,threshold
AI,1,9,9,0.510416666667,-0.510416666667,0.303191489362,0,threshold
AI,1,9,10,0.572916666667,0.260416666667,0.117768595041,1,threshold
AI,1,9,11,0.604166666667,0.229166666667,0.135593220339,1,threshold
AI,1,9,12,0.59375,0.239583333333,0.144957983193,1,threshold
AI,1,9,13,0.59375,0.239583333333,0.136554621849,1,threshold
AI,1,9,14,0.583333333333,0.25,0.1375,1,threshold
AI,1,9,15,0.5625,0.270833333333,0.118852459016,1,threshold
AI,1,9,16,0.583333333333,0.25,0.141666666667,1,threshold
AI,1,9,17,0.552083333333,0.28125,0.119918699187,1,threshold
AI,1,9,18,0.583333333333,0.25,0.141666666667,1,threshold
AI,1,9,19,0.5625,0.270833333333,0.122950819672,1,threshold
AI,1,9,20,0.572916666667,0.260416666667,0.121900826446,1,threshold
AI,1,10,1,0.770833333333,0.0625,0.142156862745,1,threshold
AI,1,10,2,0.802083333333,0.03125,0.0934343434343,1,threshold
AI,1,10,3,0.447916666667,-0.447916666667,0.47641509434,0,threshold
AI,1,10,4,0.666666666667,0.166666666667,0.0803571428571,1,threshold
AI,1,10,5,0.53125,0.302083333333,0.13,1,threshold
AI,1,10,6,0.489583333333,-0.489583333333,0.331632653061,0,threshold
AI,1,10,7,0.59375,0.239583333333,0.0735294117647,1,threshold
AI,1,10,8,0.489583333333,-0.489583333333,0.331632653061,0,threshold
AI,1,10,9,0.59375,0.239583333333,0.0735294117647,1,threshold
AI,1,10,10,0.541666666667,0.291666666667,0.100806451613,1,threshold
AI,1,10,11,0.53125,0.302083333333,0.098,1,threshold
AI,1,10,12,0.46875,-0.46875,0.31862745098,0,threshold
AI,1,10,13,0.53125,0.302083333333,0.102,1,threshold
AI,1,10,14,0.510416666667,0.322916666667,0.100393700787,1,threshold
AI,1,10,15,0.510416666667,0.322916666667,0.100393700787,1,threshold
AI,1,10,16,0.5,0.333333333333,0.10546875,1,threshold
AI,1,10,17,0.5,0.333333333333,0.10546875,1,threshold
AI,1,10,18,0.354166666667,-0.354166666667,0.387096774194,0,threshold
AI,1,10,19,0.427083333333,-0.427083333333,0.222727272727,0,threshold
AI,1,10,20,0.5,0.333333333333,0.1015625,1,threshold
AI,1,11,1,0.479166666667,0.354166666667,0.0884615384615,1,threshold
AI,1,11,2,0.520833333333,0.3125,0.103174603175,1,threshold
AI,1,11,3,0.416666666667,-0.416666666667,0.205357142857,0,threshold
AI,1,11,4,0.333333333333,-0.333333333333,0.265625,0,threshold
AI,1,11,5,0.395833333333,-0.395833333333,0.508620689655,0,threshold
AI,1,11,6,0.1875,-0.1875,0.326923076923,0,threshold
AI,1,11,7,0.375,-0.375,0.266666666667,0,threshold
AI,1,11,8,0.21875,-0.21875,0.33,0,threshold
AI,1,11,9,0.260416666667,-0.260416666667,0.264084507042,0,threshold
AI,1,11,10,0.0104166666667,-0.0104166666667,0.260526315789,0,threshold
AI,1,11,11,0,0,0.25,0,threshold
AI,1,11,12,0,0,0.25,0,threshold
AI,1,11,13,0,0,0.25,0,threshold
AI,1,11,14,0,0,0.25,0,threshold
AI,1,11,15,0,0,0.25,0,threshold
AI,1,11,16,0,0,0.25,0,threshold
AI,1,11,17,0,0,0.25,0,threshold
AI,1,11,18,0,0,0.25,0,threshold
AI,1,11,19,0,0,0.25,0,threshold
AI,1,11,20,0,0,0.25,0,threshold
AI,1,12,1,0.489583333333,-0.489583333333,0.341836734694,0,threshold
AI,1,12,2,0.427083333333,-0.427083333333,0.259090909091,0,threshold
AI,1,12,3,0.625,0.208333333333,0.137931034483,1,threshold
AI,1,12,4,0.333333333333,-0.333333333333,0.25,0,threshold
AI,1,12,5,0.229166666667,-0.229166666667,0.331081081081,0,threshold
AI,1,12,6,0.166666666667,-0.166666666667,0.25,0,threshold
AI,1,12,7,0,0,0.25,0,threshold
AI,1,12,8,0,0,0.25,0,threshold
AI,1,12,9,0.03125,-0.03125,0.282258064516,0,threshold
AI,1,12,10,0.3125,-0.3125,0.340909090909,0,threshold
AI,1,12,11,0.583333333333,0.25,0.075,1,threshold
AI,1,12,12,0.583333333333,0.25,0.0708333333333,1,threshold
AI,1,12,13,0.5625,0.270833333333,0.077868852459,1,threshold
AI,1,12,14,0.5,0.333333333333,0.078125,1,threshold
AI,1,12,15,0.510416666667,0.322916666667,0.0885826771654,1,threshold
AI,1,12,16,0.5,0.333333333333,0.08984375,1,threshold
AI,1,12,17,0.510416666667,0.322916666667,0.0925196850394,1,threshold
AI,1,12,18,0.479166666667,-0.479166666667,0.25,0,threshold
AI,1,12,19,0.3125,-0.3125,0.401515151515,0,threshold
AI,1,12,20,0.270833333333,-0.270833333333,0.357142857143,0,threshold
AI,1,13,1,0.46875,-0.46875,0.279411764706,0,threshold
AI,1,13,2,0.5625,0.270833333333,0.127049180328,1,threshold
AI,1,13,3,0.53125,0.302083333333,0.11,1,threshold
AI,1,13,4,0.53125,0.302083333333,0.11,1,threshold
AI,1,13,5,0.53125,0.302083333333,0.11,1,threshold
AI,1,13,6,0.520833333333,0.3125,0.107142857143,1,threshold
AI,1,13,7,0.510416666667,0.322916666667,0.100393700787,1,threshold
AI,1,13,8,0.510416666667,0.322916666667,0.100393700787,1,threshold
AI,1,13,9,0.5,0.333333333333,0.09375,1,threshold
AI,1,13,10,0.5,0.333333333333,0.09375,1,threshold
AI,1,13,11,0.5,0.333333333333,0.09375,1,threshold
AI,1,13,12,0.5,0.333333333333,0.09375,1,threshold
AI,1,13,13,0.5,0.333333333333,0.09375,1,threshold
AI,1,13,14,0.5,0.333333333333,0.09375,1,threshold
AI,1,13,15,0.5,0.333333333333,0.09375,1,threshold
AI,1,13,16,0.5,0.333333333333,0.09375,1,threshold
AI,1,13,17,0.5,0.333333333333,0.09375,1,threshold
AI,1,13,18,0.5,0.333333333333,0.09375,1,threshold
AI,1,13,19,0.5,0.333333333333,0.09375,1,threshold
AI,1,13,20,0.5,0.333333333333,0.09375,1,threshold
AI,1,14,1,0.479166666667,0.354166666667,0.0807692307692,1,threshold
AI,1,14,2,0.5,0.333333333333,0.109375,1,threshold
AI,1,14,3,0.447916666667,-0.447916666667,0.25,0,threshold
AI,1,14,4,0.4375,-0.4375,0.212962962963,0,threshold
AI,1,14,5,0.364583333333,-0.364583333333,0.135245901639,0,threshold
AI,1,14,6,0.239583333333,-0.239583333333,0.33904109589,0,threshold
AI,1,14,7,0.166666666667,-0.166666666667,0.25,0,threshold
AI,1,14,8,0,0,0.25,0,threshold
AI,1,14,9,0,0,0.25,0,threshold
AI,1,14,10,0,0,0.25,0,threshold
AI,1,14,11,0,0,0.25,0,threshold
AI,1,14,12,0,0,0.25,0,threshold
AI,1,14,13,0.1875,-0.1875,0.25,0,threshold
AI,1,14,14,0.197916666667,-0.197916666667,0.262987012987,0,threshold
AI,1,14,15,0.1875,-0.1875,0.25,0,threshold
AI,1,14,16,0.1875,-0.1875,0.25,0,threshold
AI,1,14,17,0,0,0.25,0,threshold
AI,1,14,18,0,0,0.25,0,threshold
AI,1,14,19,0,0,0.25,0,threshold
AI,1,14,20,0,0,0.25,0,threshold
AI,1,15,1,0.229166666667,-0.229166666667,0.331081081081,0,threshold
AI,1,15,2,0.270833333333,-0.270833333333,0.335714285714,0,threshold
AI,1,15,3,0.354166666667,-0.354166666667,0.120967741935,0,threshold
AI,1,15,4,0.416666666667,-0.416666666667,0.125,0,threshold
AI,1,15,5,0.270833333333,-0.270833333333,0.321428571429,0,threshold
AI,1,15,6,0.395833333333,-0.395833333333,0.129310344828,0,threshold
AI,1,15,7,0.395833333333,-0.395833333333,0.129310344828,0,threshold
AI,1,15,8,0.416666666667,-0.416666666667,0.160714285714,0,threshold
AI,1,15,9,0.375,-0.375,0.1,0,threshold
AI,1,15,10,0.104166666667,-0.104166666667,0.25,0,threshold
AI,1,15,11,0.0208333333333,-0.0208333333333,0.25,0,threshold
AI,1,15,12,0,0,0.25,0,threshold
AI,1,15,13,0,0,0.25,0,threshold
AI,1,15,14,0,0,0.25,0,threshold
AI,1,15,15,0,0,0.25,0,threshold
AI,1,15,16,0,0,0.25,0,threshold
AI,1,15,17,0,0,0.25,0,threshold
AI,1,15,18,0,0,0.25,0,threshold
AI,1,15,19,0,0,0.25,0,threshold
AI,1,15,20,0,0,0.25,0,threshold
AI,1,16,1,0.291666666667,-0.291666666667,0.352941176471,0,threshold
AI,1,16,2,0.270833333333,-0.270833333333,0.335714285714,0,threshold
AI,1,16,3,0.208333333333,-0.208333333333,0.25,0,threshold
AI,1,16,4,0.416666666667,0.416666666667,0.110294117647,1,threshold
AI,1,16,5,0.46875,0.364583333333,0.0858778625954,1,threshold
AI,1,16,6,0.5,0.333333333333,0.1015625,1,threshold
AI,1,16,7,0.447916666667,0.385416666667,0.0883458646617,1,threshold
AI,1,16,8,0.354166666667,-0.354166666667,0.185483870968,0,threshold
AI,1,16,9,0.302083333333,-0.302083333333,0.317164179104,0,threshold
AI,1,16,10,0.270833333333,-0.270833333333,0.278571428571,0,threshold
AI,1,16,11,0.427083333333,0.40625,0.0833333333333,1,threshold
AI,1,16,12,0.447916666667,0.385416666667,0.0883458646617,1,threshold
AI,1,16,13,0.427083333333,0.40625,0.0833333333333,1,threshold
AI,1,16,14,0.427083333333,0.40625,0.0833333333333,1,threshold
AI,1,16,15,0.427083333333,0.40625,0.0833333333333,1,threshold
AI,1,16,16,0.40625,-0.40625,0.171052631579,0,threshold
AI,1,16,17,0.291666666667,-0.291666666667,0.308823529412,0,threshold
AI,1,16,18,0,0,0.25,0,threshold
AI,1,16,19,0,0,0.25,0,threshold
AI,1,16,20,0.291666666667,-0.291666666667,0.308823529412,0,threshold
AI,1,17,1,0.3125,-0.3125,0.159090909091,0,threshold
AI,1,17,2,0.0104166666667,-0.0104166666667,0.260526315789,0,threshold
AI,1,17,3,0.03125,-0.03125,0.27688172043,0,threshold
AI,1,17,4,0.0625,-0.0625,0.316666666667,0,threshold
AI,1,17,5,0.0104166666667,-0.0104166666667,0.260526315789,0,threshold
AI,1,17,6,0.0104166666667,-0.0104166666667,0.25,0,threshold
AI,1,17,7,0.0104166666667,-0.0104166666667,0.25,0,threshold
AI,1,17,8,0.0104166666667,-0.0104166666667,0.25,0,threshold
AI,1,17,9,0.0104166666667,-0.0104166666667,0.25,0,threshold
AI,1,17,10,0,0,0.25,0,threshold
AI,1,17,11,0.0104166666667,-0.0104166666667,0.25,0,threshold
AI,1,17,12,0,0,0.25,0,threshold
AI,1,17,13,0.0104166666667,-0.0104166666667,0.260526315789,0,threshold
AI,1,17,14,0.0208333333333,-0.0208333333333,0.260638297872,0,threshold
AI,1,17,15,0.0208333333333,-0.0208333333333,0.260638297872,0,threshold
AI,1,17,16,0.0208333333333,-0.0208333333333,0.260638297872,0,threshold
AI,1,17,17,0.0208333333333,-0.0208333333333,0.260638297872,0,threshold
AI,1,17,18,0.0104166666667,-0.0104166666667,0.260526315789,0,threshold
AI,1,17,19,0.0625,-0.0625,0.316666666667,0,threshold
AI,1,17,20,0,0,0.25,0,threshold
AI,1,18,1,0.302083333333,-0.302083333333,0.347014925373,0,threshold
AI,1,18,2,0.229166666667,-0.229166666667,0.256756756757,0,threshold
AI,1,18,3,0.0208333333333,-0.0208333333333,0.25,0,threshold
AI,1,18,4,0.03125,-0.03125,0.271505376344,0,threshold
AI,1,18,5,0,0,0.25,0,threshold
AI,1,18,6,0,0,0.25,0,threshold
AI,1,18,7,0,0,0.25,0,threshold
AI,1,18,8,0,0,0.25,0,threshold
AI,1,18,9,0,0,0.25,0,threshold
AI,1,18,10,0,0,0.25,0,threshold
AI,1,18,11,0,0,0.25,0,threshold
AI,1,18,12,0,0,0.25,0,threshold
AI,1,18,13,0.208333333333,-0.208333333333,0.25,0,threshold
AI,1,18,14,0.635416666667,0.197916666667,0.115217391304,1,threshold
AI,1,18,15,0.489583333333,0.34375,0.0600775193798,1,threshold
AI,1,18,16,0.447916666667,-0.447916666667,0.174528301887,0,threshold
AI,1,18,17,0.510416666667,0.322916666667,0.0767716535433,1,threshold
AI,1,18,18,0.385416666667,-0.385416666667,0.292372881356,0,threshold
AI,1,18,19,0.489583333333,0.34375,0.0755813953488,1,threshold
AI,1,18,20,0.489583333333,0.34375,0.0755813953488,1,threshold
AI,1,19,1,0.385416666667,-0.385416666667,0.156779661017,0,threshold
AI,1,19,2,0.197916666667,-0.197916666667,0.282467532468,0,threshold
AI,1,19,3,0.260416666667,-0.260416666667,0.341549295775,0,threshold
AI,1,19,4,0.260416666667,-0.260416666667,0.341549295775,0,threshold
AI,1,19,5,0.0729166666667,-0.0729166666667,0.323033707865,0,threshold
AI,1,19,6,0.09375,-0.09375,0.353448275862,0,threshold
AI,1,19,7,0.09375,-0.09375,0.353448275862,0,threshold
AI,1,19,8,0.09375,-0.09375,0.353448275862,0,threshold
AI,1,19,9,0.09375,-0.09375,0.353448275862,0,threshold
AI,1,19,10,0.09375,-0.09375,0.353448275862,0,threshold
AI,1,19,11,0.09375,-0.09375,0.353448275862,0,threshold
AI,1,19,12,0.09375,-0.09375,0.353448275862,0,threshold
AI,1,19,13,0.09375,-0.09375,0.353448275862,0,threshold
AI,1,19,14,0.09375,-0.09375,0.353448275862,0,threshold
AI,1,19,15,0.09375,-0.09375,0.353448275862,0,threshold
AI,1,19,16,0.09375,-0.09375,0.353448275862,0,threshold
AI,1,19,17,0.0625,-0.0625,0.316666666667,0,threshold
AI,1,19,18,0.125,-0.125,0.392857142857,0,threshold
AI,1,19,19,0.125,-0.125,0.392857142857,0,threshold
AI,1,19,20,0.0416666666667,-0.0416666666667,0.29347826087,0,threshold
AI,1,20,1,0.416666666667,-0.416666666667,0.125,0,threshold
AI,1,20,2,0.4375,-0.4375,0.157407407407,0,threshold
AI,1,20,3,0.489583333333,0.34375,0.0833333333333,1,threshold
AI,1,20,4,0.479166666667,0.354166666667,0.0769230769231,1,threshold
AI,1,20,5,0.447916666667,-0.447916666667,0.165094339623,0,threshold
AI,1,20,6,0.260416666667,-0.260416666667,0.327464788732,0,threshold
AI,1,20,7,0.21875,-0.21875,0.29,0,threshold
AI,1,20,8,0.239583333333,-0.239583333333,0.318493150685,0,threshold
AI,1,20,9,0,0,0.25,0,threshold
AI,1,20,10,0,0,0.25,0,threshold
AI,1,20,11,0,0,0.25,0,threshold
AI,1,20,12,0,0,0.25,0,threshold
AI,1,20,13,0,0,0.25,0,threshold
AI,1,20,14,0,0,0.25,0,threshold
AI,1,20,15,0,0,0.25,0,threshold
AI,1,20,16,0,0,0.25,0,threshold
AI,1,20,17,0,0,0.25,0,threshold
AI,1,20,18,0,0,0.25,0,threshold
AI,1,20,19,0,0,0.25,0,threshold
AI,1,20,20,0,0,0.25,0,threshold
AI,1,21,1,0.239583333333,-0.239583333333,0.222602739726,0,threshold
AI,1,21,2,0.270833333333,-0.270833333333,0.285714285714,0,threshold
AI,1,21,3,0.25,-0.25,0.319444444444,0,threshold
AI,1,21,4,0.0104166666667,-0.0104166666667,0.25,0,threshold
AI,1,21,5,0,0,0.25,0,threshold
AI,1,21,6,0.0625,-0.0625,0.316666666667,0,threshold
AI,1,21,7,0.21875,-0.21875,0.31,0,threshold
AI,1,21,8,0.333333333333,-0.333333333333,0.328125,0,threshold
AI,1,21,9,0.416666666667,-0.416666666667,0.375,0,threshold
AI,1,21,10,0.479166666667,-0.479166666667,0.33,0,threshold
AI,1,21,11,0.4375,-0.4375,0.287037037037,0,threshold
AI,1,21,12,0.4375,-0.4375,0.287037037037,0,threshold
AI,1,21,13,0.208333333333,-0.208333333333,0.25,0,threshold
AI,1,21,14,0.0520833333333,-0.0520833333333,0.299450549451,0,threshold
AI,1,21,15,0.0416666666667,-0.0416666666667,0.29347826087,0,threshold
AI,1,21,16,0,0,0.25,0,threshold
AI,1,21,17,0,0,0.25,0,threshold
AI,1,21,18,0,0,0.25,0,threshold
AI,1,21,19,0,0,0.25,0,threshold
AI,1,21,20,0,0,0.25,0,threshold
AI,1,22,1,0.447916666667,-0.447916666667,0.221698113208,0,threshold
AI,1,22,2,0.552083333333,0.28125,0.115853658537,1,threshold
AI,1,22,3,0.5,0.333333333333,0.09765625,1,threshold
AI,1,22,4,0.510416666667,0.322916666667,0.0925196850394,1,threshold
AI,1,22,5,0.5,0.333333333333,0.09375,1,threshold
AI,1,22,6,0.5,0.333333333333,0.09375,1,threshold
AI,1,22,7,0.5,0.333333333333,0.09375,1,threshold
AI,1,22,8,0.5,0.333333333333,0.09375,1,threshold
AI,1,22,9,0.5,0.333333333333,0.09375,1,threshold
AI,1,22,10,0.5,0.333333333333,0.09375,1,threshold
AI,1,22,11,0.5,0.333333333333,0.09375,1,threshold
AI,1,22,12,0.5,0.333333333333,0.09375,1,threshold
AI,1,22,13,0.5,0.333333333333,0.09375,1,threshold
AI,1,22,14,0.5,0.333333333333,0.09375,1,threshold
AI,1,22,15,0.5,0.333333333333,0.09375,1,threshold
AI,1,22,16,0.5,0.333333333333,0.09375,1,threshold
AI,1,22,17,0.5,0.333333333333,0.09375,1,threshold
AI,1,22,18,0.5,0.333333333333,0.09375,1,threshold
AI,1,22,19,0.5,0.333333333333,0.09375,1,threshold
AI,1,22,20,0.5,0.333333333333,0.09375,1,threshold
AI,1,23,1,0.322916666667,-0.322916666667,0.373076923077,0,threshold
AI,1,23,2,0.333333333333,-0.333333333333,0.28125,0,threshold
AI,1,23,3,0.427083333333,-0.427083333333,0.195454545455,0,threshold
AI,1,23,4,0.552083333333,0.28125,0.123983739837,1,threshold
AI,1,23,5,0.489583333333,-0.489583333333,0.25,0,threshold
AI,1,23,6,0.552083333333,0.28125,0.103658536585,1,threshold
AI,1,23,7,0.541666666667,0.291666666667,0.108870967742,1,threshold
AI,1,23,8,0.489583333333,-0.489583333333,0.260204081633,0,threshold
AI,1,23,9,0.489583333333,-0.489583333333,0.239795918367,0,threshold
AI,1,23,10,0.541666666667,0.291666666667,0.100806451613,1,threshold
AI,1,23,11,0.510416666667,0.322916666667,0.0925196850394,1,threshold
AI,1,23,12,0.333333333333,-0.333333333333,0.421875,0,threshold
AI,1,23,13,0.520833333333,0.3125,0.0912698412698,1,threshold
AI,1,23,14,0.510416666667,0.322916666667,0.100393700787,1,threshold
AI,1,23,15,0.5,0.333333333333,0.09375,1,threshold
AI,1,23,16,0.520833333333,0.3125,0.107142857143,1,threshold
AI,1,23,17,0.520833333333,0.3125,0.0912698412698,1,threshold
AI,1,23,18,0.489583333333,-0.489583333333,0.260204081633,0,threshold
AI,1,23,19,0.5,0.333333333333,0.09375,1,threshold
AI,1,23,20,0.520833333333,0.3125,0.107142857143,1,threshold
AI,1,24,1,0.625,0.208333333333,0.155172413793,1,threshold
AI,1,24,2,0.604166666667,0.229166666667,0.148305084746,1,threshold
AI,1,24,3,0.5,0.333333333333,0.1171875,1,threshold
AI,1,24,4,0.5,0.333333333333,0.1171875,1,threshold
AI,1,24,5,0.583333333333,0.25,0.133333333333,1,threshold
AI,1,24,6,0.520833333333,-0.520833333333,0.358695652174,0,threshold
AI,1,24,7,0.5,0.333333333333,0.1171875,1,threshold
AI,1,24,8,0.541666666667,0.291666666667,0.145161290323,1,threshold
AI,1,24,9,0.5625,-0.5625,0.464285714286,0,threshold
AI,1,24,10,0.59375,0.239583333333,0.165966386555,1,threshold
AI,1,24,11,0.572916666667,0.260416666667,0.159090909091,1,threshold
AI,1,24,12,0.572916666667,0.260416666667,0.159090909091,1,threshold
AI,1,24,13,0.552083333333,-0.552083333333,0.447674418605,0,threshold
AI,1,24,14,0.552083333333,-0.552083333333,0.447674418605,0,threshold
AI,1,24,15,0.4375,-0.4375,0.287037037037,0,threshold
AI,1,24,16,0.4375,-0.4375,0.564814814815,0,threshold
AI,1,24,17,0.395833333333,-0.395833333333,0.543103448276,0,threshold
AI,1,24,18,0.322916666667,-0.322916666667,0.134615384615,0,threshold
AI,1,24,19,0.104166666667,-0.104166666667,0.366279069767,0,threshold
AI,1,24,20,0,0,0.25,0,threshold
AI,1,25,1,0.375,-0.375,0.5,0,threshold
AI,1,25,2,0.541666666667,0.291666666667,0.145161290323,1,threshold
AI,1,25,3,0.479166666667,-0.479166666667,0.27,0,threshold
AI,1,25,4,0.479166666667,-0.479166666667,0.27,0,threshold
AI,1,25,5,0.395833333333,-0.395833333333,0.525862068966,0,threshold
AI,1,25,6,0.520833333333,-0.520833333333,0.358695652174,0,threshold
AI,1,25,7,0.520833333333,-0.520833333333,0.358695652174,0,threshold
AI,1,25,8,0.375,-0.375,0.5,0,threshold
AI,1,25,9,0.354166666667,-0.354166666667,0.491935483871,0,threshold
AI,1,25,10,0.416666666667,-0.416666666667,0.214285714286,0,threshold
AI,1,25,11,0.4375,-0.4375,0.212962962963,0,threshold
AI,1,25,12,0.520833333333,0.3125,0.115079365079,1,threshold
AI,1,25,13,0.5,0.333333333333,0.1015625,1,threshold
AI,1,25,14,0.5,0.333333333333,0.1015625,1,threshold
AI,1,25,15,0.5,0.333333333333,0.1015625,1,threshold
AI,1,25,16,0.5,0.333333333333,0.1015625,1,threshold
AI,1,25,17,0.5,0.333333333333,0.1015625,1,threshold
AI,1,25,18,0.5,0.333333333333,0.1015625,1,threshold
AI,1,25,19,0.5,0.333333333333,0.1015625,1,threshold
AI,1,25,20,0.5,0.333333333333,0.1015625,1,threshold
AI,2,26,1,0.354166666667,-0.354166666667,0.443548387097,0,threshold
AI,2,26,2,0.385416666667,-0.385416666667,0.504237288136,0,threshold
AI,2,26,3,0.385416666667,-0.385416666667,0.504237288136,0,threshold
AI,2,26,4,0.385416666667,-0.385416666667,0.504237288136,0,threshold
AI,2,26,5,0.125,-0.125,0.392857142857,0,threshold
AI,2,26,6,0.125,-0.125,0.392857142857,0,threshold
AI,2,26,7,0,0,0.25,0,threshold
AI,2,26,8,0,0,0.25,0,threshold
AI,2,26,9,0,0,0.25,0,threshold
AI,2,26,10,0,0,0.25,0,threshold
AI,2,26,11,0,0,0.25,0,threshold
AI,2,26,12,0,0,0.25,0,threshold
AI,2,26,13,0,0,0.25,0,threshold
AI,2,26,14,0,0,0.25,0,threshold
AI,2,26,15,0,0,0.25,0,threshold
AI,2,26,16,0,0,0.25,0,threshold
AI,2,26,17,0,0,0.25,0,threshold
AI,2,26,18,0,0,0.25,0,threshold
AI,2,26,19,0,0,0.25,0,threshold
AI,2,26,20,0,0,0.25,0,threshold
AI,2,27,1,0.552083333333,0.28125,0.123983739837,1,threshold
AI,2,27,2,0.5625,0.270833333333,0.143442622951,1,threshold
AI,2,27,3,0.572916666667,0.260416666667,0.146694214876,1,threshold
AI,2,27,4,0.541666666667,-0.541666666667,0.420454545455,0,threshold
AI,2,27,5,0.5625,0.270833333333,0.127049180328,1,threshold
AI,2,27,6,0.552083333333,0.28125,0.132113821138,1,threshold
AI,2,27,7,0.5625,0.270833333333,0.127049180328,1,threshold
AI,2,27,8,0.53125,-0.53125,0.361111111111,0,threshold
AI,2,27,9,0.552083333333,0.28125,0.123983739837,1,threshold
AI,2,27,10,0.552083333333,0.28125,0.123983739837,1,threshold
AI,2,27,11,0.541666666667,0.291666666667,0.129032258065,1,threshold
AI,2,27,12,0.5625,0.270833333333,0.127049180328,1,threshold
AI,2,27,13,0.5625,0.270833333333,0.143442622951,1,threshold
AI,2,27,14,0.541666666667,0.291666666667,0.129032258065,1,threshold
AI,2,27,15,0.552083333333,0.28125,0.119918699187,1,threshold
AI,2,27,16,0.541666666667,0.291666666667,0.129032258065,1,threshold
AI,2,27,17,0.541666666667,0.291666666667,0.129032258065,1,threshold
AI,2,27,18,0.541666666667,0.291666666667,0.116935483871,1,threshold
AI,2,27,19,0.53125,0.302083333333,0.11,1,threshold
AI,2,27,20,0.53125,0.302083333333,0.11,1,threshold
AI,2,28,1,0.34375,-0.34375,0.440476190476,0,threshold
AI,2,28,2,0.15625,-0.15625,0.398148148148,0,threshold
AI,2,28,3,0,0,0.25,0,threshold
AI,2,28,4,0,0,0.25,0,threshold
AI,2,28,5,0,0,0.25,0,threshold
AI,2,28,6,0,0,0.25,0,threshold
AI,2,28,7,0,0,0.25,0,threshold
AI,2,28,8,0,0,0.25,0,threshold
AI,2,28,9,0,0,0.25,0,threshold
AI,2,28,10,0,0,0.25,0,threshold
AI,2,28,11,0,0,0.25,0,threshold
AI,2,28,12,0,0,0.25,0,threshold
AI,2,28,13,0,0,0.25,0,threshold
AI,2,28,14,0,0,0.25,0,threshold
AI,2,28,15,0,0,0.25,0,threshold
AI,2,28,16,0,0,0.25,0,threshold
AI,2,28,17,0,0,0.25,0,threshold
AI,2,28,18,0,0,0.25,0,threshold
AI,2,28,19,0,0,0.25,0,threshold
AI,2,28,20,0,0,0.25,0,threshold
AI,2,29,1,0.479166666667,-0.479166666667,0.29,0,threshold
AI,2,29,2,0.34375,-0.34375,0.416666666667,0,threshold
AI,2,29,3,0.4375,-0.4375,0.398148148148,0,threshold
AI,2,29,4,0.25,-0.25,0.430555555556,0,threshold
AI,2,29,5,0.395833333333,-0.395833333333,0.508620689655,0,threshold
AI,2,29,6,0.333333333333,-0.333333333333,0.4375,0,threshold
AI,2,29,7,0.208333333333,-0.208333333333,0.447368421053,0,threshold
AI,2,29,8,0.3125,-0.3125,0.401515151515,0,threshold
AI,2,29,9,0.104166666667,-0.104166666667,0.366279069767,0,threshold
AI,2,29,10,0.104166666667,-0.104166666667,0.366279069767,0,threshold
AI,2,29,11,0.104166666667,-0.104166666667,0.366279069767,0,threshold
AI,2,29,12,0.104166666667,-0.104166666667,0.366279069767,0,threshold
AI,2,29,13,0.104166666667,-0.104166666667,0.25,0,threshold
AI,2,29,14,0,0,0.25,0,threshold
AI,2,29,15,0,0,0.25,0,threshold
AI,2,29,16,0,0,0.25,0,threshold
AI,2,29,17,0,0,0.25,0,threshold
AI,2,29,18,0,0,0.25,0,threshold
AI,2,29,19,0,0,0.25,0,threshold
AI,2,29,20,0,0,0.25,0,threshold
AI,2,30,1,0.645833333333,0.1875,0.118421052632,1,threshold
AI,2,30,2,0.760416666667,0.0729166666667,0.128640776699,1,threshold
AI,2,30,3,0.604166666667,0.229166666667,0.122881355932,1,threshold
AI,2,30,4,0.53125,0.302083333333,0.134,1,threshold
AI,2,30,5,0.53125,0.302083333333,0.078,1,threshold
AI,2,30,6,0.395833333333,-0.395833333333,0.508620689655,0,threshold
AI,2,30,7,0.729166666667,0.104166666667,0.0990566037736,1,threshold
AI,2,30,8,0.666666666667,0.166666666667,0.0982142857143,1,threshold
AI,2,30,9,0.645833333333,0.1875,0.118421052632,1,threshold
AI,2,30,10,0.520833333333,0.3125,0.0595238095238,1,threshold
AI,2,30,11,0.572916666667,0.260416666667,0.0723140495868,1,threshold
AI,2,30,12,0.541666666667,0.291666666667,0.0604838709677,1,threshold
AI,2,30,13,0.510416666667,0.322916666667,0.0452755905512,1,threshold
AI,2,30,14,0.489583333333,0.34375,0.0406976744186,1,threshold
AI,2,30,15,0.5625,0.270833333333,0.0860655737705,1,threshold
AI,2,30,16,0.583333333333,0.25,0.1,1,threshold
AI,2,30,17,0.125,-0.125,0.25,0,threshold
AI,2,30,18,0.354166666667,-0.354166666667,0.491935483871,0,threshold
AI,2,30,19,0.375,-0.375,0.4,0,threshold
AI,2,30,20,0.0625,-0.0625,0.316666666667,0,threshold
AI,2,31,1,0.520833333333,0.3125,0.115079365079,1,threshold
AI,2,31,2,0.5,0.333333333333,0.1015625,1,threshold
AI,2,31,3,0.5,0.333333333333,0.1015625,1,threshold
AI,2,31,4,0.5,0.333333333333,0.1015625,1,threshold
AI,2,31,5,0.479166666667,0.354166666667,0.0961538461538,1,threshold
AI,2,31,6,0.5,0.333333333333,0.10546875,1,threshold
AI,2,31,7,0.510416666667,0.322916666667,0.108267716535,1,threshold
AI,2,31,8,0.510416666667,0.322916666667,0.104330708661,1,threshold
AI,2,31,9,0.46875,-0.46875,0.230392156863,0,threshold
AI,2,31,10,0.510416666667,0.322916666667,0.100393700787,1,threshold
AI,2,31,11,0.489583333333,0.34375,0.0988372093023,1,threshold
AI,2,31,12,0.489583333333,0.34375,0.0988372093023,1,threshold
AI,2,31,13,0.479166666667,0.354166666667,0.0961538461538,1,threshold
AI,2,31,14,0.479166666667,0.354166666667,0.0961538461538,1,threshold
AI,2,31,15,0.479166666667,0.354166666667,0.0961538461538,1,threshold
AI,2,31,16,0.479166666667,0.354166666667,0.0961538461538,1,threshold
AI,2,31,17,0.479166666667,0.354166666667,0.0961538461538,1,threshold
AI,2,31,18,0.479166666667,0.354166666667,0.0961538461538,1,threshold
AI,2,31,19,0.479166666667,0.354166666667,0.0961538461538,1,threshold
AI,2,31,20,0.479166666667,0.354166666667,0.0961538461538,1,threshold
AI,2,32,1,0.322916666667,-0.322916666667,0.426923076923,0,threshold
AI,2,32,2,0.416666666667,-0.416666666667,0.142857142857,0,threshold
AI,2,32,3,0.135416666667,-0.135416666667,0.388554216867,0,threshold
AI,2,32,4,0.03125,-0.03125,0.282258064516,0,threshold
AI,2,32,5,0.03125,-0.03125,0.282258064516,0,threshold
AI,2,32,6,0.0104166666667,-0.0104166666667,0.25,0,threshold
AI,2,32,7,0,0,0.25,0,threshold
AI,2,32,8,0,0,0.25,0,threshold
AI,2,32,9,0,0,0.25,0,threshold
AI,2,32,10,0,0,0.25,0,threshold
AI,2,32,11,0,0,0.25,0,threshold
AI,2,32,12,0,0,0.25,0,threshold
AI,2,32,13,0,0,0.25,0,threshold
AI,2,32,14,0,0,0.25,0,threshold
AI,2,32,15,0,0,0.25,0,threshold
AI,2,32,16,0,0,0.25,0,threshold
AI,2,32,17,0,0,0.25,0,threshold
AI,2,32,18,0,0,0.25,0,threshold
AI,2,32,19,0,0,0.25,0,threshold
AI,2,32,20,0,0,0.25,0,threshold
AI,2,33,1,0.552083333333,0.28125,0.0873983739837,1,threshold
AI,2,33,2,0.53125,0.302083333333,0.086,1,threshold
AI,2,33,3,0.520833333333,0.3125,0.0873015873016,1,threshold
AI,2,33,4,0.510416666667,0.322916666667,0.0925196850394,1,threshold
AI,2,33,5,0.53125,0.302083333333,0.086,1,threshold
AI,2,33,6,0.510416666667,0.322916666667,0.0925196850394,1,threshold
AI,2,33,7,0.5,0.333333333333,0.09765625,1,threshold
AI,2,33,8,0.53125,0.302083333333,0.086,1,threshold
AI,2,33,9,0.520833333333,0.3125,0.0873015873016,1,threshold
AI,2,33,10,0.510416666667,0.322916666667,0.0925196850394,1,threshold
AI,2,33,11,0.5,0.333333333333,0.09765625,1,threshold
AI,2,33,12,0.510416666667,0.322916666667,0.0925196850394,1,threshold
AI,2,33,13,0.5,0.333333333333,0.09375,1,threshold
AI,2,33,14,0.5,0.333333333333,0.09375,1,threshold
AI,2,33,15,0.5,0.333333333333,0.09375,1,threshold
AI,2,33,16,0.5,0.333333333333,0.09375,1,threshold
AI,2,33,17,0.5,0.333333333333,0.09375,1,threshold
AI,2,33,18,0.5,0.333333333333,0.09375,1,threshold
AI,2,33,19,0.5,0.333333333333,0.09375,1,threshold
AI,2,33,20,0.5,0.333333333333,0.09375,1,threshold
AI,2,34,1,0.479166666667,0.354166666667,0.0846153846154,1,threshold
AI,2,34,2,0.510416666667,0.322916666667,0.0925196850394,1,threshold
AI,2,34,3,0.510416666667,0.322916666667,0.0925196850394,1,threshold
AI,2,34,4,0.5,0.333333333333,0.09375,1,threshold
AI,2,34,5,0.5,0.333333333333,0.09375,1,threshold
AI,2,34,6,0.5,0.333333333333,0.09375,1,threshold
AI,2,34,7,0.5,0.333333333333,0.09375,1,threshold
AI,2,34,8,0.5,0.333333333333,0.09375,1,threshold
AI,2,34,9,0.5,0.333333333333,0.09375,1,threshold
AI,2,34,10,0.5,0.333333333333,0.09375,1,threshold
AI,2,34,11,0.5,0.333333333333,0.09375,1,threshold
AI,2,34,12,0.5,0.333333333333,0.09375,1,threshold
AI,2,34,13,0.5,0.333333333333,0.09375,1,threshold
AI,2,34,14,0.5,0.333333333333,0.09375,1,threshold
AI,2,34,15,0.5,0.333333333333,0.09375,1,threshold
AI,2,34,16,0.5,0.333333333333,0.09375,1,threshold
AI,2,34,17,0.5,0.333333333333,0.09375,1,threshold
AI,2,34,18,0.5,0.333333333333,0.09375,1,threshold
AI,2,34,19,0.5,0.333333333333,0.09375,1,threshold
AI,2,34,20,0.5,0.333333333333,0.09375,1,threshold
AI,2,35,1,0.520833333333,0.3125,0.0992063492063,1,threshold
AI,2,35,2,0.5,0.333333333333,0.08984375,1,threshold
AI,2,35,3,0.489583333333,0.34375,0.0833333333333,1,threshold
AI,2,35,4,0.489583333333,0.34375,0.0833333333333,1,threshold
AI,2,35,5,0.489583333333,0.34375,0.0833333333333,1,threshold
AI,2,35,6,0.489583333333,0.34375,0.0833333333333,1,threshold
AI,2,35,7,0.489583333333,0.34375,0.0833333333333,1,threshold
AI,2,35,8,0.3125,-0.3125,0.348484848485,0,threshold
AI,2,35,9,0.46875,0.364583333333,0.0591603053435,1,threshold
AI,2,35,10,0.5,0.333333333333,0.08984375,1,threshold
AI,2,35,11,0.489583333333,0.34375,0.0833333333333,1,threshold
AI,2,35,12,0.510416666667,0.322916666667,0.0767716535433,1,threshold
AI,2,35,13,0.479166666667,0.354166666667,0.0807692307692,1,threshold
AI,2,35,14,0.510416666667,0.322916666667,0.0767716535433,1,threshold
AI,2,35,15,0.489583333333,0.34375,0.0833333333333,1,threshold
AI,2,35,16,0.489583333333,0.34375,0.0833333333333,1,threshold
AI,2,35,17,0.5,0.333333333333,0.08203125,1,threshold
AI,2,35,18,0.489583333333,0.34375,0.0794573643411,1,threshold
AI,2,35,19,0.46875,-0.46875,0.191176470588,0,threshold
AI,2,35,20,0.291666666667,-0.291666666667,0.352941176471,0,threshold
AI,2,36,1,0.520833333333,-0.520833333333,0.402173913043,0,threshold
AI,2,36,2,0.479166666667,-0.479166666667,0.29,0,threshold
AI,2,36,3,0.5625,0.270833333333,0.151639344262,1,threshold
AI,2,36,4,0.541666666667,0.291666666667,0.137096774194,1,threshold
AI,2,36,5,0.541666666667,0.291666666667,0.137096774194,1,threshold
AI,2,36,6,0.5625,0.270833333333,0.143442622951,1,threshold
AI,2,36,7,0.5625,0.270833333333,0.143442622951,1,threshold
AI,2,36,8,0.520833333333,-0.520833333333,0.358695652174,0,threshold
AI,2,36,9,0.53125,-0.53125,0.361111111111,0,threshold
AI,2,36,10,0.541666666667,-0.541666666667,0.420454545455,0,threshold
AI,2,36,11,0.395833333333,-0.395833333333,0.543103448276,0,threshold
AI,2,36,12,0.0625,-0.0625,0.316666666667,0,threshold
AI,2,36,13,0.0520833333333,-0.0520833333333,0.304945054945,0,threshold
AI,2,36,14,0,0,0.25,0,threshold
AI,2,36,15,0.0833333333333,-0.0833333333333,0.340909090909,0,threshold
AI,2,36,16,0.03125,-0.03125,0.282258064516,0,threshold
AI,2,36,17,0.0625,-0.0625,0.316666666667,0,threshold
AI,2,36,18,0,0,0.25,0,threshold
AI,2,36,19,0.0208333333333,-0.0208333333333,0.271276595745,0,threshold
AI,2,36,20,0.0208333333333,-0.0208333333333,0.271276595745,0,threshold
AI,2,37,1,0.5625,0.270833333333,0.118852459016,1,threshold
AI,2,37,2,0.552083333333,0.28125,0.115853658537,1,threshold
AI,2,37,3,0.59375,0.239583333333,0.128151260504,1,threshold
AI,2,37,4,0.5625,0.270833333333,0.114754098361,1,threshold
AI,2,37,5,0.5625,0.270833333333,0.118852459016,1,threshold
AI,2,37,6,0.5625,0.270833333333,0.127049180328,1,threshold
AI,2,37,7,0.53125,0.302083333333,0.11,1,threshold
AI,2,37,8,0.510416666667,0.322916666667,0.100393700787,1,threshold
AI,2,37,9,0.5,0.333333333333,0.09375,1,threshold
AI,2,37,10,0.5,0.333333333333,0.09375,1,threshold
AI,2,37,11,0.5,0.333333333333,0.09375,1,threshold
AI,2,37,12,0.5,0.333333333333,0.09375,1,threshold
AI,2,37,13,0.5,0.333333333333,0.09375,1,threshold
AI,2,37,14,0.5,0.333333333333,0.09375,1,threshold
AI,2,37,15,0.5,0.333333333333,0.09375,1,threshold
AI,2,37,16,0.5,0.333333333333,0.09375,1,threshold
AI,2,37,17,0.5,0.333333333333,0.09375,1,threshold
AI,2,37,18,0.5,0.333333333333,0.09375,1,threshold
AI,2,37,19,0.5,0.333333333333,0.09375,1,threshold
AI,2,37,20,0.5,0.333333333333,0.09375,1,threshold
AI,2,38,1,0.333333333333,-0.333333333333,0.265625,0,threshold
AI,2,38,2,0.291666666667,-0.291666666667,0.294117647059,0,threshold
AI,2,38,3,0.125,-0.125,0.25,0,threshold
AI,2,38,4,0.166666666667,-0.166666666667,0.325,0,threshold
AI,2,38,5,0.104166666667,-0.104166666667,0.25,0,threshold
AI,2,38,6,0.1875,-0.1875,0.25,0,threshold
AI,2,38,7,0.4375,-0.4375,0.416666666667,0,threshold
AI,2,38,8,0.5,0.333333333333,0.125,1,threshold
AI,2,38,9,0.5625,0.270833333333,0.110655737705,1,threshold
AI,2,38,10,0.541666666667,0.291666666667,0.120967741935,1,threshold
AI,2,38,11,0.5,0.333333333333,0.1328125,1,threshold
AI,2,38,12,0.541666666667,0.291666666667,0.120967741935,1,threshold
AI,2,38,13,0.53125,0.302083333333,0.126,1,threshold
AI,2,38,14,0.447916666667,-0.447916666667,0.334905660377,0,threshold
AI,2,38,15,0.520833333333,0.3125,0.130952380952,1,threshold
AI,2,38,16,0.479166666667,0.354166666667,0.130769230769,1,threshold
AI,2,38,17,0.479166666667,0.354166666667,0.130769230769,1,threshold
AI,2,38,18,0.479166666667,0.354166666667,0.130769230769,1,threshold
AI,2,38,19,0.479166666667,0.354166666667,0.130769230769,1,threshold
AI,2,38,20,0.479166666667,0.354166666667,0.130769230769,1,threshold
AI,2,39,1,0.3125,-0.3125,0.386363636364,0,threshold
AI,2,39,2,0.416666666667,-0.416666666667,0.321428571429,0,threshold
AI,2,39,3,0.3125,-0.3125,0.386363636364,0,threshold
AI,2,39,4,0.3125,-0.3125,0.386363636364,0,threshold
AI,2,39,5,0.0625,-0.0625,0.316666666667,0,threshold
AI,2,39,6,0.0625,-0.0625,0.316666666667,0,threshold
AI,2,39,7,0.0625,-0.0625,0.316666666667,0,threshold
AI,2,39,8,0.0625,-0.0625,0.316666666667,0,threshold
AI,2,39,9,0.0625,-0.0625,0.316666666667,0,threshold
AI,2,39,10,0.0625,-0.0625,0.316666666667,0,threshold
AI,2,39,11,0,0,0.25,0,threshold
AI,2,39,12,0,0,0.25,0,threshold
AI,2,39,13,0,0,0.25,0,threshold
AI,2,39,14,0,0,0.25,0,threshold
AI,2,39,15,0,0,0.25,0,threshold
AI,2,39,16,0,0,0.25,0,threshold
AI,2,39,17,0,0,0.25,0,threshold
AI,2,39,18,0,0,0.25,0,threshold
AI,2,39,19,0,0,0.25,0,threshold
AI,2,39,20,0,0,0.25,0,threshold
AI,2,40,1,0.458333333333,-0.458333333333,0.269230769231,0,threshold
AI,2,40,2,0.541666666667,0.291666666667,0.129032258065,1,threshold
AI,2,40,3,0.520833333333,0.3125,0.115079365079,1,threshold
AI,2,40,4,0.520833333333,0.3125,0.115079365079,1,threshold
AI,2,40,5,0.5,0.333333333333,0.1015625,1,threshold
AI,2,40,6,0.5,0.333333333333,0.1015625,1,threshold
AI,2,40,7,0.5,0.333333333333,0.1015625,1,threshold
AI,2,40,8,0.5,0.333333333333,0.1015625,1,threshold
AI,2,40,9,0.5,0.333333333333,0.1015625,1,threshold
AI,2,40,10,0.5,0.333333333333,0.1015625,1,threshold
AI,2,40,11,0.5,0.333333333333,0.1015625,1,threshold
AI,2,40,12,0.5,0.333333333333,0.1015625,1,threshold
AI,2,40,13,0.5,0.333333333333,0.1015625,1,threshold
AI,2,40,14,0.5,0.333333333333,0.1015625,1,threshold
AI,2,40,15,0.5,0.333333333333,0.1015625,1,threshold
AI,2,40,16,0.5,0.333333333333,0.1015625,1,threshold
AI,2,40,17,0.5,0.333333333333,0.1015625,1,threshold
AI,2,40,18,0.5,0.333333333333,0.1015625,1,threshold
AI,2,40,19,0.5,0.333333333333,0.1015625,1,threshold
AI,2,40,20,0.5,0.333333333333,0.1015625,1,threshold
AI,2,41,1,0.229166666667,-0.229166666667,0.47972972973,0,threshold
AI,2,41,2,0.125,-0.125,0.392857142857,0,threshold
AI,2,41,3,0.125,-0.125,0.392857142857,0,threshold
AI,2,41,4,0.125,-0.125,0.392857142857,0,threshold
AI,2,41,5,0,0,0.25,0,threshold
AI,2,41,6,0,0,0.25,0,threshold
AI,2,41,7,0,0,0.25,0,threshold
AI,2,41,8,0,0,0.25,0,threshold
AI,2,41,9,0.104166666667,-0.104166666667,0.366279069767,0,threshold
AI,2,41,10,0.395833333333,-0.395833333333,0.543103448276,0,threshold
AI,2,41,11,0.395833333333,-0.395833333333,0.543103448276,0,threshold
AI,2,41,12,0.125,-0.125,0.392857142857,0,threshold
AI,2,41,13,0.125,-0.125,0.392857142857,0,threshold
AI,2,41,14,0,0,0.25,0,threshold
AI,2,41,15,0,0,0.25,0,threshold
AI,2,41,16,0,0,0.25,0,threshold
AI,2,41,17,0,0,0.25,0,threshold
AI,2,41,18,0,0,0.25,0,threshold
AI,2,41,19,0,0,0.25,0,threshold
AI,2,41,20,0,0,0.25,0,threshold
AI,2,42,1,0.541666666667,0.291666666667,0.145161290323,1,threshold
AI,2,42,2,0.53125,-0.53125,0.383333333333,0,threshold
AI,2,42,3,0.53125,-0.53125,0.383333333333,0,threshold
AI,2,42,4,0.541666666667,0.291666666667,0.141129032258,1,threshold
AI,2,42,5,0.53125,-0.53125,0.372222222222,0,threshold
AI,2,42,6,0.572916666667,0.260416666667,0.138429752066,1,threshold
AI,2,42,7,0.541666666667,0.291666666667,0.129032258065,1,threshold
AI,2,42,8,0.520833333333,0.3125,0.119047619048,1,threshold
AI,2,42,9,0.53125,0.302083333333,0.114,1,threshold
AI,2,42,10,0.510416666667,-0.510416666667,0.303191489362,0,threshold
AI,2,42,11,0.541666666667,0.291666666667,0.112903225806,1,threshold
AI,2,42,12,0.53125,0.302083333333,0.11,1,threshold
AI,2,42,13,0.520833333333,0.3125,0.103174603175,1,threshold
AI,2,42,14,0.520833333333,0.3125,0.103174603175,1,threshold
AI,2,42,15,0.5,0.333333333333,0.09375,1,threshold
AI,2,42,16,0.5,0.333333333333,0.09375,1,threshold
AI,2,42,17,0.5,0.333333333333,0.09375,1,threshold
AI,2,42,18,0.5,0.333333333333,0.09375,1,threshold
AI,2,42,19,0.5,0.333333333333,0.09375,1,threshold
AI,2,42,20,0.4375,-0.4375,0.194444444444,0,threshold
AI,2,43,1,0.40625,-0.40625,0.548245614035,0,threshold
AI,2,43,2,0.291666666667,-0.291666666667,0.397058823529,0,threshold
AI,2,43,3,0,0,0.25,0,threshold
AI,2,43,4,0,0,0.25,0,threshold
AI,2,43,5,0,0,0.25,0,threshold
AI,2,43,6,0.125,-0.125,0.392857142857,0,threshold
AI,2,43,7,0.229166666667,-0.229166666667,0.47972972973,0,threshold
AI,2,43,8,0.125,-0.125,0.392857142857,0,threshold
AI,2,43,9,0.125,-0.125,0.392857142857,0,threshold
AI,2,43,10,0.125,-0.125,0.392857142857,0,threshold
AI,2,43,11,0.125,-0.125,0.392857142857,0,threshold
AI,2,43,12,0.125,-0.125,0.392857142857,0,threshold
AI,2,43,13,0.125,-0.125,0.392857142857,0,threshold
AI,2,43,14,0,0,0.25,0,threshold
AI,2,43,15,0,0,0.25,0,threshold
AI,2,43,16,0,0,0.25,0,threshold
AI,2,43,17,0,0,0.25,0,threshold
AI,2,43,18,0,0,0.25,0,threshold
AI,2,43,19,0,0,0.25,0,threshold
AI,2,43,20,0,0,0.25,0,threshold
AI,2,44,1,0.5625,0.270833333333,0.143442622951,1,threshold
AI,2,44,2,0.5625,0.270833333333,0.143442622951,1,threshold
AI,2,44,3,0.5625,0.270833333333,0.143442622951,1,threshold
AI,2,44,4,0.479166666667,-0.479166666667,0.29,0,threshold
AI,2,44,5,0.385416666667,-0.385416666667,0.521186440678,0,threshold
AI,2,44,6,0.354166666667,-0.354166666667,0.491935483871,0,threshold
AI,2,44,7,0.354166666667,-0.354166666667,0.491935483871,0,threshold
AI,2,44,8,0.729166666667,0.104166666667,0.155660377358,1,threshold
AI,2,44,9,0.395833333333,-0.395833333333,0.215517241379,0,threshold
AI,2,44,10,0.541666666667,0.291666666667,0.145161290323,1,threshold
AI,2,44,11,0.541666666667,0.291666666667,0.145161290323,1,threshold
AI,2,44,12,0.53125,-0.53125,0.383333333333,0,threshold
AI,2,44,13,0.1875,-0.1875,0.442307692308,0,threshold
AI,2,44,14,0.291666666667,-0.291666666667,0.382352941176,0,threshold
AI,2,44,15,0.25,-0.25,0.333333333333,0,threshold
AI,2,44,16,0.25,-0.25,0.333333333333,0,threshold
AI,2,44,17,0.0625,-0.0625,0.316666666667,0,threshold
AI,2,44,18,0,0,0.25,0,threshold
AI,2,44,19,0,0,0.25,0,threshold
AI,2,44,20,0,0,0.25,0,threshold
AI,2,45,1,0.5625,0.270833333333,0.135245901639,1,threshold
AI,2,45,2,0.53125,0.302083333333,0.126,1,threshold
AI,2,45,3,0.354166666667,-0.354166666667,0.459677419355,0,threshold
AI,2,45,4,0.4375,-0.4375,0.194444444444,0,threshold
AI,2,45,5,0.3125,-0.3125,0.386363636364,0,threshold
AI,2,45,6,0.3125,-0.3125,0.386363636364,0,threshold
AI,2,45,7,0.458333333333,0.375,0.0757575757576,1,threshold
AI,2,45,8,0.520833333333,0.3125,0.107142857143,1,threshold
AI,2,45,9,0.5,0.333333333333,0.09375,1,threshold
AI,2,45,10,0.520833333333,0.3125,0.107142857143,1,threshold
AI,2,45,11,0.5,0.333333333333,0.09375,1,threshold
AI,2,45,12,0.5,0.333333333333,0.09375,1,threshold
AI,2,45,13,0.5,0.333333333333,0.09375,1,threshold
AI,2,45,14,0.5,0.333333333333,0.09375,1,threshold
AI,2,45,15,0.5,0.333333333333,0.09375,1,threshold
AI,2,45,16,0.5,0.333333333333,0.09375,1,threshold
AI,2,45,17,0.5,0.333333333333,0.09375,1,threshold
AI,2,45,18,0.520833333333,0.3125,0.107142857143,1,threshold
AI,2,45,19,0.5,0.333333333333,0.09375,1,threshold
AI,2,45,20,0.5,0.333333333333,0.09375,1,threshold
AI,2,46,1,0.5,0.333333333333,0.09375,1,threshold
AI,2,46,2,0.5,0.333333333333,0.09375,1,threshold
AI,2,46,3,0.5,0.333333333333,0.09375,1,threshold
AI,2,46,4,0.5,0.333333333333,0.09375,1,threshold
AI,2,46,5,0.5,0.333333333333,0.09375,1,threshold
AI,2,46,6,0.5,0.333333333333,0.09375,1,threshold
AI,2,46,7,0.5,0.333333333333,0.09375,1,threshold
AI,2,46,8,0.5,0.333333333333,0.09375,1,threshold
AI,2,46,9,0.5,0.333333333333,0.09375,1,threshold
AI,2,46,10,0.5,0.333333333333,0.09375,1,threshold
AI,2,46,11,0.5,0.333333333333,0.09375,1,threshold
AI,2,46,12,0.5,0.333333333333,0.09375,1,threshold
AI,2,46,13,0.5,0.333333333333,0.09375,1,threshold
AI,2,46,14,0.5,0.333333333333,0.09375,1,threshold
AI,2,46,15,0.5,0.333333333333,0.09375,1,threshold
AI,2,46,16,0.5,0.333333333333,0.09375,1,threshold
AI,2,46,17,0.5,0.333333333333,0.09375,1,threshold
AI,2,46,18,0.5,0.333333333333,0.09375,1,threshold
AI,2,46,19,0.5,0.333333333333,0.09375,1,threshold
AI,2,46,20,0.5,0.333333333333,0.09375,1,threshold
AI,2,47,1,0.09375,-0.09375,0.336206896552,0,threshold
AI,2,47,2,0.09375,-0.09375,0.336206896552,0,threshold
AI,2,47,3,0.03125,-0.03125,0.282258064516,0,threshold
AI,2,47,4,0.03125,-0.03125,0.282258064516,0,threshold
AI,2,47,5,0.03125,-0.03125,0.282258064516,0,threshold
AI,2,47,6,0.03125,-0.03125,0.282258064516,0,threshold
AI,2,47,7,0.03125,-0.03125,0.282258064516,0,threshold
AI,2,47,8,0.03125,-0.03125,0.282258064516,0,threshold
AI,2,47,9,0.03125,-0.03125,0.282258064516,0,threshold
AI,2,47,10,0.03125,-0.03125,0.282258064516,0,threshold
AI,2,47,11,0.03125,-0.03125,0.282258064516,0,threshold
AI,2,47,12,0.03125,-0.03125,0.282258064516,0,threshold
AI,2,47,13,0,0,0.25,0,threshold
AI,2,47,14,0,0,0.25,0,threshold
AI,2,47,15,0,0,0.25,0,threshold
AI,2,47,16,0,0,0.25,0,threshold
AI,2,47,17,0,0,0.25,0,threshold
AI,2,47,18,0,0,0.25,0,threshold
AI,2,47,19,0,0,0.25,0,threshold
AI,2,47,20,0,0,0.25,0,threshold
AI,2,48,1,0.479166666667,-0.479166666667,0.45,0,threshold
AI,2,48,2,0.510416666667,-0.510416666667,0.43085106383,0,threshold
AI,2,48,3,0.541666666667,0.291666666667,0.145161290323,1,threshold
AI,2,48,4,0.552083333333,0.28125,0.140243902439,1,threshold
AI,2,48,5,0.541666666667,0.291666666667,0.145161290323,1,threshold
AI,2,48,6,0.541666666667,0.291666666667,0.145161290323,1,threshold
AI,2,48,7,0.541666666667,0.291666666667,0.145161290323,1,threshold
AI,2,48,8,0.541666666667,0.291666666667,0.145161290323,1,threshold
AI,2,48,9,0.541666666667,0.291666666667,0.145161290323,1,threshold
AI,2,48,10,0.541666666667,0.291666666667,0.145161290323,1,threshold
AI,2,48,11,0.541666666667,0.291666666667,0.145161290323,1,threshold
AI,2,48,12,0.541666666667,0.291666666667,0.145161290323,1,threshold
AI,2,48,13,0.541666666667,0.291666666667,0.145161290323,1,threshold
AI,2,48,14,0.541666666667,0.291666666667,0.145161290323,1,threshold
AI,2,48,15,0.541666666667,0.291666666667,0.145161290323,1,threshold
AI,2,48,16,0.541666666667,0.291666666667,0.145161290323,1,threshold
AI,2,48,17,0.541666666667,0.291666666667,0.145161290323,1,threshold
AI,2,48,18,0.541666666667,0.291666666667,0.145161290323,1,threshold
AI,2,48,19,0.375,-0.375,0.5,0,threshold
AI,2,48,20,0.1875,-0.1875,0.442307692308,0,threshold
AI,2,49,1,0.239583333333,-0.239583333333,0.345890410959,0,threshold
AI,2,49,2,0.166666666667,-0.166666666667,0.25,0,threshold
AI,2,49,3,0,0,0.25,0,threshold
AI,2,49,4,0,0,0.25,0,threshold
AI,2,49,5,0,0,0.25,0,threshold
AI,2,49,6,0,0,0.25,0,threshold
AI,2,49,7,0,0,0.25,0,threshold
AI,2,49,8,0,0,0.25,0,threshold
AI,2,49,9,0,0,0.25,0,threshold
AI,2,49,10,0,0,0.25,0,threshold
AI,2,49,11,0,0,0.25,0,threshold
AI,2,49,12,0,0,0.25,0,threshold
AI,2,49,13,0,0,0.25,0,threshold
AI,2,49,14,0,0,0.25,0,threshold
AI,2,49,15,0,0,0.25,0,threshold
AI,2,49,16,0,0,0.25,0,threshold
AI,2,49,17,0,0,0.25,0,threshold
AI,2,49,18,0,0,0.25,0,threshold
AI,2,49,19,0,0,0.25,0,threshold
AI,2,49,20,0,0,0.25,0,threshold
AI,2,50,1,0.520833333333,0.3125,0.123015873016,1,threshold
AI,2,50,2,0.541666666667,0.291666666667,0.120967741935,1,threshold
AI,2,50,3,0.510416666667,-0.510416666667,0.335106382979,0,threshold
AI,2,50,4,0.53125,-0.53125,0.361111111111,0,threshold
AI,2,50,5,0.552083333333,0.28125,0.128048780488,1,threshold
AI,2,50,6,0.552083333333,0.28125,0.128048780488,1,threshold
AI,2,50,7,0.541666666667,0.291666666667,0.125,1,threshold
AI,2,50,8,0.53125,0.302083333333,0.118,1,threshold
AI,2,50,9,0.53125,0.302083333333,0.118,1,threshold
AI,2,50,10,0.53125,0.302083333333,0.118,1,threshold
AI,2,50,11,0.53125,0.302083333333,0.118,1,threshold
AI,2,50,12,0.53125,0.302083333333,0.118,1,threshold
AI,2,50,13,0.53125,0.302083333333,0.118,1,threshold
AI,2,50,14,0.53125,0.302083333333,0.118,1,threshold
AI,2,50,15,0.53125,0.302083333333,0.118,1,threshold
AI,2,50,16,0.53125,0.302083333333,0.118,1,threshold
AI,2,50,17,0.53125,0.302083333333,0.118,1,threshold
AI,2,50,18,0.53125,0.302083333333,0.118,1,threshold
AI,2,50,19,0.53125,0.302083333333,0.118,1,threshold
AI,2,50,20,0.520833333333,0.3125,0.115079365079,1,threshold
MI,1,1,1,0.416666666667,-0.416666666667,0.321428571429,0,threshold
MI,1,1,2,0.53125,0.302083333333,0.106,1,threshold
MI,1,1,3,0.53125,0.302083333333,0.114,1,threshold
MI,1,1,4,0.5,0.333333333333,0.09375,1,threshold
MI,1,1,5,0.5,0.333333333333,0.09375,1,threshold
MI,1,1,6,0.5,0.333333333333,0.09375,1,threshold
MI,1,1,7,0.5,0.333333333333,0.09375,1,threshold
MI,1,1,8,0.5,0.333333333333,0.09375,1,threshold
MI,1,1,9,0.5,0.333333333333,0.09375,1,threshold
MI,1,1,10,0.5,0.333333333333,0.09375,1,threshold
MI,1,1,11,0.5,0.333333333333,0.09375,1,threshold
MI,1,1,12,0.5,0.333333333333,0.09375,1,threshold
MI,1,1,13,0.5,0.333333333333,0.09375,1,threshold
MI,1,1,14,0.5,0.333333333333,0.09375,1,threshold
MI,1,1,15,0.5,0.333333333333,0.09375,1,threshold
MI,1,1,16,0.5,0.333333333333,0.09375,1,threshold
MI,1,1,17,0.5,0.333333333333,0.09375,1,threshold
MI,1,1,18,0.4375,-0.4375,0.194444444444,0,threshold
MI,1,1,19,0.4375,-0.4375,0.194444444444,0,threshold
MI,1,1,20,0.375,-0.375,0.1,0,threshold
MI,1,2,1,0.479166666667,-0.479166666667,0.27,0,threshold
MI,1,2,2,0.5625,0.270833333333,0.127049180328,1,threshold
MI,1,2,3,0.4375,0.395833333333,0.152985074627,1,threshold
MI,1,2,4,0.416666666667,-0.416666666667,0.348214285714,0,threshold
MI,1,2,5,0.53125,0.302083333333,0.13,1,threshold
MI,1,2,6,0.375,-0.375,0.316666666667,0,threshold
MI,1,2,7,0.354166666667,-0.354166666667,0.33064516129,0,threshold
MI,1,2,8,0.3125,-0.3125,0.204545454545,0,threshold
MI,1,2,9,0.28125,-0.28125,0.213768115942,0,threshold
MI,1,2,10,0.385416666667,0.447916666667,0.210431654676,1,threshold
MI,1,2,11,0.322916666667,-0.322916666667,0.411538461538,0,threshold
MI,1,2,12,0.34375,-0.34375,0.138888888889,0,threshold
MI,1,2,13,0.333333333333,-0.333333333333,0.375,0,threshold
MI,1,2,14,0.3125,-0.3125,0.356060606061,0,threshold
MI,1,2,15,0.4375,0.395833333333,0.160447761194,1,threshold
MI,1,2,16,0.385416666667,-0.385416666667,0.411016949153,0,threshold
MI,1,2,17,0.40625,-0.40625,0.364035087719,0,threshold
MI,1,2,18,0.34375,-0.34375,0.384920634921,0,threshold
MI,1,2,19,0.270833333333,-0.270833333333,0.192857142857,0,threshold
MI,1,2,20,0.0833333333333,-0.0833333333333,0.25,0,threshold
MI,1,3,1,0.572916666667,0.260416666667,0.109504132231,1,threshold
MI,1,3,2,0.572916666667,0.260416666667,0.105371900826,1,threshold
MI,1,3,3,0.572916666667,0.260416666667,0.105371900826,1,threshold
MI,1,3,4,0.40625,-0.40625,0.381578947368,0,threshold
MI,1,3,5,0.520833333333,0.3125,0.0952380952381,1,threshold
MI,1,3,6,0.541666666667,0.291666666667,0.100806451613,1,threshold
MI,1,3,7,0.53125,0.302083333333,0.094,1,threshold
MI,1,3,8,0.510416666667,0.322916666667,0.104330708661,1,threshold
MI,1,3,9,0.510416666667,0.322916666667,0.104330708661,1,threshold
MI,1,3,10,0.520833333333,0.3125,0.0992063492063,1,threshold
MI,1,3,11,0.5,0.333333333333,0.109375,1,threshold
MI,1,3,12,0.541666666667,0.291666666667,0.0887096774194,1,threshold
MI,1,3,13,0.489583333333,-0.489583333333,0.290816326531,0,threshold
MI,1,3,14,0.489583333333,-0.489583333333,0.270408163265,0,threshold
MI,1,3,15,0.552083333333,0.28125,0.0914634146341,1,threshold
MI,1,3,16,0.520833333333,0.3125,0.107142857143,1,threshold
MI,1,3,17,0.520833333333,0.3125,0.107142857143,1,threshold
MI,1,3,18,0.5,0.333333333333,0.10546875,1,threshold
MI,1,3,19,0.541666666667,0.291666666667,0.0887096774194,1,threshold
MI,1,3,20,0.5,0.333333333333,0.1015625,1,threshold
MI,1,4,1,0.145833333333,-0.145833333333,0.371951219512,0,threshold
MI,1,4,2,0.166666666667,-0.166666666667,0.35,0,threshold
MI,1,4,3,0.125,-0.125,0.291666666667,0,threshold
MI,1,4,4,0.0520833333333,-0.0520833333333,0.25,0,threshold
MI,1,4,5,0.0104166666667,-0.0104166666667,0.25,0,threshold
MI,1,4,6,0,0,0.25,0,threshold
MI,1,4,7,0,0,0.25,0,threshold
MI,1,4,8,0,0,0.25,0,threshold
MI,1,4,9,0,0,0.25,0,threshold
MI,1,4,10,0,0,0.25,0,threshold
MI,1,4,11,0.125,-0.125,0.392857142857,0,threshold
MI,1,4,12,0.125,-0.125,0.392857142857,0,threshold
MI,1,4,13,0,0,0.25,0,threshold
MI,1,4,14,0,0,0.25,0,threshold
MI,1,4,15,0,0,0.25,0,threshold
MI,1,4,16,0,0,0.25,0,threshold
MI,1,4,17,0,0,0.25,0,threshold
MI,1,4,18,0,0,0.25,0,threshold
MI,1,4,19,0,0,0.25,0,threshold
MI,1,4,20,0,0,0.25,0,threshold
MI,1,5,1,0.583333333333,0.25,0.133333333333,1,threshold
MI,1,5,2,0.510416666667,0.322916666667,0.0925196850394,1,threshold
MI,1,5,3,0.5,0.333333333333,0.09375,1,threshold
MI,1,5,4,0.5,0.333333333333,0.09375,1,threshold
MI,1,5,5,0.5,0.333333333333,0.09375,1,threshold
MI,1,5,6,0.5,0.333333333333,0.09375,1,threshold
MI,1,5,7,0.5,0.333333333333,0.09375,1,threshold
MI,1,5,8,0.5,0.333333333333,0.09375,1,threshold
MI,1,5,9,0.5,0.333333333333,0.09375,1,threshold
MI,1,5,10,0.5,0.333333333333,0.09375,1,threshold
MI,1,5,11,0.5,0.333333333333,0.09375,1,threshold
MI,1,5,12,0.5,0.333333333333,0.09375,1,threshold
MI,1,5,13,0.5,0.333333333333,0.09375,1,threshold
MI,1,5,14,0.5,0.333333333333,0.09375,1,threshold
MI,1,5,15,0.5,0.333333333333,0.09375,1,threshold
MI,1,5,16,0.5,0.333333333333,0.09375,1,threshold
MI,1,5,17,0.5,0.333333333333,0.09375,1,threshold
MI,1,5,18,0.5,0.333333333333,0.09375,1,threshold
MI,1,5,19,0.5,0.333333333333,0.09375,1,threshold
MI,1,5,20,0.5,0.333333333333,0.09375,1,threshold
MI,1,6,1,0.364583333333,-0.364583333333,0.159836065574,0,threshold
MI,1,6,2,0.4375,-0.4375,0.194444444444,0,threshold
MI,1,6,3,0.479166666667,-0.479166666667,0.21,0,threshold
MI,1,6,4,0.46875,-0.46875,0.200980392157,0,threshold
MI,1,6,5,0.4375,-0.4375,0.231481481481,0,threshold
MI,1,6,6,0.25,-0.25,0.354166666667,0,threshold
MI,1,6,7,0.03125,-0.03125,0.282258064516,0,threshold
MI,1,6,8,0.0520833333333,-0.0520833333333,0.25,0,threshold
MI,1,6,9,0,0,0.25,0,threshold
MI,1,6,10,0,0,0.25,0,threshold
MI,1,6,11,0,0,0.25,0,threshold
MI,1,6,12,0,0,0.25,0,threshold
MI,1,6,13,0,0,0.25,0,threshold
MI,1,6,14,0,0,0.25,0,threshold
MI,1,6,15,0,0,0.25,0,threshold
MI,1,6,16,0,0,0.25,0,threshold
MI,1,6,17,0,0,0.25,0,threshold
MI,1,6,18,0,0,0.25,0,threshold
MI,1,6,19,0,0,0.25,0,threshold
MI,1,6,20,0,0,0.25,0,threshold
MI,1,7,1,0.53125,-0.53125,0.216666666667,0,threshold
MI,1,7,2,0.53125,-0.53125,0.15,0,threshold
MI,1,7,3,0.5625,-0.5625,0.0595238095238,0,threshold
MI,1,7,4,0.5625,0.270833333333,0.0737704918033,1,threshold
MI,1,7,5,0.552083333333,-0.552083333333,0.191860465116,0,threshold
MI,1,7,6,0.5,-0.5,0.15625,0,threshold
MI,1,7,7,0.520833333333,-0.520833333333,0.152173913043,0,threshold
MI,1,7,8,0.34375,-0.34375,0.321428571429,0,threshold
MI,1,7,9,0.3125,-0.3125,0.318181818182,0,threshold
MI,1,7,10,0.291666666667,-0.291666666667,0.301470588235,0,threshold
MI,1,7,11,0.28125,-0.28125,0.29347826087,0,threshold
MI,1,7,12,0.28125,-0.28125,0.29347826087,0,threshold
MI,1,7,13,0.28125,-0.28125,0.29347826087,0,threshold
MI,1,7,14,0.28125,-0.28125,0.29347826087,0,threshold
MI,1,7,15,0.28125,-0.28125,0.29347826087,0,threshold
MI,1,7,16,0.28125,-0.28125,0.29347826087,0,threshold
MI,1,7,17,0.28125,-0.28125,0.29347826087,0,threshold
MI,1,7,18,0.28125,-0.28125,0.29347826087,0,threshold
MI,1,7,19,0.28125,-0.28125,0.29347826087,0,threshold
MI,1,7,20,0.28125,-0.28125,0.29347826087,0,threshold
MI,1,8,1,0.489583333333,0.34375,0.184108527132,1,threshold
MI,1,8,2,0.5,0.333333333333,0.171875,1,threshold
MI,1,8,3,0.479166666667,0.354166666667,0.173076923077,1,threshold
MI,1,8,4,0.458333333333,0.375,0.174242424242,1,threshold
MI,1,8,5,0.427083333333,0.40625,0.17962962963,1,threshold
MI,1,8,6,0.416666666667,0.416666666667,0.180147058824,1,threshold
MI,1,8,7,0.427083333333,0.40625,0.17962962963,1,threshold
MI,1,8,8,0.416666666667,0.416666666667,0.176470588235,1,threshold
MI,1,8,9,0.395833333333,0.4375,0.177536231884,1,threshold
MI,1,8,10,0.40625,0.427083333333,0.17700729927,1,threshold
MI,1,8,11,0.40625,0.427083333333,0.17700729927,1,threshold
MI,1,8,12,0.395833333333,0.4375,0.18115942029,1,threshold
MI,1,8,13,0.385416666667,0.447916666667,0.181654676259,1,threshold
MI,1,8,14,0.385416666667,0.447916666667,0.181654676259,1,threshold
MI,1,8,15,0.40625,0.427083333333,0.17700729927,1,threshold
MI,1,8,16,0.385416666667,0.447916666667,0.181654676259,1,threshold
MI,1,8,17,0.395833333333,0.4375,0.177536231884,1,threshold
MI,1,8,18,0.375,0.458333333333,0.182142857143,1,threshold
MI,1,8,19,0.385416666667,0.447916666667,0.181654676259,1,threshold
MI,1,8,20,0.385416666667,0.447916666667,0.181654676259,1,threshold
MI,1,9,1,0.479166666667,0.354166666667,0.165384615385,1,threshold
MI,1,9,2,0.4375,-0.4375,0.351851851852,0,threshold
MI,1,9,3,0.416666666667,-0.416666666667,0.294642857143,0,threshold
MI,1,9,4,0.385416666667,-0.385416666667,0.224576271186,0,threshold
MI,1,9,5,0.291666666667,-0.291666666667,0.161764705882,0,threshold
MI,1,9,6,0.145833333333,-0.145833333333,0.298780487805,0,threshold
MI,1,9,7,0.125,-0.125,0.25,0,threshold
MI,1,9,8,0,0,0.25,0,threshold
MI,1,9,9,0,0,0.25,0,threshold
MI,1,9,10,0,0,0.25,0,threshold
MI,1,9,11,0,0,0.25,0,threshold
MI,1,9,12,0,0,0.25,0,threshold
MI,1,9,13,0.125,-0.125,0.392857142857,0,threshold
MI,1,9,14,0.322916666667,-0.322916666667,0.45,0,threshold
MI,1,9,15,0.5,0.333333333333,0.140625,1,threshold
MI,1,9,16,0.489583333333,0.34375,0.114341085271,1,threshold
MI,1,9,17,0.5,0.333333333333,0.1171875,1,threshold
MI,1,9,18,0.5,0.333333333333,0.1171875,1,threshold
MI,1,9,19,0.489583333333,0.34375,0.114341085271,1,threshold
MI,1,9,20,0.5,0.333333333333,0.1171875,1,threshold
MI,1,10,1,0.427083333333,0.40625,0.164814814815,1,threshold
MI,1,10,2,0.4375,0.395833333333,0.164179104478,1,threshold
MI,1,10,3,0.40625,-0.40625,0.390350877193,0,threshold
MI,1,10,4,0.427083333333,0.40625,0.172222222222,1,threshold
MI,1,10,5,0.4375,0.395833333333,0.167910447761,1,threshold
MI,1,10,6,0.40625,-0.40625,0.390350877193,0,threshold
MI,1,10,7,0.364583333333,-0.364583333333,0.30737704918,0,threshold
MI,1,10,8,0.385416666667,-0.385416666667,0.275423728814,0,threshold
MI,1,10,9,0.40625,-0.40625,0.311403508772,0,threshold
MI,1,10,10,0.364583333333,-0.364583333333,0.30737704918,0,threshold
MI,1,10,11,0.322916666667,-0.322916666667,0.303846153846,0,threshold
MI,1,10,12,0.354166666667,-0.354166666667,0.411290322581,0,threshold
MI,1,10,13,0.458333333333,0.375,0.159090909091,1,threshold
MI,1,10,14,0.479166666667,0.354166666667,0.15,1,threshold
MI,1,10,15,0.447916666667,0.385416666667,0.15977443609,1,threshold
MI,1,10,16,0.447916666667,0.385416666667,0.15977443609,1,threshold
MI,1,10,17,0.4375,0.395833333333,0.160447761194,1,threshold
MI,1,10,18,0.333333333333,-0.333333333333,0.2578125,0,threshold
MI,1,10,19,0.25,-0.25,0.416666666667,0,threshold
MI,1,10,20,0.0416666666667,-0.0416666666667,0.29347826087,0,threshold
MI,1,11,1,0.604166666667,0.229166666667,0.152542372881,1,threshold
MI,1,11,2,0.53125,0.302083333333,0.102,1,threshold
MI,1,11,3,0.5625,0.270833333333,0.122950819672,1,threshold
MI,1,11,4,0.510416666667,-0.510416666667,0.271276595745,0,threshold
MI,1,11,5,0.53125,0.302083333333,0.094,1,threshold
MI,1,11,6,0.53125,0.302083333333,0.094,1,threshold
MI,1,11,7,0.53125,0.302083333333,0.094,1,threshold
MI,1,11,8,0.53125,0.302083333333,0.094,1,threshold
MI,1,11,9,0.520833333333,0.3125,0.0952380952381,1,threshold
MI,1,11,10,0.520833333333,0.3125,0.0952380952381,1,threshold
MI,1,11,11,0.520833333333,0.3125,0.0952380952381,1,threshold
MI,1,11,12,0.520833333333,0.3125,0.0952380952381,1,threshold
MI,1,11,13,0.520833333333,0.3125,0.0952380952381,1,threshold
MI,1,11,14,0.520833333333,0.3125,0.0952380952381,1,threshold
MI,1,11,15,0.520833333333,0.3125,0.0952380952381,1,threshold
MI,1,11,16,0.520833333333,0.3125,0.0952380952381,1,threshold
MI,1,11,17,0.520833333333,0.3125,0.0952380952381,1,threshold
MI,1,11,18,0.520833333333,0.3125,0.0952380952381,1,threshold
MI,1,11,19,0.520833333333,0.3125,0.0952380952381,1,threshold
MI,1,11,20,0.520833333333,0.3125,0.0952380952381,1,threshold
MI,1,12,1,0.427083333333,-0.427083333333,0.168181818182,0,threshold
MI,1,12,2,0.489583333333,-0.489583333333,0.239795918367,0,threshold
MI,1,12,3,0.5,-0.5,0.21875,0,threshold
MI,1,12,4,0.520833333333,0.3125,0.103174603175,1,threshold
MI,1,12,5,0.520833333333,0.3125,0.0952380952381,1,threshold
MI,1,12,6,0.479166666667,-0.479166666667,0.22,0,threshold
MI,1,12,7,0.541666666667,0.291666666667,0.0846774193548,1,threshold
MI,1,12,8,0.520833333333,0.3125,0.0833333333333,1,threshold
MI,1,12,9,0.53125,0.302083333333,0.09,1,threshold
MI,1,12,10,0.510416666667,-0.510416666667,0.228723404255,0,threshold
MI,1,12,11,0.541666666667,0.291666666667,0.0806451612903,1,threshold
MI,1,12,12,0.541666666667,0.291666666667,0.0927419354839,1,threshold
MI,1,12,13,0.53125,0.302083333333,0.094,1,threshold
MI,1,12,14,0.510416666667,-0.510416666667,0.228723404255,0,threshold
MI,1,12,15,0.552083333333,0.28125,0.0873983739837,1,threshold
MI,1,12,16,0.53125,0.302083333333,0.078,1,threshold
MI,1,12,17,0.53125,0.302083333333,0.078,1,threshold
MI,1,12,18,0.53125,0.302083333333,0.078,1,threshold
MI,1,12,19,0.541666666667,0.291666666667,0.0887096774194,1,threshold
MI,1,12,20,0.5,-0.5,0.197916666667,0,threshold
MI,1,13,1,0.375,-0.375,0.4,0,threshold
MI,1,13,2,0.34375,-0.34375,0.345238095238,0,threshold
MI,1,13,3,0.25,-0.25,0.25,0,threshold
MI,1,13,4,0.135416666667,-0.135416666667,0.231927710843,0,threshold
MI,1,13,5,0.03125,-0.03125,0.25,0,threshold
MI,1,13,6,0,0,0.25,0,threshold
MI,1,13,7,0,0,0.25,0,threshold
MI,1,13,8,0,0,0.25,0,threshold
MI,1,13,9,0,0,0.25,0,threshold
MI,1,13,10,0,0,0.25,0,threshold
MI,1,13,11,0,0,0.25,0,threshold
MI,1,13,12,0,0,0.25,0,threshold
MI,1,13,13,0,0,0.25,0,threshold
MI,1,13,14,0,0,0.25,0,threshold
MI,1,13,15,0,0,0.25,0,threshold
MI,1,13,16,0,0,0.25,0,threshold
MI,1,13,17,0,0,0.25,0,threshold
MI,1,13,18,0,0,0.25,0,threshold
MI,1,13,19,0,0,0.25,0,threshold
MI,1,13,20,0,0,0.25,0,threshold
MI,1,14,1,0.479166666667,-0.479166666667,0.23,0,threshold
MI,1,14,2,0.354166666667,-0.354166666667,0.379032258065,0,threshold
MI,1,14,3,0.354166666667,-0.354166666667,0.475806451613,0,threshold
MI,1,14,4,0.239583333333,-0.239583333333,0.304794520548,0,threshold
MI,1,14,5,0.197916666667,-0.197916666667,0.301948051948,0,threshold
MI,1,14,6,0.21875,-0.21875,0.33,0,threshold
MI,1,14,7,0.3125,-0.3125,0.386363636364,0,threshold
MI,1,14,8,0.5,0.333333333333,0.09375,1,threshold
MI,1,14,9,0.5,0.333333333333,0.09375,1,threshold
MI,1,14,10,0.5,0.333333333333,0.09375,1,threshold
MI,1,14,11,0.5,0.333333333333,0.09375,1,threshold
MI,1,14,12,0.5,0.333333333333,0.09375,1,threshold
MI,1,14,13,0.5,0.333333333333,0.09375,1,threshold
MI,1,14,14,0.5,0.333333333333,0.09375,1,threshold
MI,1,14,15,0.5,0.333333333333,0.09375,1,threshold
MI,1,14,16,0.5,0.333333333333,0.09375,1,threshold
MI,1,14,17,0.5,0.333333333333,0.09375,1,threshold
MI,1,14,18,0.5,0.333333333333,0.09375,1,threshold
MI,1,14,19,0.5,0.333333333333,0.09375,1,threshold
MI,1,14,20,0.5,0.333333333333,0.09375,1,threshold
MI,1,15,1,0.5,0.333333333333,0.1171875,1,threshold
MI,1,15,2,0.5,0.333333333333,0.11328125,1,threshold
MI,1,15,3,0.5,0.333333333333,0.11328125,1,threshold
MI,1,15,4,0.489583333333,0.34375,0.110465116279,1,threshold
MI,1,15,5,0.5,0.333333333333,0.11328125,1,threshold
MI,1,15,6,0.489583333333,0.34375,0.110465116279,1,threshold
MI,1,15,7,0.479166666667,-0.479166666667,0.27,0,threshold
MI,1,15,8,0.5,0.333333333333,0.11328125,1,threshold
MI,1,15,9,0.5,0.333333333333,0.11328125,1,threshold
MI,1,15,10,0.489583333333,0.34375,0.114341085271,1,threshold
MI,1,15,11,0.479166666667,0.354166666667,0.115384615385,1,threshold
MI,1,15,12,0.479166666667,0.354166666667,0.115384615385,1,threshold
MI,1,15,13,0.479166666667,0.354166666667,0.115384615385,1,threshold
MI,1,15,14,0.46875,0.364583333333,0.120229007634,1,threshold
MI,1,15,15,0.458333333333,0.375,0.121212121212,1,threshold
MI,1,15,16,0.458333333333,0.375,0.121212121212,1,threshold
MI,1,15,17,0.458333333333,0.375,0.121212121212,1,threshold
MI,1,15,18,0.458333333333,0.375,0.121212121212,1,threshold
MI,1,15,19,0.458333333333,0.375,0.121212121212,1,threshold
MI,1,15,20,0.458333333333,0.375,0.121212121212,1,threshold
MI,1,16,1,0.260416666667,-0.260416666667,0.341549295775,0,threshold
MI,1,16,2,0.25,-0.25,0.375,0,threshold
MI,1,16,3,0.333333333333,-0.333333333333,0.421875,0,threshold
MI,1,16,4,0.3125,-0.3125,0.386363636364,0,threshold
MI,1,16,5,0.3125,-0.3125,0.386363636364,0,threshold
MI,1,16,6,0.25,-0.25,0.333333333333,0,threshold
MI,1,16,7,0.0625,-0.0625,0.316666666667,0,threshold
MI,1,16,8,0,0,0.25,0,threshold
MI,1,16,9,0,0,0.25,0,threshold
MI,1,16,10,0.0625,-0.0625,0.316666666667,0,threshold
MI,1,16,11,0.25,-0.25,0.333333333333,0,threshold
MI,1,16,12,0.0625,-0.0625,0.316666666667,0,threshold
MI,1,16,13,0.0625,-0.0625,0.316666666667,0,threshold
MI,1,16,14,0,0,0.25,0,threshold
MI,1,16,15,0,0,0.25,0,threshold
MI,1,16,16,0,0,0.25,0,threshold
MI,1,16,17,0,0,0.25,0,threshold
MI,1,16,18,0,0,0.25,0,threshold
MI,1,16,19,0,0,0.25,0,threshold
MI,1,16,20,0,0,0.25,0,threshold
MI,1,17,1,0.604166666667,0.229166666667,0.0889830508475,1,threshold
MI,1,17,2,0.677083333333,0.15625,0.128378378378,1,threshold
MI,1,17,3,0.666666666667,0.166666666667,0.125,1,threshold
MI,1,17,4,0.479166666667,-0.479166666667,0.23,0,threshold
MI,1,17,5,0.552083333333,0.28125,0.0833333333333,1,threshold
MI,1,17,6,0.5,0.333333333333,0.109375,1,threshold
MI,1,17,7,0.604166666667,0.229166666667,0.0720338983051,1,threshold
MI,1,17,8,0.5,0.333333333333,0.109375,1,threshold
MI,1,17,9,0.5,0.333333333333,0.109375,1,threshold
MI,1,17,10,0.5,0.333333333333,0.109375,1,threshold
MI,1,17,11,0.5,0.333333333333,0.109375,1,threshold
MI,1,17,12,0.479166666667,-0.479166666667,0.31,0,threshold
MI,1,17,13,0.552083333333,0.28125,0.0833333333333,1,threshold
MI,1,17,14,0.53125,0.302083333333,0.094,1,threshold
MI,1,17,15,0.520833333333,0.3125,0.0992063492063,1,threshold
MI,1,17,16,0.510416666667,0.322916666667,0.100393700787,1,threshold
MI,1,17,17,0.510416666667,0.322916666667,0.100393700787,1,threshold
MI,1,17,18,0.5,0.333333333333,0.10546875,1,threshold
MI,1,17,19,0.5,0.333333333333,0.10546875,1,threshold
MI,1,17,20,0.489583333333,-0.489583333333,0.290816326531,0,threshold
MI,1,18,1,0.510416666667,0.322916666667,0.159448818898,1,threshold
MI,1,18,2,0.46875,0.364583333333,0.131679389313,1,threshold
MI,1,18,3,0.458333333333,-0.458333333333,0.317307692308,0,threshold
MI,1,18,4,0.46875,0.364583333333,0.12786259542,1,threshold
MI,1,18,5,0.489583333333,0.34375,0.118217054264,1,threshold
MI,1,18,6,0.447916666667,-0.447916666667,0.316037735849,0,threshold
MI,1,18,7,0.520833333333,0.3125,0.107142857143,1,threshold
MI,1,18,8,0.520833333333,0.3125,0.107142857143,1,threshold
MI,1,18,9,0.5,0.333333333333,0.10546875,1,threshold
MI,1,18,10,0.520833333333,0.3125,0.107142857143,1,threshold
MI,1,18,11,0.510416666667,0.322916666667,0.100393700787,1,threshold
MI,1,18,12,0.520833333333,0.3125,0.107142857143,1,threshold
MI,1,18,13,0.5,0.333333333333,0.09765625,1,threshold
MI,1,18,14,0.510416666667,0.322916666667,0.100393700787,1,threshold
MI,1,18,15,0.510416666667,0.322916666667,0.100393700787,1,threshold
MI,1,18,16,0.510416666667,0.322916666667,0.100393700787,1,threshold
MI,1,18,17,0.5,0.333333333333,0.09765625,1,threshold
MI,1,18,18,0.510416666667,0.322916666667,0.100393700787,1,threshold
MI,1,18,19,0.5,0.333333333333,0.09765625,1,threshold
MI,1,18,20,0.5,0.333333333333,0.09765625,1,threshold
MI,1,19,1,0.197916666667,-0.197916666667,0.451298701299,0,threshold
MI,1,19,2,0.177083333333,-0.177083333333,0.433544303797,0,threshold
MI,1,19,3,0.0729166666667,-0.0729166666667,0.328651685393,0,threshold
MI,1,19,4,0.0729166666667,-0.0729166666667,0.328651685393,0,threshold
MI,1,19,5,0,0,0.25,0,threshold
MI,1,19,6,0.0625,-0.0625,0.316666666667,0,threshold
MI,1,19,7,0.0625,-0.0625,0.316666666667,0,threshold
MI,1,19,8,0.0625,-0.0625,0.316666666667,0,threshold
MI,1,19,9,0,0,0.25,0,threshold
MI,1,19,10,0.0729166666667,-0.0729166666667,0.328651685393,0,threshold
MI,1,19,11,0.0729166666667,-0.0729166666667,0.328651685393,0,threshold
MI,1,19,12,0.0729166666667,-0.0729166666667,0.328651685393,0,threshold
MI,1,19,13,0.0520833333333,-0.0520833333333,0.304945054945,0,threshold
MI,1,19,14,0,0,0.25,0,threshold
MI,1,19,15,0,0,0.25,0,threshold
MI,1,19,16,0,0,0.25,0,threshold
MI,1,19,17,0,0,0.25,0,threshold
MI,1,19,18,0,0,0.25,0,threshold
MI,1,19,19,0,0,0.25,0,threshold
MI,1,19,20,0.125,-0.125,0.392857142857,0,threshold
MI,1,20,1,0.375,0.458333333333,0.214285714286,1,threshold
MI,1,20,2,0.354166666667,-0.354166666667,0.459677419355,0,threshold
MI,1,20,3,0.354166666667,-0.354166666667,0.459677419355,0,threshold
MI,1,20,4,0.1875,-0.1875,0.442307692308,0,threshold
MI,1,20,5,0.0625,-0.0625,0.316666666667,0,threshold
MI,1,20,6,0.125,-0.125,0.357142857143,0,threshold
MI,1,20,7,0.125,-0.125,0.357142857143,0,threshold
MI,1,20,8,0.0625,-0.0625,0.316666666667,0,threshold
MI,1,20,9,0,0,0.25,0,threshold
MI,1,20,10,0.125,-0.125,0.392857142857,0,threshold
MI,1,20,11,0.25,0.583333333333,0.236842105263,1,threshold
MI,1,20,12,0.375,0.458333333333,0.235714285714,1,threshold
MI,1,20,13,0.302083333333,0.53125,0.232993197279,1,threshold
MI,1,20,14,0.322916666667,0.510416666667,0.23275862069,1,threshold
MI,1,20,15,0.3125,0.520833333333,0.22602739726,1,threshold
MI,1,20,16,0.3125,0.520833333333,0.22602739726,1,threshold
MI,1,20,17,0.3125,0.520833333333,0.22602739726,1,threshold
MI,1,20,18,0.3125,0.520833333333,0.22602739726,1,threshold
MI,1,20,19,0.3125,0.520833333333,0.22602739726,1,threshold
MI,1,20,20,0.3125,0.520833333333,0.22602739726,1,threshold
MI,1,21,1,0.15625,-0.15625,0.416666666667,0,threshold
MI,1,21,2,0.0416666666667,-0.0416666666667,0.282608695652,0,threshold
MI,1,21,3,0.0416666666667,-0.0416666666667,0.282608695652,0,threshold
MI,1,21,4,0.09375,-0.09375,0.353448275862,0,threshold
MI,1,21,5,0.104166666667,-0.104166666667,0.25,0,threshold
MI,1,21,6,0.104166666667,-0.104166666667,0.25,0,threshold
MI,1,21,7,0.208333333333,-0.208333333333,0.381578947368,0,threshold
MI,1,21,8,0.208333333333,-0.208333333333,0.184210526316,0,threshold
MI,1,21,9,0.239583333333,-0.239583333333,0.407534246575,0,threshold
MI,1,21,10,0.322916666667,-0.322916666667,0.288461538462,0,threshold
MI,1,21,11,0.229166666667,-0.229166666667,0.364864864865,0,threshold
MI,1,21,12,0.03125,-0.03125,0.282258064516,0,threshold
MI,1,21,13,0.03125,-0.03125,0.282258064516,0,threshold
MI,1,21,14,0,0,0.25,0,threshold
MI,1,21,15,0,0,0.25,0,threshold
MI,1,21,16,0,0,0.25,0,threshold
MI,1,21,17,0,0,0.25,0,threshold
MI,1,21,18,0,0,0.25,0,threshold
MI,1,21,19,0,0,0.25,0,threshold
MI,1,21,20,0,0,0.25,0,threshold
MI,1,22,1,0.385416666667,-0.385416666667,0.309322033898,0,threshold
MI,1,22,2,0.40625,-0.40625,0.407894736842,0,threshold
MI,1,22,3,0.395833333333,0.4375,0.202898550725,1,threshold
MI,1,22,4,0.4375,-0.4375,0.37037037037,0,threshold
MI,1,22,5,0.53125,0.302083333333,0.114,1,threshold
MI,1,22,6,0.510416666667,0.322916666667,0.124015748031,1,threshold
MI,1,22,7,0.5,0.333333333333,0.1171875,1,threshold
MI,1,22,8,0.510416666667,0.322916666667,0.112204724409,1,threshold
MI,1,22,9,0.489583333333,-0.489583333333,0.280612244898,0,threshold
MI,1,22,10,0.46875,-0.46875,0.240196078431,0,threshold
MI,1,22,11,0.489583333333,-0.489583333333,0.260204081633,0,threshold
MI,1,22,12,0.40625,-0.40625,0.293859649123,0,threshold
MI,1,22,13,0.333333333333,-0.333333333333,0.4296875,0,threshold
MI,1,22,14,0.458333333333,-0.458333333333,0.192307692308,0,threshold
MI,1,22,15,0.604166666667,0.229166666667,0.0762711864407,1,threshold
MI,1,22,16,0.59375,0.239583333333,0.0945378151261,1,threshold
MI,1,22,17,0.541666666667,0.291666666667,0.100806451613,1,threshold
MI,1,22,18,0.53125,0.302083333333,0.102,1,threshold
MI,1,22,19,0.520833333333,0.3125,0.103174603175,1,threshold
MI,1,22,20,0.510416666667,0.322916666667,0.104330708661,1,threshold
MI,1,23,1,0.416666666667,-0.416666666667,0.303571428571,0,threshold
MI,1,23,2,0.520833333333,0.3125,0.0912698412698,1,threshold
MI,1,23,3,0.510416666667,0.322916666667,0.0925196850394,1,threshold
MI,1,23,4,0.5,0.333333333333,0.09375,1,threshold
MI,1,23,5,0.5,0.333333333333,0.09375,1,threshold
MI,1,23,6,0.5,0.333333333333,0.09375,1,threshold
MI,1,23,7,0.5,0.333333333333,0.09375,1,threshold
MI,1,23,8,0.5,0.333333333333,0.09375,1,threshold
MI,1,23,9,0.5,0.333333333333,0.09375,1,threshold
MI,1,23,10,0.5,0.333333333333,0.09375,1,threshold
MI,1,23,11,0.5,0.333333333333,0.09375,1,threshold
MI,1,23,12,0.5,0.333333333333,0.09375,1,threshold
MI,1,23,13,0.5,0.333333333333,0.09375,1,threshold
MI,1,23,14,0.5,0.333333333333,0.09375,1,threshold
MI,1,23,15,0.5,0.333333333333,0.09375,1,threshold
MI,1,23,16,0.5,0.333333333333,0.09375,1,threshold
MI,1,23,17,0.5,0.333333333333,0.09375,1,threshold
MI,1,23,18,0.5,0.333333333333,0.09375,1,threshold
MI,1,23,19,0.5,0.333333333333,0.09375,1,threshold
MI,1,23,20,0.5,0.333333333333,0.09375,1,threshold
MI,1,24,1,0.34375,-0.34375,0.448412698413,0,threshold
MI,1,24,2,0.270833333333,-0.270833333333,0.471428571429,0,threshold
MI,1,24,3,0.427083333333,0.40625,0.224074074074,1,threshold
MI,1,24,4,0.354166666667,0.479166666667,0.235915492958,1,threshold
MI,1,24,5,0.333333333333,0.5,0.236111111111,1,threshold
MI,1,24,6,0.25,0.583333333333,0.236842105263,1,threshold
MI,1,24,7,0.270833333333,0.5625,0.236666666667,1,threshold
MI,1,24,8,0.260416666667,0.572916666667,0.236754966887,1,threshold
MI,1,24,9,0.260416666667,0.572916666667,0.236754966887,1,threshold
MI,1,24,10,0.25,0.583333333333,0.236842105263,1,threshold
MI,1,24,11,0.25,0.583333333333,0.236842105263,1,threshold
MI,1,24,12,0.229166666667,-0.229166666667,0.47972972973,0,threshold
MI,1,24,13,0.354166666667,0.479166666667,0.207746478873,1,threshold
MI,1,24,14,0.34375,0.489583333333,0.218531468531,1,threshold
MI,1,24,15,0.25,-0.25,0.409722222222,0,threshold
MI,1,24,16,0.385416666667,0.447916666667,0.188848920863,1,threshold
MI,1,24,17,0.395833333333,0.4375,0.192028985507,1,threshold
MI,1,24,18,0.3125,-0.3125,0.378787878788,0,threshold
MI,1,24,19,0.458333333333,0.375,0.193181818182,1,threshold
MI,1,24,20,0.270833333333,-0.270833333333,0.364285714286,0,threshold
MI,1,25,1,0.604166666667,0.229166666667,0.0889830508475,1,threshold
MI,1,25,2,0.5625,0.270833333333,0.077868852459,1,threshold
MI,1,25,3,0.552083333333,0.28125,0.0752032520325,1,threshold
MI,1,25,4,0.53125,-0.53125,0.216666666667,0,threshold
MI,1,25,5,0.541666666667,-0.541666666667,0.193181818182,0,threshold
MI,1,25,6,0.5625,0.270833333333,0.0860655737705,1,threshold
MI,1,25,7,0.541666666667,0.291666666667,0.0766129032258,1,threshold
MI,1,25,8,0.520833333333,-0.520833333333,0.195652173913,0,threshold
MI,1,25,9,0.552083333333,0.28125,0.0752032520325,1,threshold
MI,1,25,10,0.541666666667,0.291666666667,0.0766129032258,1,threshold
MI,1,25,11,0.541666666667,0.291666666667,0.0806451612903,1,threshold
MI,1,25,12,0.510416666667,-0.510416666667,0.207446808511,0,threshold
MI,1,25,13,0.552083333333,0.28125,0.0792682926829,1,threshold
MI,1,25,14,0.541666666667,0.291666666667,0.0806451612903,1,threshold
MI,1,25,15,0.520833333333,0.3125,0.0833333333333,1,threshold
MI,1,25,16,0.53125,0.302083333333,0.086,1,threshold
MI,1,25,17,0.520833333333,0.3125,0.0833333333333,1,threshold
MI,1,25,18,0.53125,0.302083333333,0.086,1,threshold
MI,1,25,19,0.520833333333,0.3125,0.0873015873016,1,threshold
MI,1,25,20,0.520833333333,0.3125,0.0873015873016,1,threshold
MI,2,26,1,0.5,0.333333333333,0.09375,1,threshold
MI,2,26,2,0.5,0.333333333333,0.09375,1,threshold
MI,2,26,3,0.5,0.333333333333,0.09375,1,threshold
MI,2,26,4,0.5,0.333333333333,0.09375,1,threshold
MI,2,26,5,0.5,0.333333333333,0.09375,1,threshold
MI,2,26,6,0.5,0.333333333333,0.09375,1,threshold
MI,2,26,7,0.5,0.333333333333,0.09375,1,threshold
MI,2,26,8,0.5,0.333333333333,0.09375,1,threshold
MI,2,26,9,0.5,0.333333333333,0.09375,1,threshold
MI,2,26,10,0.5,0.333333333333,0.09375,1,threshold
MI,2,26,11,0.5,0.333333333333,0.09375,1,threshold
MI,2,26,12,0.5,0.333333333333,0.09375,1,threshold
MI,2,26,13,0.5,0.333333333333,0.09375,1,threshold
MI,2,26,14,0.5,0.333333333333,0.09375,1,threshold
MI,2,26,15,0.5,0.333333333333,0.09375,1,threshold
MI,2,26,16,0.5,0.333333333333,0.09375,1,threshold
MI,2,26,17,0.5,0.333333333333,0.09375,1,threshold
MI,2,26,18,0.5,0.333333333333,0.09375,1,threshold
MI,2,26,19,0.5,0.333333333333,0.09375,1,threshold
MI,2,26,20,0.5,0.333333333333,0.09375,1,threshold
MI,2,27,1,0.395833333333,-0.395833333333,0.405172413793,0,threshold
MI,2,27,2,0.4375,0.395833333333,0.160447761194,1,threshold
MI,2,27,3,0.4375,0.395833333333,0.152985074627,1,threshold
MI,2,27,4,0.375,-0.375,0.383333333333,0,threshold
MI,2,27,5,0.395833333333,-0.395833333333,0.370689655172,0,threshold
MI,2,27,6,0.395833333333,-0.395833333333,0.387931034483,0,threshold
MI,2,27,7,0.427083333333,0.40625,0.161111111111,1,threshold
MI,2,27,8,0.375,-0.375,0.383333333333,0,threshold
MI,2,27,9,0.40625,0.427083333333,0.162408759124,1,threshold
MI,2,27,10,0.375,-0.375,0.391666666667,0,threshold
MI,2,27,11,0.375,0.458333333333,0.175,1,threshold
MI,2,27,12,0.354166666667,-0.354166666667,0.403225806452,0,threshold
MI,2,27,13,0.34375,-0.34375,0.416666666667,0,threshold
MI,2,27,14,0.375,0.458333333333,0.192857142857,1,threshold
MI,2,27,15,0.364583333333,0.46875,0.182624113475,1,threshold
MI,2,27,16,0.34375,-0.34375,0.43253968254,0,threshold
MI,2,27,17,0.260416666667,-0.260416666667,0.320422535211,0,threshold
MI,2,27,18,0.197916666667,-0.197916666667,0.321428571429,0,threshold
MI,2,27,19,0,0,0.25,0,threshold
MI,2,27,20,0,0,0.25,0,threshold
MI,2,28,1,0.291666666667,-0.291666666667,0.470588235294,0,threshold
MI,2,28,2,0.291666666667,-0.291666666667,0.470588235294,0,threshold
MI,2,28,3,0.458333333333,0.375,0.19696969697,1,threshold
MI,2,28,4,0.375,-0.375,0.383333333333,0,threshold
MI,2,28,5,0.395833333333,0.4375,0.177536231884,1,threshold
MI,2,28,6,0.364583333333,-0.364583333333,0.389344262295,0,threshold
MI,2,28,7,0.291666666667,-0.291666666667,0.470588235294,0,threshold
MI,2,28,8,0.145833333333,-0.145833333333,0.298780487805,0,threshold
MI,2,28,9,0,0,0.25,0,threshold
MI,2,28,10,0,0,0.25,0,threshold
MI,2,28,11,0,0,0.25,0,threshold
MI,2,28,12,0.125,-0.125,0.392857142857,0,threshold
MI,2,28,13,0.0625,-0.0625,0.316666666667,0,threshold
MI,2,28,14,0.0625,-0.0625,0.316666666667,0,threshold
MI,2,28,15,0,0,0.25,0,threshold
MI,2,28,16,0,0,0.25,0,threshold
MI,2,28,17,0,0,0.25,0,threshold
MI,2,28,18,0,0,0.25,0,threshold
MI,2,28,19,0,0,0.25,0,threshold
MI,2,28,20,0,0,0.25,0,threshold
MI,2,29,1,0.40625,-0.40625,0.311403508772,0,threshold
MI,2,29,2,0.489583333333,0.34375,0.153100775194,1,threshold
MI,2,29,3,0.458333333333,0.375,0.155303030303,1,threshold
MI,2,29,4,0.416666666667,-0.416666666667,0.366071428571,0,threshold
MI,2,29,5,0.510416666667,0.322916666667,0.135826771654,1,threshold
MI,2,29,6,0.489583333333,0.34375,0.141472868217,1,threshold
MI,2,29,7,0.5,0.333333333333,0.1328125,1,threshold
MI,2,29,8,0.34375,-0.34375,0.43253968254,0,threshold
MI,2,29,9,0.479166666667,0.354166666667,0.165384615385,1,threshold
MI,2,29,10,0.46875,0.364583333333,0.158396946565,1,threshold
MI,2,29,11,0.46875,0.364583333333,0.158396946565,1,threshold
MI,2,29,12,0.4375,0.395833333333,0.152985074627,1,threshold
MI,2,29,13,0.479166666667,0.354166666667,0.134615384615,1,threshold
MI,2,29,14,0.46875,0.364583333333,0.143129770992,1,threshold
MI,2,29,15,0.458333333333,0.375,0.143939393939,1,threshold
MI,2,29,16,0.46875,0.364583333333,0.139312977099,1,threshold
MI,2,29,17,0.46875,0.364583333333,0.139312977099,1,threshold
MI,2,29,18,0.479166666667,0.354166666667,0.134615384615,1,threshold
MI,2,29,19,0.479166666667,0.354166666667,0.134615384615,1,threshold
MI,2,29,20,0.46875,0.364583333333,0.135496183206,1,threshold
MI,2,30,1,0.5625,0.270833333333,0.135245901639,1,threshold
MI,2,30,2,0.520833333333,0.3125,0.130952380952,1,threshold
MI,2,30,3,0.489583333333,0.34375,0.114341085271,1,threshold
MI,2,30,4,0.489583333333,0.34375,0.110465116279,1,threshold
MI,2,30,5,0.46875,-0.46875,0.279411764706,0,threshold
MI,2,30,6,0.520833333333,0.3125,0.107142857143,1,threshold
MI,2,30,7,0.489583333333,0.34375,0.110465116279,1,threshold
MI,2,30,8,0.5,0.333333333333,0.11328125,1,threshold
MI,2,30,9,0.479166666667,-0.479166666667,0.27,0,threshold
MI,2,30,10,0.489583333333,0.34375,0.110465116279,1,threshold
MI,2,30,11,0.489583333333,0.34375,0.110465116279,1,threshold
MI,2,30,12,0.489583333333,0.34375,0.110465116279,1,threshold
MI,2,30,13,0.46875,-0.46875,0.269607843137,0,threshold
MI,2,30,14,0.479166666667,0.354166666667,0.115384615385,1,threshold
MI,2,30,15,0.479166666667,0.354166666667,0.115384615385,1,threshold
MI,2,30,16,0.479166666667,0.354166666667,0.115384615385,1,threshold
MI,2,30,17,0.479166666667,0.354166666667,0.115384615385,1,threshold
MI,2,30,18,0.479166666667,0.354166666667,0.115384615385,1,threshold
MI,2,30,19,0.479166666667,0.354166666667,0.115384615385,1,threshold
MI,2,30,20,0.479166666667,0.354166666667,0.115384615385,1,threshold
MI,2,31,1,0.489583333333,-0.489583333333,0.219387755102,0,threshold
MI,2,31,2,0.677083333333,0.15625,0.132882882883,1,threshold
MI,2,31,3,0.635416666667,0.197916666667,0.15,1,threshold
MI,2,31,4,0.59375,0.239583333333,0.165966386555,1,threshold
MI,2,31,5,0.59375,0.239583333333,0.165966386555,1,threshold
MI,2,31,6,0.5625,0.270833333333,0.172131147541,1,threshold
MI,2,31,7,0.583333333333,0.25,0.170833333333,1,threshold
MI,2,31,8,0.510416666667,-0.510416666667,0.335106382979,0,threshold
MI,2,31,9,0.604166666667,0.229166666667,0.165254237288,1,threshold
MI,2,31,10,0.583333333333,0.25,0.175,1,threshold
MI,2,31,11,0.5625,0.270833333333,0.172131147541,1,threshold
MI,2,31,12,0.572916666667,0.260416666667,0.175619834711,1,threshold
MI,2,31,13,0.5625,0.270833333333,0.172131147541,1,threshold
MI,2,31,14,0.5625,0.270833333333,0.172131147541,1,threshold
MI,2,31,15,0.5625,0.270833333333,0.172131147541,1,threshold
MI,2,31,16,0.5625,0.270833333333,0.172131147541,1,threshold
MI,2,31,17,0.5625,0.270833333333,0.172131147541,1,threshold
MI,2,31,18,0.552083333333,0.28125,0.176829268293,1,threshold
MI,2,31,19,0.552083333333,0.28125,0.176829268293,1,threshold
MI,2,31,20,0.5625,0.270833333333,0.180327868852,1,threshold
MI,2,32,1,0.510416666667,0.322916666667,0.13188976378,1,threshold
MI,2,32,2,0.489583333333,0.34375,0.12984496124,1,threshold
MI,2,32,3,0.447916666667,-0.447916666667,0.316037735849,0,threshold
MI,2,32,4,0.322916666667,-0.322916666667,0.426923076923,0,threshold
MI,2,32,5,0.3125,-0.3125,0.424242424242,0,threshold
MI,2,32,6,0.46875,0.364583333333,0.158396946565,1,threshold
MI,2,32,7,0.447916666667,0.385416666667,0.144736842105,1,threshold
MI,2,32,8,0.447916666667,0.385416666667,0.144736842105,1,threshold
MI,2,32,9,0.447916666667,0.385416666667,0.144736842105,1,threshold
MI,2,32,10,0.447916666667,0.385416666667,0.144736842105,1,threshold
MI,2,32,11,0.427083333333,0.40625,0.153703703704,1,threshold
MI,2,32,12,0.427083333333,0.40625,0.153703703704,1,threshold
MI,2,32,13,0.416666666667,0.416666666667,0.154411764706,1,threshold
MI,2,32,14,0.416666666667,0.416666666667,0.154411764706,1,threshold
MI,2,32,15,0.416666666667,0.416666666667,0.154411764706,1,threshold
MI,2,32,16,0.416666666667,0.416666666667,0.154411764706,1,threshold
MI,2,32,17,0.416666666667,0.416666666667,0.154411764706,1,threshold
MI,2,32,18,0.416666666667,0.416666666667,0.154411764706,1,threshold
MI,2,32,19,0.416666666667,0.416666666667,0.154411764706,1,threshold
MI,2,32,20,0.416666666667,0.416666666667,0.154411764706,1,threshold
MI,2,33,1,0.5,0.333333333333,0.1015625,1,threshold
MI,2,33,2,0.46875,-0.46875,0.289215686275,0,threshold
MI,2,33,3,0.5,0.333333333333,0.12109375,1,threshold
MI,2,33,4,0.479166666667,0.354166666667,0.115384615385,1,threshold
MI,2,33,5,0.458333333333,-0.458333333333,0.307692307692,0,threshold
MI,2,33,6,0.5,0.333333333333,0.11328125,1,threshold
MI,2,33,7,0.489583333333,0.34375,0.118217054264,1,threshold
MI,2,33,8,0.489583333333,0.34375,0.122093023256,1,threshold
MI,2,33,9,0.46875,0.364583333333,0.120229007634,1,threshold
MI,2,33,10,0.46875,0.364583333333,0.12786259542,1,threshold
MI,2,33,11,0.458333333333,0.375,0.125,1,threshold
MI,2,33,12,0.458333333333,0.375,0.125,1,threshold
MI,2,33,13,0.458333333333,0.375,0.125,1,threshold
MI,2,33,14,0.458333333333,0.375,0.125,1,threshold
MI,2,33,15,0.458333333333,0.375,0.125,1,threshold
MI,2,33,16,0.458333333333,0.375,0.125,1,threshold
MI,2,33,17,0.458333333333,0.375,0.125,1,threshold
MI,2,33,18,0.458333333333,0.375,0.125,1,threshold
MI,2,33,19,0.458333333333,0.375,0.125,1,threshold
MI,2,33,20,0.458333333333,0.375,0.125,1,threshold
MI,2,34,1,0.364583333333,-0.364583333333,0.331967213115,0,threshold
MI,2,34,2,0.46875,0.364583333333,0.166030534351,1,threshold
MI,2,34,3,0.46875,0.364583333333,0.143129770992,1,threshold
MI,2,34,4,0.40625,-0.40625,0.355263157895,0,threshold
MI,2,34,5,0.447916666667,0.385416666667,0.148496240602,1,threshold
MI,2,34,6,0.4375,0.395833333333,0.152985074627,1,threshold
MI,2,34,7,0.427083333333,0.40625,0.153703703704,1,threshold
MI,2,34,8,0.447916666667,0.385416666667,0.152255639098,1,threshold
MI,2,34,9,0.395833333333,-0.395833333333,0.370689655172,0,threshold
MI,2,34,10,0.4375,0.395833333333,0.141791044776,1,threshold
MI,2,34,11,0.4375,0.395833333333,0.149253731343,1,threshold
MI,2,34,12,0.427083333333,0.40625,0.153703703704,1,threshold
MI,2,34,13,0.4375,0.395833333333,0.149253731343,1,threshold
MI,2,34,14,0.416666666667,0.416666666667,0.158088235294,1,threshold
MI,2,34,15,0.427083333333,0.40625,0.153703703704,1,threshold
MI,2,34,16,0.416666666667,0.416666666667,0.158088235294,1,threshold
MI,2,34,17,0.416666666667,0.416666666667,0.154411764706,1,threshold
MI,2,34,18,0.416666666667,0.416666666667,0.154411764706,1,threshold
MI,2,34,19,0.416666666667,0.416666666667,0.154411764706,1,threshold
MI,2,34,20,0.40625,-0.40625,0.381578947368,0,threshold
MI,2,35,1,0.447916666667,-0.447916666667,0.278301886792,0,threshold
MI,2,35,2,0.458333333333,-0.458333333333,0.269230769231,0,threshold
MI,2,35,3,0.510416666667,0.322916666667,0.120078740157,1,threshold
MI,2,35,4,0.5,0.333333333333,0.1171875,1,threshold
MI,2,35,5,0.489583333333,0.34375,0.110465116279,1,threshold
MI,2,35,6,0.489583333333,0.34375,0.110465116279,1,threshold
MI,2,35,7,0.489583333333,0.34375,0.110465116279,1,threshold
MI,2,35,8,0.489583333333,0.34375,0.110465116279,1,threshold
MI,2,35,9,0.479166666667,-0.479166666667,0.27,0,threshold
MI,2,35,10,0.5,0.333333333333,0.1015625,1,threshold
MI,2,35,11,0.5,0.333333333333,0.1015625,1,threshold
MI,2,35,12,0.5,0.333333333333,0.1015625,1,threshold
MI,2,35,13,0.5,0.333333333333,0.1015625,1,threshold
MI,2,35,14,0.5,0.333333333333,0.1015625,1,threshold
MI,2,35,15,0.5,0.333333333333,0.1015625,1,threshold
MI,2,35,16,0.5,0.333333333333,0.1015625,1,threshold
MI,2,35,17,0.5,0.333333333333,0.1015625,1,threshold
MI,2,35,18,0.5,0.333333333333,0.1015625,1,threshold
MI,2,35,19,0.5,0.333333333333,0.1015625,1,threshold
MI,2,35,20,0.5,0.333333333333,0.1015625,1,threshold
MI,2,36,1,0.260416666667,-0.260416666667,0.327464788732,0,threshold
MI,2,36,2,0.270833333333,-0.270833333333,0.328571428571,0,threshold
MI,2,36,3,0.0208333333333,-0.0208333333333,0.271276595745,0,threshold
MI,2,36,4,0,0,0.25,0,threshold
MI,2,36,5,0,0,0.25,0,threshold
MI,2,36,6,0,0,0.25,0,threshold
MI,2,36,7,0,0,0.25,0,threshold
MI,2,36,8,0,0,0.25,0,threshold
MI,2,36,9,0,0,0.25,0,threshold
MI,2,36,10,0,0,0.25,0,threshold
MI,2,36,11,0,0,0.25,0,threshold
MI,2,36,12,0,0,0.25,0,threshold
MI,2,36,13,0,0,0.25,0,threshold
MI,2,36,14,0,0,0.25,0,threshold
MI,2,36,15,0,0,0.25,0,threshold
MI,2,36,16,0,0,0.25,0,threshold
MI,2,36,17,0,0,0.25,0,threshold
MI,2,36,18,0,0,0.25,0,threshold
MI,2,36,19,0,0,0.25,0,threshold
MI,2,36,20,0,0,0.25,0,threshold
MI,2,37,1,0.520833333333,0.3125,0.0912698412698,1,threshold
MI,2,37,2,0.53125,0.302083333333,0.09,1,threshold
MI,2,37,3,0.5,0.333333333333,0.09375,1,threshold
MI,2,37,4,0.5,0.333333333333,0.09375,1,threshold
MI,2,37,5,0.5,0.333333333333,0.09375,1,threshold
MI,2,37,6,0.5,0.333333333333,0.09375,1,threshold
MI,2,37,7,0.5,0.333333333333,0.09375,1,threshold
MI,2,37,8,0.5,0.333333333333,0.09375,1,threshold
MI,2,37,9,0.5,0.333333333333,0.09375,1,threshold
MI,2,37,10,0.5,0.333333333333,0.09375,1,threshold
MI,2,37,11,0.5,0.333333333333,0.09375,1,threshold
MI,2,37,12,0.5,0.333333333333,0.09375,1,threshold
MI,2,37,13,0.5,0.333333333333,0.09375,1,threshold
MI,2,37,14,0.5,0.333333333333,0.09375,1,threshold
MI,2,37,15,0.5,0.333333333333,0.09375,1,threshold
MI,2,37,16,0.5,0.333333333333,0.09375,1,threshold
MI,2,37,17,0.5,0.333333333333,0.09375,1,threshold
MI,2,37,18,0.5,0.333333333333,0.09375,1,threshold
MI,2,37,19,0.5,0.333333333333,0.09375,1,threshold
MI,2,37,20,0.5,0.333333333333,0.09375,1,threshold
MI,2,38,1,0.510416666667,0.322916666667,0.183070866142,1,threshold
MI,2,38,2,0.416666666667,0.416666666667,0.183823529412,1,threshold
MI,2,38,3,0.375,0.458333333333,0.185714285714,1,threshold
MI,2,38,4,0.385416666667,0.447916666667,0.188848920863,1,threshold
MI,2,38,5,0.375,0.458333333333,0.185714285714,1,threshold
MI,2,38,6,0.385416666667,0.447916666667,0.188848920863,1,threshold
MI,2,38,7,0.375,0.458333333333,0.185714285714,1,threshold
MI,2,38,8,0.375,0.458333333333,0.185714285714,1,threshold
MI,2,38,9,0.385416666667,0.447916666667,0.188848920863,1,threshold
MI,2,38,10,0.375,0.458333333333,0.185714285714,1,threshold
MI,2,38,11,0.385416666667,0.447916666667,0.188848920863,1,threshold
MI,2,38,12,0.375,0.458333333333,0.185714285714,1,threshold
MI,2,38,13,0.375,0.458333333333,0.185714285714,1,threshold
MI,2,38,14,0.375,0.458333333333,0.185714285714,1,threshold
MI,2,38,15,0.375,0.458333333333,0.185714285714,1,threshold
MI,2,38,16,0.375,0.458333333333,0.185714285714,1,threshold
MI,2,38,17,0.375,0.458333333333,0.185714285714,1,threshold
MI,2,38,18,0.375,0.458333333333,0.185714285714,1,threshold
MI,2,38,19,0.375,0.458333333333,0.185714285714,1,threshold
MI,2,38,20,0.375,0.458333333333,0.185714285714,1,threshold
MI,2,39,1,0.416666666667,-0.416666666667,0.321428571429,0,threshold
MI,2,39,2,0.5,0.333333333333,0.1171875,1,threshold
MI,2,39,3,0.489583333333,0.34375,0.110465116279,1,threshold
MI,2,39,4,0.479166666667,-0.479166666667,0.27,0,threshold
MI,2,39,5,0.5,0.333333333333,0.10546875,1,threshold
MI,2,39,6,0.479166666667,-0.479166666667,0.25,0,threshold
MI,2,39,7,0.489583333333,-0.489583333333,0.260204081633,0,threshold
MI,2,39,8,0.510416666667,0.322916666667,0.100393700787,1,threshold
MI,2,39,9,0.5,0.333333333333,0.09375,1,threshold
MI,2,39,10,0.5,0.333333333333,0.09375,1,threshold
MI,2,39,11,0.5,0.333333333333,0.09375,1,threshold
MI,2,39,12,0.5,0.333333333333,0.09375,1,threshold
MI,2,39,13,0.5,0.333333333333,0.09375,1,threshold
MI,2,39,14,0.5,0.333333333333,0.09375,1,threshold
MI,2,39,15,0.5,0.333333333333,0.09375,1,threshold
MI,2,39,16,0.5,0.333333333333,0.09375,1,threshold
MI,2,39,17,0.5,0.333333333333,0.09375,1,threshold
MI,2,39,18,0.5,0.333333333333,0.09375,1,threshold
MI,2,39,19,0.5,0.333333333333,0.09375,1,threshold
MI,2,39,20,0.5,0.333333333333,0.09375,1,threshold
MI,2,40,1,0.416666666667,-0.416666666667,0.357142857143,0,threshold
MI,2,40,2,0.395833333333,-0.395833333333,0.353448275862,0,threshold
MI,2,40,3,0.40625,-0.40625,0.381578947368,0,threshold
MI,2,40,4,0.416666666667,0.416666666667,0.161764705882,1,threshold
MI,2,40,5,0.375,-0.375,0.316666666667,0,threshold
MI,2,40,6,0.458333333333,0.375,0.159090909091,1,threshold
MI,2,40,7,0.427083333333,0.40625,0.153703703704,1,threshold
MI,2,40,8,0.416666666667,0.416666666667,0.147058823529,1,threshold
MI,2,40,9,0.416666666667,0.416666666667,0.147058823529,1,threshold
MI,2,40,10,0.416666666667,0.416666666667,0.147058823529,1,threshold
MI,2,40,11,0.416666666667,0.416666666667,0.147058823529,1,threshold
MI,2,40,12,0.416666666667,0.416666666667,0.147058823529,1,threshold
MI,2,40,13,0.416666666667,0.416666666667,0.147058823529,1,threshold
MI,2,40,14,0.416666666667,0.416666666667,0.147058823529,1,threshold
MI,2,40,15,0.416666666667,0.416666666667,0.147058823529,1,threshold
MI,2,40,16,0.416666666667,0.416666666667,0.147058823529,1,threshold
MI,2,40,17,0.416666666667,0.416666666667,0.147058823529,1,threshold
MI,2,40,18,0.416666666667,0.416666666667,0.147058823529,1,threshold
MI,2,40,19,0.416666666667,0.416666666667,0.147058823529,1,threshold
MI,2,40,20,0.416666666667,0.416666666667,0.147058823529,1,threshold
MI,2,41,1,0.3125,-0.3125,0.25,0,threshold
MI,2,41,2,0.4375,-0.4375,0.361111111111,0,threshold
MI,2,41,3,0.270833333333,-0.270833333333,0.421428571429,0,threshold
MI,2,41,4,0.375,-0.375,0.25,0,threshold
MI,2,41,5,0.291666666667,-0.291666666667,0.161764705882,0,threshold
MI,2,41,6,0.270833333333,-0.270833333333,0.178571428571,0,threshold
MI,2,41,7,0,0,0.25,0,threshold
MI,2,41,8,0,0,0.25,0,threshold
MI,2,41,9,0,0,0.25,0,threshold
MI,2,41,10,0,0,0.25,0,threshold
MI,2,41,11,0,0,0.25,0,threshold
MI,2,41,12,0,0,0.25,0,threshold
MI,2,41,13,0,0,0.25,0,threshold
MI,2,41,14,0,0,0.25,0,threshold
MI,2,41,15,0,0,0.25,0,threshold
MI,2,41,16,0,0,0.25,0,threshold
MI,2,41,17,0,0,0.25,0,threshold
MI,2,41,18,0,0,0.25,0,threshold
MI,2,41,19,0,0,0.25,0,threshold
MI,2,41,20,0,0,0.25,0,threshold
MI,2,42,1,0.177083333333,-0.177083333333,0.414556962025,0,threshold
MI,2,42,2,0.270833333333,-0.270833333333,0.464285714286,0,threshold
MI,2,42,3,0.59375,0.239583333333,0.233193277311,1,threshold
MI,2,42,4,0.416666666667,0.416666666667,0.220588235294,1,threshold
MI,2,42,5,0.302083333333,-0.302083333333,0.481343283582,0,threshold
MI,2,42,6,0.208333333333,-0.208333333333,0.460526315789,0,threshold
MI,2,42,7,0.25,-0.25,0.486111111111,0,threshold
MI,2,42,8,0.270833333333,0.5625,0.236666666667,1,threshold
MI,2,42,9,0.270833333333,0.5625,0.236666666667,1,threshold
MI,2,42,10,0.260416666667,0.572916666667,0.236754966887,1,threshold
MI,2,42,11,0.25,0.583333333333,0.236842105263,1,threshold
MI,2,42,12,0.25,0.583333333333,0.236842105263,1,threshold
MI,2,42,13,0.25,0.583333333333,0.236842105263,1,threshold
MI,2,42,14,0.25,0.583333333333,0.236842105263,1,threshold
MI,2,42,15,0.25,0.583333333333,0.236842105263,1,threshold
MI,2,42,16,0.25,0.583333333333,0.236842105263,1,threshold
MI,2,42,17,0.25,0.583333333333,0.236842105263,1,threshold
MI,2,42,18,0.25,0.583333333333,0.236842105263,1,threshold
MI,2,42,19,0.25,0.583333333333,0.236842105263,1,threshold
MI,2,42,20,0.25,0.583333333333,0.236842105263,1,threshold
MI,2,43,1,0.510416666667,0.322916666667,0.175196850394,1,threshold
MI,2,43,2,0.489583333333,0.34375,0.176356589147,1,threshold
MI,2,43,3,0.416666666667,-0.416666666667,0.392857142857,0,threshold
MI,2,43,4,0.447916666667,0.385416666667,0.15977443609,1,threshold
MI,2,43,5,0.427083333333,-0.427083333333,0.386363636364,0,threshold
MI,2,43,6,0.447916666667,0.385416666667,0.15977443609,1,threshold
MI,2,43,7,0.447916666667,0.385416666667,0.15977443609,1,threshold
MI,2,43,8,0.447916666667,0.385416666667,0.15977443609,1,threshold
MI,2,43,9,0.447916666667,0.385416666667,0.15977443609,1,threshold
MI,2,43,10,0.447916666667,0.385416666667,0.15977443609,1,threshold
MI,2,43,11,0.447916666667,0.385416666667,0.15977443609,1,threshold
MI,2,43,12,0.447916666667,0.385416666667,0.15977443609,1,threshold
MI,2,43,13,0.458333333333,0.375,0.155303030303,1,threshold
MI,2,43,14,0.4375,0.395833333333,0.152985074627,1,threshold
MI,2,43,15,0.4375,0.395833333333,0.152985074627,1,threshold
MI,2,43,16,0.447916666667,0.385416666667,0.148496240602,1,threshold
MI,2,43,17,0.447916666667,0.385416666667,0.148496240602,1,threshold
MI,2,43,18,0.4375,0.395833333333,0.152985074627,1,threshold
MI,2,43,19,0.4375,0.395833333333,0.152985074627,1,threshold
MI,2,43,20,0.4375,0.395833333333,0.152985074627,1,threshold
MI,2,44,1,0.479166666667,-0.479166666667,0.21,0,threshold
MI,2,44,2,0.541666666667,0.291666666667,0.0806451612903,1,threshold
MI,2,44,3,0.541666666667,0.291666666667,0.0806451612903,1,threshold
MI,2,44,4,0.520833333333,-0.520833333333,0.228260869565,0,threshold
MI,2,44,5,0.552083333333,0.28125,0.0833333333333,1,threshold
MI,2,44,6,0.552083333333,0.28125,0.0833333333333,1,threshold
MI,2,44,7,0.520833333333,0.3125,0.0873015873016,1,threshold
MI,2,44,8,0.489583333333,-0.489583333333,0.239795918367,0,threshold
MI,2,44,9,0.5,0.333333333333,0.09375,1,threshold
MI,2,44,10,0.5,0.333333333333,0.09375,1,threshold
MI,2,44,11,0.5,0.333333333333,0.09375,1,threshold
MI,2,44,12,0.5,0.333333333333,0.09375,1,threshold
MI,2,44,13,0.5,0.333333333333,0.09375,1,threshold
MI,2,44,14,0.5,0.333333333333,0.09375,1,threshold
MI,2,44,15,0.5,0.333333333333,0.09375,1,threshold
MI,2,44,16,0.5,0.333333333333,0.09375,1,threshold
MI,2,44,17,0.5,0.333333333333,0.09375,1,threshold
MI,2,44,18,0.5,0.333333333333,0.09375,1,threshold
MI,2,44,19,0.5,0.333333333333,0.09375,1,threshold
MI,2,44,20,0.5,0.333333333333,0.09375,1,threshold
MI,2,45,1,0.635416666667,0.197916666667,0.128260869565,1,threshold
MI,2,45,2,0.572916666667,0.260416666667,0.0847107438017,1,threshold
MI,2,45,3,0.510416666667,-0.510416666667,0.207446808511,0,threshold
MI,2,45,4,0.520833333333,-0.520833333333,0.195652173913,0,threshold
MI,2,45,5,0.59375,0.239583333333,0.11974789916,1,threshold
MI,2,45,6,0.572916666667,0.260416666667,0.130165289256,1,threshold
MI,2,45,7,0.489583333333,-0.489583333333,0.209183673469,0,threshold
MI,2,45,8,0.5,-0.5,0.21875,0,threshold
MI,2,45,9,0.385416666667,-0.385416666667,0.495762711864,0,threshold
MI,2,45,10,0.395833333333,0.4375,0.213768115942,1,threshold
MI,2,45,11,0.4375,0.395833333333,0.227611940299,1,threshold
MI,2,45,12,0.416666666667,0.416666666667,0.220588235294,1,threshold
MI,2,45,13,0.385416666667,-0.385416666667,0.478813559322,0,threshold
MI,2,45,14,0.385416666667,-0.385416666667,0.495762711864,0,threshold
MI,2,45,15,0.302083333333,-0.302083333333,0.339552238806,0,threshold
MI,2,45,16,0.125,-0.125,0.392857142857,0,threshold
MI,2,45,17,0.125,-0.125,0.392857142857,0,threshold
MI,2,45,18,0,0,0.25,0,threshold
MI,2,45,19,0.0416666666667,-0.0416666666667,0.29347826087,0,threshold
MI,2,45,20,0,0,0.25,0,threshold
MI,2,46,1,0.333333333333,-0.333333333333,0.390625,0,threshold
MI,2,46,2,0.333333333333,-0.333333333333,0.390625,0,threshold
MI,2,46,3,0.364583333333,-0.364583333333,0.446721311475,0,threshold
MI,2,46,4,0.416666666667,0.416666666667,0.216911764706,1,threshold
MI,2,46,5,0.40625,0.427083333333,0.173357664234,1,threshold
MI,2,46,6,0.385416666667,-0.385416666667,0.385593220339,0,threshold
MI,2,46,7,0.270833333333,-0.270833333333,0.457142857143,0,threshold
MI,2,46,8,0.354166666667,0.479166666667,0.18661971831,1,threshold
MI,2,46,9,0.364583333333,0.46875,0.182624113475,1,threshold
MI,2,46,10,0.385416666667,0.447916666667,0.181654676259,1,threshold
MI,2,46,11,0.354166666667,-0.354166666667,0.411290322581,0,threshold
MI,2,46,12,0.427083333333,0.40625,0.187037037037,1,threshold
MI,2,46,13,0.385416666667,0.447916666667,0.185251798561,1,threshold
MI,2,46,14,0.364583333333,-0.364583333333,0.41393442623,0,threshold
MI,2,46,15,0.28125,-0.28125,0.452898550725,0,threshold
MI,2,46,16,0.260416666667,-0.260416666667,0.475352112676,0,threshold
MI,2,46,17,0.135416666667,-0.135416666667,0.346385542169,0,threshold
MI,2,46,18,0.135416666667,-0.135416666667,0.346385542169,0,threshold
MI,2,46,19,0,0,0.25,0,threshold
MI,2,46,20,0,0,0.25,0,threshold
MI,2,47,1,0.552083333333,0.28125,0.140243902439,1,threshold
MI,2,47,2,0.520833333333,0.3125,0.123015873016,1,threshold
MI,2,47,3,0.5,0.333333333333,0.11328125,1,threshold
MI,2,47,4,0.520833333333,0.3125,0.123015873016,1,threshold
MI,2,47,5,0.489583333333,0.34375,0.114341085271,1,threshold
MI,2,47,6,0.541666666667,0.291666666667,0.112903225806,1,threshold
MI,2,47,7,0.479166666667,-0.479166666667,0.28,0,threshold
MI,2,47,8,0.53125,0.302083333333,0.106,1,threshold
MI,2,47,9,0.510416666667,0.322916666667,0.108267716535,1,threshold
MI,2,47,10,0.510416666667,0.322916666667,0.108267716535,1,threshold
MI,2,47,11,0.5,0.333333333333,0.109375,1,threshold
MI,2,47,12,0.520833333333,0.3125,0.107142857143,1,threshold
MI,2,47,13,0.489583333333,-0.489583333333,0.260204081633,0,threshold
MI,2,47,14,0.5,0.333333333333,0.10546875,1,threshold
MI,2,47,15,0.510416666667,0.322916666667,0.100393700787,1,threshold
MI,2,47,16,0.489583333333,0.34375,0.110465116279,1,threshold
MI,2,47,17,0.5,0.333333333333,0.11328125,1,threshold
MI,2,47,18,0.5,0.333333333333,0.11328125,1,threshold
MI,2,47,19,0.510416666667,0.322916666667,0.108267716535,1,threshold
MI,2,47,20,0.489583333333,0.34375,0.110465116279,1,threshold
MI,2,48,1,0.291666666667,-0.291666666667,0.367647058824,0,threshold
MI,2,48,2,0.302083333333,-0.302083333333,0.376865671642,0,threshold
MI,2,48,3,0.09375,-0.09375,0.353448275862,0,threshold
MI,2,48,4,0.0729166666667,-0.0729166666667,0.328651685393,0,threshold
MI,2,48,5,0,0,0.25,0,threshold
MI,2,48,6,0.0208333333333,-0.0208333333333,0.271276595745,0,threshold
MI,2,48,7,0.1875,-0.1875,0.25,0,threshold
MI,2,48,8,0.239583333333,-0.239583333333,0.318493150685,0,threshold
MI,2,48,9,0.239583333333,-0.239583333333,0.318493150685,0,threshold
MI,2,48,10,0,0,0.25,0,threshold
MI,2,48,11,0,0,0.25,0,threshold
MI,2,48,12,0,0,0.25,0,threshold
MI,2,48,13,0,0,0.25,0,threshold
MI,2,48,14,0,0,0.25,0,threshold
MI,2,48,15,0,0,0.25,0,threshold
MI,2,48,16,0,0,0.25,0,threshold
MI,2,48,17,0,0,0.25,0,threshold
MI,2,48,18,0,0,0.25,0,threshold
MI,2,48,19,0,0,0.25,0,threshold
MI,2,48,20,0,0,0.25,0,threshold
MI,2,49,1,0.489583333333,-0.489583333333,0.239795918367,0,threshold
MI,2,49,2,0.5,0.333333333333,0.09375,1,threshold
MI,2,49,3,0.5,0.333333333333,0.09375,1,threshold
MI,2,49,4,0.5,0.333333333333,0.09375,1,threshold
MI,2,49,5,0.5,0.333333333333,0.09375,1,threshold
MI,2,49,6,0.5,0.333333333333,0.09375,1,threshold
MI,2,49,7,0.5,0.333333333333,0.09375,1,threshold
MI,2,49,8,0.5,0.333333333333,0.09375,1,threshold
MI,2,49,9,0.5,0.333333333333,0.09375,1,threshold
MI,2,49,10,0.5,0.333333333333,0.09375,1,threshold
MI,2,49,11,0.5,0.333333333333,0.09375,1,threshold
MI,2,49,12,0.5,0.333333333333,0.09375,1,threshold
MI,2,49,13,0.5,0.333333333333,0.09375,1,threshold
MI,2,49,14,0.5,0.333333333333,0.09375,1,threshold
MI,2,49,15,0.5,0.333333333333,0.09375,1,threshold
MI,2,49,16,0.5,0.333333333333,0.09375,1,threshold
MI,2,49,17,0.5,0.333333333333,0.09375,1,threshold
MI,2,49,18,0.5,0.333333333333,0.09375,1,threshold
MI,2,49,19,0.5,0.333333333333,0.09375,1,threshold
MI,2,49,20,0.5,0.333333333333,0.09375,1,threshold
MI,2,50,1,0.364583333333,-0.364583333333,0.47131147541,0,threshold
MI,2,50,2,0.239583333333,-0.239583333333,0.291095890411,0,threshold
MI,2,50,3,0.229166666667,-0.229166666667,0.371621621622,0,threshold
MI,2,50,4,0.364583333333,-0.364583333333,0.25,0,threshold
MI,2,50,5,0.395833333333,-0.395833333333,0.336206896552,0,threshold
MI,2,50,6,0.177083333333,-0.177083333333,0.319620253165,0,threshold
MI,2,50,7,0,0,0.25,0,threshold
MI,2,50,8,0,0,0.25,0,threshold
MI,2,50,9,0.03125,-0.03125,0.282258064516,0,threshold
MI,2,50,10,0,0,0.25,0,threshold
MI,2,50,11,0,0,0.25,0,threshold
MI,2,50,12,0,0,0.25,0,threshold
MI,2,50,13,0,0,0.25,0,threshold
MI,2,50,14,0,0,0.25,0,threshold
MI,2,50,15,0.125,-0.125,0.392857142857,0,threshold
MI,2,50,16,0.3125,-0.3125,0.431818181818,0,threshold
MI,2,50,17,0.385416666667,-0.385416666667,0.368644067797,0,threshold
MI,2,50,18,0.333333333333,-0.333333333333,0.25,0,threshold
MI,2,50,19,0.125,-0.125,0.392857142857,0,threshold
MI,2,50,20,0.354166666667,0.479166666667,0.235915492958,1,threshold
