seed,step,window_steps,group_relative_contribution,surplus,gini,success,acceptance_rate,experiment,game,treatment,steps,burn_in,thin,rounds,levels,beta,gamma,selection,initial,signal,diagnostic_every
2026100700,250,250,0.582822916667,0.200010416667,0.0448077924178,0.9394,0.072,baseline,threshold,FE,6000,2000,100,20,13,18,94,1,random,mean,250
2026100701,250,250,0.36213125,-0.20513125,0.104439366147,0.1884,0.088,baseline,threshold,FE,6000,2000,100,20,13,18,94,1,random,mean,250
2026100702,250,250,0.70371875,0.0706145833333,0.05890598211,0.9292,0.06,baseline,threshold,FE,6000,2000,100,20,13,18,94,1,random,mean,250
2026100703,250,250,0.54481875,0.06668125,0.0674556417152,0.7338,0.12,baseline,threshold,FE,6000,2000,100,20,13,18,94,1,random,mean,250
2026100704,250,250,0.562783333333,0.147716666667,0.0655020711664,0.8526,0.136,baseline,threshold,FE,6000,2000,100,20,13,18,94,1,random,mean,250
2026100705,250,250,0.466577083333,-0.07374375,0.0768377093469,0.4714,0.108,baseline,threshold,FE,6000,2000,100,20,13,18,94,1,random,mean,250
2026100706,250,250,0.5887625,0.195570833333,0.0490613619116,0.9412,0.032,baseline,threshold,FE,6000,2000,100,20,13,18,94,1,random,mean,250
2026100707,250,250,0.657,0.1015,0.0495885368088,0.9102,0.064,baseline,threshold,FE,6000,2000,100,20,13,18,94,1,random,mean,250
2026100708,250,250,0.531725,0.179775,0.0735377312399,0.8538,0.072,baseline,threshold,FE,6000,2000,100,20,13,18,94,1,random,mean,250
2026100709,250,250,0.520808333333,0.278358333333,0.0384943632595,0.959,0.04,baseline,threshold,FE,6000,2000,100,20,13,18,94,1,random,mean,250
2026100710,250,250,0.710285416667,0.117547916667,0.0347119180072,0.9934,0.02,baseline,threshold,FE,6000,2000,100,20,13,18,94,1,random,mean,250
2026100711,250,250,0.516845833333,0.0604875,0.0884186921201,0.6928,0.092,baseline,threshold,FE,6000,2000,100,20,13,18,94,1,random,mean,250
2026100712,250,250,0.59701875,0.15998125,0.0556801218516,0.9084,0.024,baseline,threshold,FE,6000,2000,100,20,13,18,94,1,random,mean,250
2026100713,250,250,0.572658333333,0.0648416666667,0.0909736119411,0.765,0.124,baseline,threshold,FE,6000,2000,100,20,13,18,94,1,random,mean,250
2026100714,250,250,0.5452625,0.1637375,0.0692443347346,0.8508,0.092,baseline,threshold,FE,6000,2000,100,20,13,18,94,1,random,mean,250
2026100715,250,250,0.614022916667,0.169477083333,0.0415877487905,0.9402,0.028,baseline,threshold,FE,6000,2000,100,20,13,18,94,1,random,mean,250
2026100716,250,250,0.521004166667,0.1446625,0.0829729108404,0.7988,0.116,baseline,threshold,FE,6000,2000,100,20,13,18,94,1,random,mean,250
2026100717,250,250,0.28266875,-0.218002083333,0.0743906133434,0.0776,0.048,baseline,threshold,FE,6000,2000,100,20,13,18,94,1,random,mean,250
2026100718,250,250,0.536029166667,0.1116375,0.0886981908785,0.7772,0.156,baseline,threshold,FE,6000,2000,100,20,13,18,94,1,random,mean,250
2026100719,250,250,0.5712375,0.187595833333,0.0455848319011,0.9106,0.044,baseline,threshold,FE,6000,2000,100,20,13,18,94,1,random,mean,250
2026100720,250,250,0.542066666667,-0.0122333333333,0.0917676582008,0.6358,0.108,baseline,threshold,FE,6000,2000,100,20,13,18,94,1,random,mean,250
2026100721,250,250,0.487116666667,-0.00561666666667,0.0890987899526,0.5778,0.056,baseline,threshold,FE,6000,2000,100,20,13,18,94,1,random,mean,250
2026100722,250,250,0.587770833333,0.156395833333,0.0668745422897,0.893,0.104,baseline,threshold,FE,6000,2000,100,20,13,18,94,1,random,mean,250
2026100723,250,250,0.5411375,0.234029166667,0.0532450303565,0.9302,0.048,baseline,threshold,FE,6000,2000,100,20,13,18,94,1,random,mean,250
2026100724,250,250,0.66061875,0.119047916667,0.064782719761,0.9356,0.068,baseline,threshold,FE,6000,2000,100,20,13,18,94,1,random,mean,250
2026100725,250,250,0.340766666667,-0.2286,0.0730842890391,0.1346,0.132,baseline,threshold,FE,6000,2000,100,20,13,18,94,1,random,mean,250
2026100726,250,250,0.464797916667,-0.08513125,0.106385221568,0.4556,0.06,baseline,threshold,FE,6000,2000,100,20,13,18,94,1,random,mean,250
2026100727,250,250,0.415395833333,-0.0778958333333,0.106688623101,0.405,0.164,baseline,threshold,FE,6000,2000,100,20,13,18,94,1,random,mean,250
2026100728,250,250,0.51833125,0.08666875,0.0826036938255,0.726,0.144,baseline,threshold,FE,6000,2000,100,20,13,18,94,1,random,mean,250
2026100729,250,250,0.591522916667,0.11464375,0.0716886509823,0.8474,0.096,baseline,threshold,FE,6000,2000,100,20,13,18,94,1,random,mean,250
2026100730,250,250,0.508097916667,0.08206875,0.088824215397,0.7082,0.144,baseline,threshold,FE,6000,2000,100,20,13,18,94,1,random,mean,250
2026100731,250,250,0.583902083333,0.159097916667,0.072344623319,0.8916,0.08,baseline,threshold,FE,6000,2000,100,20,13,18,94,1,random,mean,250
2026100700,500,250,0.578802083333,0.25453125,0.0155759742253,1,0.04,baseline,threshold,FE,6000,2000,100,20,13,18,94,1,random,mean,250
2026100701,500,250,0.359425,-0.132258333333,0.101054307058,0.2726,0.102,baseline,threshold,FE,6000,2000,100,20,13,18,94,1,random,mean,250
2026100702,500,250,0.724166666667,0.109166666667,0.0175656442482,1,0.032,baseline,threshold,FE,6000,2000,100,20,13,18,94,1,random,mean,250
2026100703,500,250,0.626941666667,0.194225,0.0117083690774,0.9854,0.07,baseline,threshold,FE,6000,2000,100,20,13,18,94,1,random,mean,250
2026100704,500,250,0.579697916667,0.23546875,0.0293927676478,0.9782,0.07,baseline,threshold,FE,6000,2000,100,20,13,18,94,1,random,mean,250
2026100705,500,250,0.496020833333,0.280645833333,0.024425385911,0.932,0.06,baseline,threshold,FE,6000,2000,100,20,13,18,94,1,random,mean,250
2026100706,500,250,0.607495833333,0.2258375,0.029850701623,1,0.022,baseline,threshold,FE,6000,2000,100,20,13,18,94,1,random,mean,250
2026100707,500,250,0.690145833333,0.101520833333,0.0289296660612,0.95,0.034,baseline,threshold,FE,6000,2000,100,20,13,18,94,1,random,mean,250
2026100708,500,250,0.490547916667,-0.0165479166667,0.0658696585353,0.5688,0.072,baseline,threshold,FE,6000,2000,100,20,13,18,94,1,random,mean,250
2026100709,500,250,0.532470833333,0.3008625,0.0329523606141,1,0.022,baseline,threshold,FE,6000,2000,100,20,13,18,94,1,random,mean,250
2026100710,500,250,0.696552083333,0.13678125,0.023054663264,1,0.022,baseline,threshold,FE,6000,2000,100,20,13,18,94,1,random,mean,250
2026100711,500,250,0.556570833333,0.224595833333,0.0429722371579,0.9374,0.056,baseline,threshold,FE,6000,2000,100,20,13,18,94,1,random,mean,250
2026100712,500,250,0.615560416667,0.18210625,0.0526958714231,0.9572,0.03,baseline,threshold,FE,6000,2000,100,20,13,18,94,1,random,mean,250
2026100713,500,250,0.44081875,-0.0824854166667,0.111053219124,0.43,0.128,baseline,threshold,FE,6000,2000,100,20,13,18,94,1,random,mean,250
2026100714,500,250,0.536979166667,0.296354166667,0.0201317350956,1,0.046,baseline,threshold,FE,6000,2000,100,20,13,18,94,1,random,mean,250
2026100715,500,250,0.615439583333,0.21789375,0.0253184491926,1,0.02,baseline,threshold,FE,6000,2000,100,20,13,18,94,1,random,mean,250
2026100716,500,250,0.550825,0.223175,0.0504424917368,0.9288,0.064,baseline,threshold,FE,6000,2000,100,20,13,18,94,1,random,mean,250
2026100717,500,250,0.269245833333,-0.257245833333,0.0433264489428,0.0144,0.03,baseline,threshold,FE,6000,2000,100,20,13,18,94,1,random,mean,250
2026100718,500,250,0.542908333333,-0.023075,0.0778377506505,0.6238,0.114,baseline,threshold,FE,6000,2000,100,20,13,18,94,1,random,mean,250
2026100719,500,250,0.611458333333,0.221875,0.0212358668006,1,0.022,baseline,threshold,FE,6000,2000,100,20,13,18,94,1,random,mean,250
2026100720,500,250,0.4152,-0.186033333333,0.0835501690494,0.275,0.094,baseline,threshold,FE,6000,2000,100,20,13,18,94,1,random,mean,250
2026100721,500,250,0.5251375,-0.0816375,0.112576692468,0.5322,0.116,baseline,threshold,FE,6000,2000,100,20,13,18,94,1,random,mean,250
2026100722,500,250,0.57561875,0.256047916667,0.0351665175679,0.998,0.066,baseline,threshold,FE,6000,2000,100,20,13,18,94,1,random,mean,250
2026100723,500,250,0.532414583333,0.30091875,0.0289716532983,1,0.03,baseline,threshold,FE,6000,2000,100,20,13,18,94,1,random,mean,250
2026100724,500,250,0.530845833333,0.265154166667,0.0401400119016,0.9552,0.042,baseline,threshold,FE,6000,2000,100,20,13,18,94,1,random,mean,250
2026100725,500,250,0.2605375,-0.2605375,0.0232434192052,0,0.072,baseline,threshold,FE,6000,2000,100,20,13,18,94,1,random,mean,250
2026100726,500,250,0.683879166667,0.146120833333,0.0325249965263,0.996,0.044,baseline,threshold,FE,6000,2000,100,20,13,18,94,1,random,mean,250
2026100727,500,250,0.57025625,0.15074375,0.04316560206,0.8652,0.106,baseline,threshold,FE,6000,2000,100,20,13,18,94,1,random,mean,250
2026100728,500,250,0.64885625,0.13364375,0.0371553721011,0.939,0.08,baseline,threshold,FE,6000,2000,100,20,13,18,94,1,random,mean,250
2026100729,500,250,0.559566666667,0.178266666667,0.0402363130228,0.8854,0.052,baseline,threshold,FE,6000,2000,100,20,13,18,94,1,random,mean,250
2026100730,500,250,0.500733333333,0.285433333333,0.0316274313458,0.9434,0.076,baseline,threshold,FE,6000,2000,100,20,13,18,94,1,random,mean,250
2026100731,500,250,0.560985416667,0.204014583333,0.0657225166214,0.918,0.09,baseline,threshold,FE,6000,2000,100,20,13,18,94,1,random,mean,250
2026100700,750,250,0.5703125,0.263020833333,0.0129683659833,1,0.028,baseline,threshold,FE,6000,2000,100,20,13,18,94,1,random,mean,250
2026100701,750,250,0.655814583333,0.16101875,0.0562571797036,0.9802,0.076,baseline,threshold,FE,6000,2000,100,20,13,18,94,1,random,mean,250
2026100702,750,250,0.729566666667,0.103766666667,0.010814012705,1,0.0253333333333,baseline,threshold,FE,6000,2000,100,20,13,18,94,1,random,mean,250
2026100703,750,250,0.61875,0.172916666667,0.00993992424556,0.95,0.0466666666667,baseline,threshold,FE,6000,2000,100,20,13,18,94,1,random,mean,250
2026100704,750,250,0.56571875,0.252114583333,0.0266692266731,0.9814,0.052,baseline,threshold,FE,6000,2000,100,20,13,18,94,1,random,mean,250
2026100705,750,250,0.504702083333,0.286964583333,0.0237906412842,0.95,0.0426666666667,baseline,threshold,FE,6000,2000,100,20,13,18,94,1,random,mean,250
2026100706,750,250,0.61680625,0.216527083333,0.0289045916511,1,0.0226666666667,baseline,threshold,FE,6000,2000,100,20,13,18,94,1,random,mean,250
2026100707,750,250,0.5403125,0.219020833333,0.0397612262943,0.9112,0.024,baseline,threshold,FE,6000,2000,100,20,13,18,94,1,random,mean,250
2026100708,750,250,0.541802083333,0.23603125,0.0474054530551,0.9334,0.0666666666667,baseline,threshold,FE,6000,2000,100,20,13,18,94,1,random,mean,250
2026100709,750,250,0.533408333333,0.289925,0.0304482713134,0.988,0.0173333333333,baseline,threshold,FE,6000,2000,100,20,13,18,94,1,random,mean,250
2026100710,750,250,0.713754166667,0.119579166667,0.0144200694221,1,0.0213333333333,baseline,threshold,FE,6000,2000,100,20,13,18,94,1,random,mean,250
2026100711,750,250,0.570879166667,0.262454166667,0.0222936399092,1,0.0386666666667,baseline,threshold,FE,6000,2000,100,20,13,18,94,1,random,mean,250
2026100712,750,250,0.520445833333,-0.00127916666667,0.109558327444,0.623,0.08,baseline,threshold,FE,6000,2000,100,20,13,18,94,1,random,mean,250
2026100713,750,250,0.413591666667,-0.149758333333,0.0670768723903,0.3166,0.106666666667,baseline,threshold,FE,6000,2000,100,20,13,18,94,1,random,mean,250
2026100714,750,250,0.536979166667,0.296354166667,0.0201317350956,1,0.0306666666667,baseline,threshold,FE,6000,2000,100,20,13,18,94,1,random,mean,250
2026100715,750,250,0.624595833333,0.2087375,0.0233443434845,1,0.0173333333333,baseline,threshold,FE,6000,2000,100,20,13,18,94,1,random,mean,250
2026100716,750,250,0.555991666667,0.268841666667,0.0387572235653,0.9898,0.0493333333333,baseline,threshold,FE,6000,2000,100,20,13,18,94,1,random,mean,250
2026100717,750,250,0.27024375,-0.235910416667,0.0482899730289,0.0412,0.0226666666667,baseline,threshold,FE,6000,2000,100,20,13,18,94,1,random,mean,250
2026100718,750,250,0.643372916667,0.15179375,0.0268255738682,0.9542,0.0773333333333,baseline,threshold,FE,6000,2000,100,20,13,18,94,1,random,mean,250
2026100719,750,250,0.609185416667,0.224147916667,0.0195335306913,1,0.0186666666667,baseline,threshold,FE,6000,2000,100,20,13,18,94,1,random,mean,250
2026100720,750,250,0.528052083333,0.192947916667,0.0632605673655,0.8652,0.0866666666667,baseline,threshold,FE,6000,2000,100,20,13,18,94,1,random,mean,250
2026100721,750,250,0.537045833333,0.205454166667,0.0521385273284,0.891,0.0906666666667,baseline,threshold,FE,6000,2000,100,20,13,18,94,1,random,mean,250
2026100722,750,250,0.562758333333,0.262241666667,0.0204692198043,0.99,0.0493333333333,baseline,threshold,FE,6000,2000,100,20,13,18,94,1,random,mean,250
2026100723,750,250,0.538247916667,0.295085416667,0.0193051341135,1,0.0226666666667,baseline,threshold,FE,6000,2000,100,20,13,18,94,1,random,mean,250
2026100724,750,250,0.529266666667,0.2624,0.0368814831187,0.95,0.032,baseline,threshold,FE,6000,2000,100,20,13,18,94,1,random,mean,250
2026100725,750,250,0.250295833333,-0.250295833333,0.0117019347833,0,0.0506666666667,baseline,threshold,FE,6000,2000,100,20,13,18,94,1,random,mean,250
2026100726,750,250,0.667983333333,0.16535,0.0115718252724,1,0.0373333333333,baseline,threshold,FE,6000,2000,100,20,13,18,94,1,random,mean,250
2026100727,750,250,0.5890625,0.202604166667,0.0188793424388,0.95,0.0706666666667,baseline,threshold,FE,6000,2000,100,20,13,18,94,1,random,mean,250
2026100728,750,250,0.680208333333,0.111458333333,0.0364794388057,0.95,0.0533333333333,baseline,threshold,FE,6000,2000,100,20,13,18,94,1,random,mean,250
2026100729,750,250,0.579470833333,0.212195833333,0.0264741488767,0.95,0.036,baseline,threshold,FE,6000,2000,100,20,13,18,94,1,random,mean,250
2026100730,750,250,0.4828125,0.2671875,0.0317969284904,0.9,0.0506666666667,baseline,threshold,FE,6000,2000,100,20,13,18,94,1,random,mean,250
2026100731,750,250,0.566433333333,0.2669,0.0196971261057,1,0.0626666666667,baseline,threshold,FE,6000,2000,100,20,13,18,94,1,random,mean,250
2026100700,1000,250,0.5703125,0.263020833333,0.0128911929112,1,0.021,baseline,threshold,FE,6000,2000,100,20,13,18,94,1,random,mean,250
2026100701,1000,250,0.463464583333,-0.0939645833333,0.104500006067,0.4434,0.082,baseline,threshold,FE,6000,2000,100,20,13,18,94,1,random,mean,250
2026100702,1000,250,0.719791666667,0.113541666667,0.00868268802848,1,0.019,baseline,threshold,FE,6000,2000,100,20,13,18,94,1,random,mean,250
2026100703,1000,250,0.619791666667,0.180208333333,0.00880047236681,0.96,0.036,baseline,threshold,FE,6000,2000,100,20,13,18,94,1,random,mean,250
2026100704,1000,250,0.5982125,0.193454166667,0.0372374146277,0.95,0.04,baseline,threshold,FE,6000,2000,100,20,13,18,94,1,random,mean,250
2026100705,1000,250,0.49824375,0.265589583333,0.015803811156,0.9166,0.035,baseline,threshold,FE,6000,2000,100,20,13,18,94,1,random,mean,250
2026100706,1000,250,0.61501875,0.21448125,0.0244740638284,0.9954,0.02,baseline,threshold,FE,6000,2000,100,20,13,18,94,1,random,mean,250
2026100707,1000,250,0.507875,0.208291666667,0.0320108552476,0.8594,0.028,baseline,threshold,FE,6000,2000,100,20,13,18,94,1,random,mean,250
2026100708,1000,250,0.56824375,0.265089583333,0.0160777591686,1,0.052,baseline,threshold,FE,6000,2000,100,20,13,18,94,1,random,mean,250
2026100709,1000,250,0.5015625,0.290104166667,0.0341313552045,0.95,0.013,baseline,threshold,FE,6000,2000,100,20,13,18,94,1,random,mean,250
2026100710,1000,250,0.719210416667,0.114122916667,0.00743520069789,1,0.018,baseline,threshold,FE,6000,2000,100,20,13,18,94,1,random,mean,250
2026100711,1000,250,0.568229166667,0.265104166667,0.0250438698395,1,0.029,baseline,threshold,FE,6000,2000,100,20,13,18,94,1,random,mean,250
2026100712,1000,250,0.689979166667,0.142354166667,0.0422837069496,0.9988,0.07,baseline,threshold,FE,6000,2000,100,20,13,18,94,1,random,mean,250
2026100713,1000,250,0.4403125,-0.3853125,0.0309266117827,0.066,0.082,baseline,threshold,FE,6000,2000,100,20,13,18,94,1,random,mean,250
2026100714,1000,250,0.5268875,0.3016125,0.0185561896119,0.9942,0.027,baseline,threshold,FE,6000,2000,100,20,13,18,94,1,random,mean,250
2026100715,1000,250,0.715625,0.117708333333,0.0141255852508,1,0.013,baseline,threshold,FE,6000,2000,100,20,13,18,94,1,random,mean,250
2026100716,1000,250,0.545275,0.226891666667,0.0471302629048,0.9266,0.04,baseline,threshold,FE,6000,2000,100,20,13,18,94,1,random,mean,250
2026100717,1000,250,0.290833333333,-0.251833333333,0.0381060801043,0.0468,0.018,baseline,threshold,FE,6000,2000,100,20,13,18,94,1,random,mean,250
2026100718,1000,250,0.6603125,0.173020833333,0.0172539670423,1,0.06,baseline,threshold,FE,6000,2000,100,20,13,18,94,1,random,mean,250
2026100719,1000,250,0.608,0.225333333333,0.0114379973632,1,0.016,baseline,threshold,FE,6000,2000,100,20,13,18,94,1,random,mean,250
2026100720,1000,250,0.527691666667,0.214475,0.0510973856176,0.8906,0.073,baseline,threshold,FE,6000,2000,100,20,13,18,94,1,random,mean,250
2026100721,1000,250,0.548783333333,0.28455,0.0197055692997,1,0.069,baseline,threshold,FE,6000,2000,100,20,13,18,94,1,random,mean,250
2026100722,1000,250,0.569175,0.264158333333,0.0104824741955,1,0.041,baseline,threshold,FE,6000,2000,100,20,13,18,94,1,random,mean,250
2026100723,1000,250,0.540104166667,0.293229166667,0.0181769113538,1,0.017,baseline,threshold,FE,6000,2000,100,20,13,18,94,1,random,mean,250
2026100724,1000,250,0.522660416667,0.240839583333,0.0429956517281,0.9162,0.025,baseline,threshold,FE,6000,2000,100,20,13,18,94,1,random,mean,250
2026100725,1000,250,0.248458333333,-0.248458333333,0.00502371428571,0,0.04,baseline,threshold,FE,6000,2000,100,20,13,18,94,1,random,mean,250
2026100726,1000,250,0.649479166667,0.183854166667,0.0123364963441,1,0.028,baseline,threshold,FE,6000,2000,100,20,13,18,94,1,random,mean,250
2026100727,1000,250,0.60156875,0.190097916667,0.0192151053237,0.95,0.054,baseline,threshold,FE,6000,2000,100,20,13,18,94,1,random,mean,250
2026100728,1000,250,0.648404166667,0.1442625,0.0411498073627,0.9512,0.046,baseline,threshold,FE,6000,2000,100,20,13,18,94,1,random,mean,250
2026100729,1000,250,0.546520833333,0.209145833333,0.0421704204883,0.9068,0.031,baseline,threshold,FE,6000,2000,100,20,13,18,94,1,random,mean,250
2026100730,1000,250,0.4828125,0.2671875,0.0317969284904,0.9,0.038,baseline,threshold,FE,6000,2000,100,20,13,18,94,1,random,mean,250
2026100731,1000,250,0.560904166667,0.2692625,0.0166611015607,0.9962,0.05,baseline,threshold,FE,6000,2000,100,20,13,18,94,1,random,mean,250
2026100700,1250,250,0.5703125,0.263020833333,0.0128911929112,1,0.0168,baseline,threshold,FE,6000,2000,100,20,13,18,94,1,random,mean,250
2026100701,1250,250,0.4645125,-0.1260125,0.0916978157722,0.4062,0.0888,baseline,threshold,FE,6000,2000,100,20,13,18,94,1,random,mean,250
2026100702,1250,250,0.715714583333,0.11761875,0.00593923008456,1,0.016,baseline,threshold,FE,6000,2000,100,20,13,18,94,1,random,mean,250
2026100703,1250,250,0.623958333333,0.209375,0.00424266485178,1,0.0288,baseline,threshold,FE,6000,2000,100,20,13,18,94,1,random,mean,250
2026100704,1250,250,0.620364583333,0.17396875,0.0352543329365,0.9532,0.0336,baseline,threshold,FE,6000,2000,100,20,13,18,94,1,random,mean,250
2026100705,1250,250,0.49375,0.25625,0.0114568231664,0.9,0.028,baseline,threshold,FE,6000,2000,100,20,13,18,94,1,random,mean,250
2026100706,1250,250,0.62088125,0.212452083333,0.0202754060558,1,0.0176,baseline,threshold,FE,6000,2000,100,20,13,18,94,1,random,mean,250
2026100707,1250,250,0.509566666667,0.300933333333,0.014832245625,0.9726,0.0232,baseline,threshold,FE,6000,2000,100,20,13,18,94,1,random,mean,250
2026100708,1250,250,0.566145833333,0.2671875,0.0116395607309,1,0.0416,baseline,threshold,FE,6000,2000,100,20,13,18,94,1,random,mean,250
2026100709,1250,250,0.4844625,0.235204166667,0.0316828246089,0.8636,0.0112,baseline,threshold,FE,6000,2000,100,20,13,18,94,1,random,mean,250
2026100710,1250,250,0.719979166667,0.113354166667,0.00762707395702,1,0.016,baseline,threshold,FE,6000,2000,100,20,13,18,94,1,random,mean,250
2026100711,1250,250,0.563520833333,0.2698125,0.0236749049117,1,0.024,baseline,threshold,FE,6000,2000,100,20,13,18,94,1,random,mean,250
2026100712,1250,250,0.71775,0.115583333333,0.00696219240679,1,0.0568,baseline,threshold,FE,6000,2000,100,20,13,18,94,1,random,mean,250
2026100713,1250,250,0.498833333333,0.233166666667,0.026985450939,0.8784,0.0672,baseline,threshold,FE,6000,2000,100,20,13,18,94,1,random,mean,250
2026100714,1250,250,0.503325,0.294675,0.0215267947261,0.9576,0.0232,baseline,threshold,FE,6000,2000,100,20,13,18,94,1,random,mean,250
2026100715,1250,250,0.71373125,0.119602083333,0.0147056648277,1,0.012,baseline,threshold,FE,6000,2000,100,20,13,18,94,1,random,mean,250
2026100716,1250,250,0.55625,0.235416666667,0.0407695374726,0.95,0.032,baseline,threshold,FE,6000,2000,100,20,13,18,94,1,random,mean,250
2026100717,1250,250,0.286433333333,-0.244766666667,0.0362979393605,0.05,0.016,baseline,threshold,FE,6000,2000,100,20,13,18,94,1,random,mean,250
2026100718,1250,250,0.662945833333,0.1703875,0.0145629848848,1,0.0488,baseline,threshold,FE,6000,2000,100,20,13,18,94,1,random,mean,250
2026100719,1250,250,0.6139,0.219433333333,0.00809727788551,1,0.0136,baseline,threshold,FE,6000,2000,100,20,13,18,94,1,random,mean,250
2026100720,1250,250,0.528808333333,0.291191666667,0.0241487010769,0.984,0.06,baseline,threshold,FE,6000,2000,100,20,13,18,94,1,random,mean,250
2026100721,1250,250,0.550360416667,0.282972916667,0.019341853749,1,0.0576,baseline,threshold,FE,6000,2000,100,20,13,18,94,1,random,mean,250
2026100722,1250,250,0.578616666667,0.254716666667,0.00674087799246,1,0.0336,baseline,threshold,FE,6000,2000,100,20,13,18,94,1,random,mean,250
2026100723,1250,250,0.540104166667,0.293229166667,0.0181769113538,1,0.0144,baseline,threshold,FE,6000,2000,100,20,13,18,94,1,random,mean,250
2026100724,1250,250,0.519791666667,0.230208333333,0.0467602822581,0.9,0.02,baseline,threshold,FE,6000,2000,100,20,13,18,94,1,random,mean,250
2026100725,1250,250,0.2477,-0.2477,0.00406753112233,0,0.0336,baseline,threshold,FE,6000,2000,100,20,13,18,94,1,random,mean,250
2026100726,1250,250,0.650170833333,0.1831625,0.0156050243008,1,0.024,baseline,threshold,FE,6000,2000,100,20,13,18,94,1,random,mean,250
2026100727,1250,250,0.6074,0.157933333333,0.0245328249605,0.9184,0.0448,baseline,threshold,FE,6000,2000,100,20,13,18,94,1,random,mean,250
2026100728,1250,250,0.650520833333,0.141145833333,0.0392476338065,0.95,0.0368,baseline,threshold,FE,6000,2000,100,20,13,18,94,1,random,mean,250
2026100729,1250,250,0.573175,0.218491666667,0.0369771870867,0.95,0.0256,baseline,threshold,FE,6000,2000,100,20,13,18,94,1,random,mean,250
2026100730,1250,250,0.4828125,0.2671875,0.0317969284904,0.9,0.0304,baseline,threshold,FE,6000,2000,100,20,13,18,94,1,random,mean,250
2026100731,1250,250,0.5564,0.276933333333,0.0125115211244,1,0.0408,baseline,threshold,FE,6000,2000,100,20,13,18,94,1,random,mean,250
2026100700,1500,250,0.5703125,0.263020833333,0.0128911929112,1,0.014,baseline,threshold,FE,6000,2000,100,20,13,18,94,1,random,mean,250
2026100701,1500,250,0.253622916667,-0.22195625,0.056027927694,0.038,0.0813333333333,baseline,threshold,FE,6000,2000,100,20,13,18,94,1,random,mean,250
2026100702,1500,250,0.709895833333,0.1234375,0.00219126197614,1,0.0146666666667,baseline,threshold,FE,6000,2000,100,20,13,18,94,1,random,mean,250
2026100703,1500,250,0.625058333333,0.208275,0.00326025105868,1,0.0246666666667,baseline,threshold,FE,6000,2000,100,20,13,18,94,1,random,mean,250
2026100704,1500,250,0.62625,0.207083333333,0.0284961679818,1,0.0293333333333,baseline,threshold,FE,6000,2000,100,20,13,18,94,1,random,mean,250
2026100705,1500,250,0.4958125,0.2541875,0.0123391011627,0.9,0.024,baseline,threshold,FE,6000,2000,100,20,13,18,94,1,random,mean,250
2026100706,1500,250,0.6265625,0.206770833333,0.0164380087108,1,0.016,baseline,threshold,FE,6000,2000,100,20,13,18,94,1,random,mean,250
2026100707,1500,250,0.508554166667,0.281779166667,0.0148699906819,0.9484,0.0213333333333,baseline,threshold,FE,6000,2000,100,20,13,18,94,1,random,mean,250
2026100708,1500,250,0.566145833333,0.2671875,0.0116395607309,1,0.0346666666667,baseline,threshold,FE,6000,2000,100,20,13,18,94,1,random,mean,250
2026100709,1500,250,0.496722916667,0.24594375,0.0273156703735,0.8912,0.0113333333333,baseline,threshold,FE,6000,2000,100,20,13,18,94,1,random,mean,250
2026100710,1500,250,0.7203125,0.113020833333,0.0078608015816,1,0.0133333333333,baseline,threshold,FE,6000,2000,100,20,13,18,94,1,random,mean,250
2026100711,1500,250,0.558479166667,0.274854166667,0.0222125784663,1,0.0206666666667,baseline,threshold,FE,6000,2000,100,20,13,18,94,1,random,mean,250
2026100712,1500,250,0.7203125,0.113020833333,0.00540464830478,1,0.0473333333333,baseline,threshold,FE,6000,2000,100,20,13,18,94,1,random,mean,250
2026100713,1500,250,0.498247916667,0.29341875,0.0160265690668,0.95,0.0573333333333,baseline,threshold,FE,6000,2000,100,20,13,18,94,1,random,mean,250
2026100714,1500,250,0.514833333333,0.299666666667,0.0212763162516,0.9774,0.022,baseline,threshold,FE,6000,2000,100,20,13,18,94,1,random,mean,250
2026100715,1500,250,0.7126125,0.120720833333,0.0111449982697,1,0.0113333333333,baseline,threshold,FE,6000,2000,100,20,13,18,94,1,random,mean,250
2026100716,1500,250,0.5562625,0.235404166667,0.0401111333607,0.95,0.028,baseline,threshold,FE,6000,2000,100,20,13,18,94,1,random,mean,250
2026100717,1500,250,0.281770833333,-0.240104166667,0.0337857086966,0.05,0.0133333333333,baseline,threshold,FE,6000,2000,100,20,13,18,94,1,random,mean,250
2026100718,1500,250,0.657779166667,0.175554166667,0.0120943464155,1,0.0413333333333,baseline,threshold,FE,6000,2000,100,20,13,18,94,1,random,mean,250
2026100719,1500,250,0.614583333333,0.21875,0.00811965811966,1,0.0113333333333,baseline,threshold,FE,6000,2000,100,20,13,18,94,1,random,mean,250
2026100720,1500,250,0.5322375,0.301095833333,0.0166790002323,1,0.0506666666667,baseline,threshold,FE,6000,2000,100,20,13,18,94,1,random,mean,250
2026100721,1500,250,0.553233333333,0.2801,0.0309785212049,1,0.0493333333333,baseline,threshold,FE,6000,2000,100,20,13,18,94,1,random,mean,250
2026100722,1500,250,0.582152083333,0.25118125,0.00539255446302,1,0.0306666666667,baseline,threshold,FE,6000,2000,100,20,13,18,94,1,random,mean,250
2026100723,1500,250,0.540791666667,0.292541666667,0.0178110530861,1,0.0126666666667,baseline,threshold,FE,6000,2000,100,20,13,18,94,1,random,mean,250
2026100724,1500,250,0.519791666667,0.230208333333,0.0467602822581,0.9,0.0166666666667,baseline,threshold,FE,6000,2000,100,20,13,18,94,1,random,mean,250
2026100725,1500,250,0.247916666667,-0.247916666667,0.00361842105263,0,0.028,baseline,threshold,FE,6000,2000,100,20,13,18,94,1,random,mean,250
2026100726,1500,250,0.653129166667,0.180204166667,0.0109205968002,1,0.0213333333333,baseline,threshold,FE,6000,2000,100,20,13,18,94,1,random,mean,250
2026100727,1500,250,0.55165,0.223516666667,0.0248682736681,0.9302,0.0386666666667,baseline,threshold,FE,6000,2000,100,20,13,18,94,1,random,mean,250
2026100728,1500,250,0.650520833333,0.141145833333,0.0392476338065,0.95,0.0306666666667,baseline,threshold,FE,6000,2000,100,20,13,18,94,1,random,mean,250
2026100729,1500,250,0.574266666667,0.2174,0.0260146876965,0.95,0.0233333333333,baseline,threshold,FE,6000,2000,100,20,13,18,94,1,random,mean,250
2026100730,1500,250,0.4828125,0.2671875,0.0317969284904,0.9,0.0253333333333,baseline,threshold,FE,6000,2000,100,20,13,18,94,1,random,mean,250
2026100731,1500,250,0.55658125,0.276752083333,0.0125298453982,1,0.0346666666667,baseline,threshold,FE,6000,2000,100,20,13,18,94,1,random,mean,250
2026100700,1750,250,0.5703125,0.263020833333,0.0128911929112,1,0.012,baseline,threshold,FE,6000,2000,100,20,13,18,94,1,random,mean,250
2026100701,1750,250,0.229766666667,-0.2076,0.0350657523824,0.0266,0.0708571428571,baseline,threshold,FE,6000,2000,100,20,13,18,94,1,random,mean,250
2026100702,1750,250,0.709547916667,0.123785416667,0.00252635990778,1,0.0131428571429,baseline,threshold,FE,6000,2000,100,20,13,18,94,1,random,mean,250
2026100703,1750,250,0.626041666667,0.207291666667,0.00238203266788,1,0.0211428571429,baseline,threshold,FE,6000,2000,100,20,13,18,94,1,random,mean,250
2026100704,1750,250,0.631770833333,0.2015625,0.0260875541663,1,0.0257142857143,baseline,threshold,FE,6000,2000,100,20,13,18,94,1,random,mean,250
2026100705,1750,250,0.503091666667,0.273075,0.0154184050084,0.9314,0.0217142857143,baseline,threshold,FE,6000,2000,100,20,13,18,94,1,random,mean,250
2026100706,1750,250,0.6265625,0.206770833333,0.0157136862984,1,0.0137142857143,baseline,threshold,FE,6000,2000,100,20,13,18,94,1,random,mean,250
2026100707,1750,250,0.511427083333,0.32190625,0.0101023295815,1,0.0188571428571,baseline,threshold,FE,6000,2000,100,20,13,18,94,1,random,mean,250
2026100708,1750,250,0.566145833333,0.2671875,0.0116395607309,1,0.0297142857143,baseline,threshold,FE,6000,2000,100,20,13,18,94,1,random,mean,250
2026100709,1750,250,0.512920833333,0.269245833333,0.0208737750386,0.9386,0.0102857142857,baseline,threshold,FE,6000,2000,100,20,13,18,94,1,random,mean,250
2026100710,1750,250,0.721395833333,0.1119375,0.00811418864026,1,0.012,baseline,threshold,FE,6000,2000,100,20,13,18,94,1,random,mean,250
2026100711,1750,250,0.5578125,0.275520833333,0.0220192647579,1,0.0177142857143,baseline,threshold,FE,6000,2000,100,20,13,18,94,1,random,mean,250
2026100712,1750,250,0.7203125,0.113020833333,0.00540464830478,1,0.0405714285714,baseline,threshold,FE,6000,2000,100,20,13,18,94,1,random,mean,250
2026100713,1750,250,0.511533333333,0.308466666667,0.0142252961161,0.984,0.0502857142857,baseline,threshold,FE,6000,2000,100,20,13,18,94,1,random,mean,250
2026100714,1750,250,0.52834375,0.297822916667,0.00953718223398,0.9914,0.02,baseline,threshold,FE,6000,2000,100,20,13,18,94,1,random,mean,250
2026100715,1750,250,0.7125,0.120833333333,0.0111066694287,1,0.00971428571429,baseline,threshold,FE,6000,2000,100,20,13,18,94,1,random,mean,250
2026100716,1750,250,0.535416666667,0.25625,0.0201954902422,0.95,0.024,baseline,threshold,FE,6000,2000,100,20,13,18,94,1,random,mean,250
2026100717,1750,250,0.266227083333,-0.25089375,0.0372459103392,0.0184,0.0125714285714,baseline,threshold,FE,6000,2000,100,20,13,18,94,1,random,mean,250
2026100718,1750,250,0.635820833333,0.1975125,0.0110293620291,1,0.0365714285714,baseline,threshold,FE,6000,2000,100,20,13,18,94,1,random,mean,250
2026100719,1750,250,0.614583333333,0.21875,0.00811965811966,1,0.00971428571429,baseline,threshold,FE,6000,2000,100,20,13,18,94,1,random,mean,250
2026100720,1750,250,0.531770833333,0.3015625,0.0166372631224,1,0.044,baseline,threshold,FE,6000,2000,100,20,13,18,94,1,random,mean,250
2026100721,1750,250,0.56525625,0.268077083333,0.0217339054878,1,0.0434285714286,baseline,threshold,FE,6000,2000,100,20,13,18,94,1,random,mean,250
2026100722,1750,250,0.582341666667,0.250991666667,0.0053836566043,1,0.0268571428571,baseline,threshold,FE,6000,2000,100,20,13,18,94,1,random,mean,250
2026100723,1750,250,0.533708333333,0.299625,0.0170992022352,1,0.012,baseline,threshold,FE,6000,2000,100,20,13,18,94,1,random,mean,250
2026100724,1750,250,0.521491666667,0.232508333333,0.0452984662505,0.9048,0.0148571428571,baseline,threshold,FE,6000,2000,100,20,13,18,94,1,random,mean,250
2026100725,1750,250,0.247997916667,-0.247997916667,0.00354794736842,0,0.0245714285714,baseline,threshold,FE,6000,2000,100,20,13,18,94,1,random,mean,250
2026100726,1750,250,0.652802083333,0.18053125,0.011322767771,1,0.0188571428571,baseline,threshold,FE,6000,2000,100,20,13,18,94,1,random,mean,250
2026100727,1750,250,0.53736875,0.254297916667,0.024842157585,0.95,0.0337142857143,baseline,threshold,FE,6000,2000,100,20,13,18,94,1,random,mean,250
2026100728,1750,250,0.650520833333,0.141145833333,0.0392476338065,0.95,0.0262857142857,baseline,threshold,FE,6000,2000,100,20,13,18,94,1,random,mean,250
2026100729,1750,250,0.57468125,0.216985416667,0.0189243392076,0.95,0.0205714285714,baseline,threshold,FE,6000,2000,100,20,13,18,94,1,random,mean,250
2026100730,1750,250,0.487529166667,0.2691375,0.0304573301861,0.908,0.0228571428571,baseline,threshold,FE,6000,2000,100,20,13,18,94,1,random,mean,250
2026100731,1750,250,0.55725,0.276083333333,0.0125440927013,1,0.0302857142857,baseline,threshold,FE,6000,2000,100,20,13,18,94,1,random,mean,250
2026100700,2000,250,0.5703125,0.263020833333,0.0128911929112,1,0.0105,baseline,threshold,FE,6000,2000,100,20,13,18,94,1,random,mean,250
2026100701,2000,250,0.418166666667,0.0826666666667,0.0324445539025,0.601,0.065,baseline,threshold,FE,6000,2000,100,20,13,18,94,1,random,mean,250
2026100702,2000,250,0.709375,0.123958333333,0.00255939902166,1,0.0115,baseline,threshold,FE,6000,2000,100,20,13,18,94,1,random,mean,250
2026100703,2000,250,0.626041666667,0.207291666667,0.00238203266788,1,0.0185,baseline,threshold,FE,6000,2000,100,20,13,18,94,1,random,mean,250
2026100704,2000,250,0.651441666667,0.181891666667,0.0146271754499,1,0.0235,baseline,threshold,FE,6000,2000,100,20,13,18,94,1,random,mean,250
2026100705,2000,250,0.507291666667,0.284375,0.0164778212068,0.95,0.019,baseline,threshold,FE,6000,2000,100,20,13,18,94,1,random,mean,250
2026100706,2000,250,0.6265625,0.206770833333,0.0157136862984,1,0.012,baseline,threshold,FE,6000,2000,100,20,13,18,94,1,random,mean,250
2026100707,2000,250,0.510975,0.322358333333,0.00981532958153,1,0.017,baseline,threshold,FE,6000,2000,100,20,13,18,94,1,random,mean,250
2026100708,2000,250,0.566145833333,0.2671875,0.0116395607309,1,0.026,baseline,threshold,FE,6000,2000,100,20,13,18,94,1,random,mean,250
2026100709,2000,250,0.508595833333,0.2462375,0.019769184425,0.9058,0.0105,baseline,threshold,FE,6000,2000,100,20,13,18,94,1,random,mean,250
2026100710,2000,250,0.73870625,0.0946270833333,0.00779643419779,1,0.0115,baseline,threshold,FE,6000,2000,100,20,13,18,94,1,random,mean,250
2026100711,2000,250,0.5578125,0.275520833333,0.0220192647579,1,0.0155,baseline,threshold,FE,6000,2000,100,20,13,18,94,1,random,mean,250
2026100712,2000,250,0.7203125,0.113020833333,0.00540464830478,1,0.0355,baseline,threshold,FE,6000,2000,100,20,13,18,94,1,random,mean,250
2026100713,2000,250,0.528104166667,0.266895833333,0.00888825397246,0.954,0.045,baseline,threshold,FE,6000,2000,100,20,13,18,94,1,random,mean,250
2026100714,2000,250,0.5296875,0.303645833333,0.0078484375,1,0.018,baseline,threshold,FE,6000,2000,100,20,13,18,94,1,random,mean,250
2026100715,2000,250,0.7125,0.120833333333,0.0111066694287,1,0.0085,baseline,threshold,FE,6000,2000,100,20,13,18,94,1,random,mean,250
2026100716,2000,250,0.535416666667,0.25625,0.0201954902422,0.95,0.021,baseline,threshold,FE,6000,2000,100,20,13,18,94,1,random,mean,250
2026100717,2000,250,0.236866666667,-0.236866666667,0.0261952070173,0,0.012,baseline,threshold,FE,6000,2000,100,20,13,18,94,1,random,mean,250
2026100718,2000,250,0.667920833333,0.1654125,0.0116331623986,1,0.033,baseline,threshold,FE,6000,2000,100,20,13,18,94,1,random,mean,250
2026100719,2000,250,0.614583333333,0.21875,0.00811965811966,1,0.0085,baseline,threshold,FE,6000,2000,100,20,13,18,94,1,random,mean,250
2026100720,2000,250,0.5318125,0.301520833333,0.0165197744558,1,0.039,baseline,threshold,FE,6000,2000,100,20,13,18,94,1,random,mean,250
2026100721,2000,250,0.545325,0.288008333333,0.00464257240086,1,0.0385,baseline,threshold,FE,6000,2000,100,20,13,18,94,1,random,mean,250
2026100722,2000,250,0.583333333333,0.25,0.00607680442992,1,0.0235,baseline,threshold,FE,6000,2000,100,20,13,18,94,1,random,mean,250
2026100723,2000,250,0.53125,0.302083333333,0.0168,1,0.0105,baseline,threshold,FE,6000,2000,100,20,13,18,94,1,random,mean,250
2026100724,2000,250,0.5375,0.254166666667,0.0315330321791,0.95,0.013,baseline,threshold,FE,6000,2000,100,20,13,18,94,1,random,mean,250
2026100725,2000,250,0.2484375,-0.2484375,0.00316666666667,0,0.0215,baseline,threshold,FE,6000,2000,100,20,13,18,94,1,random,mean,250
2026100726,2000,250,0.652220833333,0.1811125,0.0123914057911,1,0.017,baseline,threshold,FE,6000,2000,100,20,13,18,94,1,random,mean,250
2026100727,2000,250,0.5368875,0.223779166667,0.0252731273713,0.9128,0.0305,baseline,threshold,FE,6000,2000,100,20,13,18,94,1,random,mean,250
2026100728,2000,250,0.650520833333,0.141145833333,0.0392476338065,0.95,0.023,baseline,threshold,FE,6000,2000,100,20,13,18,94,1,random,mean,250
2026100729,2000,250,0.582325,0.209341666667,0.0148086268987,0.95,0.0195,baseline,threshold,FE,6000,2000,100,20,13,18,94,1,random,mean,250
2026100730,2000,250,0.505129166667,0.2865375,0.0208047378428,0.95,0.0205,baseline,threshold,FE,6000,2000,100,20,13,18,94,1,random,mean,250
2026100731,2000,250,0.561008333333,0.272325,0.0129941342464,1,0.028,baseline,threshold,FE,6000,2000,100,20,13,18,94,1,random,mean,250
2026100700,2250,250,0.5703125,0.263020833333,0.0128911929112,1,0.00933333333333,baseline,threshold,FE,6000,2000,100,20,13,18,94,1,random,mean,250
2026100701,2250,250,0.508622916667,0.324710416667,0.00832900768498,1,0.0591111111111,baseline,threshold,FE,6000,2000,100,20,13,18,94,1,random,mean,250
2026100702,2250,250,0.709833333333,0.1235,0.00245612679939,1,0.0111111111111,baseline,threshold,FE,6000,2000,100,20,13,18,94,1,random,mean,250
2026100703,2250,250,0.584995833333,0.2483375,0.0137744501253,1,0.0182222222222,baseline,threshold,FE,6000,2000,100,20,13,18,94,1,random,mean,250
2026100704,2250,250,0.659375,0.173958333333,0.0100216385504,1,0.0208888888889,baseline,threshold,FE,6000,2000,100,20,13,18,94,1,random,mean,250
2026100705,2250,250,0.499079166667,0.257254166667,0.0127631106777,0.9076,0.0182222222222,baseline,threshold,FE,6000,2000,100,20,13,18,94,1,random,mean,250
2026100706,2250,250,0.626058333333,0.207275,0.0155784277982,1,0.0111111111111,baseline,threshold,FE,6000,2000,100,20,13,18,94,1,random,mean,250
2026100707,2250,250,0.511458333333,0.321875,0.0101221682912,1,0.0151111111111,baseline,threshold,FE,6000,2000,100,20,13,18,94,1,random,mean,250
2026100708,2250,250,0.566145833333,0.2671875,0.0116395607309,1,0.0231111111111,baseline,threshold,FE,6000,2000,100,20,13,18,94,1,random,mean,250
2026100709,2250,250,0.577679166667,0.255654166667,0.0210242480848,1,0.0102222222222,baseline,threshold,FE,6000,2000,100,20,13,18,94,1,random,mean,250
2026100710,2250,250,0.73926875,0.0940645833333,0.00764400790798,1,0.0115555555556,baseline,threshold,FE,6000,2000,100,20,13,18,94,1,random,mean,250
2026100711,2250,250,0.5578125,0.275520833333,0.0220192647579,1,0.0137777777778,baseline,threshold,FE,6000,2000,100,20,13,18,94,1,random,mean,250
2026100712,2250,250,0.718864583333,0.11446875,0.00584434071158,1,0.0324444444444,baseline,threshold,FE,6000,2000,100,20,13,18,94,1,random,mean,250
2026100713,2250,250,0.507095833333,0.242904166667,0.0134541870457,0.9,0.0408888888889,baseline,threshold,FE,6000,2000,100,20,13,18,94,1,random,mean,250
2026100714,2250,250,0.53058125,0.302752083333,0.00793513125,1,0.0168888888889,baseline,threshold,FE,6000,2000,100,20,13,18,94,1,random,mean,250
2026100715,2250,250,0.714645833333,0.1186875,0.00637849176817,1,0.008,baseline,threshold,FE,6000,2000,100,20,13,18,94,1,random,mean,250
2026100716,2250,250,0.535416666667,0.25625,0.0201954902422,0.95,0.0186666666667,baseline,threshold,FE,6000,2000,100,20,13,18,94,1,random,mean,250
2026100717,2250,250,0.223802083333,-0.223802083333,0.0233874643797,0,0.0115555555556,baseline,threshold,FE,6000,2000,100,20,13,18,94,1,random,mean,250
2026100718,2250,250,0.65795,0.175383333333,0.0162128259013,1,0.0302222222222,baseline,threshold,FE,6000,2000,100,20,13,18,94,1,random,mean,250
2026100719,2250,250,0.614322916667,0.219010416667,0.00805809068521,1,0.00844444444444,baseline,threshold,FE,6000,2000,100,20,13,18,94,1,random,mean,250
2026100720,2250,250,0.530770833333,0.3025625,0.0113127941057,1,0.0351111111111,baseline,threshold,FE,6000,2000,100,20,13,18,94,1,random,mean,250
2026100721,2250,250,0.545833333333,0.2875,0.00496700588527,1,0.0346666666667,baseline,threshold,FE,6000,2000,100,20,13,18,94,1,random,mean,250
2026100722,2250,250,0.583158333333,0.250175,0.00609994002314,1,0.0217777777778,baseline,threshold,FE,6000,2000,100,20,13,18,94,1,random,mean,250
2026100723,2250,250,0.53125,0.302083333333,0.0168,1,0.00933333333333,baseline,threshold,FE,6000,2000,100,20,13,18,94,1,random,mean,250
2026100724,2250,250,0.5375,0.254166666667,0.0315330321791,0.95,0.0115555555556,baseline,threshold,FE,6000,2000,100,20,13,18,94,1,random,mean,250
2026100725,2250,250,0.2484375,-0.2484375,0.00316666666667,0,0.0191111111111,baseline,threshold,FE,6000,2000,100,20,13,18,94,1,random,mean,250
2026100726,2250,250,0.654620833333,0.1787125,0.0107592294584,1,0.0155555555556,baseline,threshold,FE,6000,2000,100,20,13,18,94,1,random,mean,250
2026100727,2250,250,0.544791666667,0.246875,0.020864865388,0.95,0.0271111111111,baseline,threshold,FE,6000,2000,100,20,13,18,94,1,random,mean,250
2026100728,2250,250,0.557104166667,0.202895833333,0.0362835431565,0.912,0.0208888888889,baseline,threshold,FE,6000,2000,100,20,13,18,94,1,random,mean,250
2026100729,2250,250,0.5828125,0.208854166667,0.0132919792383,0.95,0.0173333333333,baseline,threshold,FE,6000,2000,100,20,13,18,94,1,random,mean,250
2026100730,2250,250,0.5041625,0.266504166667,0.0214423858105,0.9248,0.0186666666667,baseline,threshold,FE,6000,2000,100,20,13,18,94,1,random,mean,250
2026100731,2250,250,0.558664583333,0.27466875,0.0126240685513,1,0.0257777777778,baseline,threshold,FE,6000,2000,100,20,13,18,94,1,random,mean,250
2026100700,2500,250,0.5703125,0.263020833333,0.0128911929112,1,0.0084,baseline,threshold,FE,6000,2000,100,20,13,18,94,1,random,mean,250
2026100701,2500,250,0.510739583333,0.303427083333,0.00776696062992,0.977,0.0536,baseline,threshold,FE,6000,2000,100,20,13,18,94,1,random,mean,250
2026100702,2500,250,0.711066666667,0.122266666667,0.00301305669899,1,0.0116,baseline,threshold,FE,6000,2000,100,20,13,18,94,1,random,mean,250
2026100703,2500,250,0.553525,0.279808333333,0.0153851183436,1,0.0172,baseline,threshold,FE,6000,2000,100,20,13,18,94,1,random,mean,250
2026100704,2500,250,0.646397916667,0.186935416667,0.0123605591215,1,0.0196,baseline,threshold,FE,6000,2000,100,20,13,18,94,1,random,mean,250
2026100705,2500,250,0.497395833333,0.252604166667,0.0123037676609,0.9,0.0164,baseline,threshold,FE,6000,2000,100,20,13,18,94,1,random,mean,250
2026100706,2500,250,0.617429166667,0.215904166667,0.0178693648116,1,0.0108,baseline,threshold,FE,6000,2000,100,20,13,18,94,1,random,mean,250
2026100707,2500,250,0.511458333333,0.321875,0.0101221682912,1,0.0136,baseline,threshold,FE,6000,2000,100,20,13,18,94,1,random,mean,250
2026100708,2500,250,0.577852083333,0.249814583333,0.0186396017397,0.9932,0.0228,baseline,threshold,FE,6000,2000,100,20,13,18,94,1,random,mean,250
2026100709,2500,250,0.6408375,0.192495833333,0.0197893746074,1,0.0096,baseline,threshold,FE,6000,2000,100,20,13,18,94,1,random,mean,250
2026100710,2500,250,0.7345125,0.0988208333333,0.0101055807197,1,0.012,baseline,threshold,FE,6000,2000,100,20,13,18,94,1,random,mean,250
2026100711,2500,250,0.561108333333,0.272225,0.0207018409497,1,0.0132,baseline,threshold,FE,6000,2000,100,20,13,18,94,1,random,mean,250
2026100712,2500,250,0.709964583333,0.12336875,0.0055067268695,1,0.0304,baseline,threshold,FE,6000,2000,100,20,13,18,94,1,random,mean,250
2026100713,2500,250,0.50589375,0.24410625,0.0129952662291,0.9,0.0372,baseline,threshold,FE,6000,2000,100,20,13,18,94,1,random,mean,250
2026100714,2500,250,0.53125,0.302083333333,0.008,1,0.0152,baseline,threshold,FE,6000,2000,100,20,13,18,94,1,random,mean,250
2026100715,2500,250,0.715104166667,0.118229166667,0.00536858974359,1,0.0072,baseline,threshold,FE,6000,2000,100,20,13,18,94,1,random,mean,250
2026100716,2500,250,0.535416666667,0.25625,0.0201954902422,0.95,0.0168,baseline,threshold,FE,6000,2000,100,20,13,18,94,1,random,mean,250
2026100717,2500,250,0.228645833333,-0.228645833333,0.0140045045045,0,0.0104,baseline,threshold,FE,6000,2000,100,20,13,18,94,1,random,mean,250
2026100718,2500,250,0.624297916667,0.209035416667,0.0200523544354,1,0.0288,baseline,threshold,FE,6000,2000,100,20,13,18,94,1,random,mean,250
2026100719,2500,250,0.6140625,0.219270833333,0.00799652325076,1,0.0076,baseline,threshold,FE,6000,2000,100,20,13,18,94,1,random,mean,250
2026100720,2500,250,0.5296875,0.303645833333,0.007653125,1,0.0316,baseline,threshold,FE,6000,2000,100,20,13,18,94,1,random,mean,250
2026100721,2500,250,0.545777083333,0.28755625,0.00571143406428,1,0.032,baseline,threshold,FE,6000,2000,100,20,13,18,94,1,random,mean,250
2026100722,2500,250,0.583333333333,0.25,0.00607680442992,1,0.02,baseline,threshold,FE,6000,2000,100,20,13,18,94,1,random,mean,250
2026100723,2500,250,0.53125,0.302083333333,0.0168,1,0.0084,baseline,threshold,FE,6000,2000,100,20,13,18,94,1,random,mean,250
2026100724,2500,250,0.537125,0.254541666667,0.0315570357651,0.95,0.0108,baseline,threshold,FE,6000,2000,100,20,13,18,94,1,random,mean,250
2026100725,2500,250,0.2484375,-0.2484375,0.00316666666667,0,0.0172,baseline,threshold,FE,6000,2000,100,20,13,18,94,1,random,mean,250
2026100726,2500,250,0.660897916667,0.172435416667,0.00621691559953,1,0.0148,baseline,threshold,FE,6000,2000,100,20,13,18,94,1,random,mean,250
2026100727,2500,250,0.560147916667,0.23151875,0.0137137891504,0.95,0.0248,baseline,threshold,FE,6000,2000,100,20,13,18,94,1,random,mean,250
2026100728,2500,250,0.5315875,0.2184125,0.0344479628355,0.9,0.0192,baseline,threshold,FE,6000,2000,100,20,13,18,94,1,random,mean,250
2026100729,2500,250,0.571910416667,0.21975625,0.0100416358501,0.95,0.0172,baseline,threshold,FE,6000,2000,100,20,13,18,94,1,random,mean,250
2026100730,2500,250,0.503645833333,0.246354166667,0.0213163611901,0.9,0.0168,baseline,threshold,FE,6000,2000,100,20,13,18,94,1,random,mean,250
2026100731,2500,250,0.566154166667,0.240179166667,0.0200209077614,0.9676,0.0244,baseline,threshold,FE,6000,2000,100,20,13,18,94,1,random,mean,250
2026100700,2750,250,0.572925,0.260408333333,0.0123909590323,1,0.008,baseline,threshold,FE,6000,2000,100,20,13,18,94,1,random,mean,250
2026100701,2750,250,0.509895833333,0.281770833333,0.00901496062992,0.95,0.0487272727273,baseline,threshold,FE,6000,2000,100,20,13,18,94,1,random,mean,250
2026100702,2750,250,0.71079375,0.122539583333,0.000923246015754,1,0.0112727272727,baseline,threshold,FE,6000,2000,100,20,13,18,94,1,random,mean,250
2026100703,2750,250,0.553125,0.280208333333,0.0150658469395,1,0.0156363636364,baseline,threshold,FE,6000,2000,100,20,13,18,94,1,random,mean,250
2026100704,2750,250,0.640104166667,0.193229166667,0.0109932546014,1,0.0181818181818,baseline,threshold,FE,6000,2000,100,20,13,18,94,1,random,mean,250
2026100705,2750,250,0.497395833333,0.252604166667,0.0123037676609,0.9,0.0149090909091,baseline,threshold,FE,6000,2000,100,20,13,18,94,1,random,mean,250
2026100706,2750,250,0.617491666667,0.215841666667,0.0187197188641,1,0.0101818181818,baseline,threshold,FE,6000,2000,100,20,13,18,94,1,random,mean,250
2026100707,2750,250,0.50788125,0.271785416667,0.0127646965207,0.9356,0.0130909090909,baseline,threshold,FE,6000,2000,100,20,13,18,94,1,random,mean,250
2026100708,2750,250,0.564608333333,0.268725,0.0119520285274,1,0.0218181818182,baseline,threshold,FE,6000,2000,100,20,13,18,94,1,random,mean,250
2026100709,2750,250,0.64781875,0.185514583333,0.0187880549876,1,0.00981818181818,baseline,threshold,FE,6000,2000,100,20,13,18,94,1,random,mean,250
2026100710,2750,250,0.740485416667,0.0928479166667,0.00787641402192,1,0.0116363636364,baseline,threshold,FE,6000,2000,100,20,13,18,94,1,random,mean,250
2026100711,2750,250,0.565104166667,0.268229166667,0.019104610315,1,0.012,baseline,threshold,FE,6000,2000,100,20,13,18,94,1,random,mean,250
2026100712,2750,250,0.7104,0.122933333333,0.00565661133083,1,0.028,baseline,threshold,FE,6000,2000,100,20,13,18,94,1,random,mean,250
2026100713,2750,250,0.506433333333,0.2509,0.0112701279728,0.9088,0.0341818181818,baseline,threshold,FE,6000,2000,100,20,13,18,94,1,random,mean,250
2026100714,2750,250,0.5304,0.302933333333,0.0084488,1,0.0141818181818,baseline,threshold,FE,6000,2000,100,20,13,18,94,1,random,mean,250
2026100715,2750,250,0.713770833333,0.1195625,0.00751751679532,1,0.00690909090909,baseline,threshold,FE,6000,2000,100,20,13,18,94,1,random,mean,250
2026100716,2750,250,0.535416666667,0.25625,0.0201954902422,0.95,0.0152727272727,baseline,threshold,FE,6000,2000,100,20,13,18,94,1,random,mean,250
2026100717,2750,250,0.22505,-0.22505,0.0136090139285,0,0.0101818181818,baseline,threshold,FE,6000,2000,100,20,13,18,94,1,random,mean,250
2026100718,2750,250,0.604679166667,0.2039875,0.0327774053247,0.9704,0.0283636363636,baseline,threshold,FE,6000,2000,100,20,13,18,94,1,random,mean,250
2026100719,2750,250,0.6140625,0.219270833333,0.00799652325076,1,0.00690909090909,baseline,threshold,FE,6000,2000,100,20,13,18,94,1,random,mean,250
2026100720,2750,250,0.5296875,0.303645833333,0.007653125,1,0.0287272727273,baseline,threshold,FE,6000,2000,100,20,13,18,94,1,random,mean,250
2026100721,2750,250,0.538133333333,0.282533333333,0.00731541483484,0.9848,0.0298181818182,baseline,threshold,FE,6000,2000,100,20,13,18,94,1,random,mean,250
2026100722,2750,250,0.583333333333,0.25,0.00607680442992,1,0.0181818181818,baseline,threshold,FE,6000,2000,100,20,13,18,94,1,random,mean,250
2026100723,2750,250,0.53125,0.302083333333,0.0168,1,0.00763636363636,baseline,threshold,FE,6000,2000,100,20,13,18,94,1,random,mean,250
2026100724,2750,250,0.5346375,0.257029166667,0.0324429917699,0.95,0.0101818181818,baseline,threshold,FE,6000,2000,100,20,13,18,94,1,random,mean,250
2026100725,2750,250,0.24804375,-0.24804375,0.00325950877193,0,0.0163636363636,baseline,threshold,FE,6000,2000,100,20,13,18,94,1,random,mean,250
2026100726,2750,250,0.6609375,0.172395833333,0.00410326086957,1,0.0134545454545,baseline,threshold,FE,6000,2000,100,20,13,18,94,1,random,mean,250
2026100727,2750,250,0.565104166667,0.2265625,0.0114057698356,0.95,0.0225454545455,baseline,threshold,FE,6000,2000,100,20,13,18,94,1,random,mean,250
2026100728,2750,250,0.531770833333,0.218229166667,0.0344065608746,0.9,0.0174545454545,baseline,threshold,FE,6000,2000,100,20,13,18,94,1,random,mean,250
2026100729,2750,250,0.561979166667,0.2296875,0.010880230524,0.95,0.0156363636364,baseline,threshold,FE,6000,2000,100,20,13,18,94,1,random,mean,250
2026100730,2750,250,0.503645833333,0.246354166667,0.0213163611901,0.9,0.0152727272727,baseline,threshold,FE,6000,2000,100,20,13,18,94,1,random,mean,250
2026100731,2750,250,0.578125,0.255208333333,0.0143058391882,1,0.0221818181818,baseline,threshold,FE,6000,2000,100,20,13,18,94,1,random,mean,250
2026100700,3000,250,0.580208333333,0.253125,0.0109963676122,1,0.00733333333333,baseline,threshold,FE,6000,2000,100,20,13,18,94,1,random,mean,250
2026100701,3000,250,0.509895833333,0.281770833333,0.00901496062992,0.95,0.0446666666667,baseline,threshold,FE,6000,2000,100,20,13,18,94,1,random,mean,250
2026100702,3000,250,0.7109375,0.122395833333,0.000849514563107,1,0.0106666666667,baseline,threshold,FE,6000,2000,100,20,13,18,94,1,random,mean,250
2026100703,3000,250,0.5708375,0.262495833333,0.00959224771142,1,0.0146666666667,baseline,threshold,FE,6000,2000,100,20,13,18,94,1,random,mean,250
2026100704,3000,250,0.640104166667,0.193229166667,0.0109932546014,1,0.0166666666667,baseline,threshold,FE,6000,2000,100,20,13,18,94,1,random,mean,250
2026100705,3000,250,0.497525,0.252475,0.0122623045526,0.9,0.014,baseline,threshold,FE,6000,2000,100,20,13,18,94,1,random,mean,250
2026100706,3000,250,0.619791666667,0.213541666667,0.0211169452358,1,0.00933333333333,baseline,threshold,FE,6000,2000,100,20,13,18,94,1,random,mean,250
2026100707,3000,250,0.50581875,0.24418125,0.0144812101486,0.9,0.0126666666667,baseline,threshold,FE,6000,2000,100,20,13,18,94,1,random,mean,250
2026100708,3000,250,0.553014583333,0.28031875,0.00763491594813,1,0.022,baseline,threshold,FE,6000,2000,100,20,13,18,94,1,random,mean,250
2026100709,3000,250,0.638279166667,0.195054166667,0.0113889262884,1,0.00933333333333,baseline,threshold,FE,6000,2000,100,20,13,18,94,1,random,mean,250
2026100710,3000,250,0.739135416667,0.0941979166667,0.00801653189578,1,0.011,baseline,threshold,FE,6000,2000,100,20,13,18,94,1,random,mean,250
2026100711,3000,250,0.562160416667,0.271172916667,0.0164605246661,1,0.0123333333333,baseline,threshold,FE,6000,2000,100,20,13,18,94,1,random,mean,250
2026100712,3000,250,0.7109375,0.122395833333,0.00582884097035,1,0.0256666666667,baseline,threshold,FE,6000,2000,100,20,13,18,94,1,random,mean,250
2026100713,3000,250,0.507291666667,0.284375,0.00943991634573,0.95,0.0316666666667,baseline,threshold,FE,6000,2000,100,20,13,18,94,1,random,mean,250
2026100714,3000,250,0.5296875,0.303645833333,0.008825,1,0.013,baseline,threshold,FE,6000,2000,100,20,13,18,94,1,random,mean,250
2026100715,3000,250,0.71205,0.121283333333,0.0101252555331,1,0.007,baseline,threshold,FE,6000,2000,100,20,13,18,94,1,random,mean,250
2026100716,3000,250,0.539033333333,0.252633333333,0.0185374072761,0.95,0.0143333333333,baseline,threshold,FE,6000,2000,100,20,13,18,94,1,random,mean,250
2026100717,3000,250,0.430652083333,0.167847916667,0.0308519116176,0.7182,0.01,baseline,threshold,FE,6000,2000,100,20,13,18,94,1,random,mean,250
2026100718,3000,250,0.59530625,0.238027083333,0.0158975744302,1,0.0266666666667,baseline,threshold,FE,6000,2000,100,20,13,18,94,1,random,mean,250
2026100719,3000,250,0.613758333333,0.219575,0.00780474358974,1,0.00666666666667,baseline,threshold,FE,6000,2000,100,20,13,18,94,1,random,mean,250
2026100720,3000,250,0.5296875,0.303645833333,0.007653125,1,0.0266666666667,baseline,threshold,FE,6000,2000,100,20,13,18,94,1,random,mean,250
2026100721,3000,250,0.515583333333,0.248583333333,0.0104534450625,0.917,0.028,baseline,threshold,FE,6000,2000,100,20,13,18,94,1,random,mean,250
2026100722,3000,250,0.582704166667,0.250629166667,0.00604504257263,1,0.0173333333333,baseline,threshold,FE,6000,2000,100,20,13,18,94,1,random,mean,250
2026100723,3000,250,0.53125,0.302083333333,0.0168,1,0.007,baseline,threshold,FE,6000,2000,100,20,13,18,94,1,random,mean,250
2026100724,3000,250,0.527929166667,0.2637375,0.0369208474576,0.95,0.00966666666667,baseline,threshold,FE,6000,2000,100,20,13,18,94,1,random,mean,250
2026100725,3000,250,0.249825,-0.249825,0.00528071733388,0,0.0153333333333,baseline,threshold,FE,6000,2000,100,20,13,18,94,1,random,mean,250
2026100726,3000,250,0.6609375,0.172395833333,0.00410326086957,1,0.0123333333333,baseline,threshold,FE,6000,2000,100,20,13,18,94,1,random,mean,250
2026100727,3000,250,0.565104166667,0.2265625,0.0114057698356,0.95,0.0206666666667,baseline,threshold,FE,6000,2000,100,20,13,18,94,1,random,mean,250
2026100728,3000,250,0.536083333333,0.25225,0.0282210634668,0.946,0.0163333333333,baseline,threshold,FE,6000,2000,100,20,13,18,94,1,random,mean,250
2026100729,3000,250,0.561979166667,0.2296875,0.010880230524,0.95,0.0143333333333,baseline,threshold,FE,6000,2000,100,20,13,18,94,1,random,mean,250
2026100730,3000,250,0.5057125,0.285620833333,0.0197769491071,0.9496,0.0143333333333,baseline,threshold,FE,6000,2000,100,20,13,18,94,1,random,mean,250
2026100731,3000,250,0.58025,0.253083333333,0.0147827925939,1,0.0206666666667,baseline,threshold,FE,6000,2000,100,20,13,18,94,1,random,mean,250
2026100700,3250,250,0.582722916667,0.250610416667,0.00966889198499,1,0.00707692307692,baseline,threshold,FE,6000,2000,100,20,13,18,94,1,random,mean,250
2026100701,3250,250,0.514272916667,0.28839375,0.00908792718952,0.9632,0.0424615384615,baseline,threshold,FE,6000,2000,100,20,13,18,94,1,random,mean,250
2026100702,3250,250,0.7109375,0.122395833333,0.000849514563107,1,0.00984615384615,baseline,threshold,FE,6000,2000,100,20,13,18,94,1,random,mean,250
2026100703,3250,250,0.580810416667,0.252522916667,0.00495822420072,1,0.0147692307692,baseline,threshold,FE,6000,2000,100,20,13,18,94,1,random,mean,250
2026100704,3250,250,0.6332375,0.200095833333,0.0136758531825,1,0.0156923076923,baseline,threshold,FE,6000,2000,100,20,13,18,94,1,random,mean,250
2026100705,3250,250,0.4984375,0.2515625,0.0119693877551,0.9,0.0129230769231,baseline,threshold,FE,6000,2000,100,20,13,18,94,1,random,mean,250
2026100706,3250,250,0.625739583333,0.20759375,0.0159922352629,1,0.00953846153846,baseline,threshold,FE,6000,2000,100,20,13,18,94,1,random,mean,250
2026100707,3250,250,0.505729166667,0.244270833333,0.0144136000857,0.9,0.0116923076923,baseline,threshold,FE,6000,2000,100,20,13,18,94,1,random,mean,250
2026100708,3250,250,0.547883333333,0.28545,0.00498042551044,1,0.0206153846154,baseline,threshold,FE,6000,2000,100,20,13,18,94,1,random,mean,250
2026100709,3250,250,0.634895833333,0.1984375,0.0102904797601,1,0.00861538461538,baseline,threshold,FE,6000,2000,100,20,13,18,94,1,random,mean,250
2026100710,3250,250,0.738329166667,0.0950041666667,0.0082597811911,1,0.0107692307692,baseline,threshold,FE,6000,2000,100,20,13,18,94,1,random,mean,250
2026100711,3250,250,0.590375,0.242958333333,0.00864867152502,1,0.0126153846154,baseline,threshold,FE,6000,2000,100,20,13,18,94,1,random,mean,250
2026100712,3250,250,0.7109375,0.122395833333,0.00582884097035,1,0.0236923076923,baseline,threshold,FE,6000,2000,100,20,13,18,94,1,random,mean,250
2026100713,3250,250,0.507291666667,0.284375,0.00916111447608,0.95,0.0292307692308,baseline,threshold,FE,6000,2000,100,20,13,18,94,1,random,mean,250
2026100714,3250,250,0.5296875,0.303645833333,0.008825,1,0.012,baseline,threshold,FE,6000,2000,100,20,13,18,94,1,random,mean,250
2026100715,3250,250,0.70876875,0.124564583333,0.00756227446237,1,0.00676923076923,baseline,threshold,FE,6000,2000,100,20,13,18,94,1,random,mean,250
2026100716,3250,250,0.5341875,0.257479166667,0.0149231250458,0.95,0.0135384615385,baseline,threshold,FE,6000,2000,100,20,13,18,94,1,random,mean,250
2026100717,3250,250,0.496354166667,0.2953125,0.0359298105315,0.95,0.00923076923077,baseline,threshold,FE,6000,2000,100,20,13,18,94,1,random,mean,250
2026100718,3250,250,0.583479166667,0.249854166667,0.0168719517629,1,0.0249230769231,baseline,threshold,FE,6000,2000,100,20,13,18,94,1,random,mean,250
2026100719,3250,250,0.613045833333,0.2202875,0.00732487179487,1,0.00646153846154,baseline,threshold,FE,6000,2000,100,20,13,18,94,1,random,mean,250
2026100720,3250,250,0.5296875,0.303645833333,0.007653125,1,0.0246153846154,baseline,threshold,FE,6000,2000,100,20,13,18,94,1,random,mean,250
2026100721,3250,250,0.507641666667,0.287525,0.0077468021624,0.9542,0.0264615384615,baseline,threshold,FE,6000,2000,100,20,13,18,94,1,random,mean,250
2026100722,3250,250,0.581758333333,0.251575,0.00597121028339,1,0.0163076923077,baseline,threshold,FE,6000,2000,100,20,13,18,94,1,random,mean,250
2026100723,3250,250,0.5317125,0.301620833333,0.0165545365854,1,0.00707692307692,baseline,threshold,FE,6000,2000,100,20,13,18,94,1,random,mean,250
2026100724,3250,250,0.52536875,0.266297916667,0.0397098351033,0.95,0.00953846153846,baseline,threshold,FE,6000,2000,100,20,13,18,94,1,random,mean,250
2026100725,3250,250,0.245041666667,-0.245041666667,0.00990095882847,0,0.0156923076923,baseline,threshold,FE,6000,2000,100,20,13,18,94,1,random,mean,250
2026100726,3250,250,0.6609375,0.172395833333,0.00410326086957,1,0.0113846153846,baseline,threshold,FE,6000,2000,100,20,13,18,94,1,random,mean,250
2026100727,3250,250,0.565104166667,0.2265625,0.0114057698356,0.95,0.0190769230769,baseline,threshold,FE,6000,2000,100,20,13,18,94,1,random,mean,250
2026100728,3250,250,0.541145833333,0.2921875,0.0209598273794,1,0.0150769230769,baseline,threshold,FE,6000,2000,100,20,13,18,94,1,random,mean,250
2026100729,3250,250,0.559683333333,0.231983333333,0.0110298603173,0.95,0.0135384615385,baseline,threshold,FE,6000,2000,100,20,13,18,94,1,random,mean,250
2026100730,3250,250,0.505729166667,0.2859375,0.0197645344936,0.95,0.0132307692308,baseline,threshold,FE,6000,2000,100,20,13,18,94,1,random,mean,250
2026100731,3250,250,0.58125,0.252083333333,0.0150072412553,1,0.0193846153846,baseline,threshold,FE,6000,2000,100,20,13,18,94,1,random,mean,250
2026100700,3500,250,0.5890625,0.244270833333,0.00632215765731,1,0.00657142857143,baseline,threshold,FE,6000,2000,100,20,13,18,94,1,random,mean,250
2026100701,3500,250,0.5100125,0.3029875,0.00767782657168,0.9756,0.0402857142857,baseline,threshold,FE,6000,2000,100,20,13,18,94,1,random,mean,250
2026100702,3500,250,0.710425,0.122908333333,0.000841553398058,1,0.00942857142857,baseline,threshold,FE,6000,2000,100,20,13,18,94,1,random,mean,250
2026100703,3500,250,0.584895833333,0.2484375,0.00243377011822,1,0.0137142857143,baseline,threshold,FE,6000,2000,100,20,13,18,94,1,random,mean,250
2026100704,3500,250,0.631833333333,0.2015,0.0142197882552,1,0.0148571428571,baseline,threshold,FE,6000,2000,100,20,13,18,94,1,random,mean,250
2026100705,3500,250,0.498345833333,0.251654166667,0.011899408902,0.9,0.0122857142857,baseline,threshold,FE,6000,2000,100,20,13,18,94,1,random,mean,250
2026100706,3500,250,0.6265625,0.206770833333,0.0154924473604,1,0.00914285714286,baseline,threshold,FE,6000,2000,100,20,13,18,94,1,random,mean,250
2026100707,3500,250,0.505345833333,0.2599875,0.014428294187,0.9184,0.0111428571429,baseline,threshold,FE,6000,2000,100,20,13,18,94,1,random,mean,250
2026100708,3500,250,0.548025,0.285308333333,0.00507846348726,1,0.0197142857143,baseline,threshold,FE,6000,2000,100,20,13,18,94,1,random,mean,250
2026100709,3500,250,0.63515,0.198183333333,0.0101164919631,1,0.00885714285714,baseline,threshold,FE,6000,2000,100,20,13,18,94,1,random,mean,250
2026100710,3500,250,0.575489583333,0.214177083333,0.0187881009762,0.9476,0.0111428571429,baseline,threshold,FE,6000,2000,100,20,13,18,94,1,random,mean,250
2026100711,3500,250,0.572141666667,0.190191666667,0.0143294970894,0.9148,0.012,baseline,threshold,FE,6000,2000,100,20,13,18,94,1,random,mean,250
2026100712,3500,250,0.710770833333,0.1225625,0.0059861410602,1,0.0222857142857,baseline,threshold,FE,6000,2000,100,20,13,18,94,1,random,mean,250
2026100713,3500,250,0.507291666667,0.284375,0.00916111447608,0.95,0.0271428571429,baseline,threshold,FE,6000,2000,100,20,13,18,94,1,random,mean,250
2026100714,3500,250,0.5296875,0.303645833333,0.008825,1,0.0111428571429,baseline,threshold,FE,6000,2000,100,20,13,18,94,1,random,mean,250
2026100715,3500,250,0.7078125,0.125520833333,0.00693452380952,1,0.00628571428571,baseline,threshold,FE,6000,2000,100,20,13,18,94,1,random,mean,250
2026100716,3500,250,0.532291666667,0.259375,0.0137418356475,0.95,0.0125714285714,baseline,threshold,FE,6000,2000,100,20,13,18,94,1,random,mean,250
2026100717,3500,250,0.5190875,0.272579166667,0.0280539759259,0.95,0.00885714285714,baseline,threshold,FE,6000,2000,100,20,13,18,94,1,random,mean,250
2026100718,3500,250,0.57259375,0.260739583333,0.0180190693293,1,0.0242857142857,baseline,threshold,FE,6000,2000,100,20,13,18,94,1,random,mean,250
2026100719,3500,250,0.614583333333,0.21875,0.00641025641026,1,0.006,baseline,threshold,FE,6000,2000,100,20,13,18,94,1,random,mean,250
2026100720,3500,250,0.5296875,0.303645833333,0.007653125,1,0.0228571428571,baseline,threshold,FE,6000,2000,100,20,13,18,94,1,random,mean,250
2026100721,3500,250,0.505395833333,0.3279375,0.00424704372891,1,0.0251428571429,baseline,threshold,FE,6000,2000,100,20,13,18,94,1,random,mean,250
2026100722,3500,250,0.584229166667,0.249104166667,0.00370531647044,1,0.016,baseline,threshold,FE,6000,2000,100,20,13,18,94,1,random,mean,250
2026100723,3500,250,0.532175,0.301158333333,0.0162192499344,1,0.00685714285714,baseline,threshold,FE,6000,2000,100,20,13,18,94,1,random,mean,250
2026100724,3500,250,0.543935416667,0.24773125,0.0324437446251,0.95,0.00942857142857,baseline,threshold,FE,6000,2000,100,20,13,18,94,1,random,mean,250
2026100725,3500,250,0.2390625,-0.2390625,0.0160942402795,0,0.0145714285714,baseline,threshold,FE,6000,2000,100,20,13,18,94,1,random,mean,250
2026100726,3500,250,0.6609375,0.172395833333,0.00410326086957,1,0.0105714285714,baseline,threshold,FE,6000,2000,100,20,13,18,94,1,random,mean,250
2026100727,3500,250,0.565104166667,0.2265625,0.0114057698356,0.95,0.0177142857143,baseline,threshold,FE,6000,2000,100,20,13,18,94,1,random,mean,250
2026100728,3500,250,0.541145833333,0.2921875,0.0209598273794,1,0.014,baseline,threshold,FE,6000,2000,100,20,13,18,94,1,random,mean,250
2026100729,3500,250,0.552083333333,0.239583333333,0.0115251865298,0.95,0.0125714285714,baseline,threshold,FE,6000,2000,100,20,13,18,94,1,random,mean,250
2026100730,3500,250,0.5038125,0.2801875,0.0187329621876,0.9408,0.0125714285714,baseline,threshold,FE,6000,2000,100,20,13,18,94,1,random,mean,250
2026100731,3500,250,0.580797916667,0.252535416667,0.0153984231187,1,0.0182857142857,baseline,threshold,FE,6000,2000,100,20,13,18,94,1,random,mean,250
2026100700,3750,250,0.5890625,0.244270833333,0.00632215765731,1,0.00613333333333,baseline,threshold,FE,6000,2000,100,20,13,18,94,1,random,mean,250
2026100701,3750,250,0.499535416667,0.29213125,0.00531041019873,0.95,0.0378666666667,baseline,threshold,FE,6000,2000,100,20,13,18,94,1,random,mean,250
2026100702,3750,250,0.710708333333,0.122625,0.00141391585761,1,0.00933333333333,baseline,threshold,FE,6000,2000,100,20,13,18,94,1,random,mean,250
2026100703,3750,250,0.585291666667,0.248041666667,0.00236534862981,1,0.0133333333333,baseline,threshold,FE,6000,2000,100,20,13,18,94,1,random,mean,250
2026100704,3750,250,0.641052083333,0.19228125,0.0107522571578,1,0.0141333333333,baseline,threshold,FE,6000,2000,100,20,13,18,94,1,random,mean,250
2026100705,3750,250,0.496354166667,0.253645833333,0.010378959276,0.9,0.0114666666667,baseline,threshold,FE,6000,2000,100,20,13,18,94,1,random,mean,250
2026100706,3750,250,0.626341666667,0.206991666667,0.0153481975477,1,0.00906666666667,baseline,threshold,FE,6000,2000,100,20,13,18,94,1,random,mean,250
2026100707,3750,250,0.5027375,0.282929166667,0.0164060469802,0.9428,0.0106666666667,baseline,threshold,FE,6000,2000,100,20,13,18,94,1,random,mean,250
2026100708,3750,250,0.547916666667,0.285416666667,0.00500071901064,1,0.0184,baseline,threshold,FE,6000,2000,100,20,13,18,94,1,random,mean,250
2026100709,3750,250,0.638525,0.194808333333,0.0103368236412,1,0.00853333333333,baseline,threshold,FE,6000,2000,100,20,13,18,94,1,random,mean,250
2026100710,3750,250,0.532291666667,0.259375,0.0152179487179,0.95,0.0104,baseline,threshold,FE,6000,2000,100,20,13,18,94,1,random,mean,250
2026100711,3750,250,0.57811875,0.23788125,0.00873632566073,0.9792,0.012,baseline,threshold,FE,6000,2000,100,20,13,18,94,1,random,mean,250
2026100712,3750,250,0.708854166667,0.124479166667,0.00779509209344,1,0.0208,baseline,threshold,FE,6000,2000,100,20,13,18,94,1,random,mean,250
2026100713,3750,250,0.507291666667,0.284375,0.00916111447608,0.95,0.0256,baseline,threshold,FE,6000,2000,100,20,13,18,94,1,random,mean,250
2026100714,3750,250,0.530033333333,0.3033,0.00864527559055,1,0.0106666666667,baseline,threshold,FE,6000,2000,100,20,13,18,94,1,random,mean,250
2026100715,3750,250,0.7086,0.124733333333,0.00661211354082,1,0.00613333333333,baseline,threshold,FE,6000,2000,100,20,13,18,94,1,random,mean,250
2026100716,3750,250,0.532291666667,0.259375,0.0137418356475,0.95,0.0117333333333,baseline,threshold,FE,6000,2000,100,20,13,18,94,1,random,mean,250
2026100717,3750,250,0.514239583333,0.277427083333,0.0274768685406,0.95,0.00853333333333,baseline,threshold,FE,6000,2000,100,20,13,18,94,1,random,mean,250
2026100718,3750,250,0.545404166667,0.287929166667,0.00690896693761,1,0.0229333333333,baseline,threshold,FE,6000,2000,100,20,13,18,94,1,random,mean,250
2026100719,3750,250,0.614583333333,0.21875,0.00641025641026,1,0.0056,baseline,threshold,FE,6000,2000,100,20,13,18,94,1,random,mean,250
2026100720,3750,250,0.5296875,0.303645833333,0.007653125,1,0.0213333333333,baseline,threshold,FE,6000,2000,100,20,13,18,94,1,random,mean,250
2026100721,3750,250,0.500495833333,0.311670833333,0.00193342857143,0.9746,0.0237333333333,baseline,threshold,FE,6000,2000,100,20,13,18,94,1,random,mean,250
2026100722,3750,250,0.583633333333,0.2497,0.00267060155599,1,0.0152,baseline,threshold,FE,6000,2000,100,20,13,18,94,1,random,mean,250
2026100723,3750,250,0.531770833333,0.3015625,0.0161225806452,1,0.00666666666667,baseline,threshold,FE,6000,2000,100,20,13,18,94,1,random,mean,250
2026100724,3750,250,0.538285416667,0.26888125,0.0294920163931,0.9686,0.00986666666667,baseline,threshold,FE,6000,2000,100,20,13,18,94,1,random,mean,250
2026100725,3750,250,0.2390625,-0.2390625,0.0160942402795,0,0.0138666666667,baseline,threshold,FE,6000,2000,100,20,13,18,94,1,random,mean,250
2026100726,3750,250,0.6609375,0.172395833333,0.00454336748492,1,0.0101333333333,baseline,threshold,FE,6000,2000,100,20,13,18,94,1,random,mean,250
2026100727,3750,250,0.565104166667,0.2265625,0.0114057698356,0.95,0.0165333333333,baseline,threshold,FE,6000,2000,100,20,13,18,94,1,random,mean,250
2026100728,3750,250,0.541145833333,0.2921875,0.0209598273794,1,0.0130666666667,baseline,threshold,FE,6000,2000,100,20,13,18,94,1,random,mean,250
2026100729,3750,250,0.552083333333,0.239583333333,0.0115251865298,0.95,0.0117333333333,baseline,threshold,FE,6000,2000,100,20,13,18,94,1,random,mean,250
2026100730,3750,250,0.4953125,0.2546875,0.0141581632653,0.9,0.0117333333333,baseline,threshold,FE,6000,2000,100,20,13,18,94,1,random,mean,250
2026100731,3750,250,0.580729166667,0.252604166667,0.0154579116048,1,0.0170666666667,baseline,threshold,FE,6000,2000,100,20,13,18,94,1,random,mean,250
2026100700,4000,250,0.5890625,0.244270833333,0.00632215765731,1,0.00575,baseline,threshold,FE,6000,2000,100,20,13,18,94,1,random,mean,250
2026100701,4000,250,0.499289583333,0.30404375,0.00267153287982,0.964,0.0365,baseline,threshold,FE,6000,2000,100,20,13,18,94,1,random,mean,250
2026100702,4000,250,0.711829166667,0.121504166667,0.00400619161019,1,0.00925,baseline,threshold,FE,6000,2000,100,20,13,18,94,1,random,mean,250
2026100703,4000,250,0.583854166667,0.249479166667,0.00260679271709,1,0.0125,baseline,threshold,FE,6000,2000,100,20,13,18,94,1,random,mean,250
2026100704,4000,250,0.643885416667,0.170947916667,0.0160232670661,0.9778,0.014,baseline,threshold,FE,6000,2000,100,20,13,18,94,1,random,mean,250
2026100705,4000,250,0.496354166667,0.253645833333,0.010378959276,0.9,0.01075,baseline,threshold,FE,6000,2000,100,20,13,18,94,1,random,mean,250
2026100706,4000,250,0.625520833333,0.2078125,0.015001874063,1,0.0085,baseline,threshold,FE,6000,2000,100,20,13,18,94,1,random,mean,250
2026100707,4000,250,0.491145833333,0.258854166667,0.0280126774267,0.9,0.01,baseline,threshold,FE,6000,2000,100,20,13,18,94,1,random,mean,250
2026100708,4000,250,0.547975,0.285358333333,0.00497286186555,1,0.01775,baseline,threshold,FE,6000,2000,100,20,13,18,94,1,random,mean,250
2026100709,4000,250,0.6353625,0.197970833333,0.00895756184468,1,0.0085,baseline,threshold,FE,6000,2000,100,20,13,18,94,1,random,mean,250
2026100710,4000,250,0.532291666667,0.259375,0.0152179487179,0.95,0.00975,baseline,threshold,FE,6000,2000,100,20,13,18,94,1,random,mean,250
2026100711,4000,250,0.581770833333,0.2515625,0.00728221108251,1,0.01125,baseline,threshold,FE,6000,2000,100,20,13,18,94,1,random,mean,250
2026100712,4000,250,0.708854166667,0.124479166667,0.00779509209344,1,0.0195,baseline,threshold,FE,6000,2000,100,20,13,18,94,1,random,mean,250
2026100713,4000,250,0.507291666667,0.284375,0.00916111447608,0.95,0.024,baseline,threshold,FE,6000,2000,100,20,13,18,94,1,random,mean,250
2026100714,4000,250,0.530208333333,0.303125,0.00855433070866,1,0.01,baseline,threshold,FE,6000,2000,100,20,13,18,94,1,random,mean,250
2026100715,4000,250,0.711791666667,0.121541666667,0.00550228493067,1,0.0065,baseline,threshold,FE,6000,2000,100,20,13,18,94,1,random,mean,250
2026100716,4000,250,0.532291666667,0.259375,0.0137418356475,0.95,0.011,baseline,threshold,FE,6000,2000,100,20,13,18,94,1,random,mean,250
2026100717,4000,250,0.4930875,0.2709125,0.0251088726823,0.9168,0.00825,baseline,threshold,FE,6000,2000,100,20,13,18,94,1,random,mean,250
2026100718,4000,250,0.544270833333,0.2890625,0.00570138342512,1,0.02175,baseline,threshold,FE,6000,2000,100,20,13,18,94,1,random,mean,250
2026100719,4000,250,0.614583333333,0.21875,0.00641025641026,1,0.00525,baseline,threshold,FE,6000,2000,100,20,13,18,94,1,random,mean,250
2026100720,4000,250,0.529929166667,0.303404166667,0.00779726870079,1,0.02025,baseline,threshold,FE,6000,2000,100,20,13,18,94,1,random,mean,250
2026100721,4000,250,0.498958333333,0.292708333333,0.0015,0.95,0.02225,baseline,threshold,FE,6000,2000,100,20,13,18,94,1,random,mean,250
2026100722,4000,250,0.580852083333,0.25248125,0.0056741171764,1,0.015,baseline,threshold,FE,6000,2000,100,20,13,18,94,1,random,mean,250
2026100723,4000,250,0.53931875,0.294014583333,0.0178342195664,1,0.00725,baseline,threshold,FE,6000,2000,100,20,13,18,94,1,random,mean,250
2026100724,4000,250,0.5697625,0.249404166667,0.0187692083536,0.983,0.01025,baseline,threshold,FE,6000,2000,100,20,13,18,94,1,random,mean,250
2026100725,4000,250,0.2390625,-0.2390625,0.0168779031637,0,0.0135,baseline,threshold,FE,6000,2000,100,20,13,18,94,1,random,mean,250
2026100726,4000,250,0.661627083333,0.17170625,0.00609186739068,1,0.01,baseline,threshold,FE,6000,2000,100,20,13,18,94,1,random,mean,250
2026100727,4000,250,0.554895833333,0.236770833333,0.0132213153351,0.95,0.01575,baseline,threshold,FE,6000,2000,100,20,13,18,94,1,random,mean,250
2026100728,4000,250,0.541145833333,0.2921875,0.0209598273794,1,0.01225,baseline,threshold,FE,6000,2000,100,20,13,18,94,1,random,mean,250
2026100729,4000,250,0.535625,0.251708333333,0.0152504616699,0.9448,0.0115,baseline,threshold,FE,6000,2000,100,20,13,18,94,1,random,mean,250
2026100730,4000,250,0.495502083333,0.254497916667,0.0139986178108,0.9,0.01125,baseline,threshold,FE,6000,2000,100,20,13,18,94,1,random,mean,250
2026100731,4000,250,0.580729166667,0.252604166667,0.0154579116048,1,0.016,baseline,threshold,FE,6000,2000,100,20,13,18,94,1,random,mean,250
2026100700,4250,250,0.5890625,0.244270833333,0.00667290233834,1,0.00564705882353,baseline,threshold,FE,6000,2000,100,20,13,18,94,1,random,mean,250
2026100701,4250,250,0.500925,0.332408333333,0.000418005952381,1,0.0345882352941,baseline,threshold,FE,6000,2000,100,20,13,18,94,1,random,mean,250
2026100702,4250,250,0.711979166667,0.121354166667,0.00441472797216,1,0.00870588235294,baseline,threshold,FE,6000,2000,100,20,13,18,94,1,random,mean,250
2026100703,4250,250,0.583675,0.249658333333,0.00249602767553,1,0.012,baseline,threshold,FE,6000,2000,100,20,13,18,94,1,random,mean,250
2026100704,4250,250,0.656770833333,0.1765625,0.0105246523388,1,0.0131764705882,baseline,threshold,FE,6000,2000,100,20,13,18,94,1,random,mean,250
2026100705,4250,250,0.496354166667,0.253645833333,0.010378959276,0.9,0.0101176470588,baseline,threshold,FE,6000,2000,100,20,13,18,94,1,random,mean,250
2026100706,4250,250,0.625520833333,0.2078125,0.015001874063,1,0.008,baseline,threshold,FE,6000,2000,100,20,13,18,94,1,random,mean,250
2026100707,4250,250,0.491145833333,0.258854166667,0.0280126774267,0.9,0.00941176470588,baseline,threshold,FE,6000,2000,100,20,13,18,94,1,random,mean,250
2026100708,4250,250,0.55,0.283333333333,0.00596726190476,1,0.0167058823529,baseline,threshold,FE,6000,2000,100,20,13,18,94,1,random,mean,250
2026100709,4250,250,0.634895833333,0.1984375,0.00897910187956,1,0.008,baseline,threshold,FE,6000,2000,100,20,13,18,94,1,random,mean,250
2026100710,4250,250,0.532291666667,0.259375,0.0152179487179,0.95,0.00917647058824,baseline,threshold,FE,6000,2000,100,20,13,18,94,1,random,mean,250
2026100711,4250,250,0.581770833333,0.2515625,0.00728221108251,1,0.0105882352941,baseline,threshold,FE,6000,2000,100,20,13,18,94,1,random,mean,250
2026100712,4250,250,0.708854166667,0.124479166667,0.00779509209344,1,0.0183529411765,baseline,threshold,FE,6000,2000,100,20,13,18,94,1,random,mean,250
2026100713,4250,250,0.5057875,0.279545833333,0.00893991919336,0.9424,0.0228235294118,baseline,threshold,FE,6000,2000,100,20,13,18,94,1,random,mean,250
2026100714,4250,250,0.530208333333,0.303125,0.00855433070866,1,0.00941176470588,baseline,threshold,FE,6000,2000,100,20,13,18,94,1,random,mean,250
2026100715,4250,250,0.71345625,0.119877083333,0.00827161026704,1,0.00658823529412,baseline,threshold,FE,6000,2000,100,20,13,18,94,1,random,mean,250
2026100716,4250,250,0.53181875,0.259847916667,0.0138977767981,0.95,0.0105882352941,baseline,threshold,FE,6000,2000,100,20,13,18,94,1,random,mean,250
2026100717,4250,250,0.50695,0.260716666667,0.0279131998907,0.9212,0.008,baseline,threshold,FE,6000,2000,100,20,13,18,94,1,random,mean,250
2026100718,4250,250,0.544270833333,0.2890625,0.00570138342512,1,0.0204705882353,baseline,threshold,FE,6000,2000,100,20,13,18,94,1,random,mean,250
2026100719,4250,250,0.614583333333,0.21875,0.00641025641026,1,0.00494117647059,baseline,threshold,FE,6000,2000,100,20,13,18,94,1,random,mean,250
2026100720,4250,250,0.530208333333,0.303125,0.00796377952756,1,0.0190588235294,baseline,threshold,FE,6000,2000,100,20,13,18,94,1,random,mean,250
2026100721,4250,250,0.499827083333,0.298839583333,0.00222198103808,0.9584,0.0214117647059,baseline,threshold,FE,6000,2000,100,20,13,18,94,1,random,mean,250
2026100722,4250,250,0.5837875,0.249545833333,0.00486112631478,1,0.0143529411765,baseline,threshold,FE,6000,2000,100,20,13,18,94,1,random,mean,250
2026100723,4250,250,0.531770833333,0.3015625,0.0153161290323,1,0.00729411764706,baseline,threshold,FE,6000,2000,100,20,13,18,94,1,random,mean,250
2026100724,4250,250,0.569989583333,0.26334375,0.016679888064,1,0.00988235294118,baseline,threshold,FE,6000,2000,100,20,13,18,94,1,random,mean,250
2026100725,4250,250,0.241772916667,-0.241772916667,0.014049911291,0,0.0141176470588,baseline,threshold,FE,6000,2000,100,20,13,18,94,1,random,mean,250
2026100726,4250,250,0.661979166667,0.171354166667,0.00700086994345,1,0.00941176470588,baseline,threshold,FE,6000,2000,100,20,13,18,94,1,random,mean,250
2026100727,4250,250,0.550520833333,0.241145833333,0.0139994062634,0.95,0.0148235294118,baseline,threshold,FE,6000,2000,100,20,13,18,94,1,random,mean,250
2026100728,4250,250,0.540814583333,0.26601875,0.0262530671753,0.9682,0.0117647058824,baseline,threshold,FE,6000,2000,100,20,13,18,94,1,random,mean,250
2026100729,4250,250,0.550425,0.238908333333,0.0105659769053,0.9472,0.0110588235294,baseline,threshold,FE,6000,2000,100,20,13,18,94,1,random,mean,250
2026100730,4250,250,0.495833333333,0.254166666667,0.013719851577,0.9,0.0105882352941,baseline,threshold,FE,6000,2000,100,20,13,18,94,1,random,mean,250
2026100731,4250,250,0.580729166667,0.252604166667,0.0154579116048,1,0.0150588235294,baseline,threshold,FE,6000,2000,100,20,13,18,94,1,random,mean,250
2026100700,4500,250,0.5890625,0.244270833333,0.00747592305542,1,0.00533333333333,baseline,threshold,FE,6000,2000,100,20,13,18,94,1,random,mean,250
2026100701,4500,250,0.5,0.333333333333,0.0005859375,1,0.0328888888889,baseline,threshold,FE,6000,2000,100,20,13,18,94,1,random,mean,250
2026100702,4500,250,0.711979166667,0.121354166667,0.00441472797216,1,0.00822222222222,baseline,threshold,FE,6000,2000,100,20,13,18,94,1,random,mean,250
2026100703,4500,250,0.5828125,0.250520833333,0.00196280991736,1,0.0113333333333,baseline,threshold,FE,6000,2000,100,20,13,18,94,1,random,mean,250
2026100704,4500,250,0.653860416667,0.179472916667,0.0127595290381,1,0.0126666666667,baseline,threshold,FE,6000,2000,100,20,13,18,94,1,random,mean,250
2026100705,4500,250,0.496354166667,0.253645833333,0.010378959276,0.9,0.00955555555556,baseline,threshold,FE,6000,2000,100,20,13,18,94,1,random,mean,250
2026100706,4500,250,0.625520833333,0.2078125,0.015001874063,1,0.00755555555556,baseline,threshold,FE,6000,2000,100,20,13,18,94,1,random,mean,250
2026100707,4500,250,0.491145833333,0.258854166667,0.0280126774267,0.9,0.00888888888889,baseline,threshold,FE,6000,2000,100,20,13,18,94,1,random,mean,250
2026100708,4500,250,0.55,0.283333333333,0.00596726190476,1,0.0157777777778,baseline,threshold,FE,6000,2000,100,20,13,18,94,1,random,mean,250
2026100709,4500,250,0.634895833333,0.1984375,0.00897910187956,1,0.00755555555556,baseline,threshold,FE,6000,2000,100,20,13,18,94,1,random,mean,250
2026100710,4500,250,0.532291666667,0.259375,0.0152179487179,0.95,0.00866666666667,baseline,threshold,FE,6000,2000,100,20,13,18,94,1,random,mean,250
2026100711,4500,250,0.581770833333,0.2515625,0.00728221108251,1,0.01,baseline,threshold,FE,6000,2000,100,20,13,18,94,1,random,mean,250
2026100712,4500,250,0.708854166667,0.124479166667,0.00779509209344,1,0.0173333333333,baseline,threshold,FE,6000,2000,100,20,13,18,94,1,random,mean,250
2026100713,4500,250,0.496483333333,0.253516666667,0.0087840361991,0.9,0.0217777777778,baseline,threshold,FE,6000,2000,100,20,13,18,94,1,random,mean,250
2026100714,4500,250,0.5301,0.303233333333,0.00861062992126,1,0.00911111111111,baseline,threshold,FE,6000,2000,100,20,13,18,94,1,random,mean,250
2026100715,4500,250,0.714583333333,0.11875,0.0126034038264,1,0.00622222222222,baseline,threshold,FE,6000,2000,100,20,13,18,94,1,random,mean,250
2026100716,4500,250,0.530495833333,0.261170833333,0.0149632780513,0.95,0.0102222222222,baseline,threshold,FE,6000,2000,100,20,13,18,94,1,random,mean,250
2026100717,4500,250,0.509225,0.268775,0.0231952694733,0.9336,0.00844444444444,baseline,threshold,FE,6000,2000,100,20,13,18,94,1,random,mean,250
2026100718,4500,250,0.544270833333,0.2890625,0.00570138342512,1,0.0193333333333,baseline,threshold,FE,6000,2000,100,20,13,18,94,1,random,mean,250
2026100719,4500,250,0.614583333333,0.21875,0.00641025641026,1,0.00466666666667,baseline,threshold,FE,6000,2000,100,20,13,18,94,1,random,mean,250
2026100720,4500,250,0.530208333333,0.303125,0.00796377952756,1,0.0182222222222,baseline,threshold,FE,6000,2000,100,20,13,18,94,1,random,mean,250
2026100721,4500,250,0.502270833333,0.3310625,0.00244426413911,1,0.0204444444444,baseline,threshold,FE,6000,2000,100,20,13,18,94,1,random,mean,250
2026100722,4500,250,0.5828125,0.250520833333,0.00367748380874,1,0.0137777777778,baseline,threshold,FE,6000,2000,100,20,13,18,94,1,random,mean,250
2026100723,4500,250,0.531770833333,0.3015625,0.0153161290323,1,0.00711111111111,baseline,threshold,FE,6000,2000,100,20,13,18,94,1,random,mean,250
2026100724,4500,250,0.562658333333,0.270675,0.0117432018266,1,0.01,baseline,threshold,FE,6000,2000,100,20,13,18,94,1,random,mean,250
2026100725,4500,250,0.230433333333,-0.230433333333,0.0258598212433,0,0.0135555555556,baseline,threshold,FE,6000,2000,100,20,13,18,94,1,random,mean,250
2026100726,4500,250,0.661979166667,0.171354166667,0.00700086994345,1,0.00888888888889,baseline,threshold,FE,6000,2000,100,20,13,18,94,1,random,mean,250
2026100727,4500,250,0.5568,0.234866666667,0.0107452879979,0.95,0.0142222222222,baseline,threshold,FE,6000,2000,100,20,13,18,94,1,random,mean,250
2026100728,4500,250,0.540625,0.251041666667,0.029282531461,0.95,0.0111111111111,baseline,threshold,FE,6000,2000,100,20,13,18,94,1,random,mean,250
2026100729,4500,250,0.5515625,0.240104166667,0.0099154026406,0.95,0.0104444444444,baseline,threshold,FE,6000,2000,100,20,13,18,94,1,random,mean,250
2026100730,4500,250,0.495833333333,0.254166666667,0.013719851577,0.9,0.0102222222222,baseline,threshold,FE,6000,2000,100,20,13,18,94,1,random,mean,250
2026100731,4500,250,0.580729166667,0.252604166667,0.0154579116048,1,0.0142222222222,baseline,threshold,FE,6000,2000,100,20,13,18,94,1,random,mean,250
2026100700,4750,250,0.5890625,0.244270833333,0.00747592305542,1,0.00505263157895,baseline,threshold,FE,6000,2000,100,20,13,18,94,1,random,mean,250
2026100701,4750,250,0.499891666667,0.324775,0.000835491071429,0.9896,0.0313684210526,baseline,threshold,FE,6000,2000,100,20,13,18,94,1,random,mean,250
2026100702,4750,250,0.711979166667,0.121354166667,0.00441472797216,1,0.00778947368421,baseline,threshold,FE,6000,2000,100,20,13,18,94,1,random,mean,250
2026100703,4750,250,0.5828125,0.250520833333,0.00196280991736,1,0.0107368421053,baseline,threshold,FE,6000,2000,100,20,13,18,94,1,random,mean,250
2026100704,4750,250,0.651041666667,0.182291666667,0.0149240159202,1,0.012,baseline,threshold,FE,6000,2000,100,20,13,18,94,1,random,mean,250
2026100705,4750,250,0.496354166667,0.253645833333,0.010378959276,0.9,0.00905263157895,baseline,threshold,FE,6000,2000,100,20,13,18,94,1,random,mean,250
2026100706,4750,250,0.625520833333,0.2078125,0.015001874063,1,0.00715789473684,baseline,threshold,FE,6000,2000,100,20,13,18,94,1,random,mean,250
2026100707,4750,250,0.491845833333,0.262154166667,0.0264098574526,0.9048,0.00863157894737,baseline,threshold,FE,6000,2000,100,20,13,18,94,1,random,mean,250
2026100708,4750,250,0.5493875,0.283945833333,0.00622424718488,1,0.0153684210526,baseline,threshold,FE,6000,2000,100,20,13,18,94,1,random,mean,250
2026100709,4750,250,0.627397916667,0.205935416667,0.0113619482286,1,0.00778947368421,baseline,threshold,FE,6000,2000,100,20,13,18,94,1,random,mean,250
2026100710,4750,250,0.531570833333,0.260095833333,0.0158289306857,0.95,0.00842105263158,baseline,threshold,FE,6000,2000,100,20,13,18,94,1,random,mean,250
2026100711,4750,250,0.581770833333,0.2515625,0.00728221108251,1,0.00989473684211,baseline,threshold,FE,6000,2000,100,20,13,18,94,1,random,mean,250
2026100712,4750,250,0.708854166667,0.124479166667,0.00779509209344,1,0.0164210526316,baseline,threshold,FE,6000,2000,100,20,13,18,94,1,random,mean,250
2026100713,4750,250,0.496354166667,0.253645833333,0.00893665158371,0.9,0.0206315789474,baseline,threshold,FE,6000,2000,100,20,13,18,94,1,random,mean,250
2026100714,4750,250,0.5296875,0.303645833333,0.008825,1,0.00863157894737,baseline,threshold,FE,6000,2000,100,20,13,18,94,1,random,mean,250
2026100715,4750,250,0.712558333333,0.120775,0.00811414063849,1,0.00610526315789,baseline,threshold,FE,6000,2000,100,20,13,18,94,1,random,mean,250
2026100716,4750,250,0.527083333333,0.264583333333,0.0177727720341,0.95,0.00968421052632,baseline,threshold,FE,6000,2000,100,20,13,18,94,1,random,mean,250
2026100717,4750,250,0.5,0.3125,0.0124756705217,0.975,0.00842105263158,baseline,threshold,FE,6000,2000,100,20,13,18,94,1,random,mean,250
2026100718,4750,250,0.544270833333,0.2890625,0.00570138342512,1,0.0183157894737,baseline,threshold,FE,6000,2000,100,20,13,18,94,1,random,mean,250
2026100719,4750,250,0.614583333333,0.21875,0.00641025641026,1,0.00442105263158,baseline,threshold,FE,6000,2000,100,20,13,18,94,1,random,mean,250
2026100720,4750,250,0.530208333333,0.303125,0.00796377952756,1,0.0172631578947,baseline,threshold,FE,6000,2000,100,20,13,18,94,1,random,mean,250
2026100721,4750,250,0.503645833333,0.3296875,0.00354976119788,1,0.0193684210526,baseline,threshold,FE,6000,2000,100,20,13,18,94,1,random,mean,250
2026100722,4750,250,0.586225,0.247108333333,0.00472250979152,1,0.0132631578947,baseline,threshold,FE,6000,2000,100,20,13,18,94,1,random,mean,250
2026100723,4750,250,0.531770833333,0.3015625,0.0153161290323,1,0.00694736842105,baseline,threshold,FE,6000,2000,100,20,13,18,94,1,random,mean,250
2026100724,4750,250,0.563977083333,0.26935625,0.0118326012102,1,0.00989473684211,baseline,threshold,FE,6000,2000,100,20,13,18,94,1,random,mean,250
2026100725,4750,250,0.2195625,-0.2195625,0.0257924086991,0,0.0138947368421,baseline,threshold,FE,6000,2000,100,20,13,18,94,1,random,mean,250
2026100726,4750,250,0.661979166667,0.171354166667,0.00700086994345,1,0.00842105263158,baseline,threshold,FE,6000,2000,100,20,13,18,94,1,random,mean,250
2026100727,4750,250,0.561979166667,0.2296875,0.00806123424598,0.95,0.0134736842105,baseline,threshold,FE,6000,2000,100,20,13,18,94,1,random,mean,250
2026100728,4750,250,0.540625,0.251041666667,0.029282531461,0.95,0.0105263157895,baseline,threshold,FE,6000,2000,100,20,13,18,94,1,random,mean,250
2026100729,4750,250,0.5515625,0.240104166667,0.0099154026406,0.95,0.00989473684211,baseline,threshold,FE,6000,2000,100,20,13,18,94,1,random,mean,250
2026100730,4750,250,0.492335416667,0.26083125,0.011392824064,0.9038,0.0101052631579,baseline,threshold,FE,6000,2000,100,20,13,18,94,1,random,mean,250
2026100731,4750,250,0.5771,0.2339,0.0199545599981,0.9732,0.0136842105263,baseline,threshold,FE,6000,2000,100,20,13,18,94,1,random,mean,250
2026100700,5000,250,0.5890625,0.244270833333,0.00747592305542,1,0.0048,baseline,threshold,FE,6000,2000,100,20,13,18,94,1,random,mean,250
2026100701,5000,250,0.499533333333,0.306466666667,0.00137701237345,0.9672,0.0302,baseline,threshold,FE,6000,2000,100,20,13,18,94,1,random,mean,250
2026100702,5000,250,0.712320833333,0.1210125,0.00419665070351,1,0.0076,baseline,threshold,FE,6000,2000,100,20,13,18,94,1,random,mean,250
2026100703,5000,250,0.5828125,0.250520833333,0.00196280991736,1,0.0102,baseline,threshold,FE,6000,2000,100,20,13,18,94,1,random,mean,250
2026100704,5000,250,0.656935416667,0.176397916667,0.00864902619709,1,0.012,baseline,threshold,FE,6000,2000,100,20,13,18,94,1,random,mean,250
2026100705,5000,250,0.496354166667,0.253645833333,0.010378959276,0.9,0.0086,baseline,threshold,FE,6000,2000,100,20,13,18,94,1,random,mean,250
2026100706,5000,250,0.6256125,0.207720833333,0.01500610646,1,0.007,baseline,threshold,FE,6000,2000,100,20,13,18,94,1,random,mean,250
2026100707,5000,250,0.498683333333,0.292983333333,0.0115248713235,0.95,0.0084,baseline,threshold,FE,6000,2000,100,20,13,18,94,1,random,mean,250
2026100708,5000,250,0.54876875,0.284564583333,0.00941256878658,1,0.0152,baseline,threshold,FE,6000,2000,100,20,13,18,94,1,random,mean,250
2026100709,5000,250,0.625645833333,0.2076875,0.00530626691391,1,0.0078,baseline,threshold,FE,6000,2000,100,20,13,18,94,1,random,mean,250
2026100710,5000,250,0.53125,0.260416666667,0.0161008706367,0.95,0.008,baseline,threshold,FE,6000,2000,100,20,13,18,94,1,random,mean,250
2026100711,5000,250,0.581770833333,0.2515625,0.00728221108251,1,0.0096,baseline,threshold,FE,6000,2000,100,20,13,18,94,1,random,mean,250
2026100712,5000,250,0.708733333333,0.1246,0.00597278279368,1,0.016,baseline,threshold,FE,6000,2000,100,20,13,18,94,1,random,mean,250
2026100713,5000,250,0.49666875,0.25333125,0.00851029864253,0.9,0.0198,baseline,threshold,FE,6000,2000,100,20,13,18,94,1,random,mean,250
2026100714,5000,250,0.5303,0.294866666667,0.00961773286463,0.9902,0.0084,baseline,threshold,FE,6000,2000,100,20,13,18,94,1,random,mean,250
2026100715,5000,250,0.711458333333,0.121875,0.00567552853643,1,0.0058,baseline,threshold,FE,6000,2000,100,20,13,18,94,1,random,mean,250
2026100716,5000,250,0.527083333333,0.264583333333,0.0177727720341,0.95,0.0092,baseline,threshold,FE,6000,2000,100,20,13,18,94,1,random,mean,250
2026100717,5000,250,0.506683333333,0.288483333333,0.0101312694909,0.9542,0.0086,baseline,threshold,FE,6000,2000,100,20,13,18,94,1,random,mean,250
2026100718,5000,250,0.544270833333,0.2890625,0.00570138342512,1,0.0174,baseline,threshold,FE,6000,2000,100,20,13,18,94,1,random,mean,250
2026100719,5000,250,0.614583333333,0.21875,0.00641025641026,1,0.0042,baseline,threshold,FE,6000,2000,100,20,13,18,94,1,random,mean,250
2026100720,5000,250,0.5307125,0.302620833333,0.00788513935758,1,0.0166,baseline,threshold,FE,6000,2000,100,20,13,18,94,1,random,mean,250
2026100721,5000,250,0.503645833333,0.3296875,0.00354976119788,1,0.0184,baseline,threshold,FE,6000,2000,100,20,13,18,94,1,random,mean,250
2026100722,5000,250,0.5921875,0.241145833333,0.00654843431088,1,0.0126,baseline,threshold,FE,6000,2000,100,20,13,18,94,1,random,mean,250
2026100723,5000,250,0.531770833333,0.3015625,0.0153161290323,1,0.0066,baseline,threshold,FE,6000,2000,100,20,13,18,94,1,random,mean,250
2026100724,5000,250,0.574308333333,0.259025,0.00912667144151,1,0.0096,baseline,threshold,FE,6000,2000,100,20,13,18,94,1,random,mean,250
2026100725,5000,250,0.212125,-0.212125,0.00926430599879,0,0.0134,baseline,threshold,FE,6000,2000,100,20,13,18,94,1,random,mean,250
2026100726,5000,250,0.661979166667,0.171354166667,0.00700086994345,1,0.008,baseline,threshold,FE,6000,2000,100,20,13,18,94,1,random,mean,250
2026100727,5000,250,0.561979166667,0.2296875,0.00806123424598,0.95,0.0128,baseline,threshold,FE,6000,2000,100,20,13,18,94,1,random,mean,250
2026100728,5000,250,0.540625,0.251041666667,0.029282531461,0.95,0.01,baseline,threshold,FE,6000,2000,100,20,13,18,94,1,random,mean,250
2026100729,5000,250,0.5515625,0.240104166667,0.0099154026406,0.95,0.0094,baseline,threshold,FE,6000,2000,100,20,13,18,94,1,random,mean,250
2026100730,5000,250,0.5046875,0.286979166667,0.0144650690676,0.95,0.0096,baseline,threshold,FE,6000,2000,100,20,13,18,94,1,random,mean,250
2026100731,5000,250,0.5605875,0.2474125,0.0188993166107,0.9696,0.0134,baseline,threshold,FE,6000,2000,100,20,13,18,94,1,random,mean,250
2026100700,5250,250,0.5890625,0.244270833333,0.00747592305542,1,0.00457142857143,baseline,threshold,FE,6000,2000,100,20,13,18,94,1,random,mean,250
2026100701,5250,250,0.500520833333,0.3328125,0.00108267716535,1,0.0287619047619,baseline,threshold,FE,6000,2000,100,20,13,18,94,1,random,mean,250
2026100702,5250,250,0.7125,0.120833333333,0.00408229311142,1,0.0072380952381,baseline,threshold,FE,6000,2000,100,20,13,18,94,1,random,mean,250
2026100703,5250,250,0.581941666667,0.251391666667,0.00248099173554,1,0.00990476190476,baseline,threshold,FE,6000,2000,100,20,13,18,94,1,random,mean,250
2026100704,5250,250,0.663675,0.169658333333,0.00300009315324,1,0.011619047619,baseline,threshold,FE,6000,2000,100,20,13,18,94,1,random,mean,250
2026100705,5250,250,0.496354166667,0.253645833333,0.010378959276,0.9,0.00819047619048,baseline,threshold,FE,6000,2000,100,20,13,18,94,1,random,mean,250
2026100706,5250,250,0.6265625,0.206770833333,0.0150499694843,1,0.00666666666667,baseline,threshold,FE,6000,2000,100,20,13,18,94,1,random,mean,250
2026100707,5250,250,0.498958333333,0.292708333333,0.0117578125,0.95,0.008,baseline,threshold,FE,6000,2000,100,20,13,18,94,1,random,mean,250
2026100708,5250,250,0.546160416667,0.287172916667,0.00785219441648,1,0.0146666666667,baseline,threshold,FE,6000,2000,100,20,13,18,94,1,random,mean,250
2026100709,5250,250,0.625079166667,0.208254166667,0.00324870088981,1,0.00761904761905,baseline,threshold,FE,6000,2000,100,20,13,18,94,1,random,mean,250
2026100710,5250,250,0.53125,0.260416666667,0.0161008706367,0.95,0.00761904761905,baseline,threshold,FE,6000,2000,100,20,13,18,94,1,random,mean,250
2026100711,5250,250,0.5814375,0.251895833333,0.00731419828763,1,0.00933333333333,baseline,threshold,FE,6000,2000,100,20,13,18,94,1,random,mean,250
2026100712,5250,250,0.70826875,0.125064583333,0.00714486650141,1,0.015619047619,baseline,threshold,FE,6000,2000,100,20,13,18,94,1,random,mean,250
2026100713,5250,250,0.496875,0.253125,0.00823076923077,0.9,0.0188571428571,baseline,threshold,FE,6000,2000,100,20,13,18,94,1,random,mean,250
2026100714,5250,250,0.520889583333,0.287110416667,0.014858709831,0.9696,0.00838095238095,baseline,threshold,FE,6000,2000,100,20,13,18,94,1,random,mean,250
2026100715,5250,250,0.711458333333,0.121875,0.00567552853643,1,0.00571428571429,baseline,threshold,FE,6000,2000,100,20,13,18,94,1,random,mean,250
2026100716,5250,250,0.527083333333,0.264583333333,0.0177727720341,0.95,0.0087619047619,baseline,threshold,FE,6000,2000,100,20,13,18,94,1,random,mean,250
2026100717,5250,250,0.508854166667,0.2828125,0.00861023622047,0.95,0.00819047619048,baseline,threshold,FE,6000,2000,100,20,13,18,94,1,random,mean,250
2026100718,5250,250,0.544179166667,0.289154166667,0.00571259554634,1,0.0167619047619,baseline,threshold,FE,6000,2000,100,20,13,18,94,1,random,mean,250
2026100719,5250,250,0.614583333333,0.21875,0.00641025641026,1,0.004,baseline,threshold,FE,6000,2000,100,20,13,18,94,1,random,mean,250
2026100720,5250,250,0.530729166667,0.302604166667,0.00788253968254,1,0.016,baseline,threshold,FE,6000,2000,100,20,13,18,94,1,random,mean,250
2026100721,5250,250,0.503645833333,0.3296875,0.00354976119788,1,0.0175238095238,baseline,threshold,FE,6000,2000,100,20,13,18,94,1,random,mean,250
2026100722,5250,250,0.5921875,0.241145833333,0.00654843431088,1,0.012,baseline,threshold,FE,6000,2000,100,20,13,18,94,1,random,mean,250
2026100723,5250,250,0.531029166667,0.302304166667,0.0154346134153,1,0.00647619047619,baseline,threshold,FE,6000,2000,100,20,13,18,94,1,random,mean,250
2026100724,5250,250,0.581260416667,0.252072916667,0.00420959322034,1,0.00933333333333,baseline,threshold,FE,6000,2000,100,20,13,18,94,1,random,mean,250
2026100725,5250,250,0.211458333333,-0.211458333333,0.00518402520385,0,0.0127619047619,baseline,threshold,FE,6000,2000,100,20,13,18,94,1,random,mean,250
2026100726,5250,250,0.66158125,0.171752083333,0.00482467304254,1,0.008,baseline,threshold,FE,6000,2000,100,20,13,18,94,1,random,mean,250
2026100727,5250,250,0.561979166667,0.2296875,0.00806123424598,0.95,0.0121904761905,baseline,threshold,FE,6000,2000,100,20,13,18,94,1,random,mean,250
2026100728,5250,250,0.54085,0.259816666667,0.0275140596628,0.9608,0.00971428571429,baseline,threshold,FE,6000,2000,100,20,13,18,94,1,random,mean,250
2026100729,5250,250,0.5515625,0.240104166667,0.0099154026406,0.95,0.00895238095238,baseline,threshold,FE,6000,2000,100,20,13,18,94,1,random,mean,250
2026100730,5250,250,0.5046875,0.286979166667,0.0144650690676,0.95,0.00914285714286,baseline,threshold,FE,6000,2000,100,20,13,18,94,1,random,mean,250
2026100731,5250,250,0.553958333333,0.279375,0.0110016257723,1,0.0129523809524,baseline,threshold,FE,6000,2000,100,20,13,18,94,1,random,mean,250
2026100700,5500,250,0.5890625,0.244270833333,0.00747592305542,1,0.00436363636364,baseline,threshold,FE,6000,2000,100,20,13,18,94,1,random,mean,250
2026100701,5500,250,0.500520833333,0.3328125,0.00108267716535,1,0.0274545454545,baseline,threshold,FE,6000,2000,100,20,13,18,94,1,random,mean,250
2026100702,5500,250,0.7125,0.120833333333,0.00408229311142,1,0.00709090909091,baseline,threshold,FE,6000,2000,100,20,13,18,94,1,random,mean,250
2026100703,5500,250,0.572916666667,0.260416666667,0.00785123966942,1,0.00945454545455,baseline,threshold,FE,6000,2000,100,20,13,18,94,1,random,mean,250
2026100704,5500,250,0.65625,0.177083333333,0.00774336283186,1,0.0110909090909,baseline,threshold,FE,6000,2000,100,20,13,18,94,1,random,mean,250
2026100705,5500,250,0.496325,0.253675,0.0109599462136,0.9,0.00836363636364,baseline,threshold,FE,6000,2000,100,20,13,18,94,1,random,mean,250
2026100706,5500,250,0.6265625,0.206770833333,0.0150499694843,1,0.00636363636364,baseline,threshold,FE,6000,2000,100,20,13,18,94,1,random,mean,250
2026100707,5500,250,0.507302083333,0.32253125,0.00717633983032,0.9958,0.00818181818182,baseline,threshold,FE,6000,2000,100,20,13,18,94,1,random,mean,250
2026100708,5500,250,0.546354166667,0.286979166667,0.00782901395786,1,0.014,baseline,threshold,FE,6000,2000,100,20,13,18,94,1,random,mean,250
2026100709,5500,250,0.625,0.208333333333,0.0032002676182,1,0.00727272727273,baseline,threshold,FE,6000,2000,100,20,13,18,94,1,random,mean,250
2026100710,5500,250,0.53125,0.260416666667,0.0161008706367,0.95,0.00727272727273,baseline,threshold,FE,6000,2000,100,20,13,18,94,1,random,mean,250
2026100711,5500,250,0.58125,0.252083333333,0.00733219109051,1,0.00890909090909,baseline,threshold,FE,6000,2000,100,20,13,18,94,1,random,mean,250
2026100712,5500,250,0.707760416667,0.125572916667,0.00323678670186,1,0.0152727272727,baseline,threshold,FE,6000,2000,100,20,13,18,94,1,random,mean,250
2026100713,5500,250,0.496875,0.253125,0.00823076923077,0.9,0.018,baseline,threshold,FE,6000,2000,100,20,13,18,94,1,random,mean,250
2026100714,5500,250,0.501935416667,0.306064583333,0.0193595826509,0.9696,0.00836363636364,baseline,threshold,FE,6000,2000,100,20,13,18,94,1,random,mean,250
2026100715,5500,250,0.711458333333,0.121875,0.00567552853643,1,0.00545454545455,baseline,threshold,FE,6000,2000,100,20,13,18,94,1,random,mean,250
2026100716,5500,250,0.527083333333,0.264583333333,0.0177727720341,0.95,0.00836363636364,baseline,threshold,FE,6000,2000,100,20,13,18,94,1,random,mean,250
2026100717,5500,250,0.508854166667,0.2828125,0.00861023622047,0.95,0.00781818181818,baseline,threshold,FE,6000,2000,100,20,13,18,94,1,random,mean,250
2026100718,5500,250,0.54375,0.289583333333,0.00576508865928,1,0.016,baseline,threshold,FE,6000,2000,100,20,13,18,94,1,random,mean,250
2026100719,5500,250,0.614583333333,0.21875,0.00641025641026,1,0.00381818181818,baseline,threshold,FE,6000,2000,100,20,13,18,94,1,random,mean,250
2026100720,5500,250,0.530729166667,0.302604166667,0.00788253968254,1,0.0154545454545,baseline,threshold,FE,6000,2000,100,20,13,18,94,1,random,mean,250
2026100721,5500,250,0.502654166667,0.330679166667,0.00275246331913,1,0.0169090909091,baseline,threshold,FE,6000,2000,100,20,13,18,94,1,random,mean,250
2026100722,5500,250,0.5921875,0.241145833333,0.00654843431088,1,0.0114545454545,baseline,threshold,FE,6000,2000,100,20,13,18,94,1,random,mean,250
2026100723,5500,250,0.530322916667,0.303010416667,0.0153923634546,1,0.00672727272727,baseline,threshold,FE,6000,2000,100,20,13,18,94,1,random,mean,250
2026100724,5500,250,0.582220833333,0.2511125,0.00444861165352,1,0.00909090909091,baseline,threshold,FE,6000,2000,100,20,13,18,94,1,random,mean,250
2026100725,5500,250,0.209725,-0.209725,0.00539641660489,0,0.0125454545455,baseline,threshold,FE,6000,2000,100,20,13,18,94,1,random,mean,250
2026100726,5500,250,0.661116666667,0.172216666667,0.00407593036109,1,0.00781818181818,baseline,threshold,FE,6000,2000,100,20,13,18,94,1,random,mean,250
2026100727,5500,250,0.562858333333,0.228808333333,0.0112060910057,0.95,0.0118181818182,baseline,threshold,FE,6000,2000,100,20,13,18,94,1,random,mean,250
2026100728,5500,250,0.541666666667,0.291666666667,0.021095162025,1,0.00927272727273,baseline,threshold,FE,6000,2000,100,20,13,18,94,1,random,mean,250
2026100729,5500,250,0.5515625,0.240104166667,0.0099154026406,0.95,0.00854545454545,baseline,threshold,FE,6000,2000,100,20,13,18,94,1,random,mean,250
2026100730,5500,250,0.5046875,0.286979166667,0.0144650690676,0.95,0.00872727272727,baseline,threshold,FE,6000,2000,100,20,13,18,94,1,random,mean,250
2026100731,5500,250,0.546875,0.286458333333,0.00693531283139,1,0.0123636363636,baseline,threshold,FE,6000,2000,100,20,13,18,94,1,random,mean,250
2026100700,5750,250,0.5890625,0.244270833333,0.00747592305542,1,0.00417391304348,baseline,threshold,FE,6000,2000,100,20,13,18,94,1,random,mean,250
2026100701,5750,250,0.4998375,0.3061625,0.00321733890407,0.9672,0.0264347826087,baseline,threshold,FE,6000,2000,100,20,13,18,94,1,random,mean,250
2026100702,5750,250,0.7125,0.120833333333,0.00408229311142,1,0.00678260869565,baseline,threshold,FE,6000,2000,100,20,13,18,94,1,random,mean,250
2026100703,5750,250,0.580658333333,0.252675,0.00819476178619,1,0.00939130434783,baseline,threshold,FE,6000,2000,100,20,13,18,94,1,random,mean,250
2026100704,5750,250,0.660954166667,0.172379166667,0.0046247652115,1,0.0111304347826,baseline,threshold,FE,6000,2000,100,20,13,18,94,1,random,mean,250
2026100705,5750,250,0.496354166667,0.253645833333,0.0113404977376,0.9,0.008,baseline,threshold,FE,6000,2000,100,20,13,18,94,1,random,mean,250
2026100706,5750,250,0.62654375,0.206789583333,0.0150451488043,1,0.00626086956522,baseline,threshold,FE,6000,2000,100,20,13,18,94,1,random,mean,250
2026100707,5750,250,0.505575,0.314091666667,0.00750508801077,0.9836,0.008,baseline,threshold,FE,6000,2000,100,20,13,18,94,1,random,mean,250
2026100708,5750,250,0.546354166667,0.286979166667,0.00782901395786,1,0.0135652173913,baseline,threshold,FE,6000,2000,100,20,13,18,94,1,random,mean,250
2026100709,5750,250,0.625,0.208333333333,0.0032002676182,1,0.00695652173913,baseline,threshold,FE,6000,2000,100,20,13,18,94,1,random,mean,250
2026100710,5750,250,0.53125,0.260416666667,0.0161008706367,0.95,0.00695652173913,baseline,threshold,FE,6000,2000,100,20,13,18,94,1,random,mean,250
2026100711,5750,250,0.58125,0.252083333333,0.00733219109051,1,0.00852173913043,baseline,threshold,FE,6000,2000,100,20,13,18,94,1,random,mean,250
2026100712,5750,250,0.708925,0.124408333333,0.00223962264151,1,0.0149565217391,baseline,threshold,FE,6000,2000,100,20,13,18,94,1,random,mean,250
2026100713,5750,250,0.496875,0.253125,0.00823076923077,0.9,0.0172173913043,baseline,threshold,FE,6000,2000,100,20,13,18,94,1,random,mean,250
2026100714,5750,250,0.511439583333,0.315060416667,0.0176023534396,0.9918,0.00852173913043,baseline,threshold,FE,6000,2000,100,20,13,18,94,1,random,mean,250
2026100715,5750,250,0.711458333333,0.121875,0.00567552853643,1,0.00521739130435,baseline,threshold,FE,6000,2000,100,20,13,18,94,1,random,mean,250
2026100716,5750,250,0.527083333333,0.264583333333,0.0177727720341,0.95,0.008,baseline,threshold,FE,6000,2000,100,20,13,18,94,1,random,mean,250
2026100717,5750,250,0.508854166667,0.2828125,0.00861023622047,0.95,0.00747826086957,baseline,threshold,FE,6000,2000,100,20,13,18,94,1,random,mean,250
2026100718,5750,250,0.543964583333,0.28936875,0.00573884210281,1,0.0154782608696,baseline,threshold,FE,6000,2000,100,20,13,18,94,1,random,mean,250
2026100719,5750,250,0.614583333333,0.21875,0.00641025641026,1,0.00365217391304,baseline,threshold,FE,6000,2000,100,20,13,18,94,1,random,mean,250
2026100720,5750,250,0.530729166667,0.302604166667,0.00788253968254,1,0.0149565217391,baseline,threshold,FE,6000,2000,100,20,13,18,94,1,random,mean,250
2026100721,5750,250,0.5015625,0.331770833333,0.00187476565429,1,0.0161739130435,baseline,threshold,FE,6000,2000,100,20,13,18,94,1,random,mean,250
2026100722,5750,250,0.5842125,0.249120833333,0.00536240433635,1,0.0113043478261,baseline,threshold,FE,6000,2000,100,20,13,18,94,1,random,mean,250
2026100723,5750,250,0.530208333333,0.303125,0.0153669291339,1,0.0064347826087,baseline,threshold,FE,6000,2000,100,20,13,18,94,1,random,mean,250
2026100724,5750,250,0.582291666667,0.251041666667,0.00446623838163,1,0.00869565217391,baseline,threshold,FE,6000,2000,100,20,13,18,94,1,random,mean,250
2026100725,5750,250,0.209375,-0.209375,0.00566666666667,0,0.012,baseline,threshold,FE,6000,2000,100,20,13,18,94,1,random,mean,250
2026100726,5750,250,0.661979166667,0.171354166667,0.00394436256448,1,0.00747826086957,baseline,threshold,FE,6000,2000,100,20,13,18,94,1,random,mean,250
2026100727,5750,250,0.563020833333,0.228645833333,0.0117873678475,0.95,0.0113043478261,baseline,threshold,FE,6000,2000,100,20,13,18,94,1,random,mean,250
2026100728,5750,250,0.541235416667,0.292097916667,0.0213065424384,1,0.00904347826087,baseline,threshold,FE,6000,2000,100,20,13,18,94,1,random,mean,250
2026100729,5750,250,0.5515625,0.240104166667,0.0099154026406,0.95,0.00817391304348,baseline,threshold,FE,6000,2000,100,20,13,18,94,1,random,mean,250
2026100730,5750,250,0.5046875,0.286979166667,0.0144650690676,0.95,0.00834782608696,baseline,threshold,FE,6000,2000,100,20,13,18,94,1,random,mean,250
2026100731,5750,250,0.546589583333,0.28674375,0.00638284730302,1,0.0121739130435,baseline,threshold,FE,6000,2000,100,20,13,18,94,1,random,mean,250
2026100700,6000,250,0.5890625,0.244270833333,0.00747592305542,1,0.004,baseline,threshold,FE,6000,2000,100,20,13,18,94,1,random,mean,250
2026100701,6000,250,0.499479166667,0.2921875,0.00433673469388,0.95,0.0253333333333,baseline,threshold,FE,6000,2000,100,20,13,18,94,1,random,mean,250
2026100702,6000,250,0.712114583333,0.12121875,0.00397923830459,1,0.00666666666667,baseline,threshold,FE,6000,2000,100,20,13,18,94,1,random,mean,250
2026100703,6000,250,0.572058333333,0.261275,0.00858232458388,1,0.0095,baseline,threshold,FE,6000,2000,100,20,13,18,94,1,random,mean,250
2026100704,6000,250,0.665625,0.167708333333,0.00131578947368,1,0.0106666666667,baseline,threshold,FE,6000,2000,100,20,13,18,94,1,random,mean,250
2026100705,6000,250,0.496354166667,0.253645833333,0.0113404977376,0.9,0.00766666666667,baseline,threshold,FE,6000,2000,100,20,13,18,94,1,random,mean,250
2026100706,6000,250,0.6193,0.214033333333,0.0165233618966,1,0.00666666666667,baseline,threshold,FE,6000,2000,100,20,13,18,94,1,random,mean,250
2026100707,6000,250,0.503125,0.288541666667,0.009282038849,0.95,0.00766666666667,baseline,threshold,FE,6000,2000,100,20,13,18,94,1,random,mean,250
2026100708,6000,250,0.5462,0.287133333333,0.00791248595566,1,0.0135,baseline,threshold,FE,6000,2000,100,20,13,18,94,1,random,mean,250
2026100709,6000,250,0.6266875,0.206645833333,0.00392387648282,1,0.00716666666667,baseline,threshold,FE,6000,2000,100,20,13,18,94,1,random,mean,250
2026100710,6000,250,0.53125,0.260416666667,0.0161008706367,0.95,0.00666666666667,baseline,threshold,FE,6000,2000,100,20,13,18,94,1,random,mean,250
2026100711,6000,250,0.58125,0.252083333333,0.00733219109051,1,0.00816666666667,baseline,threshold,FE,6000,2000,100,20,13,18,94,1,random,mean,250
2026100712,6000,250,0.709375,0.123958333333,0.00235849056604,1,0.0143333333333,baseline,threshold,FE,6000,2000,100,20,13,18,94,1,random,mean,250
2026100713,6000,250,0.496875,0.253125,0.00823076923077,0.9,0.0165,baseline,threshold,FE,6000,2000,100,20,13,18,94,1,random,mean,250
2026100714,6000,250,0.503125,0.330208333333,0.0153791842678,1,0.00816666666667,baseline,threshold,FE,6000,2000,100,20,13,18,94,1,random,mean,250
2026100715,6000,250,0.713025,0.120308333333,0.00785996419423,1,0.00516666666667,baseline,threshold,FE,6000,2000,100,20,13,18,94,1,random,mean,250
2026100716,6000,250,0.531033333333,0.260633333333,0.0159226650578,0.95,0.00783333333333,baseline,threshold,FE,6000,2000,100,20,13,18,94,1,random,mean,250
2026100717,6000,250,0.508460416667,0.29870625,0.00705181027372,0.9686,0.00766666666667,baseline,threshold,FE,6000,2000,100,20,13,18,94,1,random,mean,250
2026100718,6000,250,0.54395625,0.289377083333,0.00573986138656,1,0.015,baseline,threshold,FE,6000,2000,100,20,13,18,94,1,random,mean,250
2026100719,6000,250,0.614583333333,0.21875,0.00641025641026,1,0.0035,baseline,threshold,FE,6000,2000,100,20,13,18,94,1,random,mean,250
2026100720,6000,250,0.530729166667,0.302604166667,0.00788253968254,1,0.0145,baseline,threshold,FE,6000,2000,100,20,13,18,94,1,random,mean,250
2026100721,6000,250,0.50166875,0.331664583333,0.00189707536558,1,0.0158333333333,baseline,threshold,FE,6000,2000,100,20,13,18,94,1,random,mean,250
2026100722,6000,250,0.583166666667,0.250166666667,0.00278218405295,1,0.011,baseline,threshold,FE,6000,2000,100,20,13,18,94,1,random,mean,250
2026100723,6000,250,0.530208333333,0.303125,0.0153669291339,1,0.00616666666667,baseline,threshold,FE,6000,2000,100,20,13,18,94,1,random,mean,250
2026100724,6000,250,0.582291666667,0.251041666667,0.00446623838163,1,0.00833333333333,baseline,threshold,FE,6000,2000,100,20,13,18,94,1,random,mean,250
2026100725,6000,250,0.209375,-0.209375,0.00566666666667,0,0.0115,baseline,threshold,FE,6000,2000,100,20,13,18,94,1,random,mean,250
2026100726,6000,250,0.661979166667,0.171354166667,0.00394436256448,1,0.00716666666667,baseline,threshold,FE,6000,2000,100,20,13,18,94,1,random,mean,250
2026100727,6000,250,0.563020833333,0.228645833333,0.0117873678475,0.95,0.0108333333333,baseline,threshold,FE,6000,2000,100,20,13,18,94,1,random,mean,250
2026100728,6000,250,0.541145833333,0.2921875,0.0213504523794,1,0.00866666666667,baseline,threshold,FE,6000,2000,100,20,13,18,94,1,random,mean,250
2026100729,6000,250,0.557975,0.233691666667,0.00637501681146,0.95,0.008,baseline,threshold,FE,6000,2000,100,20,13,18,94,1,random,mean,250
2026100730,6000,250,0.504185416667,0.247314583333,0.0225153116963,0.9018,0.00816666666667,baseline,threshold,FE,6000,2000,100,20,13,18,94,1,random,mean,250
2026100731,6000,250,0.547058333333,0.286275,0.00664753745427,1,0.0118333333333,baseline,threshold,FE,6000,2000,100,20,13,18,94,1,random,mean,250
