seed,step,window_steps,group_relative_contribution,surplus,gini,success,acceptance_rate,experiment,game,treatment,steps,burn_in,thin,rounds,levels,beta,gamma,selection,initial,signal,diagnostic_every
2026100900,250,250,0.521360416667,0.158139583333,0.155731102395,0.8154,0.12,longer,threshold,MI,12000,8000,100,20,13,18,94,1,random,mean,250
2026100901,250,250,0.44196875,0.0761979166667,0.210785988786,0.6218,0.116,longer,threshold,MI,12000,8000,100,20,13,18,94,1,random,mean,250
2026100902,250,250,0.488458333333,0.194375,0.165452352389,0.8194,0.072,longer,threshold,MI,12000,8000,100,20,13,18,94,1,random,mean,250
2026100903,250,250,0.395289583333,-0.0957895833333,0.230134839589,0.3594,0.16,longer,threshold,MI,12000,8000,100,20,13,18,94,1,random,mean,250
2026100904,250,250,0.551233333333,-0.0499,0.193424153431,0.6016,0.14,longer,threshold,MI,12000,8000,100,20,13,18,94,1,random,mean,250
2026100905,250,250,0.46005,0.289116666667,0.161463192543,0.899,0.064,longer,threshold,MI,12000,8000,100,20,13,18,94,1,random,mean,250
2026100906,250,250,0.523310416667,0.139522916667,0.14202565504,0.7954,0.068,longer,threshold,MI,12000,8000,100,20,13,18,94,1,random,mean,250
2026100907,250,250,0.438066666667,0.0334333333333,0.206945849407,0.5658,0.084,longer,threshold,MI,12000,8000,100,20,13,18,94,1,random,mean,250
2026100908,250,250,0.45556875,-0.0452354166667,0.218786044781,0.4924,0.196,longer,threshold,MI,12000,8000,100,20,13,18,94,1,random,mean,250
2026100909,250,250,0.37174375,-0.154410416667,0.241416270599,0.2608,0.072,longer,threshold,MI,12000,8000,100,20,13,18,94,1,random,mean,250
2026100910,250,250,0.670864583333,0.112635416667,0.112678957834,0.9402,0.056,longer,threshold,MI,12000,8000,100,20,13,18,94,1,random,mean,250
2026100911,250,250,0.56379375,0.241039583333,0.105258324563,0.9658,0.036,longer,threshold,MI,12000,8000,100,20,13,18,94,1,random,mean,250
2026100912,250,250,0.331572916667,-0.14690625,0.269807775961,0.2216,0.164,longer,threshold,MI,12000,8000,100,20,13,18,94,1,random,mean,250
2026100913,250,250,0.415804166667,-0.123304166667,0.239204009097,0.351,0.14,longer,threshold,MI,12000,8000,100,20,13,18,94,1,random,mean,250
2026100914,250,250,0.258375,-0.198041666667,0.259217603092,0.0724,0.108,longer,threshold,MI,12000,8000,100,20,13,18,94,1,random,mean,250
2026100915,250,250,0.234189583333,-0.105189583333,0.239604510435,0.1548,0.06,longer,threshold,MI,12000,8000,100,20,13,18,94,1,random,mean,250
2026100900,500,250,0.46573125,-0.100064583333,0.208554916939,0.4388,0.062,longer,threshold,MI,12000,8000,100,20,13,18,94,1,random,mean,250
2026100901,500,250,0.46285,0.16065,0.172612985623,0.7482,0.082,longer,threshold,MI,12000,8000,100,20,13,18,94,1,random,mean,250
2026100902,500,250,0.370708333333,-0.038875,0.234808895132,0.3982,0.072,longer,threshold,MI,12000,8000,100,20,13,18,94,1,random,mean,250
2026100903,500,250,0.50829375,0.280872916667,0.134591274602,0.947,0.09,longer,threshold,MI,12000,8000,100,20,13,18,94,1,random,mean,250
2026100904,500,250,0.591435416667,0.171397916667,0.106237556644,0.9154,0.1,longer,threshold,MI,12000,8000,100,20,13,18,94,1,random,mean,250
2026100905,500,250,0.492054166667,0.242445833333,0.131943535983,0.8814,0.042,longer,threshold,MI,12000,8000,100,20,13,18,94,1,random,mean,250
2026100906,500,250,0.5192,0.212633333333,0.144100032919,0.8782,0.052,longer,threshold,MI,12000,8000,100,20,13,18,94,1,random,mean,250
2026100907,500,250,0.471845833333,0.197154166667,0.158516475696,0.8028,0.044,longer,threshold,MI,12000,8000,100,20,13,18,94,1,random,mean,250
2026100908,500,250,0.608541666667,0.195958333333,0.0893574540199,0.9654,0.108,longer,threshold,MI,12000,8000,100,20,13,18,94,1,random,mean,250
2026100909,500,250,0.567120833333,0.244545833333,0.103625163365,0.974,0.048,longer,threshold,MI,12000,8000,100,20,13,18,94,1,random,mean,250
2026100910,500,250,0.70625,0.0854166666667,0.0909739165563,0.95,0.028,longer,threshold,MI,12000,8000,100,20,13,18,94,1,random,mean,250
2026100911,500,250,0.565625,0.226041666667,0.094814624039,0.95,0.018,longer,threshold,MI,12000,8000,100,20,13,18,94,1,random,mean,250
2026100912,500,250,0.51901875,0.26698125,0.115351896604,0.9432,0.102,longer,threshold,MI,12000,8000,100,20,13,18,94,1,random,mean,250
2026100913,500,250,0.46674375,0.03225625,0.200334364261,0.5988,0.114,longer,threshold,MI,12000,8000,100,20,13,18,94,1,random,mean,250
2026100914,500,250,0.2143625,-0.165195833333,0.244687093683,0.059,0.06,longer,threshold,MI,12000,8000,100,20,13,18,94,1,random,mean,250
2026100915,500,250,0.217595833333,-0.1342625,0.255973468897,0.1,0.032,longer,threshold,MI,12000,8000,100,20,13,18,94,1,random,mean,250
2026100900,750,250,0.4764,0.0656,0.172938183451,0.6504,0.0466666666667,longer,threshold,MI,12000,8000,100,20,13,18,94,1,random,mean,250
2026100901,750,250,0.48766875,0.282997916667,0.12743648513,0.9248,0.0613333333333,longer,threshold,MI,12000,8000,100,20,13,18,94,1,random,mean,250
2026100902,750,250,0.550504166667,0.0998291666667,0.128741766462,0.7804,0.064,longer,threshold,MI,12000,8000,100,20,13,18,94,1,random,mean,250
2026100903,750,250,0.491852083333,0.299814583333,0.142423905332,0.95,0.0613333333333,longer,threshold,MI,12000,8000,100,20,13,18,94,1,random,mean,250
2026100904,750,250,0.5578125,0.1921875,0.11493405382,0.9,0.0666666666667,longer,threshold,MI,12000,8000,100,20,13,18,94,1,random,mean,250
2026100905,750,250,0.4958,0.276366666667,0.115583110859,0.9266,0.0293333333333,longer,threshold,MI,12000,8000,100,20,13,18,94,1,random,mean,250
2026100906,750,250,0.515170833333,0.3181625,0.132449516505,1,0.036,longer,threshold,MI,12000,8000,100,20,13,18,94,1,random,mean,250
2026100907,750,250,0.470833333333,0.279166666667,0.138133922009,0.9,0.0293333333333,longer,threshold,MI,12000,8000,100,20,13,18,94,1,random,mean,250
2026100908,750,250,0.550283333333,0.187883333333,0.128540905903,0.8858,0.0973333333333,longer,threshold,MI,12000,8000,100,20,13,18,94,1,random,mean,250
2026100909,750,250,0.572654166667,0.223345833333,0.0938714146704,0.9552,0.0333333333333,longer,threshold,MI,12000,8000,100,20,13,18,94,1,random,mean,250
2026100910,750,250,0.70625,0.0854166666667,0.0909739165563,0.95,0.0186666666667,longer,threshold,MI,12000,8000,100,20,13,18,94,1,random,mean,250
2026100911,750,250,0.578122916667,0.242377083333,0.0841047847971,0.9846,0.0146666666667,longer,threshold,MI,12000,8000,100,20,13,18,94,1,random,mean,250
2026100912,750,250,0.540014583333,0.234152083333,0.123688357051,0.929,0.0786666666667,longer,threshold,MI,12000,8000,100,20,13,18,94,1,random,mean,250
2026100913,750,250,0.501241666667,0.076925,0.175074145736,0.6938,0.113333333333,longer,threshold,MI,12000,8000,100,20,13,18,94,1,random,mean,250
2026100914,750,250,0.19893125,-0.180597916667,0.248208526999,0.022,0.0453333333333,longer,threshold,MI,12000,8000,100,20,13,18,94,1,random,mean,250
2026100915,750,250,0.414397916667,0.00226875,0.210612838361,0.5,0.056,longer,threshold,MI,12000,8000,100,20,13,18,94,1,random,mean,250
2026100900,1000,250,0.478645833333,0.313020833333,0.121892911011,0.95,0.035,longer,threshold,MI,12000,8000,100,20,13,18,94,1,random,mean,250
2026100901,1000,250,0.50853125,0.26196875,0.112897537014,0.9246,0.05,longer,threshold,MI,12000,8000,100,20,13,18,94,1,random,mean,250
2026100902,1000,250,0.527604166667,0.305729166667,0.0972795868258,1,0.048,longer,threshold,MI,12000,8000,100,20,13,18,94,1,random,mean,250
2026100903,1000,250,0.505795833333,0.271704166667,0.140294339805,0.933,0.051,longer,threshold,MI,12000,8000,100,20,13,18,94,1,random,mean,250
2026100904,1000,250,0.550835416667,0.243664583333,0.113563316978,0.9534,0.054,longer,threshold,MI,12000,8000,100,20,13,18,94,1,random,mean,250
2026100905,1000,250,0.496354166667,0.253645833333,0.11858022723,0.9,0.022,longer,threshold,MI,12000,8000,100,20,13,18,94,1,random,mean,250
2026100906,1000,250,0.524779166667,0.252720833333,0.142429759875,0.933,0.046,longer,threshold,MI,12000,8000,100,20,13,18,94,1,random,mean,250
2026100907,1000,250,0.5007,0.261633333333,0.121038285039,0.9148,0.024,longer,threshold,MI,12000,8000,100,20,13,18,94,1,random,mean,250
2026100908,1000,250,0.500520833333,0.291145833333,0.126592676126,0.95,0.073,longer,threshold,MI,12000,8000,100,20,13,18,94,1,random,mean,250
2026100909,1000,250,0.571354166667,0.2203125,0.0944912976125,0.95,0.025,longer,threshold,MI,12000,8000,100,20,13,18,94,1,random,mean,250
2026100910,1000,250,0.7051,0.0865666666667,0.0908081543379,0.95,0.015,longer,threshold,MI,12000,8000,100,20,13,18,94,1,random,mean,250
2026100911,1000,250,0.5671875,0.266145833333,0.0874038880023,1,0.011,longer,threshold,MI,12000,8000,100,20,13,18,94,1,random,mean,250
2026100912,1000,250,0.54478125,0.220385416667,0.11733634512,0.9182,0.065,longer,threshold,MI,12000,8000,100,20,13,18,94,1,random,mean,250
2026100913,1000,250,0.549366666667,0.2783,0.118447603928,0.9932,0.092,longer,threshold,MI,12000,8000,100,20,13,18,94,1,random,mean,250
2026100914,1000,250,0.168183333333,-0.168183333333,0.253831255017,0,0.037,longer,threshold,MI,12000,8000,100,20,13,18,94,1,random,mean,250
2026100915,1000,250,0.548683333333,0.12615,0.152177030834,0.8098,0.077,longer,threshold,MI,12000,8000,100,20,13,18,94,1,random,mean,250
2026100900,1250,250,0.477845833333,0.313820833333,0.122525038929,0.95,0.0288,longer,threshold,MI,12000,8000,100,20,13,18,94,1,random,mean,250
2026100901,1250,250,0.5084375,0.274895833333,0.106291281958,0.94,0.0408,longer,threshold,MI,12000,8000,100,20,13,18,94,1,random,mean,250
2026100902,1250,250,0.527604166667,0.305729166667,0.0972795868258,1,0.0384,longer,threshold,MI,12000,8000,100,20,13,18,94,1,random,mean,250
2026100903,1250,250,0.554975,0.196191666667,0.116233317813,0.9014,0.0432,longer,threshold,MI,12000,8000,100,20,13,18,94,1,random,mean,250
2026100904,1250,250,0.540625,0.251041666667,0.121649124388,0.95,0.0432,longer,threshold,MI,12000,8000,100,20,13,18,94,1,random,mean,250
2026100905,1250,250,0.496354166667,0.253645833333,0.11858022723,0.9,0.0176,longer,threshold,MI,12000,8000,100,20,13,18,94,1,random,mean,250
2026100906,1250,250,0.521097916667,0.0692354166667,0.166022987768,0.7084,0.0552,longer,threshold,MI,12000,8000,100,20,13,18,94,1,random,mean,250
2026100907,1250,250,0.513897916667,0.261602083333,0.114324567084,0.9306,0.0208,longer,threshold,MI,12000,8000,100,20,13,18,94,1,random,mean,250
2026100908,1250,250,0.503958333333,0.274375,0.121518062958,0.934,0.0616,longer,threshold,MI,12000,8000,100,20,13,18,94,1,random,mean,250
2026100909,1250,250,0.571391666667,0.220275,0.0945260879783,0.95,0.0208,longer,threshold,MI,12000,8000,100,20,13,18,94,1,random,mean,250
2026100910,1250,250,0.63196875,0.14853125,0.102257102939,0.9366,0.0144,longer,threshold,MI,12000,8000,100,20,13,18,94,1,random,mean,250
2026100911,1250,250,0.5677125,0.265620833333,0.0875686332786,1,0.0096,longer,threshold,MI,12000,8000,100,20,13,18,94,1,random,mean,250
2026100912,1250,250,0.616666666667,0.165833333333,0.104722964804,0.939,0.0568,longer,threshold,MI,12000,8000,100,20,13,18,94,1,random,mean,250
2026100913,1250,250,0.488241666667,0.171758333333,0.161151265327,0.792,0.0832,longer,threshold,MI,12000,8000,100,20,13,18,94,1,random,mean,250
2026100914,1250,250,0.182272916667,-0.170439583333,0.246310813497,0.0142,0.0304,longer,threshold,MI,12000,8000,100,20,13,18,94,1,random,mean,250
2026100915,1250,250,0.5982875,0.1512125,0.120868741027,0.8994,0.068,longer,threshold,MI,12000,8000,100,20,13,18,94,1,random,mean,250
2026100900,1500,250,0.477604166667,0.3140625,0.122715994238,0.95,0.024,longer,threshold,MI,12000,8000,100,20,13,18,94,1,random,mean,250
2026100901,1500,250,0.506770833333,0.284895833333,0.105728033996,0.95,0.034,longer,threshold,MI,12000,8000,100,20,13,18,94,1,random,mean,250
2026100902,1500,250,0.527604166667,0.305729166667,0.0972795868258,1,0.032,longer,threshold,MI,12000,8000,100,20,13,18,94,1,random,mean,250
2026100903,1500,250,0.54140625,0.250260416667,0.110412944395,0.95,0.0373333333333,longer,threshold,MI,12000,8000,100,20,13,18,94,1,random,mean,250
2026100904,1500,250,0.531725,0.245275,0.124165680969,0.9324,0.0373333333333,longer,threshold,MI,12000,8000,100,20,13,18,94,1,random,mean,250
2026100905,1500,250,0.496354166667,0.253645833333,0.11858022723,0.9,0.0146666666667,longer,threshold,MI,12000,8000,100,20,13,18,94,1,random,mean,250
2026100906,1500,250,0.620995833333,0.0493375,0.127627926414,0.8044,0.05,longer,threshold,MI,12000,8000,100,20,13,18,94,1,random,mean,250
2026100907,1500,250,0.502329166667,0.273504166667,0.122419875904,0.931,0.0193333333333,longer,threshold,MI,12000,8000,100,20,13,18,94,1,random,mean,250
2026100908,1500,250,0.509375,0.282291666667,0.110425036156,0.95,0.052,longer,threshold,MI,12000,8000,100,20,13,18,94,1,random,mean,250
2026100909,1500,250,0.572395833333,0.219270833333,0.095457696661,0.95,0.018,longer,threshold,MI,12000,8000,100,20,13,18,94,1,random,mean,250
2026100910,1500,250,0.42016875,-0.24916875,0.251995296899,0.2052,0.024,longer,threshold,MI,12000,8000,100,20,13,18,94,1,random,mean,250
2026100911,1500,250,0.568229166667,0.265104166667,0.0877307635504,1,0.008,longer,threshold,MI,12000,8000,100,20,13,18,94,1,random,mean,250
2026100912,1500,250,0.6582625,0.131070833333,0.0936957330015,0.9472,0.0486666666667,longer,threshold,MI,12000,8000,100,20,13,18,94,1,random,mean,250
2026100913,1500,250,0.461747916667,0.122252083333,0.189333776251,0.7008,0.0753333333333,longer,threshold,MI,12000,8000,100,20,13,18,94,1,random,mean,250
2026100914,1500,250,0.188922916667,-0.14725625,0.24627552649,0.05,0.026,longer,threshold,MI,12000,8000,100,20,13,18,94,1,random,mean,250
2026100915,1500,250,0.490116666667,0.318716666667,0.121063791891,0.9706,0.062,longer,threshold,MI,12000,8000,100,20,13,18,94,1,random,mean,250
2026100900,1750,250,0.4906,0.2459,0.131873045354,0.8838,0.0245714285714,longer,threshold,MI,12000,8000,100,20,13,18,94,1,random,mean,250
2026100901,1750,250,0.5039875,0.287679166667,0.104933158185,0.95,0.0302857142857,longer,threshold,MI,12000,8000,100,20,13,18,94,1,random,mean,250
2026100902,1750,250,0.527604166667,0.305729166667,0.0972795868258,1,0.0274285714286,longer,threshold,MI,12000,8000,100,20,13,18,94,1,random,mean,250
2026100903,1750,250,0.535216666667,0.251283333333,0.112812216735,0.9438,0.0337142857143,longer,threshold,MI,12000,8000,100,20,13,18,94,1,random,mean,250
2026100904,1750,250,0.51875,0.23125,0.131429443202,0.9,0.032,longer,threshold,MI,12000,8000,100,20,13,18,94,1,random,mean,250
2026100905,1750,250,0.496354166667,0.253645833333,0.11858022723,0.9,0.0125714285714,longer,threshold,MI,12000,8000,100,20,13,18,94,1,random,mean,250
2026100906,1750,250,0.59638125,0.0729520833333,0.140804995254,0.8032,0.0634285714286,longer,threshold,MI,12000,8000,100,20,13,18,94,1,random,mean,250
2026100907,1750,250,0.486979166667,0.3046875,0.129828777183,0.95,0.0165714285714,longer,threshold,MI,12000,8000,100,20,13,18,94,1,random,mean,250
2026100908,1750,250,0.497375,0.269291666667,0.115436135259,0.92,0.0457142857143,longer,threshold,MI,12000,8000,100,20,13,18,94,1,random,mean,250
2026100909,1750,250,0.546364583333,0.245302083333,0.111071842169,0.95,0.016,longer,threshold,MI,12000,8000,100,20,13,18,94,1,random,mean,250
2026100910,1750,250,0.449702083333,-0.0480354166667,0.197804730591,0.482,0.0262857142857,longer,threshold,MI,12000,8000,100,20,13,18,94,1,random,mean,250
2026100911,1750,250,0.515772916667,0.0985604166667,0.153353589709,0.7372,0.0217142857143,longer,threshold,MI,12000,8000,100,20,13,18,94,1,random,mean,250
2026100912,1750,250,0.616602083333,0.198397916667,0.104439614288,0.978,0.048,longer,threshold,MI,12000,8000,100,20,13,18,94,1,random,mean,250
2026100913,1750,250,0.479845833333,0.2234875,0.140151640051,0.844,0.0651428571429,longer,threshold,MI,12000,8000,100,20,13,18,94,1,random,mean,250
2026100914,1750,250,0.186191666667,-0.145858333333,0.248932184337,0.0484,0.0228571428571,longer,threshold,MI,12000,8000,100,20,13,18,94,1,random,mean,250
2026100915,1750,250,0.488979166667,0.344354166667,0.114353876203,1,0.0537142857143,longer,threshold,MI,12000,8000,100,20,13,18,94,1,random,mean,250
2026100900,2000,250,0.504591666667,0.246908333333,0.117826743196,0.9018,0.0225,longer,threshold,MI,12000,8000,100,20,13,18,94,1,random,mean,250
2026100901,2000,250,0.495210416667,0.29645625,0.10581403605,0.95,0.0275,longer,threshold,MI,12000,8000,100,20,13,18,94,1,random,mean,250
2026100902,2000,250,0.527604166667,0.305729166667,0.0972795868258,1,0.024,longer,threshold,MI,12000,8000,100,20,13,18,94,1,random,mean,250
2026100903,2000,250,0.5304625,0.229704166667,0.1135724224,0.9122,0.03,longer,threshold,MI,12000,8000,100,20,13,18,94,1,random,mean,250
2026100904,2000,250,0.51875,0.23125,0.131429443202,0.9,0.028,longer,threshold,MI,12000,8000,100,20,13,18,94,1,random,mean,250
2026100905,2000,250,0.497316666667,0.265516666667,0.117239102064,0.9154,0.012,longer,threshold,MI,12000,8000,100,20,13,18,94,1,random,mean,250
2026100906,2000,250,0.522141666667,0.125358333333,0.162588245649,0.777,0.061,longer,threshold,MI,12000,8000,100,20,13,18,94,1,random,mean,250
2026100907,2000,250,0.498241666667,0.289258333333,0.120958416388,0.945,0.0155,longer,threshold,MI,12000,8000,100,20,13,18,94,1,random,mean,250
2026100908,2000,250,0.49375,0.297916666667,0.108356900452,0.95,0.04,longer,threshold,MI,12000,8000,100,20,13,18,94,1,random,mean,250
2026100909,2000,250,0.541966666667,0.2497,0.113633437328,0.95,0.0145,longer,threshold,MI,12000,8000,100,20,13,18,94,1,random,mean,250
2026100910,2000,250,0.5107625,0.312070833333,0.105143103076,0.9874,0.024,longer,threshold,MI,12000,8000,100,20,13,18,94,1,random,mean,250
2026100911,2000,250,0.55050625,0.229327083333,0.114461155698,0.9358,0.02,longer,threshold,MI,12000,8000,100,20,13,18,94,1,random,mean,250
2026100912,2000,250,0.606483333333,0.185183333333,0.107686801957,0.95,0.0425,longer,threshold,MI,12000,8000,100,20,13,18,94,1,random,mean,250
2026100913,2000,250,0.510485416667,0.228514583333,0.12855474549,0.8868,0.059,longer,threshold,MI,12000,8000,100,20,13,18,94,1,random,mean,250
2026100914,2000,250,0.172008333333,-0.172008333333,0.24881457236,0,0.0215,longer,threshold,MI,12000,8000,100,20,13,18,94,1,random,mean,250
2026100915,2000,250,0.50384375,0.32365625,0.113393049541,0.993,0.0485,longer,threshold,MI,12000,8000,100,20,13,18,94,1,random,mean,250
2026100900,2250,250,0.501933333333,0.2104,0.121102361821,0.8548,0.0204444444444,longer,threshold,MI,12000,8000,100,20,13,18,94,1,random,mean,250
2026100901,2250,250,0.494791666667,0.296875,0.105872844828,0.95,0.0244444444444,longer,threshold,MI,12000,8000,100,20,13,18,94,1,random,mean,250
2026100902,2250,250,0.527604166667,0.305729166667,0.0972795868258,1,0.0213333333333,longer,threshold,MI,12000,8000,100,20,13,18,94,1,random,mean,250
2026100903,2250,250,0.532233333333,0.258266666667,0.105666568279,0.9486,0.0271111111111,longer,threshold,MI,12000,8000,100,20,13,18,94,1,random,mean,250
2026100904,2250,250,0.5224,0.239766666667,0.126895513815,0.9146,0.0253333333333,longer,threshold,MI,12000,8000,100,20,13,18,94,1,random,mean,250
2026100905,2250,250,0.491475,0.337858333333,0.110192973156,0.9952,0.0111111111111,longer,threshold,MI,12000,8000,100,20,13,18,94,1,random,mean,250
2026100906,2250,250,0.623927083333,0.20940625,0.0913140550715,1,0.0546666666667,longer,threshold,MI,12000,8000,100,20,13,18,94,1,random,mean,250
2026100907,2250,250,0.497916666667,0.29375,0.117908347144,0.95,0.0137777777778,longer,threshold,MI,12000,8000,100,20,13,18,94,1,random,mean,250
2026100908,2250,250,0.49375,0.297916666667,0.108356900452,0.95,0.0355555555556,longer,threshold,MI,12000,8000,100,20,13,18,94,1,random,mean,250
2026100909,2250,250,0.541666666667,0.25,0.113807458467,0.95,0.0133333333333,longer,threshold,MI,12000,8000,100,20,13,18,94,1,random,mean,250
2026100910,2250,250,0.534664583333,0.248002083333,0.113354861206,0.9392,0.0226666666667,longer,threshold,MI,12000,8000,100,20,13,18,94,1,random,mean,250
2026100911,2250,250,0.546354166667,0.2453125,0.106590461057,0.95,0.0177777777778,longer,threshold,MI,12000,8000,100,20,13,18,94,1,random,mean,250
2026100912,2250,250,0.6120625,0.179604166667,0.105001230598,0.95,0.0382222222222,longer,threshold,MI,12000,8000,100,20,13,18,94,1,random,mean,250
2026100913,2250,250,0.613222916667,0.198610416667,0.0960296313621,0.9742,0.0528888888889,longer,threshold,MI,12000,8000,100,20,13,18,94,1,random,mean,250
2026100914,2250,250,0.169791666667,-0.169791666667,0.250657894737,0,0.0195555555556,longer,threshold,MI,12000,8000,100,20,13,18,94,1,random,mean,250
2026100915,2250,250,0.509554166667,0.323779166667,0.108597320571,1,0.044,longer,threshold,MI,12000,8000,100,20,13,18,94,1,random,mean,250
2026100900,2500,250,0.498958333333,0.292708333333,0.103489855244,0.95,0.0184,longer,threshold,MI,12000,8000,100,20,13,18,94,1,random,mean,250
2026100901,2500,250,0.494791666667,0.296875,0.105872844828,0.95,0.0224,longer,threshold,MI,12000,8000,100,20,13,18,94,1,random,mean,250
2026100902,2500,250,0.527604166667,0.305729166667,0.0972795868258,1,0.0192,longer,threshold,MI,12000,8000,100,20,13,18,94,1,random,mean,250
2026100903,2500,250,0.532291666667,0.259375,0.105444269636,0.95,0.0244,longer,threshold,MI,12000,8000,100,20,13,18,94,1,random,mean,250
2026100904,2500,250,0.534075,0.257591666667,0.114174662083,0.95,0.024,longer,threshold,MI,12000,8000,100,20,13,18,94,1,random,mean,250
2026100905,2500,250,0.490625,0.342708333333,0.109764695111,1,0.01,longer,threshold,MI,12000,8000,100,20,13,18,94,1,random,mean,250
2026100906,2500,250,0.637854166667,0.195479166667,0.0833283143032,1,0.0496,longer,threshold,MI,12000,8000,100,20,13,18,94,1,random,mean,250
2026100907,2500,250,0.517741666667,0.273925,0.111589684157,0.95,0.0128,longer,threshold,MI,12000,8000,100,20,13,18,94,1,random,mean,250
2026100908,2500,250,0.49375,0.297916666667,0.108356900452,0.95,0.032,longer,threshold,MI,12000,8000,100,20,13,18,94,1,random,mean,250
2026100909,2500,250,0.57181875,0.259514583333,0.0916380595005,0.9976,0.014,longer,threshold,MI,12000,8000,100,20,13,18,94,1,random,mean,250
2026100910,2500,250,0.560416666667,0.23125,0.109547486716,0.95,0.0204,longer,threshold,MI,12000,8000,100,20,13,18,94,1,random,mean,250
2026100911,2500,250,0.546354166667,0.2453125,0.106590461057,0.95,0.016,longer,threshold,MI,12000,8000,100,20,13,18,94,1,random,mean,250
2026100912,2500,250,0.618229166667,0.1734375,0.100517091782,0.95,0.0344,longer,threshold,MI,12000,8000,100,20,13,18,94,1,random,mean,250
2026100913,2500,250,0.517233333333,0.2506,0.116051057094,0.9214,0.0492,longer,threshold,MI,12000,8000,100,20,13,18,94,1,random,mean,250
2026100914,2500,250,0.169791666667,-0.169791666667,0.250657894737,0,0.0176,longer,threshold,MI,12000,8000,100,20,13,18,94,1,random,mean,250
2026100915,2500,250,0.513275,0.320058333333,0.107728917419,1,0.0412,longer,threshold,MI,12000,8000,100,20,13,18,94,1,random,mean,250
2026100900,2750,250,0.498989583333,0.30284375,0.10093546778,0.9622,0.0174545454545,longer,threshold,MI,12000,8000,100,20,13,18,94,1,random,mean,250
2026100901,2750,250,0.494791666667,0.296875,0.105872844828,0.95,0.0203636363636,longer,threshold,MI,12000,8000,100,20,13,18,94,1,random,mean,250
2026100902,2750,250,0.527604166667,0.305729166667,0.0972795868258,1,0.0174545454545,longer,threshold,MI,12000,8000,100,20,13,18,94,1,random,mean,250
2026100903,2750,250,0.532291666667,0.259375,0.105444269636,0.95,0.0221818181818,longer,threshold,MI,12000,8000,100,20,13,18,94,1,random,mean,250
2026100904,2750,250,0.533854166667,0.2578125,0.114145954521,0.95,0.0218181818182,longer,threshold,MI,12000,8000,100,20,13,18,94,1,random,mean,250
2026100905,2750,250,0.490625,0.342708333333,0.109764695111,1,0.00909090909091,longer,threshold,MI,12000,8000,100,20,13,18,94,1,random,mean,250
2026100906,2750,250,0.6421875,0.191145833333,0.0806903127384,1,0.0450909090909,longer,threshold,MI,12000,8000,100,20,13,18,94,1,random,mean,250
2026100907,2750,250,0.509158333333,0.282508333333,0.10957345702,0.95,0.0123636363636,longer,threshold,MI,12000,8000,100,20,13,18,94,1,random,mean,250
2026100908,2750,250,0.49375,0.297916666667,0.108356900452,0.95,0.0290909090909,longer,threshold,MI,12000,8000,100,20,13,18,94,1,random,mean,250
2026100909,2750,250,0.59203125,0.241302083333,0.0832594693215,1,0.0130909090909,longer,threshold,MI,12000,8000,100,20,13,18,94,1,random,mean,250
2026100910,2750,250,0.548725,0.222608333333,0.117310066973,0.9256,0.0189090909091,longer,threshold,MI,12000,8000,100,20,13,18,94,1,random,mean,250
2026100911,2750,250,0.546354166667,0.2453125,0.106590461057,0.95,0.0145454545455,longer,threshold,MI,12000,8000,100,20,13,18,94,1,random,mean,250
2026100912,2750,250,0.618229166667,0.1734375,0.100517091782,0.95,0.0312727272727,longer,threshold,MI,12000,8000,100,20,13,18,94,1,random,mean,250
2026100913,2750,250,0.502779166667,0.2888875,0.111097704662,0.95,0.0450909090909,longer,threshold,MI,12000,8000,100,20,13,18,94,1,random,mean,250
2026100914,2750,250,0.169791666667,-0.169791666667,0.250657894737,0,0.0163636363636,longer,threshold,MI,12000,8000,100,20,13,18,94,1,random,mean,250
2026100915,2750,250,0.52189375,0.30210625,0.111139926598,0.9888,0.0385454545455,longer,threshold,MI,12000,8000,100,20,13,18,94,1,random,mean,250
2026100900,3000,250,0.500108333333,0.333225,0.0943241018701,1,0.0166666666667,longer,threshold,MI,12000,8000,100,20,13,18,94,1,random,mean,250
2026100901,3000,250,0.494879166667,0.2967875,0.105959233212,0.95,0.019,longer,threshold,MI,12000,8000,100,20,13,18,94,1,random,mean,250
2026100902,3000,250,0.527604166667,0.305729166667,0.0972795868258,1,0.0163333333333,longer,threshold,MI,12000,8000,100,20,13,18,94,1,random,mean,250
2026100903,3000,250,0.532291666667,0.259375,0.105444269636,0.95,0.0203333333333,longer,threshold,MI,12000,8000,100,20,13,18,94,1,random,mean,250
2026100904,3000,250,0.533854166667,0.2578125,0.114145954521,0.95,0.02,longer,threshold,MI,12000,8000,100,20,13,18,94,1,random,mean,250
2026100905,3000,250,0.491610416667,0.341722916667,0.109790149115,1,0.009,longer,threshold,MI,12000,8000,100,20,13,18,94,1,random,mean,250
2026100906,3000,250,0.650733333333,0.1826,0.0796095314021,1,0.042,longer,threshold,MI,12000,8000,100,20,13,18,94,1,random,mean,250
2026100907,3000,250,0.506570833333,0.267095833333,0.115572055628,0.9284,0.0123333333333,longer,threshold,MI,12000,8000,100,20,13,18,94,1,random,mean,250
2026100908,3000,250,0.49375,0.297916666667,0.108356900452,0.95,0.0266666666667,longer,threshold,MI,12000,8000,100,20,13,18,94,1,random,mean,250
2026100909,3000,250,0.57820625,0.25179375,0.0879292266175,0.996,0.0133333333333,longer,threshold,MI,12000,8000,100,20,13,18,94,1,random,mean,250
2026100910,3000,250,0.556716666667,0.238616666667,0.105455689521,0.9544,0.018,longer,threshold,MI,12000,8000,100,20,13,18,94,1,random,mean,250
2026100911,3000,250,0.535177083333,0.256489583333,0.11250014824,0.95,0.0136666666667,longer,threshold,MI,12000,8000,100,20,13,18,94,1,random,mean,250
2026100912,3000,250,0.618229166667,0.1734375,0.100517091782,0.95,0.0286666666667,longer,threshold,MI,12000,8000,100,20,13,18,94,1,random,mean,250
2026100913,3000,250,0.503645833333,0.288020833333,0.111620734908,0.95,0.0413333333333,longer,threshold,MI,12000,8000,100,20,13,18,94,1,random,mean,250
2026100914,3000,250,0.169791666667,-0.169791666667,0.250657894737,0,0.015,longer,threshold,MI,12000,8000,100,20,13,18,94,1,random,mean,250
2026100915,3000,250,0.5140625,0.319270833333,0.107854330709,1,0.0353333333333,longer,threshold,MI,12000,8000,100,20,13,18,94,1,random,mean,250
2026100900,3250,250,0.500439583333,0.33289375,0.0942879121555,1,0.0156923076923,longer,threshold,MI,12000,8000,100,20,13,18,94,1,random,mean,250
2026100901,3250,250,0.4953125,0.296354166667,0.106387061404,0.95,0.0175384615385,longer,threshold,MI,12000,8000,100,20,13,18,94,1,random,mean,250
2026100902,3250,250,0.527604166667,0.305729166667,0.0972795868258,1,0.0150769230769,longer,threshold,MI,12000,8000,100,20,13,18,94,1,random,mean,250
2026100903,3250,250,0.532291666667,0.259375,0.105444269636,0.95,0.0187692307692,longer,threshold,MI,12000,8000,100,20,13,18,94,1,random,mean,250
2026100904,3250,250,0.533854166667,0.2578125,0.114145954521,0.95,0.0184615384615,longer,threshold,MI,12000,8000,100,20,13,18,94,1,random,mean,250
2026100905,3250,250,0.493295833333,0.3360375,0.108279883015,0.9952,0.00892307692308,longer,threshold,MI,12000,8000,100,20,13,18,94,1,random,mean,250
2026100906,3250,250,0.644575,0.188758333333,0.080587147364,1,0.0390769230769,longer,threshold,MI,12000,8000,100,20,13,18,94,1,random,mean,250
2026100907,3250,250,0.502475,0.289191666667,0.112001073869,0.95,0.012,longer,threshold,MI,12000,8000,100,20,13,18,94,1,random,mean,250
2026100908,3250,250,0.49375,0.297916666667,0.108356900452,0.95,0.0246153846154,longer,threshold,MI,12000,8000,100,20,13,18,94,1,random,mean,250
2026100909,3250,250,0.578125,0.255208333333,0.0859439036885,1,0.0123076923077,longer,threshold,MI,12000,8000,100,20,13,18,94,1,random,mean,250
2026100910,3250,250,0.57395,0.259383333333,0.088911446281,1,0.0169230769231,longer,threshold,MI,12000,8000,100,20,13,18,94,1,random,mean,250
2026100911,3250,250,0.550341666667,0.241325,0.113064578383,0.95,0.0135384615385,longer,threshold,MI,12000,8000,100,20,13,18,94,1,random,mean,250
2026100912,3250,250,0.618229166667,0.1734375,0.100517091782,0.95,0.0264615384615,longer,threshold,MI,12000,8000,100,20,13,18,94,1,random,mean,250
2026100913,3250,250,0.503645833333,0.288020833333,0.111620734908,0.95,0.0381538461538,longer,threshold,MI,12000,8000,100,20,13,18,94,1,random,mean,250
2026100914,3250,250,0.169791666667,-0.169791666667,0.250657894737,0,0.0141538461538,longer,threshold,MI,12000,8000,100,20,13,18,94,1,random,mean,250
2026100915,3250,250,0.506314583333,0.32701875,0.108725493762,1,0.0332307692308,longer,threshold,MI,12000,8000,100,20,13,18,94,1,random,mean,250
2026100900,3500,250,0.500520833333,0.3328125,0.0942790354331,1,0.0148571428571,longer,threshold,MI,12000,8000,100,20,13,18,94,1,random,mean,250
2026100901,3500,250,0.4953125,0.296354166667,0.106387061404,0.95,0.0162857142857,longer,threshold,MI,12000,8000,100,20,13,18,94,1,random,mean,250
2026100902,3500,250,0.527604166667,0.305729166667,0.0972795868258,1,0.014,longer,threshold,MI,12000,8000,100,20,13,18,94,1,random,mean,250
2026100903,3500,250,0.532291666667,0.259375,0.105444269636,0.95,0.0174285714286,longer,threshold,MI,12000,8000,100,20,13,18,94,1,random,mean,250
2026100904,3500,250,0.53423125,0.257435416667,0.114398535473,0.95,0.0177142857143,longer,threshold,MI,12000,8000,100,20,13,18,94,1,random,mean,250
2026100905,3500,250,0.488875,0.329458333333,0.110280956891,0.982,0.00857142857143,longer,threshold,MI,12000,8000,100,20,13,18,94,1,random,mean,250
2026100906,3500,250,0.643566666667,0.189766666667,0.0807528073059,1,0.0365714285714,longer,threshold,MI,12000,8000,100,20,13,18,94,1,random,mean,250
2026100907,3500,250,0.50926875,0.0980645833333,0.143836180944,0.7288,0.014,longer,threshold,MI,12000,8000,100,20,13,18,94,1,random,mean,250
2026100908,3500,250,0.49375,0.297916666667,0.108356900452,0.95,0.0228571428571,longer,threshold,MI,12000,8000,100,20,13,18,94,1,random,mean,250
2026100909,3500,250,0.578125,0.255208333333,0.0859439036885,1,0.0114285714286,longer,threshold,MI,12000,8000,100,20,13,18,94,1,random,mean,250
2026100910,3500,250,0.577758333333,0.255575,0.0867434947658,1,0.0162857142857,longer,threshold,MI,12000,8000,100,20,13,18,94,1,random,mean,250
2026100911,3500,250,0.543060416667,0.24810625,0.111458454098,0.9494,0.0128571428571,longer,threshold,MI,12000,8000,100,20,13,18,94,1,random,mean,250
2026100912,3500,250,0.618229166667,0.1734375,0.100517091782,0.95,0.0245714285714,longer,threshold,MI,12000,8000,100,20,13,18,94,1,random,mean,250
2026100913,3500,250,0.503645833333,0.288020833333,0.111620734908,0.95,0.0354285714286,longer,threshold,MI,12000,8000,100,20,13,18,94,1,random,mean,250
2026100914,3500,250,0.165708333333,-0.165708333333,0.251565438596,0,0.0134285714286,longer,threshold,MI,12000,8000,100,20,13,18,94,1,random,mean,250
2026100915,3500,250,0.501575,0.331758333333,0.109482299704,1,0.0314285714286,longer,threshold,MI,12000,8000,100,20,13,18,94,1,random,mean,250
2026100900,3750,250,0.500520833333,0.3328125,0.0942790354331,1,0.0144,longer,threshold,MI,12000,8000,100,20,13,18,94,1,random,mean,250
2026100901,3750,250,0.4953125,0.296354166667,0.106387061404,0.95,0.0152,longer,threshold,MI,12000,8000,100,20,13,18,94,1,random,mean,250
2026100902,3750,250,0.527229166667,0.306104166667,0.0975755479683,1,0.0133333333333,longer,threshold,MI,12000,8000,100,20,13,18,94,1,random,mean,250
2026100903,3750,250,0.532291666667,0.259375,0.105444269636,0.95,0.0165333333333,longer,threshold,MI,12000,8000,100,20,13,18,94,1,random,mean,250
2026100904,3750,250,0.534375,0.257291666667,0.114494823238,0.95,0.0165333333333,longer,threshold,MI,12000,8000,100,20,13,18,94,1,random,mean,250
2026100905,3750,250,0.488541666667,0.303125,0.115720474236,0.95,0.008,longer,threshold,MI,12000,8000,100,20,13,18,94,1,random,mean,250
2026100906,3750,250,0.644610416667,0.188722916667,0.080521114943,1,0.0344,longer,threshold,MI,12000,8000,100,20,13,18,94,1,random,mean,250
2026100907,3750,250,0.528295833333,0.105204166667,0.163156736073,0.7602,0.0210666666667,longer,threshold,MI,12000,8000,100,20,13,18,94,1,random,mean,250
2026100908,3750,250,0.49375,0.297916666667,0.108356900452,0.95,0.0213333333333,longer,threshold,MI,12000,8000,100,20,13,18,94,1,random,mean,250
2026100909,3750,250,0.577952083333,0.25538125,0.0862512937657,1,0.0112,longer,threshold,MI,12000,8000,100,20,13,18,94,1,random,mean,250
2026100910,3750,250,0.58046875,0.252864583333,0.0855169077135,1,0.0154666666667,longer,threshold,MI,12000,8000,100,20,13,18,94,1,random,mean,250
2026100911,3750,250,0.529166666667,0.220833333333,0.123338215517,0.9,0.012,longer,threshold,MI,12000,8000,100,20,13,18,94,1,random,mean,250
2026100912,3750,250,0.618229166667,0.1734375,0.100517091782,0.95,0.0229333333333,longer,threshold,MI,12000,8000,100,20,13,18,94,1,random,mean,250
2026100913,3750,250,0.503645833333,0.288020833333,0.111620734908,0.95,0.0330666666667,longer,threshold,MI,12000,8000,100,20,13,18,94,1,random,mean,250
2026100914,3750,250,0.164583333333,-0.164583333333,0.25181547619,0,0.0125333333333,longer,threshold,MI,12000,8000,100,20,13,18,94,1,random,mean,250
2026100915,3750,250,0.501635416667,0.331697916667,0.109625298525,1,0.0296,longer,threshold,MI,12000,8000,100,20,13,18,94,1,random,mean,250
2026100900,4000,250,0.500520833333,0.3328125,0.0942790354331,1,0.0135,longer,threshold,MI,12000,8000,100,20,13,18,94,1,random,mean,250
2026100901,4000,250,0.4953125,0.296354166667,0.106387061404,0.95,0.01425,longer,threshold,MI,12000,8000,100,20,13,18,94,1,random,mean,250
2026100902,4000,250,0.527083333333,0.30625,0.0976906439682,1,0.0125,longer,threshold,MI,12000,8000,100,20,13,18,94,1,random,mean,250
2026100903,4000,250,0.532291666667,0.259375,0.105444269636,0.95,0.0155,longer,threshold,MI,12000,8000,100,20,13,18,94,1,random,mean,250
2026100904,4000,250,0.534375,0.257291666667,0.114494823238,0.95,0.0155,longer,threshold,MI,12000,8000,100,20,13,18,94,1,random,mean,250
2026100905,4000,250,0.488779166667,0.3028875,0.115694728036,0.95,0.00775,longer,threshold,MI,12000,8000,100,20,13,18,94,1,random,mean,250
2026100906,4000,250,0.647395833333,0.1859375,0.0798350272806,1,0.03225,longer,threshold,MI,12000,8000,100,20,13,18,94,1,random,mean,250
2026100907,4000,250,0.305310416667,-0.18214375,0.272382703539,0.1478,0.029,longer,threshold,MI,12000,8000,100,20,13,18,94,1,random,mean,250
2026100908,4000,250,0.49375,0.297916666667,0.108356900452,0.95,0.02,longer,threshold,MI,12000,8000,100,20,13,18,94,1,random,mean,250
2026100909,4000,250,0.576870833333,0.250295833333,0.0893680270703,0.9926,0.01075,longer,threshold,MI,12000,8000,100,20,13,18,94,1,random,mean,250
2026100910,4000,250,0.580697916667,0.252635416667,0.0856829047619,1,0.015,longer,threshold,MI,12000,8000,100,20,13,18,94,1,random,mean,250
2026100911,4000,250,0.529297916667,0.22186875,0.122896898837,0.9014,0.0115,longer,threshold,MI,12000,8000,100,20,13,18,94,1,random,mean,250
2026100912,4000,250,0.618229166667,0.1734375,0.100517091782,0.95,0.0215,longer,threshold,MI,12000,8000,100,20,13,18,94,1,random,mean,250
2026100913,4000,250,0.497320833333,0.294345833333,0.111832580425,0.95,0.0315,longer,threshold,MI,12000,8000,100,20,13,18,94,1,random,mean,250
2026100914,4000,250,0.1646,-0.1646,0.254002170884,0,0.0125,longer,threshold,MI,12000,8000,100,20,13,18,94,1,random,mean,250
2026100915,4000,250,0.5049875,0.328345833333,0.109925670246,1,0.0285,longer,threshold,MI,12000,8000,100,20,13,18,94,1,random,mean,250
2026100900,4250,250,0.500520833333,0.3328125,0.0942790354331,1,0.0127058823529,longer,threshold,MI,12000,8000,100,20,13,18,94,1,random,mean,250
2026100901,4250,250,0.4953125,0.296354166667,0.106387061404,0.95,0.0134117647059,longer,threshold,MI,12000,8000,100,20,13,18,94,1,random,mean,250
2026100902,4250,250,0.527083333333,0.30625,0.0976906439682,1,0.0117647058824,longer,threshold,MI,12000,8000,100,20,13,18,94,1,random,mean,250
2026100903,4250,250,0.54140625,0.250260416667,0.102999766195,0.95,0.0148235294118,longer,threshold,MI,12000,8000,100,20,13,18,94,1,random,mean,250
2026100904,4250,250,0.5342,0.257466666667,0.11429034551,0.95,0.0148235294118,longer,threshold,MI,12000,8000,100,20,13,18,94,1,random,mean,250
2026100905,4250,250,0.501389583333,0.300277083333,0.107063869936,0.962,0.008,longer,threshold,MI,12000,8000,100,20,13,18,94,1,random,mean,250
2026100906,4250,250,0.64678125,0.186552083333,0.0799171645037,1,0.0305882352941,longer,threshold,MI,12000,8000,100,20,13,18,94,1,random,mean,250
2026100907,4250,250,0.373310416667,-0.218477083333,0.257838440471,0.1858,0.0324705882353,longer,threshold,MI,12000,8000,100,20,13,18,94,1,random,mean,250
2026100908,4250,250,0.49375,0.297916666667,0.108356900452,0.95,0.0188235294118,longer,threshold,MI,12000,8000,100,20,13,18,94,1,random,mean,250
2026100909,4250,250,0.5789625,0.2380375,0.0907279786773,0.9804,0.0105882352941,longer,threshold,MI,12000,8000,100,20,13,18,94,1,random,mean,250
2026100910,4250,250,0.569054166667,0.264279166667,0.0914451660361,1,0.0148235294118,longer,threshold,MI,12000,8000,100,20,13,18,94,1,random,mean,250
2026100911,4250,250,0.533854166667,0.2578125,0.107576905523,0.95,0.0108235294118,longer,threshold,MI,12000,8000,100,20,13,18,94,1,random,mean,250
2026100912,4250,250,0.618229166667,0.1734375,0.100517091782,0.95,0.0202352941176,longer,threshold,MI,12000,8000,100,20,13,18,94,1,random,mean,250
2026100913,4250,250,0.491670833333,0.299995833333,0.111925675169,0.95,0.0298823529412,longer,threshold,MI,12000,8000,100,20,13,18,94,1,random,mean,250
2026100914,4250,250,0.153125,-0.153125,0.263432874713,0,0.0117647058824,longer,threshold,MI,12000,8000,100,20,13,18,94,1,random,mean,250
2026100915,4250,250,0.5028625,0.330470833333,0.111607731242,1,0.0270588235294,longer,threshold,MI,12000,8000,100,20,13,18,94,1,random,mean,250
2026100900,4500,250,0.500520833333,0.3328125,0.0942790354331,1,0.012,longer,threshold,MI,12000,8000,100,20,13,18,94,1,random,mean,250
2026100901,4500,250,0.494972916667,0.29669375,0.106332826679,0.95,0.0128888888889,longer,threshold,MI,12000,8000,100,20,13,18,94,1,random,mean,250
2026100902,4500,250,0.527083333333,0.30625,0.0976906439682,1,0.0111111111111,longer,threshold,MI,12000,8000,100,20,13,18,94,1,random,mean,250
2026100903,4500,250,0.5486875,0.242979166667,0.0997622314958,0.95,0.0142222222222,longer,threshold,MI,12000,8000,100,20,13,18,94,1,random,mean,250
2026100904,4500,250,0.530316666667,0.26135,0.110814690797,0.95,0.0142222222222,longer,threshold,MI,12000,8000,100,20,13,18,94,1,random,mean,250
2026100905,4500,250,0.498783333333,0.292883333333,0.106428514423,0.95,0.00777777777778,longer,threshold,MI,12000,8000,100,20,13,18,94,1,random,mean,250
2026100906,4500,250,0.6451875,0.188145833333,0.0803907472881,1,0.0293333333333,longer,threshold,MI,12000,8000,100,20,13,18,94,1,random,mean,250
2026100907,4500,250,0.511910416667,0.105089583333,0.155571660845,0.7404,0.034,longer,threshold,MI,12000,8000,100,20,13,18,94,1,random,mean,250
2026100908,4500,250,0.49375,0.297916666667,0.108356900452,0.95,0.0177777777778,longer,threshold,MI,12000,8000,100,20,13,18,94,1,random,mean,250
2026100909,4500,250,0.579166666667,0.254166666667,0.0864303377367,1,0.01,longer,threshold,MI,12000,8000,100,20,13,18,94,1,random,mean,250
2026100910,4500,250,0.575883333333,0.25745,0.0878486180731,1,0.0144444444444,longer,threshold,MI,12000,8000,100,20,13,18,94,1,random,mean,250
2026100911,4500,250,0.537285416667,0.25438125,0.106711576646,0.95,0.0104444444444,longer,threshold,MI,12000,8000,100,20,13,18,94,1,random,mean,250
2026100912,4500,250,0.618229166667,0.1734375,0.100517091782,0.95,0.0191111111111,longer,threshold,MI,12000,8000,100,20,13,18,94,1,random,mean,250
2026100913,4500,250,0.491139583333,0.300527083333,0.111771525045,0.95,0.0284444444444,longer,threshold,MI,12000,8000,100,20,13,18,94,1,random,mean,250
2026100914,4500,250,0.153125,-0.153125,0.263432874713,0,0.0111111111111,longer,threshold,MI,12000,8000,100,20,13,18,94,1,random,mean,250
2026100915,4500,250,0.513008333333,0.307658333333,0.103881388783,0.9848,0.0262222222222,longer,threshold,MI,12000,8000,100,20,13,18,94,1,random,mean,250
2026100900,4750,250,0.500520833333,0.3328125,0.0942790354331,1,0.0113684210526,longer,threshold,MI,12000,8000,100,20,13,18,94,1,random,mean,250
2026100901,4750,250,0.494322916667,0.29734375,0.105850197253,0.95,0.0124210526316,longer,threshold,MI,12000,8000,100,20,13,18,94,1,random,mean,250
2026100902,4750,250,0.527083333333,0.30625,0.0976906439682,1,0.0105263157895,longer,threshold,MI,12000,8000,100,20,13,18,94,1,random,mean,250
2026100903,4750,250,0.553125,0.238541666667,0.0968829311987,0.95,0.0134736842105,longer,threshold,MI,12000,8000,100,20,13,18,94,1,random,mean,250
2026100904,4750,250,0.5296875,0.261979166667,0.111699063077,0.95,0.0134736842105,longer,threshold,MI,12000,8000,100,20,13,18,94,1,random,mean,250
2026100905,4750,250,0.50455,0.30745,0.0995616062992,0.9744,0.00757894736842,longer,threshold,MI,12000,8000,100,20,13,18,94,1,random,mean,250
2026100906,4750,250,0.6519375,0.181395833333,0.0798522270139,1,0.028,longer,threshold,MI,12000,8000,100,20,13,18,94,1,random,mean,250
2026100907,4750,250,0.46378125,0.0823854166667,0.184607461677,0.6554,0.0370526315789,longer,threshold,MI,12000,8000,100,20,13,18,94,1,random,mean,250
2026100908,4750,250,0.49375,0.29375,0.109266219201,0.945,0.0172631578947,longer,threshold,MI,12000,8000,100,20,13,18,94,1,random,mean,250
2026100909,4750,250,0.579166666667,0.254166666667,0.0864303377367,1,0.00947368421053,longer,threshold,MI,12000,8000,100,20,13,18,94,1,random,mean,250
2026100910,4750,250,0.580729166667,0.252604166667,0.0852889229539,1,0.0138947368421,longer,threshold,MI,12000,8000,100,20,13,18,94,1,random,mean,250
2026100911,4750,250,0.547916666667,0.24375,0.104030475697,0.95,0.00989473684211,longer,threshold,MI,12000,8000,100,20,13,18,94,1,random,mean,250
2026100912,4750,250,0.65653125,0.172302083333,0.0800965965771,0.9946,0.0189473684211,longer,threshold,MI,12000,8000,100,20,13,18,94,1,random,mean,250
2026100913,4750,250,0.490625,0.301041666667,0.111629025045,0.95,0.0269473684211,longer,threshold,MI,12000,8000,100,20,13,18,94,1,random,mean,250
2026100914,4750,250,0.153125,-0.153125,0.263432874713,0,0.0105263157895,longer,threshold,MI,12000,8000,100,20,13,18,94,1,random,mean,250
2026100915,4750,250,0.507708333333,0.283958333333,0.102157257054,0.95,0.0252631578947,longer,threshold,MI,12000,8000,100,20,13,18,94,1,random,mean,250
2026100900,5000,250,0.500520833333,0.3328125,0.0942790354331,1,0.0108,longer,threshold,MI,12000,8000,100,20,13,18,94,1,random,mean,250
2026100901,5000,250,0.494270833333,0.297395833333,0.105799788136,0.95,0.0118,longer,threshold,MI,12000,8000,100,20,13,18,94,1,random,mean,250
2026100902,5000,250,0.525333333333,0.308,0.0973453620418,1,0.0102,longer,threshold,MI,12000,8000,100,20,13,18,94,1,random,mean,250
2026100903,5000,250,0.55446875,0.237197916667,0.0973651747211,0.95,0.013,longer,threshold,MI,12000,8000,100,20,13,18,94,1,random,mean,250
2026100904,5000,250,0.5296875,0.261979166667,0.111699063077,0.95,0.0128,longer,threshold,MI,12000,8000,100,20,13,18,94,1,random,mean,250
2026100905,5000,250,0.510416666667,0.322916666667,0.0925196850394,1,0.0072,longer,threshold,MI,12000,8000,100,20,13,18,94,1,random,mean,250
2026100906,5000,250,0.6609375,0.172395833333,0.0748870489731,1,0.0266,longer,threshold,MI,12000,8000,100,20,13,18,94,1,random,mean,250
2026100907,5000,250,0.359497916667,-0.09283125,0.238157789835,0.32,0.0388,longer,threshold,MI,12000,8000,100,20,13,18,94,1,random,mean,250
2026100908,5000,250,0.495291666667,0.296375,0.107158215508,0.95,0.0166,longer,threshold,MI,12000,8000,100,20,13,18,94,1,random,mean,250
2026100909,5000,250,0.578970833333,0.2543625,0.086902306549,1,0.0098,longer,threshold,MI,12000,8000,100,20,13,18,94,1,random,mean,250
2026100910,5000,250,0.580729166667,0.252604166667,0.0852889229539,1,0.0132,longer,threshold,MI,12000,8000,100,20,13,18,94,1,random,mean,250
2026100911,5000,250,0.547916666667,0.24375,0.104030475697,0.95,0.0094,longer,threshold,MI,12000,8000,100,20,13,18,94,1,random,mean,250
2026100912,5000,250,0.66799375,0.165339583333,0.0737728211791,1,0.0184,longer,threshold,MI,12000,8000,100,20,13,18,94,1,random,mean,250
2026100913,5000,250,0.489452083333,0.302214583333,0.110646081613,0.95,0.026,longer,threshold,MI,12000,8000,100,20,13,18,94,1,random,mean,250
2026100914,5000,250,0.152375,-0.152375,0.263451066728,0,0.0102,longer,threshold,MI,12000,8000,100,20,13,18,94,1,random,mean,250
2026100915,5000,250,0.510416666667,0.28125,0.101667716535,0.95,0.0242,longer,threshold,MI,12000,8000,100,20,13,18,94,1,random,mean,250
2026100900,5250,250,0.500520833333,0.322479166667,0.0964271430357,0.9876,0.0104761904762,longer,threshold,MI,12000,8000,100,20,13,18,94,1,random,mean,250
2026100901,5250,250,0.494270833333,0.297395833333,0.105799788136,0.95,0.0112380952381,longer,threshold,MI,12000,8000,100,20,13,18,94,1,random,mean,250
2026100902,5250,250,0.523958333333,0.309375,0.0970740690996,1,0.00971428571429,longer,threshold,MI,12000,8000,100,20,13,18,94,1,random,mean,250
2026100903,5250,250,0.5511,0.240566666667,0.0991063810237,0.95,0.0125714285714,longer,threshold,MI,12000,8000,100,20,13,18,94,1,random,mean,250
2026100904,5250,250,0.5296875,0.261979166667,0.111699063077,0.95,0.0121904761905,longer,threshold,MI,12000,8000,100,20,13,18,94,1,random,mean,250
2026100905,5250,250,0.510416666667,0.322916666667,0.0925196850394,1,0.00704761904762,longer,threshold,MI,12000,8000,100,20,13,18,94,1,random,mean,250
2026100906,5250,250,0.6609375,0.172395833333,0.0748870489731,1,0.0253333333333,longer,threshold,MI,12000,8000,100,20,13,18,94,1,random,mean,250
2026100907,5250,250,0.46836875,-0.0725354166667,0.219142748132,0.475,0.044,longer,threshold,MI,12000,8000,100,20,13,18,94,1,random,mean,250
2026100908,5250,250,0.495833333333,0.295833333333,0.106490358374,0.95,0.016,longer,threshold,MI,12000,8000,100,20,13,18,94,1,random,mean,250
2026100909,5250,250,0.584375,0.248958333333,0.0844537815126,1,0.00933333333333,longer,threshold,MI,12000,8000,100,20,13,18,94,1,random,mean,250
2026100910,5250,250,0.580252083333,0.25308125,0.0851544777926,1,0.0127619047619,longer,threshold,MI,12000,8000,100,20,13,18,94,1,random,mean,250
2026100911,5250,250,0.547916666667,0.24375,0.104030475697,0.95,0.00895238095238,longer,threshold,MI,12000,8000,100,20,13,18,94,1,random,mean,250
2026100912,5250,250,0.663310416667,0.170022916667,0.0764577243109,1,0.0180952380952,longer,threshold,MI,12000,8000,100,20,13,18,94,1,random,mean,250
2026100913,5250,250,0.493570833333,0.298095833333,0.106656753941,0.95,0.0249523809524,longer,threshold,MI,12000,8000,100,20,13,18,94,1,random,mean,250
2026100914,5250,250,0.254916666667,-0.00158333333333,0.222941743826,0.304,0.00990476190476,longer,threshold,MI,12000,8000,100,20,13,18,94,1,random,mean,250
2026100915,5250,250,0.510416666667,0.28125,0.101667716535,0.95,0.0230476190476,longer,threshold,MI,12000,8000,100,20,13,18,94,1,random,mean,250
2026100900,5500,250,0.500520833333,0.3303125,0.0949837782554,0.997,0.0101818181818,longer,threshold,MI,12000,8000,100,20,13,18,94,1,random,mean,250
2026100901,5500,250,0.494783333333,0.296883333333,0.10587293711,0.95,0.0109090909091,longer,threshold,MI,12000,8000,100,20,13,18,94,1,random,mean,250
2026100902,5500,250,0.523958333333,0.309375,0.0970740690996,1,0.00927272727273,longer,threshold,MI,12000,8000,100,20,13,18,94,1,random,mean,250
2026100903,5500,250,0.54375,0.247916666667,0.102512891502,0.95,0.012,longer,threshold,MI,12000,8000,100,20,13,18,94,1,random,mean,250
2026100904,5500,250,0.5296875,0.261979166667,0.111699063077,0.95,0.0116363636364,longer,threshold,MI,12000,8000,100,20,13,18,94,1,random,mean,250
2026100905,5500,250,0.5174,0.315933333333,0.0888231106854,1,0.00727272727273,longer,threshold,MI,12000,8000,100,20,13,18,94,1,random,mean,250
2026100906,5500,250,0.6609375,0.172395833333,0.0748870489731,1,0.0241818181818,longer,threshold,MI,12000,8000,100,20,13,18,94,1,random,mean,250
2026100907,5500,250,0.508079166667,0.1090875,0.169678740196,0.7406,0.0463636363636,longer,threshold,MI,12000,8000,100,20,13,18,94,1,random,mean,250
2026100908,5500,250,0.495833333333,0.295833333333,0.105956367453,0.95,0.0152727272727,longer,threshold,MI,12000,8000,100,20,13,18,94,1,random,mean,250
2026100909,5500,250,0.584375,0.248958333333,0.0844537815126,1,0.00890909090909,longer,threshold,MI,12000,8000,100,20,13,18,94,1,random,mean,250
2026100910,5500,250,0.5805625,0.252770833333,0.0849663438823,1,0.0123636363636,longer,threshold,MI,12000,8000,100,20,13,18,94,1,random,mean,250
2026100911,5500,250,0.547916666667,0.24375,0.104030475697,0.95,0.00854545454545,longer,threshold,MI,12000,8000,100,20,13,18,94,1,random,mean,250
2026100912,5500,250,0.66875,0.164583333333,0.073330026455,1,0.0172727272727,longer,threshold,MI,12000,8000,100,20,13,18,94,1,random,mean,250
2026100913,5500,250,0.4953125,0.296354166667,0.105705180921,0.95,0.0238181818182,longer,threshold,MI,12000,8000,100,20,13,18,94,1,random,mean,250
2026100914,5500,250,0.491435416667,0.28473125,0.139454413954,0.9314,0.01,longer,threshold,MI,12000,8000,100,20,13,18,94,1,random,mean,250
2026100915,5500,250,0.510416666667,0.28125,0.101667716535,0.95,0.022,longer,threshold,MI,12000,8000,100,20,13,18,94,1,random,mean,250
2026100900,5750,250,0.503108333333,0.330225,0.0936620941978,1,0.00991304347826,longer,threshold,MI,12000,8000,100,20,13,18,94,1,random,mean,250
2026100901,5750,250,0.4953125,0.296354166667,0.105948464912,0.95,0.0104347826087,longer,threshold,MI,12000,8000,100,20,13,18,94,1,random,mean,250
2026100902,5750,250,0.523958333333,0.309375,0.0970740690996,1,0.00886956521739,longer,threshold,MI,12000,8000,100,20,13,18,94,1,random,mean,250
2026100903,5750,250,0.54375,0.247916666667,0.102512891502,0.95,0.0114782608696,longer,threshold,MI,12000,8000,100,20,13,18,94,1,random,mean,250
2026100904,5750,250,0.5296875,0.261979166667,0.111699063077,0.95,0.0111304347826,longer,threshold,MI,12000,8000,100,20,13,18,94,1,random,mean,250
2026100905,5750,250,0.500485416667,0.332847916667,0.0977705339567,1,0.00747826086957,longer,threshold,MI,12000,8000,100,20,13,18,94,1,random,mean,250
2026100906,5750,250,0.659041666667,0.174291666667,0.0762406767317,1,0.0233043478261,longer,threshold,MI,12000,8000,100,20,13,18,94,1,random,mean,250
2026100907,5750,250,0.510416666667,0.28125,0.132421777172,0.95,0.044347826087,longer,threshold,MI,12000,8000,100,20,13,18,94,1,random,mean,250
2026100908,5750,250,0.496016666667,0.29565,0.105726874806,0.95,0.0147826086957,longer,threshold,MI,12000,8000,100,20,13,18,94,1,random,mean,250
2026100909,5750,250,0.562275,0.271058333333,0.0948123029045,1,0.00886956521739,longer,threshold,MI,12000,8000,100,20,13,18,94,1,random,mean,250
2026100910,5750,250,0.581883333333,0.25145,0.0846088935715,1,0.012,longer,threshold,MI,12000,8000,100,20,13,18,94,1,random,mean,250
2026100911,5750,250,0.547916666667,0.24375,0.104030475697,0.95,0.00817391304348,longer,threshold,MI,12000,8000,100,20,13,18,94,1,random,mean,250
2026100912,5750,250,0.668535416667,0.164797916667,0.0732632913096,1,0.0166956521739,longer,threshold,MI,12000,8000,100,20,13,18,94,1,random,mean,250
2026100913,5750,250,0.4953125,0.296354166667,0.105705180921,0.95,0.0227826086957,longer,threshold,MI,12000,8000,100,20,13,18,94,1,random,mean,250
2026100914,5750,250,0.498485416667,0.19818125,0.151207888029,0.836,0.0104347826087,longer,threshold,MI,12000,8000,100,20,13,18,94,1,random,mean,250
2026100915,5750,250,0.510170833333,0.281495833333,0.101505138758,0.95,0.0212173913043,longer,threshold,MI,12000,8000,100,20,13,18,94,1,random,mean,250
2026100900,6000,250,0.503645833333,0.3296875,0.0934930456951,1,0.0095,longer,threshold,MI,12000,8000,100,20,13,18,94,1,random,mean,250
2026100901,6000,250,0.4953125,0.296354166667,0.105948464912,0.95,0.01,longer,threshold,MI,12000,8000,100,20,13,18,94,1,random,mean,250
2026100902,6000,250,0.523958333333,0.309375,0.0970740690996,1,0.0085,longer,threshold,MI,12000,8000,100,20,13,18,94,1,random,mean,250
2026100903,6000,250,0.54375,0.247916666667,0.102512891502,0.95,0.011,longer,threshold,MI,12000,8000,100,20,13,18,94,1,random,mean,250
2026100904,6000,250,0.5336875,0.257979166667,0.113234394269,0.95,0.0108333333333,longer,threshold,MI,12000,8000,100,20,13,18,94,1,random,mean,250
2026100905,6000,250,0.500439583333,0.33289375,0.0977413016732,1,0.00733333333333,longer,threshold,MI,12000,8000,100,20,13,18,94,1,random,mean,250
2026100906,6000,250,0.659441666667,0.173891666667,0.0760336346241,1,0.0225,longer,threshold,MI,12000,8000,100,20,13,18,94,1,random,mean,250
2026100907,6000,250,0.510416666667,0.28125,0.132421777172,0.95,0.0425,longer,threshold,MI,12000,8000,100,20,13,18,94,1,random,mean,250
2026100908,6000,250,0.502866666667,0.273466666667,0.108460056196,0.9316,0.0145,longer,threshold,MI,12000,8000,100,20,13,18,94,1,random,mean,250
2026100909,6000,250,0.574575,0.258758333333,0.0889313314128,1,0.009,longer,threshold,MI,12000,8000,100,20,13,18,94,1,random,mean,250
2026100910,6000,250,0.583120833333,0.2502125,0.0847539090084,1,0.0116666666667,longer,threshold,MI,12000,8000,100,20,13,18,94,1,random,mean,250
2026100911,6000,250,0.547916666667,0.24375,0.104030475697,0.95,0.00783333333333,longer,threshold,MI,12000,8000,100,20,13,18,94,1,random,mean,250
2026100912,6000,250,0.668229166667,0.165104166667,0.0731680479468,1,0.016,longer,threshold,MI,12000,8000,100,20,13,18,94,1,random,mean,250
2026100913,6000,250,0.495329166667,0.2963375,0.105721722274,0.95,0.022,longer,threshold,MI,12000,8000,100,20,13,18,94,1,random,mean,250
2026100914,6000,250,0.527229166667,0.2934375,0.105819889945,0.9848,0.0106666666667,longer,threshold,MI,12000,8000,100,20,13,18,94,1,random,mean,250
2026100915,6000,250,0.509895833333,0.281770833333,0.101323272091,0.95,0.0203333333333,longer,threshold,MI,12000,8000,100,20,13,18,94,1,random,mean,250
2026100900,6250,250,0.503679166667,0.329654166667,0.0934065262533,1,0.0096,longer,threshold,MI,12000,8000,100,20,13,18,94,1,random,mean,250
2026100901,6250,250,0.4953125,0.296354166667,0.105948464912,0.95,0.0096,longer,threshold,MI,12000,8000,100,20,13,18,94,1,random,mean,250
2026100902,6250,250,0.527808333333,0.305525,0.0957012762227,1,0.00832,longer,threshold,MI,12000,8000,100,20,13,18,94,1,random,mean,250
2026100903,6250,250,0.54375,0.247916666667,0.102512891502,0.95,0.01056,longer,threshold,MI,12000,8000,100,20,13,18,94,1,random,mean,250
2026100904,6250,250,0.5375,0.254166666667,0.114697756811,0.95,0.0104,longer,threshold,MI,12000,8000,100,20,13,18,94,1,random,mean,250
2026100905,6250,250,0.4999,0.325433333333,0.0988629783163,0.9904,0.00752,longer,threshold,MI,12000,8000,100,20,13,18,94,1,random,mean,250
2026100906,6250,250,0.660254166667,0.173079166667,0.0750820488936,1,0.02192,longer,threshold,MI,12000,8000,100,20,13,18,94,1,random,mean,250
2026100907,6250,250,0.510416666667,0.28125,0.132421777172,0.95,0.0408,longer,threshold,MI,12000,8000,100,20,13,18,94,1,random,mean,250
2026100908,6250,250,0.506770833333,0.284895833333,0.107575008627,0.95,0.01392,longer,threshold,MI,12000,8000,100,20,13,18,94,1,random,mean,250
2026100909,6250,250,0.5828375,0.250495833333,0.0862423892759,1,0.00896,longer,threshold,MI,12000,8000,100,20,13,18,94,1,random,mean,250
2026100910,6250,250,0.5825,0.250833333333,0.0847634769944,1,0.01136,longer,threshold,MI,12000,8000,100,20,13,18,94,1,random,mean,250
2026100911,6250,250,0.547916666667,0.24375,0.104030475697,0.95,0.00752,longer,threshold,MI,12000,8000,100,20,13,18,94,1,random,mean,250
2026100912,6250,250,0.66973125,0.163602083333,0.0725885955406,1,0.01584,longer,threshold,MI,12000,8000,100,20,13,18,94,1,random,mean,250
2026100913,6250,250,0.495397916667,0.29626875,0.105789955357,0.95,0.02128,longer,threshold,MI,12000,8000,100,20,13,18,94,1,random,mean,250
2026100914,6250,250,0.525775,0.297391666667,0.0946869578307,0.9878,0.0104,longer,threshold,MI,12000,8000,100,20,13,18,94,1,random,mean,250
2026100915,6250,250,0.512627083333,0.279039583333,0.101487605339,0.95,0.01968,longer,threshold,MI,12000,8000,100,20,13,18,94,1,random,mean,250
2026100900,6500,250,0.503645833333,0.3296875,0.0928782915967,1,0.00938461538462,longer,threshold,MI,12000,8000,100,20,13,18,94,1,random,mean,250
2026100901,6500,250,0.4953125,0.296354166667,0.105948464912,0.95,0.00938461538462,longer,threshold,MI,12000,8000,100,20,13,18,94,1,random,mean,250
2026100902,6500,250,0.530041666667,0.277625,0.100880246863,0.9692,0.00830769230769,longer,threshold,MI,12000,8000,100,20,13,18,94,1,random,mean,250
2026100903,6500,250,0.54375,0.247916666667,0.102512891502,0.95,0.0101538461538,longer,threshold,MI,12000,8000,100,20,13,18,94,1,random,mean,250
2026100904,6500,250,0.5375,0.254166666667,0.114697756811,0.95,0.01,longer,threshold,MI,12000,8000,100,20,13,18,94,1,random,mean,250
2026100905,6500,250,0.506966666667,0.326366666667,0.0943800575787,1,0.00738461538462,longer,threshold,MI,12000,8000,100,20,13,18,94,1,random,mean,250
2026100906,6500,250,0.657291666667,0.176041666667,0.0762037703612,1,0.0210769230769,longer,threshold,MI,12000,8000,100,20,13,18,94,1,random,mean,250
2026100907,6500,250,0.510416666667,0.28125,0.132421777172,0.95,0.0392307692308,longer,threshold,MI,12000,8000,100,20,13,18,94,1,random,mean,250
2026100908,6500,250,0.508375,0.266958333333,0.11140094405,0.9304,0.0138461538462,longer,threshold,MI,12000,8000,100,20,13,18,94,1,random,mean,250
2026100909,6500,250,0.578514583333,0.25481875,0.0868650574774,1,0.00907692307692,longer,threshold,MI,12000,8000,100,20,13,18,94,1,random,mean,250
2026100910,6500,250,0.57938125,0.245952083333,0.0887391717384,0.9904,0.0115384615385,longer,threshold,MI,12000,8000,100,20,13,18,94,1,random,mean,250
2026100911,6500,250,0.547916666667,0.24375,0.104030475697,0.95,0.00723076923077,longer,threshold,MI,12000,8000,100,20,13,18,94,1,random,mean,250
2026100912,6500,250,0.665104166667,0.168229166667,0.0769327025168,1,0.0152307692308,longer,threshold,MI,12000,8000,100,20,13,18,94,1,random,mean,250
2026100913,6500,250,0.49506875,0.298097916667,0.105271657978,0.9518,0.0207692307692,longer,threshold,MI,12000,8000,100,20,13,18,94,1,random,mean,250
2026100914,6500,250,0.527952083333,0.291714583333,0.094054740257,0.9836,0.0104615384615,longer,threshold,MI,12000,8000,100,20,13,18,94,1,random,mean,250
2026100915,6500,250,0.519791666667,0.271875,0.101918682408,0.95,0.0189230769231,longer,threshold,MI,12000,8000,100,20,13,18,94,1,random,mean,250
2026100900,6750,250,0.504160416667,0.329172916667,0.0932129345991,1,0.00918518518519,longer,threshold,MI,12000,8000,100,20,13,18,94,1,random,mean,250
2026100901,6750,250,0.4953125,0.296354166667,0.105948464912,0.95,0.00903703703704,longer,threshold,MI,12000,8000,100,20,13,18,94,1,random,mean,250
2026100902,6750,250,0.521116666667,0.29205,0.0993759824642,0.9758,0.0082962962963,longer,threshold,MI,12000,8000,100,20,13,18,94,1,random,mean,250
2026100903,6750,250,0.54375,0.247916666667,0.102512891502,0.95,0.00977777777778,longer,threshold,MI,12000,8000,100,20,13,18,94,1,random,mean,250
2026100904,6750,250,0.5375,0.254166666667,0.114697756811,0.95,0.00962962962963,longer,threshold,MI,12000,8000,100,20,13,18,94,1,random,mean,250
2026100905,6750,250,0.509679166667,0.3179875,0.0936807171916,0.9932,0.00755555555556,longer,threshold,MI,12000,8000,100,20,13,18,94,1,random,mean,250
2026100906,6750,250,0.657291666667,0.176041666667,0.0762037703612,1,0.0202962962963,longer,threshold,MI,12000,8000,100,20,13,18,94,1,random,mean,250
2026100907,6750,250,0.511883333333,0.279783333333,0.124381986827,0.95,0.0379259259259,longer,threshold,MI,12000,8000,100,20,13,18,94,1,random,mean,250
2026100908,6750,250,0.50261875,0.270214583333,0.11621236745,0.9274,0.0139259259259,longer,threshold,MI,12000,8000,100,20,13,18,94,1,random,mean,250
2026100909,6750,250,0.559491666667,0.271675,0.0931048507832,0.9974,0.00933333333333,longer,threshold,MI,12000,8000,100,20,13,18,94,1,random,mean,250
2026100910,6750,250,0.5790375,0.249129166667,0.0891454540222,0.9938,0.0114074074074,longer,threshold,MI,12000,8000,100,20,13,18,94,1,random,mean,250
2026100911,6750,250,0.547916666667,0.24375,0.104030475697,0.95,0.00696296296296,longer,threshold,MI,12000,8000,100,20,13,18,94,1,random,mean,250
2026100912,6750,250,0.667204166667,0.166129166667,0.0741441581866,1,0.0151111111111,longer,threshold,MI,12000,8000,100,20,13,18,94,1,random,mean,250
2026100913,6750,250,0.498564583333,0.30326875,0.101449468326,0.9622,0.0202962962963,longer,threshold,MI,12000,8000,100,20,13,18,94,1,random,mean,250
2026100914,6750,250,0.530729166667,0.302604166667,0.0910285714286,1,0.0102222222222,longer,threshold,MI,12000,8000,100,20,13,18,94,1,random,mean,250
2026100915,6750,250,0.519791666667,0.271875,0.101918682408,0.95,0.0182222222222,longer,threshold,MI,12000,8000,100,20,13,18,94,1,random,mean,250
2026100900,7000,250,0.50371875,0.329614583333,0.093278169662,1,0.00928571428571,longer,threshold,MI,12000,8000,100,20,13,18,94,1,random,mean,250
2026100901,7000,250,0.4953125,0.296354166667,0.105948464912,0.95,0.00871428571429,longer,threshold,MI,12000,8000,100,20,13,18,94,1,random,mean,250
2026100902,7000,250,0.515104166667,0.318229166667,0.0931446850394,1,0.008,longer,threshold,MI,12000,8000,100,20,13,18,94,1,random,mean,250
2026100903,7000,250,0.54375,0.247916666667,0.102512891502,0.95,0.00942857142857,longer,threshold,MI,12000,8000,100,20,13,18,94,1,random,mean,250
2026100904,7000,250,0.533333333333,0.3,0.103337476276,1,0.00942857142857,longer,threshold,MI,12000,8000,100,20,13,18,94,1,random,mean,250
2026100905,7000,250,0.500520833333,0.291145833333,0.1015625,0.95,0.00728571428571,longer,threshold,MI,12000,8000,100,20,13,18,94,1,random,mean,250
2026100906,7000,250,0.658991666667,0.174341666667,0.0754453466521,1,0.0197142857143,longer,threshold,MI,12000,8000,100,20,13,18,94,1,random,mean,250
2026100907,7000,250,0.5125,0.279166666667,0.121001620432,0.95,0.0365714285714,longer,threshold,MI,12000,8000,100,20,13,18,94,1,random,mean,250
2026100908,7000,250,0.513952083333,0.277714583333,0.10350762048,0.95,0.0135714285714,longer,threshold,MI,12000,8000,100,20,13,18,94,1,random,mean,250
2026100909,7000,250,0.548416666667,0.28075,0.0991507792566,0.995,0.00957142857143,longer,threshold,MI,12000,8000,100,20,13,18,94,1,random,mean,250
2026100910,7000,250,0.579166666667,0.254166666667,0.0878829268293,1,0.011,longer,threshold,MI,12000,8000,100,20,13,18,94,1,random,mean,250
2026100911,7000,250,0.547916666667,0.24375,0.104030475697,0.95,0.00671428571429,longer,threshold,MI,12000,8000,100,20,13,18,94,1,random,mean,250
2026100912,7000,250,0.669791666667,0.163541666667,0.0707082732083,1,0.0145714285714,longer,threshold,MI,12000,8000,100,20,13,18,94,1,random,mean,250
2026100913,7000,250,0.50075625,0.332577083333,0.0949704325815,1,0.0198571428571,longer,threshold,MI,12000,8000,100,20,13,18,94,1,random,mean,250
2026100914,7000,250,0.519885416667,0.297947916667,0.097684290307,0.9814,0.0101428571429,longer,threshold,MI,12000,8000,100,20,13,18,94,1,random,mean,250
2026100915,7000,250,0.519791666667,0.271875,0.101918682408,0.95,0.0175714285714,longer,threshold,MI,12000,8000,100,20,13,18,94,1,random,mean,250
2026100900,7250,250,0.503645833333,0.3296875,0.0932881276623,1,0.00896551724138,longer,threshold,MI,12000,8000,100,20,13,18,94,1,random,mean,250
2026100901,7250,250,0.4953125,0.296354166667,0.105948464912,0.95,0.00841379310345,longer,threshold,MI,12000,8000,100,20,13,18,94,1,random,mean,250
2026100902,7250,250,0.515104166667,0.318229166667,0.0931446850394,1,0.00772413793103,longer,threshold,MI,12000,8000,100,20,13,18,94,1,random,mean,250
2026100903,7250,250,0.54375,0.247916666667,0.102512891502,0.95,0.00910344827586,longer,threshold,MI,12000,8000,100,20,13,18,94,1,random,mean,250
2026100904,7250,250,0.533333333333,0.3,0.103337476276,1,0.00910344827586,longer,threshold,MI,12000,8000,100,20,13,18,94,1,random,mean,250
2026100905,7250,250,0.500520833333,0.291145833333,0.1015625,0.95,0.00703448275862,longer,threshold,MI,12000,8000,100,20,13,18,94,1,random,mean,250
2026100906,7250,250,0.63136875,0.201964583333,0.081699384137,1,0.0194482758621,longer,threshold,MI,12000,8000,100,20,13,18,94,1,random,mean,250
2026100907,7250,250,0.5125,0.279166666667,0.121001620432,0.95,0.0353103448276,longer,threshold,MI,12000,8000,100,20,13,18,94,1,random,mean,250
2026100908,7250,250,0.514583333333,0.277083333333,0.104235809345,0.95,0.0132413793103,longer,threshold,MI,12000,8000,100,20,13,18,94,1,random,mean,250
2026100909,7250,250,0.561664583333,0.268002083333,0.0936448956452,0.9956,0.00965517241379,longer,threshold,MI,12000,8000,100,20,13,18,94,1,random,mean,250
2026100910,7250,250,0.579166666667,0.254166666667,0.0878829268293,1,0.0106206896552,longer,threshold,MI,12000,8000,100,20,13,18,94,1,random,mean,250
2026100911,7250,250,0.547916666667,0.24375,0.104030475697,0.95,0.00648275862069,longer,threshold,MI,12000,8000,100,20,13,18,94,1,random,mean,250
2026100912,7250,250,0.670127083333,0.16320625,0.0706532189964,1,0.0143448275862,longer,threshold,MI,12000,8000,100,20,13,18,94,1,random,mean,250
2026100913,7250,250,0.503125,0.330208333333,0.095736982754,1,0.0193103448276,longer,threshold,MI,12000,8000,100,20,13,18,94,1,random,mean,250
2026100914,7250,250,0.511979166667,0.321354166667,0.0960742243867,1,0.00979310344828,longer,threshold,MI,12000,8000,100,20,13,18,94,1,random,mean,250
2026100915,7250,250,0.519791666667,0.271875,0.101918682408,0.95,0.0169655172414,longer,threshold,MI,12000,8000,100,20,13,18,94,1,random,mean,250
2026100900,7500,250,0.500777083333,0.30005625,0.101209569964,0.961,0.00893333333333,longer,threshold,MI,12000,8000,100,20,13,18,94,1,random,mean,250
2026100901,7500,250,0.4953125,0.296354166667,0.105948464912,0.95,0.00813333333333,longer,threshold,MI,12000,8000,100,20,13,18,94,1,random,mean,250
2026100902,7500,250,0.515104166667,0.318229166667,0.0931446850394,1,0.00746666666667,longer,threshold,MI,12000,8000,100,20,13,18,94,1,random,mean,250
2026100903,7500,250,0.54375,0.247916666667,0.102512891502,0.95,0.0088,longer,threshold,MI,12000,8000,100,20,13,18,94,1,random,mean,250
2026100904,7500,250,0.533333333333,0.3,0.103337476276,1,0.0088,longer,threshold,MI,12000,8000,100,20,13,18,94,1,random,mean,250
2026100905,7500,250,0.500485416667,0.31668125,0.0969845472441,0.9806,0.00706666666667,longer,threshold,MI,12000,8000,100,20,13,18,94,1,random,mean,250
2026100906,7500,250,0.62098125,0.212352083333,0.0882674507686,1,0.0198666666667,longer,threshold,MI,12000,8000,100,20,13,18,94,1,random,mean,250
2026100907,7500,250,0.5125,0.279166666667,0.121001620432,0.95,0.0341333333333,longer,threshold,MI,12000,8000,100,20,13,18,94,1,random,mean,250
2026100908,7500,250,0.514583333333,0.277083333333,0.104790031043,0.95,0.0128,longer,threshold,MI,12000,8000,100,20,13,18,94,1,random,mean,250
2026100909,7500,250,0.573360416667,0.259972916667,0.08786645514,1,0.0096,longer,threshold,MI,12000,8000,100,20,13,18,94,1,random,mean,250
2026100910,7500,250,0.581604166667,0.251729166667,0.0864784350195,1,0.0106666666667,longer,threshold,MI,12000,8000,100,20,13,18,94,1,random,mean,250
2026100911,7500,250,0.547916666667,0.24375,0.104030475697,0.95,0.00626666666667,longer,threshold,MI,12000,8000,100,20,13,18,94,1,random,mean,250
2026100912,7500,250,0.670302083333,0.16303125,0.0706244950598,1,0.0141333333333,longer,threshold,MI,12000,8000,100,20,13,18,94,1,random,mean,250
2026100913,7500,250,0.497329166667,0.2693375,0.108782608483,0.92,0.0190666666667,longer,threshold,MI,12000,8000,100,20,13,18,94,1,random,mean,250
2026100914,7500,250,0.504554166667,0.295779166667,0.104215512866,0.9604,0.00973333333333,longer,threshold,MI,12000,8000,100,20,13,18,94,1,random,mean,250
2026100915,7500,250,0.519791666667,0.271875,0.101918682408,0.95,0.0164,longer,threshold,MI,12000,8000,100,20,13,18,94,1,random,mean,250
2026100900,7750,250,0.496875,0.253125,0.112798076923,0.9,0.00864516129032,longer,threshold,MI,12000,8000,100,20,13,18,94,1,random,mean,250
2026100901,7750,250,0.4953125,0.296354166667,0.105948464912,0.95,0.008,longer,threshold,MI,12000,8000,100,20,13,18,94,1,random,mean,250
2026100902,7750,250,0.515104166667,0.318229166667,0.0931446850394,1,0.00722580645161,longer,threshold,MI,12000,8000,100,20,13,18,94,1,random,mean,250
2026100903,7750,250,0.5449375,0.246729166667,0.102020906629,0.95,0.00864516129032,longer,threshold,MI,12000,8000,100,20,13,18,94,1,random,mean,250
2026100904,7750,250,0.533333333333,0.3,0.103337476276,1,0.00851612903226,longer,threshold,MI,12000,8000,100,20,13,18,94,1,random,mean,250
2026100905,7750,250,0.500520833333,0.3328125,0.0940821850394,1,0.00696774193548,longer,threshold,MI,12000,8000,100,20,13,18,94,1,random,mean,250
2026100906,7750,250,0.531222916667,0.302110416667,0.103153471273,1,0.0194838709677,longer,threshold,MI,12000,8000,100,20,13,18,94,1,random,mean,250
2026100907,7750,250,0.534108333333,0.168058333333,0.144414554358,0.8426,0.0348387096774,longer,threshold,MI,12000,8000,100,20,13,18,94,1,random,mean,250
2026100908,7750,250,0.5144125,0.277254166667,0.10467163941,0.95,0.0126451612903,longer,threshold,MI,12000,8000,100,20,13,18,94,1,random,mean,250
2026100909,7750,250,0.582947916667,0.250385416667,0.0862874318964,1,0.00941935483871,longer,threshold,MI,12000,8000,100,20,13,18,94,1,random,mean,250
2026100910,7750,250,0.581695833333,0.2516375,0.0862071455679,1,0.0105806451613,longer,threshold,MI,12000,8000,100,20,13,18,94,1,random,mean,250
2026100911,7750,250,0.547916666667,0.24375,0.104030475697,0.95,0.00606451612903,longer,threshold,MI,12000,8000,100,20,13,18,94,1,random,mean,250
2026100912,7750,250,0.669791666667,0.163541666667,0.0707082732083,1,0.0136774193548,longer,threshold,MI,12000,8000,100,20,13,18,94,1,random,mean,250
2026100913,7750,250,0.501989583333,0.289677083333,0.104793181052,0.95,0.0188387096774,longer,threshold,MI,12000,8000,100,20,13,18,94,1,random,mean,250
2026100914,7750,250,0.502604166667,0.3255625,0.0976471119048,0.9938,0.00967741935484,longer,threshold,MI,12000,8000,100,20,13,18,94,1,random,mean,250
2026100915,7750,250,0.518491666667,0.279675,0.10071211126,0.9578,0.016,longer,threshold,MI,12000,8000,100,20,13,18,94,1,random,mean,250
2026100900,8000,250,0.499447916667,0.29171875,0.104217735086,0.9494,0.008625,longer,threshold,MI,12000,8000,100,20,13,18,94,1,random,mean,250
2026100901,8000,250,0.4953125,0.296354166667,0.105948464912,0.95,0.00775,longer,threshold,MI,12000,8000,100,20,13,18,94,1,random,mean,250
2026100902,8000,250,0.515104166667,0.318229166667,0.0931446850394,1,0.007,longer,threshold,MI,12000,8000,100,20,13,18,94,1,random,mean,250
2026100903,8000,250,0.551304166667,0.2403625,0.0998247557068,0.95,0.0085,longer,threshold,MI,12000,8000,100,20,13,18,94,1,random,mean,250
2026100904,8000,250,0.53275,0.300583333333,0.102947875128,1,0.008375,longer,threshold,MI,12000,8000,100,20,13,18,94,1,random,mean,250
2026100905,8000,250,0.500520833333,0.3328125,0.0940821850394,1,0.00675,longer,threshold,MI,12000,8000,100,20,13,18,94,1,random,mean,250
2026100906,8000,250,0.52521875,0.308114583333,0.104509172829,1,0.019,longer,threshold,MI,12000,8000,100,20,13,18,94,1,random,mean,250
2026100907,8000,250,0.652452083333,0.180047916667,0.0747492406122,0.999,0.03425,longer,threshold,MI,12000,8000,100,20,13,18,94,1,random,mean,250
2026100908,8000,250,0.5140625,0.277604166667,0.104662056489,0.95,0.01225,longer,threshold,MI,12000,8000,100,20,13,18,94,1,random,mean,250
2026100909,8000,250,0.58645,0.246883333333,0.0848767597673,1,0.009375,longer,threshold,MI,12000,8000,100,20,13,18,94,1,random,mean,250
2026100910,8000,250,0.581379166667,0.251954166667,0.0861134761001,1,0.0105,longer,threshold,MI,12000,8000,100,20,13,18,94,1,random,mean,250
2026100911,8000,250,0.546854166667,0.2448125,0.103868097644,0.95,0.006,longer,threshold,MI,12000,8000,100,20,13,18,94,1,random,mean,250
2026100912,8000,250,0.670145833333,0.1631875,0.0705547285878,1,0.013625,longer,threshold,MI,12000,8000,100,20,13,18,94,1,random,mean,250
2026100913,8000,250,0.499785416667,0.305714583333,0.104120590143,0.9666,0.018875,longer,threshold,MI,12000,8000,100,20,13,18,94,1,random,mean,250
2026100914,8000,250,0.502604166667,0.330729166667,0.0964146825397,1,0.00975,longer,threshold,MI,12000,8000,100,20,13,18,94,1,random,mean,250
2026100915,8000,250,0.511458333333,0.321875,0.0941842519685,1,0.0155,longer,threshold,MI,12000,8000,100,20,13,18,94,1,random,mean,250
2026100900,8250,250,0.499479166667,0.2921875,0.104113520408,0.95,0.00836363636364,longer,threshold,MI,12000,8000,100,20,13,18,94,1,random,mean,250
2026100901,8250,250,0.495014583333,0.27281875,0.110125378178,0.9214,0.00763636363636,longer,threshold,MI,12000,8000,100,20,13,18,94,1,random,mean,250
2026100902,8250,250,0.515104166667,0.318229166667,0.0931446850394,1,0.00690909090909,longer,threshold,MI,12000,8000,100,20,13,18,94,1,random,mean,250
2026100903,8250,250,0.550520833333,0.241145833333,0.101488273086,0.95,0.00824242424242,longer,threshold,MI,12000,8000,100,20,13,18,94,1,random,mean,250
2026100904,8250,250,0.532291666667,0.301041666667,0.102641759939,1,0.00812121212121,longer,threshold,MI,12000,8000,100,20,13,18,94,1,random,mean,250
2026100905,8250,250,0.500520833333,0.3328125,0.0940821850394,1,0.00654545454545,longer,threshold,MI,12000,8000,100,20,13,18,94,1,random,mean,250
2026100906,8250,250,0.53139375,0.260772916667,0.0995222280458,0.9506,0.0185454545455,longer,threshold,MI,12000,8000,100,20,13,18,94,1,random,mean,250
2026100907,8250,250,0.638235416667,0.195097916667,0.0797132817335,1,0.0333333333333,longer,threshold,MI,12000,8000,100,20,13,18,94,1,random,mean,250
2026100908,8250,250,0.5140625,0.280104166667,0.104107116516,0.953,0.012,longer,threshold,MI,12000,8000,100,20,13,18,94,1,random,mean,250
2026100909,8250,250,0.52106875,0.312264583333,0.100212777712,1,0.00969696969697,longer,threshold,MI,12000,8000,100,20,13,18,94,1,random,mean,250
2026100910,8250,250,0.581770833333,0.2515625,0.0862293304419,1,0.0101818181818,longer,threshold,MI,12000,8000,100,20,13,18,94,1,random,mean,250
2026100911,8250,250,0.539270833333,0.252395833333,0.104607100768,0.95,0.00593939393939,longer,threshold,MI,12000,8000,100,20,13,18,94,1,random,mean,250
2026100912,8250,250,0.6703125,0.163020833333,0.0703934275035,1,0.0132121212121,longer,threshold,MI,12000,8000,100,20,13,18,94,1,random,mean,250
2026100913,8250,250,0.497395833333,0.294270833333,0.110404286927,0.95,0.018303030303,longer,threshold,MI,12000,8000,100,20,13,18,94,1,random,mean,250
2026100914,8250,250,0.502604166667,0.330729166667,0.0964146825397,1,0.00957575757576,longer,threshold,MI,12000,8000,100,20,13,18,94,1,random,mean,250
2026100915,8250,250,0.503183333333,0.31265,0.0982161401339,0.979,0.0152727272727,longer,threshold,MI,12000,8000,100,20,13,18,94,1,random,mean,250
2026100900,8500,250,0.499479166667,0.2921875,0.104113520408,0.95,0.00811764705882,longer,threshold,MI,12000,8000,100,20,13,18,94,1,random,mean,250
2026100901,8500,250,0.494791666667,0.255208333333,0.113250760831,0.9,0.00741176470588,longer,threshold,MI,12000,8000,100,20,13,18,94,1,random,mean,250
2026100902,8500,250,0.515104166667,0.318229166667,0.0931446850394,1,0.00670588235294,longer,threshold,MI,12000,8000,100,20,13,18,94,1,random,mean,250
2026100903,8500,250,0.550520833333,0.241145833333,0.101488273086,0.95,0.008,longer,threshold,MI,12000,8000,100,20,13,18,94,1,random,mean,250
2026100904,8500,250,0.532291666667,0.301041666667,0.102641759939,1,0.00788235294118,longer,threshold,MI,12000,8000,100,20,13,18,94,1,random,mean,250
2026100905,8500,250,0.500520833333,0.3328125,0.0940821850394,1,0.00635294117647,longer,threshold,MI,12000,8000,100,20,13,18,94,1,random,mean,250
2026100906,8500,250,0.532179166667,0.284820833333,0.0955743542511,0.9804,0.0182352941176,longer,threshold,MI,12000,8000,100,20,13,18,94,1,random,mean,250
2026100907,8500,250,0.649041666667,0.184291666667,0.0817212934324,1,0.0324705882353,longer,threshold,MI,12000,8000,100,20,13,18,94,1,random,mean,250
2026100908,8500,250,0.5140625,0.319270833333,0.0954130569307,1,0.0116470588235,longer,threshold,MI,12000,8000,100,20,13,18,94,1,random,mean,250
2026100909,8500,250,0.512570833333,0.3207625,0.102143536855,1,0.00964705882353,longer,threshold,MI,12000,8000,100,20,13,18,94,1,random,mean,250
2026100910,8500,250,0.581683333333,0.25165,0.0862034480889,1,0.01,longer,threshold,MI,12000,8000,100,20,13,18,94,1,random,mean,250
2026100911,8500,250,0.534895833333,0.256770833333,0.105312853196,0.95,0.00576470588235,longer,threshold,MI,12000,8000,100,20,13,18,94,1,random,mean,250
2026100912,8500,250,0.6703125,0.163020833333,0.0703934275035,1,0.0128235294118,longer,threshold,MI,12000,8000,100,20,13,18,94,1,random,mean,250
2026100913,8500,250,0.497395833333,0.294270833333,0.110404286927,0.95,0.0177647058824,longer,threshold,MI,12000,8000,100,20,13,18,94,1,random,mean,250
2026100914,8500,250,0.502604166667,0.330729166667,0.0964146825397,1,0.00929411764706,longer,threshold,MI,12000,8000,100,20,13,18,94,1,random,mean,250
2026100915,8500,250,0.50143125,0.29206875,0.102275002937,0.9522,0.0150588235294,longer,threshold,MI,12000,8000,100,20,13,18,94,1,random,mean,250
2026100900,8750,250,0.499479166667,0.2921875,0.104113520408,0.95,0.00788571428571,longer,threshold,MI,12000,8000,100,20,13,18,94,1,random,mean,250
2026100901,8750,250,0.495210416667,0.254789583333,0.112954802184,0.9,0.00731428571429,longer,threshold,MI,12000,8000,100,20,13,18,94,1,random,mean,250
2026100902,8750,250,0.511764583333,0.283402083333,0.101034579637,0.9542,0.00662857142857,longer,threshold,MI,12000,8000,100,20,13,18,94,1,random,mean,250
2026100903,8750,250,0.550270833333,0.241395833333,0.101109756462,0.95,0.00788571428571,longer,threshold,MI,12000,8000,100,20,13,18,94,1,random,mean,250
2026100904,8750,250,0.532291666667,0.301041666667,0.102641759939,1,0.00765714285714,longer,threshold,MI,12000,8000,100,20,13,18,94,1,random,mean,250
2026100905,8750,250,0.500520833333,0.3328125,0.0940821850394,1,0.00628571428571,longer,threshold,MI,12000,8000,100,20,13,18,94,1,random,mean,250
2026100906,8750,250,0.5328125,0.300520833333,0.0929885245902,1,0.0177142857143,longer,threshold,MI,12000,8000,100,20,13,18,94,1,random,mean,250
2026100907,8750,250,0.667925,0.165408333333,0.0826364831434,1,0.0317714285714,longer,threshold,MI,12000,8000,100,20,13,18,94,1,random,mean,250
2026100908,8750,250,0.5140625,0.319270833333,0.0954130569307,1,0.0113142857143,longer,threshold,MI,12000,8000,100,20,13,18,94,1,random,mean,250
2026100909,8750,250,0.483220833333,0.3501125,0.114938314607,1,0.00971428571429,longer,threshold,MI,12000,8000,100,20,13,18,94,1,random,mean,250
2026100910,8750,250,0.58125,0.252083333333,0.0860752688172,1,0.00971428571429,longer,threshold,MI,12000,8000,100,20,13,18,94,1,random,mean,250
2026100911,8750,250,0.545702083333,0.245964583333,0.10591321702,0.95,0.00571428571429,longer,threshold,MI,12000,8000,100,20,13,18,94,1,random,mean,250
2026100912,8750,250,0.66,0.160833333333,0.0757563590818,0.985,0.0125714285714,longer,threshold,MI,12000,8000,100,20,13,18,94,1,random,mean,250
2026100913,8750,250,0.497395833333,0.294270833333,0.110404286927,0.95,0.0174857142857,longer,threshold,MI,12000,8000,100,20,13,18,94,1,random,mean,250
2026100914,8750,250,0.502604166667,0.330729166667,0.0964146825397,1,0.00914285714286,longer,threshold,MI,12000,8000,100,20,13,18,94,1,random,mean,250
2026100915,8750,250,0.501239583333,0.297427083333,0.101038184959,0.9584,0.0150857142857,longer,threshold,MI,12000,8000,100,20,13,18,94,1,random,mean,250
2026100900,9000,250,0.49790625,0.26859375,0.109358992543,0.9198,0.00788888888889,longer,threshold,MI,12000,8000,100,20,13,18,94,1,random,mean,250
2026100901,9000,250,0.4953125,0.2546875,0.112882653061,0.9,0.00722222222222,longer,threshold,MI,12000,8000,100,20,13,18,94,1,random,mean,250
2026100902,9000,250,0.511458333333,0.280208333333,0.101758107089,0.95,0.00644444444444,longer,threshold,MI,12000,8000,100,20,13,18,94,1,random,mean,250
2026100903,9000,250,0.55,0.241666666667,0.100699696785,0.95,0.00766666666667,longer,threshold,MI,12000,8000,100,20,13,18,94,1,random,mean,250
2026100904,9000,250,0.527654166667,0.257845833333,0.1184811012,0.9426,0.00766666666667,longer,threshold,MI,12000,8000,100,20,13,18,94,1,random,mean,250
2026100905,9000,250,0.50004375,0.295122916667,0.100934153543,0.9542,0.00622222222222,longer,threshold,MI,12000,8000,100,20,13,18,94,1,random,mean,250
2026100906,9000,250,0.5328125,0.300520833333,0.0929885245902,1,0.0172222222222,longer,threshold,MI,12000,8000,100,20,13,18,94,1,random,mean,250
2026100907,9000,250,0.6671875,0.166145833333,0.0731573957016,1,0.0308888888889,longer,threshold,MI,12000,8000,100,20,13,18,94,1,random,mean,250
2026100908,9000,250,0.5140625,0.319270833333,0.0954130569307,1,0.011,longer,threshold,MI,12000,8000,100,20,13,18,94,1,random,mean,250
2026100909,9000,250,0.48653125,0.346802083333,0.112191477239,1,0.00966666666667,longer,threshold,MI,12000,8000,100,20,13,18,94,1,random,mean,250
2026100910,9000,250,0.58125,0.252083333333,0.0860752688172,1,0.00944444444444,longer,threshold,MI,12000,8000,100,20,13,18,94,1,random,mean,250
2026100911,9000,250,0.549360416667,0.24230625,0.102817502182,0.95,0.00577777777778,longer,threshold,MI,12000,8000,100,20,13,18,94,1,random,mean,250
2026100912,9000,250,0.646185416667,0.14548125,0.087318924912,0.95,0.0125555555556,longer,threshold,MI,12000,8000,100,20,13,18,94,1,random,mean,250
2026100913,9000,250,0.497395833333,0.294270833333,0.110404286927,0.95,0.017,longer,threshold,MI,12000,8000,100,20,13,18,94,1,random,mean,250
2026100914,9000,250,0.502604166667,0.330729166667,0.0964146825397,1,0.00888888888889,longer,threshold,MI,12000,8000,100,20,13,18,94,1,random,mean,250
2026100915,9000,250,0.499479166667,0.2921875,0.102582908163,0.95,0.0146666666667,longer,threshold,MI,12000,8000,100,20,13,18,94,1,random,mean,250
2026100900,9250,250,0.499479166667,0.2921875,0.104113520408,0.95,0.00778378378378,longer,threshold,MI,12000,8000,100,20,13,18,94,1,random,mean,250
2026100901,9250,250,0.4953125,0.2546875,0.112882653061,0.9,0.00702702702703,longer,threshold,MI,12000,8000,100,20,13,18,94,1,random,mean,250
2026100902,9250,250,0.511458333333,0.280208333333,0.101758107089,0.95,0.00627027027027,longer,threshold,MI,12000,8000,100,20,13,18,94,1,random,mean,250
2026100903,9250,250,0.55,0.241666666667,0.100699696785,0.95,0.00745945945946,longer,threshold,MI,12000,8000,100,20,13,18,94,1,random,mean,250
2026100904,9250,250,0.527604166667,0.2640625,0.114166192132,0.95,0.00745945945946,longer,threshold,MI,12000,8000,100,20,13,18,94,1,random,mean,250
2026100905,9250,250,0.50084375,0.312989583333,0.0978047422197,0.9766,0.0067027027027,longer,threshold,MI,12000,8000,100,20,13,18,94,1,random,mean,250
2026100906,9250,250,0.5328125,0.300520833333,0.0929885245902,1,0.0167567567568,longer,threshold,MI,12000,8000,100,20,13,18,94,1,random,mean,250
2026100907,9250,250,0.6671875,0.166145833333,0.0731573957016,1,0.0301621621622,longer,threshold,MI,12000,8000,100,20,13,18,94,1,random,mean,250
2026100908,9250,250,0.5140625,0.319270833333,0.0954130569307,1,0.0107027027027,longer,threshold,MI,12000,8000,100,20,13,18,94,1,random,mean,250
2026100909,9250,250,0.504710416667,0.328622916667,0.10067829238,1,0.00962162162162,longer,threshold,MI,12000,8000,100,20,13,18,94,1,random,mean,250
2026100910,9250,250,0.58125,0.252083333333,0.0860752688172,1,0.00918918918919,longer,threshold,MI,12000,8000,100,20,13,18,94,1,random,mean,250
2026100911,9250,250,0.5484375,0.243229166667,0.102754098726,0.95,0.00562162162162,longer,threshold,MI,12000,8000,100,20,13,18,94,1,random,mean,250
2026100912,9250,250,0.631116666667,0.13705,0.0969913160289,0.9218,0.0123243243243,longer,threshold,MI,12000,8000,100,20,13,18,94,1,random,mean,250
2026100913,9250,250,0.497395833333,0.294270833333,0.110404286927,0.95,0.0165405405405,longer,threshold,MI,12000,8000,100,20,13,18,94,1,random,mean,250
2026100914,9250,250,0.502604166667,0.330729166667,0.0964146825397,1,0.00864864864865,longer,threshold,MI,12000,8000,100,20,13,18,94,1,random,mean,250
2026100915,9250,250,0.500204166667,0.2914625,0.102970068027,0.95,0.0144864864865,longer,threshold,MI,12000,8000,100,20,13,18,94,1,random,mean,250
2026100900,9500,250,0.499783333333,0.294716666667,0.102985283944,0.9534,0.008,longer,threshold,MI,12000,8000,100,20,13,18,94,1,random,mean,250
2026100901,9500,250,0.490522916667,0.259477083333,0.114995082688,0.9,0.00705263157895,longer,threshold,MI,12000,8000,100,20,13,18,94,1,random,mean,250
2026100902,9500,250,0.512945833333,0.278720833333,0.101692361897,0.95,0.00621052631579,longer,threshold,MI,12000,8000,100,20,13,18,94,1,random,mean,250
2026100903,9500,250,0.55,0.241666666667,0.100699696785,0.95,0.00726315789474,longer,threshold,MI,12000,8000,100,20,13,18,94,1,random,mean,250
2026100904,9500,250,0.527604166667,0.2640625,0.113864608897,0.95,0.00736842105263,longer,threshold,MI,12000,8000,100,20,13,18,94,1,random,mean,250
2026100905,9500,250,0.504222916667,0.329110416667,0.0963237048546,1,0.00663157894737,longer,threshold,MI,12000,8000,100,20,13,18,94,1,random,mean,250
2026100906,9500,250,0.5328125,0.300520833333,0.0929885245902,1,0.0163157894737,longer,threshold,MI,12000,8000,100,20,13,18,94,1,random,mean,250
2026100907,9500,250,0.6691125,0.164220833333,0.0731085862176,1,0.0294736842105,longer,threshold,MI,12000,8000,100,20,13,18,94,1,random,mean,250
2026100908,9500,250,0.516258333333,0.317075,0.0959362100145,1,0.0105263157895,longer,threshold,MI,12000,8000,100,20,13,18,94,1,random,mean,250
2026100909,9500,250,0.500416666667,0.332916666667,0.0943290873161,1,0.00947368421053,longer,threshold,MI,12000,8000,100,20,13,18,94,1,random,mean,250
2026100910,9500,250,0.58125,0.252083333333,0.0860752688172,1,0.00905263157895,longer,threshold,MI,12000,8000,100,20,13,18,94,1,random,mean,250
2026100911,9500,250,0.5484375,0.243229166667,0.102754098726,0.95,0.00547368421053,longer,threshold,MI,12000,8000,100,20,13,18,94,1,random,mean,250
2026100912,9500,250,0.630208333333,0.119791666667,0.0991623272058,0.9,0.012,longer,threshold,MI,12000,8000,100,20,13,18,94,1,random,mean,250
2026100913,9500,250,0.497395833333,0.294270833333,0.110404286927,0.95,0.0161052631579,longer,threshold,MI,12000,8000,100,20,13,18,94,1,random,mean,250
2026100914,9500,250,0.501266666667,0.314233333333,0.10025740951,0.9786,0.00863157894737,longer,threshold,MI,12000,8000,100,20,13,18,94,1,random,mean,250
2026100915,9500,250,0.499522916667,0.29214375,0.102632346939,0.95,0.0143157894737,longer,threshold,MI,12000,8000,100,20,13,18,94,1,random,mean,250
2026100900,9750,250,0.501741666667,0.331591666667,0.0930077067945,1,0.00789743589744,longer,threshold,MI,12000,8000,100,20,13,18,94,1,random,mean,250
2026100901,9750,250,0.489583333333,0.260416666667,0.115409482759,0.9,0.00687179487179,longer,threshold,MI,12000,8000,100,20,13,18,94,1,random,mean,250
2026100902,9750,250,0.515104166667,0.2765625,0.101596966912,0.95,0.00605128205128,longer,threshold,MI,12000,8000,100,20,13,18,94,1,random,mean,250
2026100903,9750,250,0.55,0.241666666667,0.100699696785,0.95,0.00707692307692,longer,threshold,MI,12000,8000,100,20,13,18,94,1,random,mean,250
2026100904,9750,250,0.527604166667,0.2640625,0.113635235732,0.95,0.00717948717949,longer,threshold,MI,12000,8000,100,20,13,18,94,1,random,mean,250
2026100905,9750,250,0.504166666667,0.329166666667,0.0963064114661,1,0.00646153846154,longer,threshold,MI,12000,8000,100,20,13,18,94,1,random,mean,250
2026100906,9750,250,0.5328125,0.300520833333,0.0929885245902,1,0.016,longer,threshold,MI,12000,8000,100,20,13,18,94,1,random,mean,250
2026100907,9750,250,0.671354166667,0.161979166667,0.0736174429907,1,0.0288205128205,longer,threshold,MI,12000,8000,100,20,13,18,94,1,random,mean,250
2026100908,9750,250,0.518391666667,0.314941666667,0.0947346284764,1,0.010358974359,longer,threshold,MI,12000,8000,100,20,13,18,94,1,random,mean,250
2026100909,9750,250,0.499479166667,0.333854166667,0.0947795542636,1,0.00923076923077,longer,threshold,MI,12000,8000,100,20,13,18,94,1,random,mean,250
2026100910,9750,250,0.58125,0.252083333333,0.0860752688172,1,0.00882051282051,longer,threshold,MI,12000,8000,100,20,13,18,94,1,random,mean,250
2026100911,9750,250,0.5484375,0.243229166667,0.102754098726,0.95,0.00533333333333,longer,threshold,MI,12000,8000,100,20,13,18,94,1,random,mean,250
2026100912,9750,250,0.630208333333,0.119791666667,0.0991623272058,0.9,0.0116923076923,longer,threshold,MI,12000,8000,100,20,13,18,94,1,random,mean,250
2026100913,9750,250,0.497395833333,0.294270833333,0.110404286927,0.95,0.0156923076923,longer,threshold,MI,12000,8000,100,20,13,18,94,1,random,mean,250
2026100914,9750,250,0.49789375,0.293772916667,0.106456749536,0.95,0.00861538461538,longer,threshold,MI,12000,8000,100,20,13,18,94,1,random,mean,250
2026100915,9750,250,0.500233333333,0.291433333333,0.102623683754,0.95,0.0141538461538,longer,threshold,MI,12000,8000,100,20,13,18,94,1,random,mean,250
2026100900,10000,250,0.501404166667,0.299095833333,0.0984469007149,0.9606,0.008,longer,threshold,MI,12000,8000,100,20,13,18,94,1,random,mean,250
2026100901,10000,250,0.489583333333,0.260416666667,0.115409482759,0.9,0.0067,longer,threshold,MI,12000,8000,100,20,13,18,94,1,random,mean,250
2026100902,10000,250,0.515104166667,0.2765625,0.101596966912,0.95,0.0059,longer,threshold,MI,12000,8000,100,20,13,18,94,1,random,mean,250
2026100903,10000,250,0.55,0.241666666667,0.100699696785,0.95,0.0069,longer,threshold,MI,12000,8000,100,20,13,18,94,1,random,mean,250
2026100904,10000,250,0.527120833333,0.254879166667,0.117269746573,0.9384,0.0071,longer,threshold,MI,12000,8000,100,20,13,18,94,1,random,mean,250
2026100905,10000,250,0.504166666667,0.329166666667,0.0963064114661,1,0.0063,longer,threshold,MI,12000,8000,100,20,13,18,94,1,random,mean,250
2026100906,10000,250,0.5328125,0.300520833333,0.0929885245902,1,0.0156,longer,threshold,MI,12000,8000,100,20,13,18,94,1,random,mean,250
2026100907,10000,250,0.67285625,0.160477083333,0.0733989371586,1,0.0282,longer,threshold,MI,12000,8000,100,20,13,18,94,1,random,mean,250
2026100908,10000,250,0.510147916667,0.298352083333,0.103295347814,0.9702,0.0102,longer,threshold,MI,12000,8000,100,20,13,18,94,1,random,mean,250
2026100909,10000,250,0.499479166667,0.333854166667,0.0947795542636,1,0.009,longer,threshold,MI,12000,8000,100,20,13,18,94,1,random,mean,250
2026100910,10000,250,0.581491666667,0.251841666667,0.0860492744194,1,0.0087,longer,threshold,MI,12000,8000,100,20,13,18,94,1,random,mean,250
2026100911,10000,250,0.5484375,0.243229166667,0.102754098726,0.95,0.0052,longer,threshold,MI,12000,8000,100,20,13,18,94,1,random,mean,250
2026100912,10000,250,0.630208333333,0.119791666667,0.0991623272058,0.9,0.0114,longer,threshold,MI,12000,8000,100,20,13,18,94,1,random,mean,250
2026100913,10000,250,0.497395833333,0.294270833333,0.110404286927,0.95,0.0154,longer,threshold,MI,12000,8000,100,20,13,18,94,1,random,mean,250
2026100914,10000,250,0.495833333333,0.295833333333,0.108267773893,0.95,0.0085,longer,threshold,MI,12000,8000,100,20,13,18,94,1,random,mean,250
2026100915,10000,250,0.501041666667,0.290625,0.102685204082,0.95,0.0138,longer,threshold,MI,12000,8000,100,20,13,18,94,1,random,mean,250
2026100900,10250,250,0.499545833333,0.253120833333,0.108175381586,0.9032,0.00790243902439,longer,threshold,MI,12000,8000,100,20,13,18,94,1,random,mean,250
2026100901,10250,250,0.489583333333,0.260416666667,0.115409482759,0.9,0.00653658536585,longer,threshold,MI,12000,8000,100,20,13,18,94,1,random,mean,250
2026100902,10250,250,0.51531875,0.276347916667,0.101565599877,0.95,0.00585365853659,longer,threshold,MI,12000,8000,100,20,13,18,94,1,random,mean,250
2026100903,10250,250,0.55,0.241666666667,0.100699696785,0.95,0.00673170731707,longer,threshold,MI,12000,8000,100,20,13,18,94,1,random,mean,250
2026100904,10250,250,0.5361875,0.240479166667,0.113328773568,0.932,0.0070243902439,longer,threshold,MI,12000,8000,100,20,13,18,94,1,random,mean,250
2026100905,10250,250,0.504166666667,0.329166666667,0.0963064114661,1,0.00614634146341,longer,threshold,MI,12000,8000,100,20,13,18,94,1,random,mean,250
2026100906,10250,250,0.5328125,0.300520833333,0.0929885245902,1,0.0152195121951,longer,threshold,MI,12000,8000,100,20,13,18,94,1,random,mean,250
2026100907,10250,250,0.67065,0.162683333333,0.0738277372272,1,0.0279024390244,longer,threshold,MI,12000,8000,100,20,13,18,94,1,random,mean,250
2026100908,10250,250,0.505729166667,0.2859375,0.109818670951,0.95,0.0099512195122,longer,threshold,MI,12000,8000,100,20,13,18,94,1,random,mean,250
2026100909,10250,250,0.499479166667,0.333854166667,0.0947795542636,1,0.00878048780488,longer,threshold,MI,12000,8000,100,20,13,18,94,1,random,mean,250
2026100910,10250,250,0.581770833333,0.2515625,0.0860192464082,1,0.00848780487805,longer,threshold,MI,12000,8000,100,20,13,18,94,1,random,mean,250
2026100911,10250,250,0.5484375,0.243229166667,0.102754098726,0.95,0.00507317073171,longer,threshold,MI,12000,8000,100,20,13,18,94,1,random,mean,250
2026100912,10250,250,0.623816666667,0.126183333333,0.102837615391,0.9,0.0112195121951,longer,threshold,MI,12000,8000,100,20,13,18,94,1,random,mean,250
2026100913,10250,250,0.497779166667,0.232554166667,0.124644401595,0.8764,0.0151219512195,longer,threshold,MI,12000,8000,100,20,13,18,94,1,random,mean,250
2026100914,10250,250,0.495833333333,0.295833333333,0.108267773893,0.95,0.00829268292683,longer,threshold,MI,12000,8000,100,20,13,18,94,1,random,mean,250
2026100915,10250,250,0.501041666667,0.290625,0.102685204082,0.95,0.0134634146341,longer,threshold,MI,12000,8000,100,20,13,18,94,1,random,mean,250
2026100900,10500,250,0.4996625,0.257670833333,0.107802519949,0.9088,0.00780952380952,longer,threshold,MI,12000,8000,100,20,13,18,94,1,random,mean,250
2026100901,10500,250,0.49065,0.262183333333,0.114539708273,0.9034,0.00657142857143,longer,threshold,MI,12000,8000,100,20,13,18,94,1,random,mean,250
2026100902,10500,250,0.515625,0.276041666667,0.101520833333,0.95,0.00571428571429,longer,threshold,MI,12000,8000,100,20,13,18,94,1,random,mean,250
2026100903,10500,250,0.55,0.241666666667,0.100699696785,0.95,0.00657142857143,longer,threshold,MI,12000,8000,100,20,13,18,94,1,random,mean,250
2026100904,10500,250,0.54634375,0.245322916667,0.103480219258,0.95,0.00695238095238,longer,threshold,MI,12000,8000,100,20,13,18,94,1,random,mean,250
2026100905,10500,250,0.504166666667,0.329166666667,0.0963064114661,1,0.006,longer,threshold,MI,12000,8000,100,20,13,18,94,1,random,mean,250
2026100906,10500,250,0.5328125,0.300520833333,0.0929885245902,1,0.0151428571429,longer,threshold,MI,12000,8000,100,20,13,18,94,1,random,mean,250
2026100907,10500,250,0.66796875,0.165364583333,0.0739470081098,1,0.0275238095238,longer,threshold,MI,12000,8000,100,20,13,18,94,1,random,mean,250
2026100908,10500,250,0.505464583333,0.265035416667,0.115193863449,0.9246,0.00990476190476,longer,threshold,MI,12000,8000,100,20,13,18,94,1,random,mean,250
2026100909,10500,250,0.499120833333,0.3342125,0.0949477593918,1,0.0087619047619,longer,threshold,MI,12000,8000,100,20,13,18,94,1,random,mean,250
2026100910,10500,250,0.581770833333,0.2515625,0.0860192464082,1,0.00828571428571,longer,threshold,MI,12000,8000,100,20,13,18,94,1,random,mean,250
2026100911,10500,250,0.5484375,0.243229166667,0.102754098726,0.95,0.00495238095238,longer,threshold,MI,12000,8000,100,20,13,18,94,1,random,mean,250
2026100912,10500,250,0.6234375,0.1265625,0.103055640961,0.9,0.0109523809524,longer,threshold,MI,12000,8000,100,20,13,18,94,1,random,mean,250
2026100913,10500,250,0.497916666667,0.26775,0.116696849932,0.9188,0.0148571428571,longer,threshold,MI,12000,8000,100,20,13,18,94,1,random,mean,250
2026100914,10500,250,0.499202083333,0.292464583333,0.109061056903,0.95,0.00819047619048,longer,threshold,MI,12000,8000,100,20,13,18,94,1,random,mean,250
2026100915,10500,250,0.501041666667,0.290625,0.102685204082,0.95,0.0133333333333,longer,threshold,MI,12000,8000,100,20,13,18,94,1,random,mean,250
2026100900,10750,250,0.5009875,0.309345833333,0.0975930323529,0.9724,0.00772093023256,longer,threshold,MI,12000,8000,100,20,13,18,94,1,random,mean,250
2026100901,10750,250,0.490625,0.259375,0.11504809413,0.9,0.00641860465116,longer,threshold,MI,12000,8000,100,20,13,18,94,1,random,mean,250
2026100902,10750,250,0.5165625,0.275104166667,0.100690647163,0.95,0.00567441860465,longer,threshold,MI,12000,8000,100,20,13,18,94,1,random,mean,250
2026100903,10750,250,0.55,0.241666666667,0.100699696785,0.95,0.00641860465116,longer,threshold,MI,12000,8000,100,20,13,18,94,1,random,mean,250
2026100904,10750,250,0.550608333333,0.251225,0.100946314435,0.9622,0.00697674418605,longer,threshold,MI,12000,8000,100,20,13,18,94,1,random,mean,250
2026100905,10750,250,0.501895833333,0.314770833333,0.0975527465022,0.98,0.00613953488372,longer,threshold,MI,12000,8000,100,20,13,18,94,1,random,mean,250
2026100906,10750,250,0.532741666667,0.300591666667,0.0929706250833,1,0.0148837209302,longer,threshold,MI,12000,8000,100,20,13,18,94,1,random,mean,250
2026100907,10750,250,0.6671875,0.166145833333,0.0731479247104,1,0.0268837209302,longer,threshold,MI,12000,8000,100,20,13,18,94,1,random,mean,250
2026100908,10750,250,0.505425,0.319908333333,0.0988176376911,0.9904,0.00986046511628,longer,threshold,MI,12000,8000,100,20,13,18,94,1,random,mean,250
2026100909,10750,250,0.498958333333,0.334375,0.0950240384615,1,0.00855813953488,longer,threshold,MI,12000,8000,100,20,13,18,94,1,random,mean,250
2026100910,10750,250,0.581770833333,0.2515625,0.0860192464082,1,0.00809302325581,longer,threshold,MI,12000,8000,100,20,13,18,94,1,random,mean,250
2026100911,10750,250,0.5449375,0.246729166667,0.103256345176,0.95,0.00493023255814,longer,threshold,MI,12000,8000,100,20,13,18,94,1,random,mean,250
2026100912,10750,250,0.6234375,0.1265625,0.103055640961,0.9,0.0106976744186,longer,threshold,MI,12000,8000,100,20,13,18,94,1,random,mean,250
2026100913,10750,250,0.497916666667,0.29375,0.110776369277,0.95,0.014511627907,longer,threshold,MI,12000,8000,100,20,13,18,94,1,random,mean,250
2026100914,10750,250,0.499479166667,0.2921875,0.10912630529,0.95,0.008,longer,threshold,MI,12000,8000,100,20,13,18,94,1,random,mean,250
2026100915,10750,250,0.501041666667,0.290625,0.102685204082,0.95,0.0131162790698,longer,threshold,MI,12000,8000,100,20,13,18,94,1,random,mean,250
2026100900,11000,250,0.500908333333,0.306258333333,0.0984377,0.9686,0.00763636363636,longer,threshold,MI,12000,8000,100,20,13,18,94,1,random,mean,250
2026100901,11000,250,0.490625,0.259375,0.11504809413,0.9,0.00627272727273,longer,threshold,MI,12000,8000,100,20,13,18,94,1,random,mean,250
2026100902,11000,250,0.516666666667,0.275,0.100598404255,0.95,0.00554545454545,longer,threshold,MI,12000,8000,100,20,13,18,94,1,random,mean,250
2026100903,11000,250,0.55,0.241666666667,0.100699696785,0.95,0.00627272727273,longer,threshold,MI,12000,8000,100,20,13,18,94,1,random,mean,250
2026100904,11000,250,0.553620833333,0.2797125,0.0950103321025,1,0.00709090909091,longer,threshold,MI,12000,8000,100,20,13,18,94,1,random,mean,250
2026100905,11000,250,0.501810416667,0.31085625,0.0963023228778,0.9752,0.00627272727273,longer,threshold,MI,12000,8000,100,20,13,18,94,1,random,mean,250
2026100906,11000,250,0.53235,0.300983333333,0.0928716513395,1,0.0146363636364,longer,threshold,MI,12000,8000,100,20,13,18,94,1,random,mean,250
2026100907,11000,250,0.66246875,0.170864583333,0.0750614981926,1,0.0265454545455,longer,threshold,MI,12000,8000,100,20,13,18,94,1,random,mean,250
2026100908,11000,250,0.505033333333,0.3283,0.096105547762,1,0.00972727272727,longer,threshold,MI,12000,8000,100,20,13,18,94,1,random,mean,250
2026100909,11000,250,0.4991875,0.334145833333,0.094915625,1,0.00845454545455,longer,threshold,MI,12000,8000,100,20,13,18,94,1,random,mean,250
2026100910,11000,250,0.581770833333,0.2515625,0.0860192464082,1,0.008,longer,threshold,MI,12000,8000,100,20,13,18,94,1,random,mean,250
2026100911,11000,250,0.544270833333,0.247395833333,0.103352011167,0.95,0.00481818181818,longer,threshold,MI,12000,8000,100,20,13,18,94,1,random,mean,250
2026100912,11000,250,0.6234375,0.1265625,0.103055640961,0.9,0.0104545454545,longer,threshold,MI,12000,8000,100,20,13,18,94,1,random,mean,250
2026100913,11000,250,0.497916666667,0.29375,0.110776369277,0.95,0.0141818181818,longer,threshold,MI,12000,8000,100,20,13,18,94,1,random,mean,250
2026100914,11000,250,0.499479166667,0.2921875,0.10912630529,0.95,0.00781818181818,longer,threshold,MI,12000,8000,100,20,13,18,94,1,random,mean,250
2026100915,11000,250,0.500479166667,0.2911875,0.102829271193,0.95,0.0129090909091,longer,threshold,MI,12000,8000,100,20,13,18,94,1,random,mean,250
2026100900,11250,250,0.500520833333,0.291145833333,0.1015625,0.95,0.00755555555556,longer,threshold,MI,12000,8000,100,20,13,18,94,1,random,mean,250
2026100901,11250,250,0.491416666667,0.258583333333,0.115601882009,0.9,0.00622222222222,longer,threshold,MI,12000,8000,100,20,13,18,94,1,random,mean,250
2026100902,11250,250,0.516666666667,0.275,0.100598404255,0.95,0.00542222222222,longer,threshold,MI,12000,8000,100,20,13,18,94,1,random,mean,250
2026100903,11250,250,0.55,0.241666666667,0.100699696785,0.95,0.00613333333333,longer,threshold,MI,12000,8000,100,20,13,18,94,1,random,mean,250
2026100904,11250,250,0.553645833333,0.2796875,0.0947103658537,1,0.00702222222222,longer,threshold,MI,12000,8000,100,20,13,18,94,1,random,mean,250
2026100905,11250,250,0.501741666667,0.317258333333,0.0952616151829,0.9828,0.00631111111111,longer,threshold,MI,12000,8000,100,20,13,18,94,1,random,mean,250
2026100906,11250,250,0.5328125,0.300520833333,0.0929885245902,1,0.0144,longer,threshold,MI,12000,8000,100,20,13,18,94,1,random,mean,250
2026100907,11250,250,0.657716666667,0.175616666667,0.078738774661,1,0.0261333333333,longer,threshold,MI,12000,8000,100,20,13,18,94,1,random,mean,250
2026100908,11250,250,0.50715625,0.313677083333,0.097149554679,0.985,0.00968888888889,longer,threshold,MI,12000,8000,100,20,13,18,94,1,random,mean,250
2026100909,11250,250,0.5,0.333333333333,0.09453125,1,0.00835555555556,longer,threshold,MI,12000,8000,100,20,13,18,94,1,random,mean,250
2026100910,11250,250,0.5819875,0.251345833333,0.0860836816739,1,0.00791111111111,longer,threshold,MI,12000,8000,100,20,13,18,94,1,random,mean,250
2026100911,11250,250,0.544270833333,0.247395833333,0.103352011167,0.95,0.00471111111111,longer,threshold,MI,12000,8000,100,20,13,18,94,1,random,mean,250
2026100912,11250,250,0.6234375,0.1265625,0.103055640961,0.9,0.0102222222222,longer,threshold,MI,12000,8000,100,20,13,18,94,1,random,mean,250
2026100913,11250,250,0.497916666667,0.29375,0.110776369277,0.95,0.0139555555556,longer,threshold,MI,12000,8000,100,20,13,18,94,1,random,mean,250
2026100914,11250,250,0.499479166667,0.2921875,0.10912630529,0.95,0.00773333333333,longer,threshold,MI,12000,8000,100,20,13,18,94,1,random,mean,250
2026100915,11250,250,0.498435416667,0.29323125,0.103524666405,0.95,0.0127111111111,longer,threshold,MI,12000,8000,100,20,13,18,94,1,random,mean,250
2026100900,11500,250,0.500520833333,0.291145833333,0.1015625,0.95,0.00739130434783,longer,threshold,MI,12000,8000,100,20,13,18,94,1,random,mean,250
2026100901,11500,250,0.492708333333,0.257291666667,0.116505430653,0.9,0.00608695652174,longer,threshold,MI,12000,8000,100,20,13,18,94,1,random,mean,250
2026100902,11500,250,0.516666666667,0.275,0.100598404255,0.95,0.00530434782609,longer,threshold,MI,12000,8000,100,20,13,18,94,1,random,mean,250
2026100903,11500,250,0.55,0.241666666667,0.100699696785,0.95,0.006,longer,threshold,MI,12000,8000,100,20,13,18,94,1,random,mean,250
2026100904,11500,250,0.547510416667,0.285822916667,0.0961569546668,1,0.00721739130435,longer,threshold,MI,12000,8000,100,20,13,18,94,1,random,mean,250
2026100905,11500,250,0.5015625,0.331770833333,0.0931625,1,0.00626086956522,longer,threshold,MI,12000,8000,100,20,13,18,94,1,random,mean,250
2026100906,11500,250,0.5328125,0.300520833333,0.0929885245902,1,0.0140869565217,longer,threshold,MI,12000,8000,100,20,13,18,94,1,random,mean,250
2026100907,11500,250,0.65754375,0.175789583333,0.0782752938174,1,0.0258260869565,longer,threshold,MI,12000,8000,100,20,13,18,94,1,random,mean,250
2026100908,11500,250,0.515104166667,0.2765625,0.101540323217,0.95,0.0095652173913,longer,threshold,MI,12000,8000,100,20,13,18,94,1,random,mean,250
2026100909,11500,250,0.5,0.333333333333,0.09453125,1,0.00826086956522,longer,threshold,MI,12000,8000,100,20,13,18,94,1,random,mean,250
2026100910,11500,250,0.582291666667,0.251041666667,0.0861741388737,1,0.00773913043478,longer,threshold,MI,12000,8000,100,20,13,18,94,1,random,mean,250
2026100911,11500,250,0.549739583333,0.241927083333,0.103394389622,0.95,0.00469565217391,longer,threshold,MI,12000,8000,100,20,13,18,94,1,random,mean,250
2026100912,11500,250,0.6191625,0.1498375,0.102415574468,0.9228,0.0100869565217,longer,threshold,MI,12000,8000,100,20,13,18,94,1,random,mean,250
2026100913,11500,250,0.497916666667,0.29375,0.110776369277,0.95,0.0137391304348,longer,threshold,MI,12000,8000,100,20,13,18,94,1,random,mean,250
2026100914,11500,250,0.498991666667,0.292675,0.108781654127,0.95,0.00773913043478,longer,threshold,MI,12000,8000,100,20,13,18,94,1,random,mean,250
2026100915,11500,250,0.499479166667,0.2921875,0.1034296875,0.95,0.0125217391304,longer,threshold,MI,12000,8000,100,20,13,18,94,1,random,mean,250
2026100900,11750,250,0.4995875,0.292079166667,0.1015625,0.95,0.00731914893617,longer,threshold,MI,12000,8000,100,20,13,18,94,1,random,mean,250
2026100901,11750,250,0.496283333333,0.279716666667,0.10888832539,0.9312,0.00604255319149,longer,threshold,MI,12000,8000,100,20,13,18,94,1,random,mean,250
2026100902,11750,250,0.517622916667,0.29954375,0.0964470246011,0.9806,0.00527659574468,longer,threshold,MI,12000,8000,100,20,13,18,94,1,random,mean,250
2026100903,11750,250,0.55,0.241666666667,0.100699696785,0.95,0.00587234042553,longer,threshold,MI,12000,8000,100,20,13,18,94,1,random,mean,250
2026100904,11750,250,0.543895833333,0.2894375,0.0967110377504,1,0.00731914893617,longer,threshold,MI,12000,8000,100,20,13,18,94,1,random,mean,250
2026100905,11750,250,0.5015625,0.331770833333,0.0931625,1,0.00612765957447,longer,threshold,MI,12000,8000,100,20,13,18,94,1,random,mean,250
2026100906,11750,250,0.532616666667,0.300716666667,0.0930918832467,1,0.0138723404255,longer,threshold,MI,12000,8000,100,20,13,18,94,1,random,mean,250
2026100907,11750,250,0.6578125,0.175520833333,0.0780698727618,1,0.0252765957447,longer,threshold,MI,12000,8000,100,20,13,18,94,1,random,mean,250
2026100908,11750,250,0.514479166667,0.293854166667,0.0984451229547,0.97,0.00944680851064,longer,threshold,MI,12000,8000,100,20,13,18,94,1,random,mean,250
2026100909,11750,250,0.49963125,0.304202083333,0.100593048469,0.9646,0.00817021276596,longer,threshold,MI,12000,8000,100,20,13,18,94,1,random,mean,250
2026100910,11750,250,0.582291666667,0.251041666667,0.0861741388737,1,0.00757446808511,longer,threshold,MI,12000,8000,100,20,13,18,94,1,random,mean,250
2026100911,11750,250,0.5625,0.229166666667,0.103493272685,0.95,0.00459574468085,longer,threshold,MI,12000,8000,100,20,13,18,94,1,random,mean,250
2026100912,11750,250,0.6140625,0.177604166667,0.101651986371,0.95,0.00987234042553,longer,threshold,MI,12000,8000,100,20,13,18,94,1,random,mean,250
2026100913,11750,250,0.497916666667,0.29375,0.110776369277,0.95,0.0136170212766,longer,threshold,MI,12000,8000,100,20,13,18,94,1,random,mean,250
2026100914,11750,250,0.499075,0.292591666667,0.108797158003,0.95,0.00765957446809,longer,threshold,MI,12000,8000,100,20,13,18,94,1,random,mean,250
2026100915,11750,250,0.499479166667,0.2921875,0.103244579082,0.95,0.0123404255319,longer,threshold,MI,12000,8000,100,20,13,18,94,1,random,mean,250
2026100900,12000,250,0.499479166667,0.2921875,0.1015625,0.95,0.00733333333333,longer,threshold,MI,12000,8000,100,20,13,18,94,1,random,mean,250
2026100901,12000,250,0.4984375,0.293229166667,0.104298531193,0.95,0.006,longer,threshold,MI,12000,8000,100,20,13,18,94,1,random,mean,250
2026100902,12000,250,0.518229166667,0.315104166667,0.0938151041667,1,0.00516666666667,longer,threshold,MI,12000,8000,100,20,13,18,94,1,random,mean,250
2026100903,12000,250,0.55,0.241666666667,0.100699696785,0.95,0.00575,longer,threshold,MI,12000,8000,100,20,13,18,94,1,random,mean,250
2026100904,12000,250,0.558308333333,0.275025,0.0930460058291,1,0.00733333333333,longer,threshold,MI,12000,8000,100,20,13,18,94,1,random,mean,250
2026100905,12000,250,0.5015625,0.331770833333,0.0931625,1,0.00616666666667,longer,threshold,MI,12000,8000,100,20,13,18,94,1,random,mean,250
2026100906,12000,250,0.532291666667,0.301041666667,0.0932634146341,1,0.0135833333333,longer,threshold,MI,12000,8000,100,20,13,18,94,1,random,mean,250
2026100907,12000,250,0.64921875,0.184114583333,0.0830310750181,1,0.0249166666667,longer,threshold,MI,12000,8000,100,20,13,18,94,1,random,mean,250
2026100908,12000,250,0.5089375,0.283729166667,0.103193601626,0.9512,0.00941666666667,longer,threshold,MI,12000,8000,100,20,13,18,94,1,random,mean,250
2026100909,12000,250,0.499479166667,0.2921875,0.103093112245,0.95,0.008,longer,threshold,MI,12000,8000,100,20,13,18,94,1,random,mean,250
2026100910,12000,250,0.582291666667,0.251041666667,0.0861741388737,1,0.00758333333333,longer,threshold,MI,12000,8000,100,20,13,18,94,1,random,mean,250
2026100911,12000,250,0.5625,0.229166666667,0.103493272685,0.95,0.0045,longer,threshold,MI,12000,8000,100,20,13,18,94,1,random,mean,250
2026100912,12000,250,0.6140625,0.177604166667,0.101651986371,0.95,0.00966666666667,longer,threshold,MI,12000,8000,100,20,13,18,94,1,random,mean,250
2026100913,12000,250,0.498291666667,0.293375,0.10976525871,0.95,0.0135833333333,longer,threshold,MI,12000,8000,100,20,13,18,94,1,random,mean,250
2026100914,12000,250,0.495520833333,0.264479166667,0.119210770406,0.912,0.00766666666667,longer,threshold,MI,12000,8000,100,20,13,18,94,1,random,mean,250
2026100915,12000,250,0.5000875,0.291579166667,0.103183021542,0.95,0.0121666666667,longer,threshold,MI,12000,8000,100,20,13,18,94,1,random,mean,250
