seed,step,window_steps,group_relative_contribution,surplus,gini,success,acceptance_rate,experiment,game,treatment,steps,burn_in,thin,rounds,levels,beta,gamma,selection,initial,signal,diagnostic_every
2026100700,250,250,0.582822916667,0.200010416667,0.0448077924178,0.9394,0.072,longer,threshold,FE,12000,8000,100,20,13,18,94,1,random,mean,250
2026100701,250,250,0.36213125,-0.20513125,0.104439366147,0.1884,0.088,longer,threshold,FE,12000,8000,100,20,13,18,94,1,random,mean,250
2026100702,250,250,0.70371875,0.0706145833333,0.05890598211,0.9292,0.06,longer,threshold,FE,12000,8000,100,20,13,18,94,1,random,mean,250
2026100703,250,250,0.54481875,0.06668125,0.0674556417152,0.7338,0.12,longer,threshold,FE,12000,8000,100,20,13,18,94,1,random,mean,250
2026100704,250,250,0.562783333333,0.147716666667,0.0655020711664,0.8526,0.136,longer,threshold,FE,12000,8000,100,20,13,18,94,1,random,mean,250
2026100705,250,250,0.466577083333,-0.07374375,0.0768377093469,0.4714,0.108,longer,threshold,FE,12000,8000,100,20,13,18,94,1,random,mean,250
2026100706,250,250,0.5887625,0.195570833333,0.0490613619116,0.9412,0.032,longer,threshold,FE,12000,8000,100,20,13,18,94,1,random,mean,250
2026100707,250,250,0.657,0.1015,0.0495885368088,0.9102,0.064,longer,threshold,FE,12000,8000,100,20,13,18,94,1,random,mean,250
2026100708,250,250,0.531725,0.179775,0.0735377312399,0.8538,0.072,longer,threshold,FE,12000,8000,100,20,13,18,94,1,random,mean,250
2026100709,250,250,0.520808333333,0.278358333333,0.0384943632595,0.959,0.04,longer,threshold,FE,12000,8000,100,20,13,18,94,1,random,mean,250
2026100710,250,250,0.710285416667,0.117547916667,0.0347119180072,0.9934,0.02,longer,threshold,FE,12000,8000,100,20,13,18,94,1,random,mean,250
2026100711,250,250,0.516845833333,0.0604875,0.0884186921201,0.6928,0.092,longer,threshold,FE,12000,8000,100,20,13,18,94,1,random,mean,250
2026100712,250,250,0.59701875,0.15998125,0.0556801218516,0.9084,0.024,longer,threshold,FE,12000,8000,100,20,13,18,94,1,random,mean,250
2026100713,250,250,0.572658333333,0.0648416666667,0.0909736119411,0.765,0.124,longer,threshold,FE,12000,8000,100,20,13,18,94,1,random,mean,250
2026100714,250,250,0.5452625,0.1637375,0.0692443347346,0.8508,0.092,longer,threshold,FE,12000,8000,100,20,13,18,94,1,random,mean,250
2026100715,250,250,0.614022916667,0.169477083333,0.0415877487905,0.9402,0.028,longer,threshold,FE,12000,8000,100,20,13,18,94,1,random,mean,250
2026100700,500,250,0.578802083333,0.25453125,0.0155759742253,1,0.04,longer,threshold,FE,12000,8000,100,20,13,18,94,1,random,mean,250
2026100701,500,250,0.359425,-0.132258333333,0.101054307058,0.2726,0.102,longer,threshold,FE,12000,8000,100,20,13,18,94,1,random,mean,250
2026100702,500,250,0.724166666667,0.109166666667,0.0175656442482,1,0.032,longer,threshold,FE,12000,8000,100,20,13,18,94,1,random,mean,250
2026100703,500,250,0.626941666667,0.194225,0.0117083690774,0.9854,0.07,longer,threshold,FE,12000,8000,100,20,13,18,94,1,random,mean,250
2026100704,500,250,0.579697916667,0.23546875,0.0293927676478,0.9782,0.07,longer,threshold,FE,12000,8000,100,20,13,18,94,1,random,mean,250
2026100705,500,250,0.496020833333,0.280645833333,0.024425385911,0.932,0.06,longer,threshold,FE,12000,8000,100,20,13,18,94,1,random,mean,250
2026100706,500,250,0.607495833333,0.2258375,0.029850701623,1,0.022,longer,threshold,FE,12000,8000,100,20,13,18,94,1,random,mean,250
2026100707,500,250,0.690145833333,0.101520833333,0.0289296660612,0.95,0.034,longer,threshold,FE,12000,8000,100,20,13,18,94,1,random,mean,250
2026100708,500,250,0.490547916667,-0.0165479166667,0.0658696585353,0.5688,0.072,longer,threshold,FE,12000,8000,100,20,13,18,94,1,random,mean,250
2026100709,500,250,0.532470833333,0.3008625,0.0329523606141,1,0.022,longer,threshold,FE,12000,8000,100,20,13,18,94,1,random,mean,250
2026100710,500,250,0.696552083333,0.13678125,0.023054663264,1,0.022,longer,threshold,FE,12000,8000,100,20,13,18,94,1,random,mean,250
2026100711,500,250,0.556570833333,0.224595833333,0.0429722371579,0.9374,0.056,longer,threshold,FE,12000,8000,100,20,13,18,94,1,random,mean,250
2026100712,500,250,0.615560416667,0.18210625,0.0526958714231,0.9572,0.03,longer,threshold,FE,12000,8000,100,20,13,18,94,1,random,mean,250
2026100713,500,250,0.44081875,-0.0824854166667,0.111053219124,0.43,0.128,longer,threshold,FE,12000,8000,100,20,13,18,94,1,random,mean,250
2026100714,500,250,0.536979166667,0.296354166667,0.0201317350956,1,0.046,longer,threshold,FE,12000,8000,100,20,13,18,94,1,random,mean,250
2026100715,500,250,0.615439583333,0.21789375,0.0253184491926,1,0.02,longer,threshold,FE,12000,8000,100,20,13,18,94,1,random,mean,250
2026100700,750,250,0.5703125,0.263020833333,0.0129683659833,1,0.028,longer,threshold,FE,12000,8000,100,20,13,18,94,1,random,mean,250
2026100701,750,250,0.655814583333,0.16101875,0.0562571797036,0.9802,0.076,longer,threshold,FE,12000,8000,100,20,13,18,94,1,random,mean,250
2026100702,750,250,0.729566666667,0.103766666667,0.010814012705,1,0.0253333333333,longer,threshold,FE,12000,8000,100,20,13,18,94,1,random,mean,250
2026100703,750,250,0.61875,0.172916666667,0.00993992424556,0.95,0.0466666666667,longer,threshold,FE,12000,8000,100,20,13,18,94,1,random,mean,250
2026100704,750,250,0.56571875,0.252114583333,0.0266692266731,0.9814,0.052,longer,threshold,FE,12000,8000,100,20,13,18,94,1,random,mean,250
2026100705,750,250,0.504702083333,0.286964583333,0.0237906412842,0.95,0.0426666666667,longer,threshold,FE,12000,8000,100,20,13,18,94,1,random,mean,250
2026100706,750,250,0.61680625,0.216527083333,0.0289045916511,1,0.0226666666667,longer,threshold,FE,12000,8000,100,20,13,18,94,1,random,mean,250
2026100707,750,250,0.5403125,0.219020833333,0.0397612262943,0.9112,0.024,longer,threshold,FE,12000,8000,100,20,13,18,94,1,random,mean,250
2026100708,750,250,0.541802083333,0.23603125,0.0474054530551,0.9334,0.0666666666667,longer,threshold,FE,12000,8000,100,20,13,18,94,1,random,mean,250
2026100709,750,250,0.533408333333,0.289925,0.0304482713134,0.988,0.0173333333333,longer,threshold,FE,12000,8000,100,20,13,18,94,1,random,mean,250
2026100710,750,250,0.713754166667,0.119579166667,0.0144200694221,1,0.0213333333333,longer,threshold,FE,12000,8000,100,20,13,18,94,1,random,mean,250
2026100711,750,250,0.570879166667,0.262454166667,0.0222936399092,1,0.0386666666667,longer,threshold,FE,12000,8000,100,20,13,18,94,1,random,mean,250
2026100712,750,250,0.520445833333,-0.00127916666667,0.109558327444,0.623,0.08,longer,threshold,FE,12000,8000,100,20,13,18,94,1,random,mean,250
2026100713,750,250,0.413591666667,-0.149758333333,0.0670768723903,0.3166,0.106666666667,longer,threshold,FE,12000,8000,100,20,13,18,94,1,random,mean,250
2026100714,750,250,0.536979166667,0.296354166667,0.0201317350956,1,0.0306666666667,longer,threshold,FE,12000,8000,100,20,13,18,94,1,random,mean,250
2026100715,750,250,0.624595833333,0.2087375,0.0233443434845,1,0.0173333333333,longer,threshold,FE,12000,8000,100,20,13,18,94,1,random,mean,250
2026100700,1000,250,0.5703125,0.263020833333,0.0128911929112,1,0.021,longer,threshold,FE,12000,8000,100,20,13,18,94,1,random,mean,250
2026100701,1000,250,0.463464583333,-0.0939645833333,0.104500006067,0.4434,0.082,longer,threshold,FE,12000,8000,100,20,13,18,94,1,random,mean,250
2026100702,1000,250,0.719791666667,0.113541666667,0.00868268802848,1,0.019,longer,threshold,FE,12000,8000,100,20,13,18,94,1,random,mean,250
2026100703,1000,250,0.619791666667,0.180208333333,0.00880047236681,0.96,0.036,longer,threshold,FE,12000,8000,100,20,13,18,94,1,random,mean,250
2026100704,1000,250,0.5982125,0.193454166667,0.0372374146277,0.95,0.04,longer,threshold,FE,12000,8000,100,20,13,18,94,1,random,mean,250
2026100705,1000,250,0.49824375,0.265589583333,0.015803811156,0.9166,0.035,longer,threshold,FE,12000,8000,100,20,13,18,94,1,random,mean,250
2026100706,1000,250,0.61501875,0.21448125,0.0244740638284,0.9954,0.02,longer,threshold,FE,12000,8000,100,20,13,18,94,1,random,mean,250
2026100707,1000,250,0.507875,0.208291666667,0.0320108552476,0.8594,0.028,longer,threshold,FE,12000,8000,100,20,13,18,94,1,random,mean,250
2026100708,1000,250,0.56824375,0.265089583333,0.0160777591686,1,0.052,longer,threshold,FE,12000,8000,100,20,13,18,94,1,random,mean,250
2026100709,1000,250,0.5015625,0.290104166667,0.0341313552045,0.95,0.013,longer,threshold,FE,12000,8000,100,20,13,18,94,1,random,mean,250
2026100710,1000,250,0.719210416667,0.114122916667,0.00743520069789,1,0.018,longer,threshold,FE,12000,8000,100,20,13,18,94,1,random,mean,250
2026100711,1000,250,0.568229166667,0.265104166667,0.0250438698395,1,0.029,longer,threshold,FE,12000,8000,100,20,13,18,94,1,random,mean,250
2026100712,1000,250,0.689979166667,0.142354166667,0.0422837069496,0.9988,0.07,longer,threshold,FE,12000,8000,100,20,13,18,94,1,random,mean,250
2026100713,1000,250,0.4403125,-0.3853125,0.0309266117827,0.066,0.082,longer,threshold,FE,12000,8000,100,20,13,18,94,1,random,mean,250
2026100714,1000,250,0.5268875,0.3016125,0.0185561896119,0.9942,0.027,longer,threshold,FE,12000,8000,100,20,13,18,94,1,random,mean,250
2026100715,1000,250,0.715625,0.117708333333,0.0141255852508,1,0.013,longer,threshold,FE,12000,8000,100,20,13,18,94,1,random,mean,250
2026100700,1250,250,0.5703125,0.263020833333,0.0128911929112,1,0.0168,longer,threshold,FE,12000,8000,100,20,13,18,94,1,random,mean,250
2026100701,1250,250,0.4645125,-0.1260125,0.0916978157722,0.4062,0.0888,longer,threshold,FE,12000,8000,100,20,13,18,94,1,random,mean,250
2026100702,1250,250,0.715714583333,0.11761875,0.00593923008456,1,0.016,longer,threshold,FE,12000,8000,100,20,13,18,94,1,random,mean,250
2026100703,1250,250,0.623958333333,0.209375,0.00424266485178,1,0.0288,longer,threshold,FE,12000,8000,100,20,13,18,94,1,random,mean,250
2026100704,1250,250,0.620364583333,0.17396875,0.0352543329365,0.9532,0.0336,longer,threshold,FE,12000,8000,100,20,13,18,94,1,random,mean,250
2026100705,1250,250,0.49375,0.25625,0.0114568231664,0.9,0.028,longer,threshold,FE,12000,8000,100,20,13,18,94,1,random,mean,250
2026100706,1250,250,0.62088125,0.212452083333,0.0202754060558,1,0.0176,longer,threshold,FE,12000,8000,100,20,13,18,94,1,random,mean,250
2026100707,1250,250,0.509566666667,0.300933333333,0.014832245625,0.9726,0.0232,longer,threshold,FE,12000,8000,100,20,13,18,94,1,random,mean,250
2026100708,1250,250,0.566145833333,0.2671875,0.0116395607309,1,0.0416,longer,threshold,FE,12000,8000,100,20,13,18,94,1,random,mean,250
2026100709,1250,250,0.4844625,0.235204166667,0.0316828246089,0.8636,0.0112,longer,threshold,FE,12000,8000,100,20,13,18,94,1,random,mean,250
2026100710,1250,250,0.719979166667,0.113354166667,0.00762707395702,1,0.016,longer,threshold,FE,12000,8000,100,20,13,18,94,1,random,mean,250
2026100711,1250,250,0.563520833333,0.2698125,0.0236749049117,1,0.024,longer,threshold,FE,12000,8000,100,20,13,18,94,1,random,mean,250
2026100712,1250,250,0.71775,0.115583333333,0.00696219240679,1,0.0568,longer,threshold,FE,12000,8000,100,20,13,18,94,1,random,mean,250
2026100713,1250,250,0.498833333333,0.233166666667,0.026985450939,0.8784,0.0672,longer,threshold,FE,12000,8000,100,20,13,18,94,1,random,mean,250
2026100714,1250,250,0.503325,0.294675,0.0215267947261,0.9576,0.0232,longer,threshold,FE,12000,8000,100,20,13,18,94,1,random,mean,250
2026100715,1250,250,0.71373125,0.119602083333,0.0147056648277,1,0.012,longer,threshold,FE,12000,8000,100,20,13,18,94,1,random,mean,250
2026100700,1500,250,0.5703125,0.263020833333,0.0128911929112,1,0.014,longer,threshold,FE,12000,8000,100,20,13,18,94,1,random,mean,250
2026100701,1500,250,0.253622916667,-0.22195625,0.056027927694,0.038,0.0813333333333,longer,threshold,FE,12000,8000,100,20,13,18,94,1,random,mean,250
2026100702,1500,250,0.709895833333,0.1234375,0.00219126197614,1,0.0146666666667,longer,threshold,FE,12000,8000,100,20,13,18,94,1,random,mean,250
2026100703,1500,250,0.625058333333,0.208275,0.00326025105868,1,0.0246666666667,longer,threshold,FE,12000,8000,100,20,13,18,94,1,random,mean,250
2026100704,1500,250,0.62625,0.207083333333,0.0284961679818,1,0.0293333333333,longer,threshold,FE,12000,8000,100,20,13,18,94,1,random,mean,250
2026100705,1500,250,0.4958125,0.2541875,0.0123391011627,0.9,0.024,longer,threshold,FE,12000,8000,100,20,13,18,94,1,random,mean,250
2026100706,1500,250,0.6265625,0.206770833333,0.0164380087108,1,0.016,longer,threshold,FE,12000,8000,100,20,13,18,94,1,random,mean,250
2026100707,1500,250,0.508554166667,0.281779166667,0.0148699906819,0.9484,0.0213333333333,longer,threshold,FE,12000,8000,100,20,13,18,94,1,random,mean,250
2026100708,1500,250,0.566145833333,0.2671875,0.0116395607309,1,0.0346666666667,longer,threshold,FE,12000,8000,100,20,13,18,94,1,random,mean,250
2026100709,1500,250,0.496722916667,0.24594375,0.0273156703735,0.8912,0.0113333333333,longer,threshold,FE,12000,8000,100,20,13,18,94,1,random,mean,250
2026100710,1500,250,0.7203125,0.113020833333,0.0078608015816,1,0.0133333333333,longer,threshold,FE,12000,8000,100,20,13,18,94,1,random,mean,250
2026100711,1500,250,0.558479166667,0.274854166667,0.0222125784663,1,0.0206666666667,longer,threshold,FE,12000,8000,100,20,13,18,94,1,random,mean,250
2026100712,1500,250,0.7203125,0.113020833333,0.00540464830478,1,0.0473333333333,longer,threshold,FE,12000,8000,100,20,13,18,94,1,random,mean,250
2026100713,1500,250,0.498247916667,0.29341875,0.0160265690668,0.95,0.0573333333333,longer,threshold,FE,12000,8000,100,20,13,18,94,1,random,mean,250
2026100714,1500,250,0.514833333333,0.299666666667,0.0212763162516,0.9774,0.022,longer,threshold,FE,12000,8000,100,20,13,18,94,1,random,mean,250
2026100715,1500,250,0.7126125,0.120720833333,0.0111449982697,1,0.0113333333333,longer,threshold,FE,12000,8000,100,20,13,18,94,1,random,mean,250
2026100700,1750,250,0.5703125,0.263020833333,0.0128911929112,1,0.012,longer,threshold,FE,12000,8000,100,20,13,18,94,1,random,mean,250
2026100701,1750,250,0.229766666667,-0.2076,0.0350657523824,0.0266,0.0708571428571,longer,threshold,FE,12000,8000,100,20,13,18,94,1,random,mean,250
2026100702,1750,250,0.709547916667,0.123785416667,0.00252635990778,1,0.0131428571429,longer,threshold,FE,12000,8000,100,20,13,18,94,1,random,mean,250
2026100703,1750,250,0.626041666667,0.207291666667,0.00238203266788,1,0.0211428571429,longer,threshold,FE,12000,8000,100,20,13,18,94,1,random,mean,250
2026100704,1750,250,0.631770833333,0.2015625,0.0260875541663,1,0.0257142857143,longer,threshold,FE,12000,8000,100,20,13,18,94,1,random,mean,250
2026100705,1750,250,0.503091666667,0.273075,0.0154184050084,0.9314,0.0217142857143,longer,threshold,FE,12000,8000,100,20,13,18,94,1,random,mean,250
2026100706,1750,250,0.6265625,0.206770833333,0.0157136862984,1,0.0137142857143,longer,threshold,FE,12000,8000,100,20,13,18,94,1,random,mean,250
2026100707,1750,250,0.511427083333,0.32190625,0.0101023295815,1,0.0188571428571,longer,threshold,FE,12000,8000,100,20,13,18,94,1,random,mean,250
2026100708,1750,250,0.566145833333,0.2671875,0.0116395607309,1,0.0297142857143,longer,threshold,FE,12000,8000,100,20,13,18,94,1,random,mean,250
2026100709,1750,250,0.512920833333,0.269245833333,0.0208737750386,0.9386,0.0102857142857,longer,threshold,FE,12000,8000,100,20,13,18,94,1,random,mean,250
2026100710,1750,250,0.721395833333,0.1119375,0.00811418864026,1,0.012,longer,threshold,FE,12000,8000,100,20,13,18,94,1,random,mean,250
2026100711,1750,250,0.5578125,0.275520833333,0.0220192647579,1,0.0177142857143,longer,threshold,FE,12000,8000,100,20,13,18,94,1,random,mean,250
2026100712,1750,250,0.7203125,0.113020833333,0.00540464830478,1,0.0405714285714,longer,threshold,FE,12000,8000,100,20,13,18,94,1,random,mean,250
2026100713,1750,250,0.511533333333,0.308466666667,0.0142252961161,0.984,0.0502857142857,longer,threshold,FE,12000,8000,100,20,13,18,94,1,random,mean,250
2026100714,1750,250,0.52834375,0.297822916667,0.00953718223398,0.9914,0.02,longer,threshold,FE,12000,8000,100,20,13,18,94,1,random,mean,250
2026100715,1750,250,0.7125,0.120833333333,0.0111066694287,1,0.00971428571429,longer,threshold,FE,12000,8000,100,20,13,18,94,1,random,mean,250
2026100700,2000,250,0.5703125,0.263020833333,0.0128911929112,1,0.0105,longer,threshold,FE,12000,8000,100,20,13,18,94,1,random,mean,250
2026100701,2000,250,0.418166666667,0.0826666666667,0.0324445539025,0.601,0.065,longer,threshold,FE,12000,8000,100,20,13,18,94,1,random,mean,250
2026100702,2000,250,0.709375,0.123958333333,0.00255939902166,1,0.0115,longer,threshold,FE,12000,8000,100,20,13,18,94,1,random,mean,250
2026100703,2000,250,0.626041666667,0.207291666667,0.00238203266788,1,0.0185,longer,threshold,FE,12000,8000,100,20,13,18,94,1,random,mean,250
2026100704,2000,250,0.651441666667,0.181891666667,0.0146271754499,1,0.0235,longer,threshold,FE,12000,8000,100,20,13,18,94,1,random,mean,250
2026100705,2000,250,0.507291666667,0.284375,0.0164778212068,0.95,0.019,longer,threshold,FE,12000,8000,100,20,13,18,94,1,random,mean,250
2026100706,2000,250,0.6265625,0.206770833333,0.0157136862984,1,0.012,longer,threshold,FE,12000,8000,100,20,13,18,94,1,random,mean,250
2026100707,2000,250,0.510975,0.322358333333,0.00981532958153,1,0.017,longer,threshold,FE,12000,8000,100,20,13,18,94,1,random,mean,250
2026100708,2000,250,0.566145833333,0.2671875,0.0116395607309,1,0.026,longer,threshold,FE,12000,8000,100,20,13,18,94,1,random,mean,250
2026100709,2000,250,0.508595833333,0.2462375,0.019769184425,0.9058,0.0105,longer,threshold,FE,12000,8000,100,20,13,18,94,1,random,mean,250
2026100710,2000,250,0.73870625,0.0946270833333,0.00779643419779,1,0.0115,longer,threshold,FE,12000,8000,100,20,13,18,94,1,random,mean,250
2026100711,2000,250,0.5578125,0.275520833333,0.0220192647579,1,0.0155,longer,threshold,FE,12000,8000,100,20,13,18,94,1,random,mean,250
2026100712,2000,250,0.7203125,0.113020833333,0.00540464830478,1,0.0355,longer,threshold,FE,12000,8000,100,20,13,18,94,1,random,mean,250
2026100713,2000,250,0.528104166667,0.266895833333,0.00888825397246,0.954,0.045,longer,threshold,FE,12000,8000,100,20,13,18,94,1,random,mean,250
2026100714,2000,250,0.5296875,0.303645833333,0.0078484375,1,0.018,longer,threshold,FE,12000,8000,100,20,13,18,94,1,random,mean,250
2026100715,2000,250,0.7125,0.120833333333,0.0111066694287,1,0.0085,longer,threshold,FE,12000,8000,100,20,13,18,94,1,random,mean,250
2026100700,2250,250,0.5703125,0.263020833333,0.0128911929112,1,0.00933333333333,longer,threshold,FE,12000,8000,100,20,13,18,94,1,random,mean,250
2026100701,2250,250,0.508622916667,0.324710416667,0.00832900768498,1,0.0591111111111,longer,threshold,FE,12000,8000,100,20,13,18,94,1,random,mean,250
2026100702,2250,250,0.709833333333,0.1235,0.00245612679939,1,0.0111111111111,longer,threshold,FE,12000,8000,100,20,13,18,94,1,random,mean,250
2026100703,2250,250,0.584995833333,0.2483375,0.0137744501253,1,0.0182222222222,longer,threshold,FE,12000,8000,100,20,13,18,94,1,random,mean,250
2026100704,2250,250,0.659375,0.173958333333,0.0100216385504,1,0.0208888888889,longer,threshold,FE,12000,8000,100,20,13,18,94,1,random,mean,250
2026100705,2250,250,0.499079166667,0.257254166667,0.0127631106777,0.9076,0.0182222222222,longer,threshold,FE,12000,8000,100,20,13,18,94,1,random,mean,250
2026100706,2250,250,0.626058333333,0.207275,0.0155784277982,1,0.0111111111111,longer,threshold,FE,12000,8000,100,20,13,18,94,1,random,mean,250
2026100707,2250,250,0.511458333333,0.321875,0.0101221682912,1,0.0151111111111,longer,threshold,FE,12000,8000,100,20,13,18,94,1,random,mean,250
2026100708,2250,250,0.566145833333,0.2671875,0.0116395607309,1,0.0231111111111,longer,threshold,FE,12000,8000,100,20,13,18,94,1,random,mean,250
2026100709,2250,250,0.577679166667,0.255654166667,0.0210242480848,1,0.0102222222222,longer,threshold,FE,12000,8000,100,20,13,18,94,1,random,mean,250
2026100710,2250,250,0.73926875,0.0940645833333,0.00764400790798,1,0.0115555555556,longer,threshold,FE,12000,8000,100,20,13,18,94,1,random,mean,250
2026100711,2250,250,0.5578125,0.275520833333,0.0220192647579,1,0.0137777777778,longer,threshold,FE,12000,8000,100,20,13,18,94,1,random,mean,250
2026100712,2250,250,0.718864583333,0.11446875,0.00584434071158,1,0.0324444444444,longer,threshold,FE,12000,8000,100,20,13,18,94,1,random,mean,250
2026100713,2250,250,0.507095833333,0.242904166667,0.0134541870457,0.9,0.0408888888889,longer,threshold,FE,12000,8000,100,20,13,18,94,1,random,mean,250
2026100714,2250,250,0.53058125,0.302752083333,0.00793513125,1,0.0168888888889,longer,threshold,FE,12000,8000,100,20,13,18,94,1,random,mean,250
2026100715,2250,250,0.714645833333,0.1186875,0.00637849176817,1,0.008,longer,threshold,FE,12000,8000,100,20,13,18,94,1,random,mean,250
2026100700,2500,250,0.5703125,0.263020833333,0.0128911929112,1,0.0084,longer,threshold,FE,12000,8000,100,20,13,18,94,1,random,mean,250
2026100701,2500,250,0.510739583333,0.303427083333,0.00776696062992,0.977,0.0536,longer,threshold,FE,12000,8000,100,20,13,18,94,1,random,mean,250
2026100702,2500,250,0.711066666667,0.122266666667,0.00301305669899,1,0.0116,longer,threshold,FE,12000,8000,100,20,13,18,94,1,random,mean,250
2026100703,2500,250,0.553525,0.279808333333,0.0153851183436,1,0.0172,longer,threshold,FE,12000,8000,100,20,13,18,94,1,random,mean,250
2026100704,2500,250,0.646397916667,0.186935416667,0.0123605591215,1,0.0196,longer,threshold,FE,12000,8000,100,20,13,18,94,1,random,mean,250
2026100705,2500,250,0.497395833333,0.252604166667,0.0123037676609,0.9,0.0164,longer,threshold,FE,12000,8000,100,20,13,18,94,1,random,mean,250
2026100706,2500,250,0.617429166667,0.215904166667,0.0178693648116,1,0.0108,longer,threshold,FE,12000,8000,100,20,13,18,94,1,random,mean,250
2026100707,2500,250,0.511458333333,0.321875,0.0101221682912,1,0.0136,longer,threshold,FE,12000,8000,100,20,13,18,94,1,random,mean,250
2026100708,2500,250,0.577852083333,0.249814583333,0.0186396017397,0.9932,0.0228,longer,threshold,FE,12000,8000,100,20,13,18,94,1,random,mean,250
2026100709,2500,250,0.6408375,0.192495833333,0.0197893746074,1,0.0096,longer,threshold,FE,12000,8000,100,20,13,18,94,1,random,mean,250
2026100710,2500,250,0.7345125,0.0988208333333,0.0101055807197,1,0.012,longer,threshold,FE,12000,8000,100,20,13,18,94,1,random,mean,250
2026100711,2500,250,0.561108333333,0.272225,0.0207018409497,1,0.0132,longer,threshold,FE,12000,8000,100,20,13,18,94,1,random,mean,250
2026100712,2500,250,0.709964583333,0.12336875,0.0055067268695,1,0.0304,longer,threshold,FE,12000,8000,100,20,13,18,94,1,random,mean,250
2026100713,2500,250,0.50589375,0.24410625,0.0129952662291,0.9,0.0372,longer,threshold,FE,12000,8000,100,20,13,18,94,1,random,mean,250
2026100714,2500,250,0.53125,0.302083333333,0.008,1,0.0152,longer,threshold,FE,12000,8000,100,20,13,18,94,1,random,mean,250
2026100715,2500,250,0.715104166667,0.118229166667,0.00536858974359,1,0.0072,longer,threshold,FE,12000,8000,100,20,13,18,94,1,random,mean,250
2026100700,2750,250,0.572925,0.260408333333,0.0123909590323,1,0.008,longer,threshold,FE,12000,8000,100,20,13,18,94,1,random,mean,250
2026100701,2750,250,0.509895833333,0.281770833333,0.00901496062992,0.95,0.0487272727273,longer,threshold,FE,12000,8000,100,20,13,18,94,1,random,mean,250
2026100702,2750,250,0.71079375,0.122539583333,0.000923246015754,1,0.0112727272727,longer,threshold,FE,12000,8000,100,20,13,18,94,1,random,mean,250
2026100703,2750,250,0.553125,0.280208333333,0.0150658469395,1,0.0156363636364,longer,threshold,FE,12000,8000,100,20,13,18,94,1,random,mean,250
2026100704,2750,250,0.640104166667,0.193229166667,0.0109932546014,1,0.0181818181818,longer,threshold,FE,12000,8000,100,20,13,18,94,1,random,mean,250
2026100705,2750,250,0.497395833333,0.252604166667,0.0123037676609,0.9,0.0149090909091,longer,threshold,FE,12000,8000,100,20,13,18,94,1,random,mean,250
2026100706,2750,250,0.617491666667,0.215841666667,0.0187197188641,1,0.0101818181818,longer,threshold,FE,12000,8000,100,20,13,18,94,1,random,mean,250
2026100707,2750,250,0.50788125,0.271785416667,0.0127646965207,0.9356,0.0130909090909,longer,threshold,FE,12000,8000,100,20,13,18,94,1,random,mean,250
2026100708,2750,250,0.564608333333,0.268725,0.0119520285274,1,0.0218181818182,longer,threshold,FE,12000,8000,100,20,13,18,94,1,random,mean,250
2026100709,2750,250,0.64781875,0.185514583333,0.0187880549876,1,0.00981818181818,longer,threshold,FE,12000,8000,100,20,13,18,94,1,random,mean,250
2026100710,2750,250,0.740485416667,0.0928479166667,0.00787641402192,1,0.0116363636364,longer,threshold,FE,12000,8000,100,20,13,18,94,1,random,mean,250
2026100711,2750,250,0.565104166667,0.268229166667,0.019104610315,1,0.012,longer,threshold,FE,12000,8000,100,20,13,18,94,1,random,mean,250
2026100712,2750,250,0.7104,0.122933333333,0.00565661133083,1,0.028,longer,threshold,FE,12000,8000,100,20,13,18,94,1,random,mean,250
2026100713,2750,250,0.506433333333,0.2509,0.0112701279728,0.9088,0.0341818181818,longer,threshold,FE,12000,8000,100,20,13,18,94,1,random,mean,250
2026100714,2750,250,0.5304,0.302933333333,0.0084488,1,0.0141818181818,longer,threshold,FE,12000,8000,100,20,13,18,94,1,random,mean,250
2026100715,2750,250,0.713770833333,0.1195625,0.00751751679532,1,0.00690909090909,longer,threshold,FE,12000,8000,100,20,13,18,94,1,random,mean,250
2026100700,3000,250,0.580208333333,0.253125,0.0109963676122,1,0.00733333333333,longer,threshold,FE,12000,8000,100,20,13,18,94,1,random,mean,250
2026100701,3000,250,0.509895833333,0.281770833333,0.00901496062992,0.95,0.0446666666667,longer,threshold,FE,12000,8000,100,20,13,18,94,1,random,mean,250
2026100702,3000,250,0.7109375,0.122395833333,0.000849514563107,1,0.0106666666667,longer,threshold,FE,12000,8000,100,20,13,18,94,1,random,mean,250
2026100703,3000,250,0.5708375,0.262495833333,0.00959224771142,1,0.0146666666667,longer,threshold,FE,12000,8000,100,20,13,18,94,1,random,mean,250
2026100704,3000,250,0.640104166667,0.193229166667,0.0109932546014,1,0.0166666666667,longer,threshold,FE,12000,8000,100,20,13,18,94,1,random,mean,250
2026100705,3000,250,0.497525,0.252475,0.0122623045526,0.9,0.014,longer,threshold,FE,12000,8000,100,20,13,18,94,1,random,mean,250
2026100706,3000,250,0.619791666667,0.213541666667,0.0211169452358,1,0.00933333333333,longer,threshold,FE,12000,8000,100,20,13,18,94,1,random,mean,250
2026100707,3000,250,0.50581875,0.24418125,0.0144812101486,0.9,0.0126666666667,longer,threshold,FE,12000,8000,100,20,13,18,94,1,random,mean,250
2026100708,3000,250,0.553014583333,0.28031875,0.00763491594813,1,0.022,longer,threshold,FE,12000,8000,100,20,13,18,94,1,random,mean,250
2026100709,3000,250,0.638279166667,0.195054166667,0.0113889262884,1,0.00933333333333,longer,threshold,FE,12000,8000,100,20,13,18,94,1,random,mean,250
2026100710,3000,250,0.739135416667,0.0941979166667,0.00801653189578,1,0.011,longer,threshold,FE,12000,8000,100,20,13,18,94,1,random,mean,250
2026100711,3000,250,0.562160416667,0.271172916667,0.0164605246661,1,0.0123333333333,longer,threshold,FE,12000,8000,100,20,13,18,94,1,random,mean,250
2026100712,3000,250,0.7109375,0.122395833333,0.00582884097035,1,0.0256666666667,longer,threshold,FE,12000,8000,100,20,13,18,94,1,random,mean,250
2026100713,3000,250,0.507291666667,0.284375,0.00943991634573,0.95,0.0316666666667,longer,threshold,FE,12000,8000,100,20,13,18,94,1,random,mean,250
2026100714,3000,250,0.5296875,0.303645833333,0.008825,1,0.013,longer,threshold,FE,12000,8000,100,20,13,18,94,1,random,mean,250
2026100715,3000,250,0.71205,0.121283333333,0.0101252555331,1,0.007,longer,threshold,FE,12000,8000,100,20,13,18,94,1,random,mean,250
2026100700,3250,250,0.582722916667,0.250610416667,0.00966889198499,1,0.00707692307692,longer,threshold,FE,12000,8000,100,20,13,18,94,1,random,mean,250
2026100701,3250,250,0.514272916667,0.28839375,0.00908792718952,0.9632,0.0424615384615,longer,threshold,FE,12000,8000,100,20,13,18,94,1,random,mean,250
2026100702,3250,250,0.7109375,0.122395833333,0.000849514563107,1,0.00984615384615,longer,threshold,FE,12000,8000,100,20,13,18,94,1,random,mean,250
2026100703,3250,250,0.580810416667,0.252522916667,0.00495822420072,1,0.0147692307692,longer,threshold,FE,12000,8000,100,20,13,18,94,1,random,mean,250
2026100704,3250,250,0.6332375,0.200095833333,0.0136758531825,1,0.0156923076923,longer,threshold,FE,12000,8000,100,20,13,18,94,1,random,mean,250
2026100705,3250,250,0.4984375,0.2515625,0.0119693877551,0.9,0.0129230769231,longer,threshold,FE,12000,8000,100,20,13,18,94,1,random,mean,250
2026100706,3250,250,0.625739583333,0.20759375,0.0159922352629,1,0.00953846153846,longer,threshold,FE,12000,8000,100,20,13,18,94,1,random,mean,250
2026100707,3250,250,0.505729166667,0.244270833333,0.0144136000857,0.9,0.0116923076923,longer,threshold,FE,12000,8000,100,20,13,18,94,1,random,mean,250
2026100708,3250,250,0.547883333333,0.28545,0.00498042551044,1,0.0206153846154,longer,threshold,FE,12000,8000,100,20,13,18,94,1,random,mean,250
2026100709,3250,250,0.634895833333,0.1984375,0.0102904797601,1,0.00861538461538,longer,threshold,FE,12000,8000,100,20,13,18,94,1,random,mean,250
2026100710,3250,250,0.738329166667,0.0950041666667,0.0082597811911,1,0.0107692307692,longer,threshold,FE,12000,8000,100,20,13,18,94,1,random,mean,250
2026100711,3250,250,0.590375,0.242958333333,0.00864867152502,1,0.0126153846154,longer,threshold,FE,12000,8000,100,20,13,18,94,1,random,mean,250
2026100712,3250,250,0.7109375,0.122395833333,0.00582884097035,1,0.0236923076923,longer,threshold,FE,12000,8000,100,20,13,18,94,1,random,mean,250
2026100713,3250,250,0.507291666667,0.284375,0.00916111447608,0.95,0.0292307692308,longer,threshold,FE,12000,8000,100,20,13,18,94,1,random,mean,250
2026100714,3250,250,0.5296875,0.303645833333,0.008825,1,0.012,longer,threshold,FE,12000,8000,100,20,13,18,94,1,random,mean,250
2026100715,3250,250,0.70876875,0.124564583333,0.00756227446237,1,0.00676923076923,longer,threshold,FE,12000,8000,100,20,13,18,94,1,random,mean,250
2026100700,3500,250,0.5890625,0.244270833333,0.00632215765731,1,0.00657142857143,longer,threshold,FE,12000,8000,100,20,13,18,94,1,random,mean,250
2026100701,3500,250,0.5100125,0.3029875,0.00767782657168,0.9756,0.0402857142857,longer,threshold,FE,12000,8000,100,20,13,18,94,1,random,mean,250
2026100702,3500,250,0.710425,0.122908333333,0.000841553398058,1,0.00942857142857,longer,threshold,FE,12000,8000,100,20,13,18,94,1,random,mean,250
2026100703,3500,250,0.584895833333,0.2484375,0.00243377011822,1,0.0137142857143,longer,threshold,FE,12000,8000,100,20,13,18,94,1,random,mean,250
2026100704,3500,250,0.631833333333,0.2015,0.0142197882552,1,0.0148571428571,longer,threshold,FE,12000,8000,100,20,13,18,94,1,random,mean,250
2026100705,3500,250,0.498345833333,0.251654166667,0.011899408902,0.9,0.0122857142857,longer,threshold,FE,12000,8000,100,20,13,18,94,1,random,mean,250
2026100706,3500,250,0.6265625,0.206770833333,0.0154924473604,1,0.00914285714286,longer,threshold,FE,12000,8000,100,20,13,18,94,1,random,mean,250
2026100707,3500,250,0.505345833333,0.2599875,0.014428294187,0.9184,0.0111428571429,longer,threshold,FE,12000,8000,100,20,13,18,94,1,random,mean,250
2026100708,3500,250,0.548025,0.285308333333,0.00507846348726,1,0.0197142857143,longer,threshold,FE,12000,8000,100,20,13,18,94,1,random,mean,250
2026100709,3500,250,0.63515,0.198183333333,0.0101164919631,1,0.00885714285714,longer,threshold,FE,12000,8000,100,20,13,18,94,1,random,mean,250
2026100710,3500,250,0.575489583333,0.214177083333,0.0187881009762,0.9476,0.0111428571429,longer,threshold,FE,12000,8000,100,20,13,18,94,1,random,mean,250
2026100711,3500,250,0.572141666667,0.190191666667,0.0143294970894,0.9148,0.012,longer,threshold,FE,12000,8000,100,20,13,18,94,1,random,mean,250
2026100712,3500,250,0.710770833333,0.1225625,0.0059861410602,1,0.0222857142857,longer,threshold,FE,12000,8000,100,20,13,18,94,1,random,mean,250
2026100713,3500,250,0.507291666667,0.284375,0.00916111447608,0.95,0.0271428571429,longer,threshold,FE,12000,8000,100,20,13,18,94,1,random,mean,250
2026100714,3500,250,0.5296875,0.303645833333,0.008825,1,0.0111428571429,longer,threshold,FE,12000,8000,100,20,13,18,94,1,random,mean,250
2026100715,3500,250,0.7078125,0.125520833333,0.00693452380952,1,0.00628571428571,longer,threshold,FE,12000,8000,100,20,13,18,94,1,random,mean,250
2026100700,3750,250,0.5890625,0.244270833333,0.00632215765731,1,0.00613333333333,longer,threshold,FE,12000,8000,100,20,13,18,94,1,random,mean,250
2026100701,3750,250,0.499535416667,0.29213125,0.00531041019873,0.95,0.0378666666667,longer,threshold,FE,12000,8000,100,20,13,18,94,1,random,mean,250
2026100702,3750,250,0.710708333333,0.122625,0.00141391585761,1,0.00933333333333,longer,threshold,FE,12000,8000,100,20,13,18,94,1,random,mean,250
2026100703,3750,250,0.585291666667,0.248041666667,0.00236534862981,1,0.0133333333333,longer,threshold,FE,12000,8000,100,20,13,18,94,1,random,mean,250
2026100704,3750,250,0.641052083333,0.19228125,0.0107522571578,1,0.0141333333333,longer,threshold,FE,12000,8000,100,20,13,18,94,1,random,mean,250
2026100705,3750,250,0.496354166667,0.253645833333,0.010378959276,0.9,0.0114666666667,longer,threshold,FE,12000,8000,100,20,13,18,94,1,random,mean,250
2026100706,3750,250,0.626341666667,0.206991666667,0.0153481975477,1,0.00906666666667,longer,threshold,FE,12000,8000,100,20,13,18,94,1,random,mean,250
2026100707,3750,250,0.5027375,0.282929166667,0.0164060469802,0.9428,0.0106666666667,longer,threshold,FE,12000,8000,100,20,13,18,94,1,random,mean,250
2026100708,3750,250,0.547916666667,0.285416666667,0.00500071901064,1,0.0184,longer,threshold,FE,12000,8000,100,20,13,18,94,1,random,mean,250
2026100709,3750,250,0.638525,0.194808333333,0.0103368236412,1,0.00853333333333,longer,threshold,FE,12000,8000,100,20,13,18,94,1,random,mean,250
2026100710,3750,250,0.532291666667,0.259375,0.0152179487179,0.95,0.0104,longer,threshold,FE,12000,8000,100,20,13,18,94,1,random,mean,250
2026100711,3750,250,0.57811875,0.23788125,0.00873632566073,0.9792,0.012,longer,threshold,FE,12000,8000,100,20,13,18,94,1,random,mean,250
2026100712,3750,250,0.708854166667,0.124479166667,0.00779509209344,1,0.0208,longer,threshold,FE,12000,8000,100,20,13,18,94,1,random,mean,250
2026100713,3750,250,0.507291666667,0.284375,0.00916111447608,0.95,0.0256,longer,threshold,FE,12000,8000,100,20,13,18,94,1,random,mean,250
2026100714,3750,250,0.530033333333,0.3033,0.00864527559055,1,0.0106666666667,longer,threshold,FE,12000,8000,100,20,13,18,94,1,random,mean,250
2026100715,3750,250,0.7086,0.124733333333,0.00661211354082,1,0.00613333333333,longer,threshold,FE,12000,8000,100,20,13,18,94,1,random,mean,250
2026100700,4000,250,0.5890625,0.244270833333,0.00632215765731,1,0.00575,longer,threshold,FE,12000,8000,100,20,13,18,94,1,random,mean,250
2026100701,4000,250,0.499289583333,0.30404375,0.00267153287982,0.964,0.0365,longer,threshold,FE,12000,8000,100,20,13,18,94,1,random,mean,250
2026100702,4000,250,0.711829166667,0.121504166667,0.00400619161019,1,0.00925,longer,threshold,FE,12000,8000,100,20,13,18,94,1,random,mean,250
2026100703,4000,250,0.583854166667,0.249479166667,0.00260679271709,1,0.0125,longer,threshold,FE,12000,8000,100,20,13,18,94,1,random,mean,250
2026100704,4000,250,0.643885416667,0.170947916667,0.0160232670661,0.9778,0.014,longer,threshold,FE,12000,8000,100,20,13,18,94,1,random,mean,250
2026100705,4000,250,0.496354166667,0.253645833333,0.010378959276,0.9,0.01075,longer,threshold,FE,12000,8000,100,20,13,18,94,1,random,mean,250
2026100706,4000,250,0.625520833333,0.2078125,0.015001874063,1,0.0085,longer,threshold,FE,12000,8000,100,20,13,18,94,1,random,mean,250
2026100707,4000,250,0.491145833333,0.258854166667,0.0280126774267,0.9,0.01,longer,threshold,FE,12000,8000,100,20,13,18,94,1,random,mean,250
2026100708,4000,250,0.547975,0.285358333333,0.00497286186555,1,0.01775,longer,threshold,FE,12000,8000,100,20,13,18,94,1,random,mean,250
2026100709,4000,250,0.6353625,0.197970833333,0.00895756184468,1,0.0085,longer,threshold,FE,12000,8000,100,20,13,18,94,1,random,mean,250
2026100710,4000,250,0.532291666667,0.259375,0.0152179487179,0.95,0.00975,longer,threshold,FE,12000,8000,100,20,13,18,94,1,random,mean,250
2026100711,4000,250,0.581770833333,0.2515625,0.00728221108251,1,0.01125,longer,threshold,FE,12000,8000,100,20,13,18,94,1,random,mean,250
2026100712,4000,250,0.708854166667,0.124479166667,0.00779509209344,1,0.0195,longer,threshold,FE,12000,8000,100,20,13,18,94,1,random,mean,250
2026100713,4000,250,0.507291666667,0.284375,0.00916111447608,0.95,0.024,longer,threshold,FE,12000,8000,100,20,13,18,94,1,random,mean,250
2026100714,4000,250,0.530208333333,0.303125,0.00855433070866,1,0.01,longer,threshold,FE,12000,8000,100,20,13,18,94,1,random,mean,250
2026100715,4000,250,0.711791666667,0.121541666667,0.00550228493067,1,0.0065,longer,threshold,FE,12000,8000,100,20,13,18,94,1,random,mean,250
2026100700,4250,250,0.5890625,0.244270833333,0.00667290233834,1,0.00564705882353,longer,threshold,FE,12000,8000,100,20,13,18,94,1,random,mean,250
2026100701,4250,250,0.500925,0.332408333333,0.000418005952381,1,0.0345882352941,longer,threshold,FE,12000,8000,100,20,13,18,94,1,random,mean,250
2026100702,4250,250,0.711979166667,0.121354166667,0.00441472797216,1,0.00870588235294,longer,threshold,FE,12000,8000,100,20,13,18,94,1,random,mean,250
2026100703,4250,250,0.583675,0.249658333333,0.00249602767553,1,0.012,longer,threshold,FE,12000,8000,100,20,13,18,94,1,random,mean,250
2026100704,4250,250,0.656770833333,0.1765625,0.0105246523388,1,0.0131764705882,longer,threshold,FE,12000,8000,100,20,13,18,94,1,random,mean,250
2026100705,4250,250,0.496354166667,0.253645833333,0.010378959276,0.9,0.0101176470588,longer,threshold,FE,12000,8000,100,20,13,18,94,1,random,mean,250
2026100706,4250,250,0.625520833333,0.2078125,0.015001874063,1,0.008,longer,threshold,FE,12000,8000,100,20,13,18,94,1,random,mean,250
2026100707,4250,250,0.491145833333,0.258854166667,0.0280126774267,0.9,0.00941176470588,longer,threshold,FE,12000,8000,100,20,13,18,94,1,random,mean,250
2026100708,4250,250,0.55,0.283333333333,0.00596726190476,1,0.0167058823529,longer,threshold,FE,12000,8000,100,20,13,18,94,1,random,mean,250
2026100709,4250,250,0.634895833333,0.1984375,0.00897910187956,1,0.008,longer,threshold,FE,12000,8000,100,20,13,18,94,1,random,mean,250
2026100710,4250,250,0.532291666667,0.259375,0.0152179487179,0.95,0.00917647058824,longer,threshold,FE,12000,8000,100,20,13,18,94,1,random,mean,250
2026100711,4250,250,0.581770833333,0.2515625,0.00728221108251,1,0.0105882352941,longer,threshold,FE,12000,8000,100,20,13,18,94,1,random,mean,250
2026100712,4250,250,0.708854166667,0.124479166667,0.00779509209344,1,0.0183529411765,longer,threshold,FE,12000,8000,100,20,13,18,94,1,random,mean,250
2026100713,4250,250,0.5057875,0.279545833333,0.00893991919336,0.9424,0.0228235294118,longer,threshold,FE,12000,8000,100,20,13,18,94,1,random,mean,250
2026100714,4250,250,0.530208333333,0.303125,0.00855433070866,1,0.00941176470588,longer,threshold,FE,12000,8000,100,20,13,18,94,1,random,mean,250
2026100715,4250,250,0.71345625,0.119877083333,0.00827161026704,1,0.00658823529412,longer,threshold,FE,12000,8000,100,20,13,18,94,1,random,mean,250
2026100700,4500,250,0.5890625,0.244270833333,0.00747592305542,1,0.00533333333333,longer,threshold,FE,12000,8000,100,20,13,18,94,1,random,mean,250
2026100701,4500,250,0.5,0.333333333333,0.0005859375,1,0.0328888888889,longer,threshold,FE,12000,8000,100,20,13,18,94,1,random,mean,250
2026100702,4500,250,0.711979166667,0.121354166667,0.00441472797216,1,0.00822222222222,longer,threshold,FE,12000,8000,100,20,13,18,94,1,random,mean,250
2026100703,4500,250,0.5828125,0.250520833333,0.00196280991736,1,0.0113333333333,longer,threshold,FE,12000,8000,100,20,13,18,94,1,random,mean,250
2026100704,4500,250,0.653860416667,0.179472916667,0.0127595290381,1,0.0126666666667,longer,threshold,FE,12000,8000,100,20,13,18,94,1,random,mean,250
2026100705,4500,250,0.496354166667,0.253645833333,0.010378959276,0.9,0.00955555555556,longer,threshold,FE,12000,8000,100,20,13,18,94,1,random,mean,250
2026100706,4500,250,0.625520833333,0.2078125,0.015001874063,1,0.00755555555556,longer,threshold,FE,12000,8000,100,20,13,18,94,1,random,mean,250
2026100707,4500,250,0.491145833333,0.258854166667,0.0280126774267,0.9,0.00888888888889,longer,threshold,FE,12000,8000,100,20,13,18,94,1,random,mean,250
2026100708,4500,250,0.55,0.283333333333,0.00596726190476,1,0.0157777777778,longer,threshold,FE,12000,8000,100,20,13,18,94,1,random,mean,250
2026100709,4500,250,0.634895833333,0.1984375,0.00897910187956,1,0.00755555555556,longer,threshold,FE,12000,8000,100,20,13,18,94,1,random,mean,250
2026100710,4500,250,0.532291666667,0.259375,0.0152179487179,0.95,0.00866666666667,longer,threshold,FE,12000,8000,100,20,13,18,94,1,random,mean,250
2026100711,4500,250,0.581770833333,0.2515625,0.00728221108251,1,0.01,longer,threshold,FE,12000,8000,100,20,13,18,94,1,random,mean,250
2026100712,4500,250,0.708854166667,0.124479166667,0.00779509209344,1,0.0173333333333,longer,threshold,FE,12000,8000,100,20,13,18,94,1,random,mean,250
2026100713,4500,250,0.496483333333,0.253516666667,0.0087840361991,0.9,0.0217777777778,longer,threshold,FE,12000,8000,100,20,13,18,94,1,random,mean,250
2026100714,4500,250,0.5301,0.303233333333,0.00861062992126,1,0.00911111111111,longer,threshold,FE,12000,8000,100,20,13,18,94,1,random,mean,250
2026100715,4500,250,0.714583333333,0.11875,0.0126034038264,1,0.00622222222222,longer,threshold,FE,12000,8000,100,20,13,18,94,1,random,mean,250
2026100700,4750,250,0.5890625,0.244270833333,0.00747592305542,1,0.00505263157895,longer,threshold,FE,12000,8000,100,20,13,18,94,1,random,mean,250
2026100701,4750,250,0.499891666667,0.324775,0.000835491071429,0.9896,0.0313684210526,longer,threshold,FE,12000,8000,100,20,13,18,94,1,random,mean,250
2026100702,4750,250,0.711979166667,0.121354166667,0.00441472797216,1,0.00778947368421,longer,threshold,FE,12000,8000,100,20,13,18,94,1,random,mean,250
2026100703,4750,250,0.5828125,0.250520833333,0.00196280991736,1,0.0107368421053,longer,threshold,FE,12000,8000,100,20,13,18,94,1,random,mean,250
2026100704,4750,250,0.651041666667,0.182291666667,0.0149240159202,1,0.012,longer,threshold,FE,12000,8000,100,20,13,18,94,1,random,mean,250
2026100705,4750,250,0.496354166667,0.253645833333,0.010378959276,0.9,0.00905263157895,longer,threshold,FE,12000,8000,100,20,13,18,94,1,random,mean,250
2026100706,4750,250,0.625520833333,0.2078125,0.015001874063,1,0.00715789473684,longer,threshold,FE,12000,8000,100,20,13,18,94,1,random,mean,250
2026100707,4750,250,0.491845833333,0.262154166667,0.0264098574526,0.9048,0.00863157894737,longer,threshold,FE,12000,8000,100,20,13,18,94,1,random,mean,250
2026100708,4750,250,0.5493875,0.283945833333,0.00622424718488,1,0.0153684210526,longer,threshold,FE,12000,8000,100,20,13,18,94,1,random,mean,250
2026100709,4750,250,0.627397916667,0.205935416667,0.0113619482286,1,0.00778947368421,longer,threshold,FE,12000,8000,100,20,13,18,94,1,random,mean,250
2026100710,4750,250,0.531570833333,0.260095833333,0.0158289306857,0.95,0.00842105263158,longer,threshold,FE,12000,8000,100,20,13,18,94,1,random,mean,250
2026100711,4750,250,0.581770833333,0.2515625,0.00728221108251,1,0.00989473684211,longer,threshold,FE,12000,8000,100,20,13,18,94,1,random,mean,250
2026100712,4750,250,0.708854166667,0.124479166667,0.00779509209344,1,0.0164210526316,longer,threshold,FE,12000,8000,100,20,13,18,94,1,random,mean,250
2026100713,4750,250,0.496354166667,0.253645833333,0.00893665158371,0.9,0.0206315789474,longer,threshold,FE,12000,8000,100,20,13,18,94,1,random,mean,250
2026100714,4750,250,0.5296875,0.303645833333,0.008825,1,0.00863157894737,longer,threshold,FE,12000,8000,100,20,13,18,94,1,random,mean,250
2026100715,4750,250,0.712558333333,0.120775,0.00811414063849,1,0.00610526315789,longer,threshold,FE,12000,8000,100,20,13,18,94,1,random,mean,250
2026100700,5000,250,0.5890625,0.244270833333,0.00747592305542,1,0.0048,longer,threshold,FE,12000,8000,100,20,13,18,94,1,random,mean,250
2026100701,5000,250,0.499533333333,0.306466666667,0.00137701237345,0.9672,0.0302,longer,threshold,FE,12000,8000,100,20,13,18,94,1,random,mean,250
2026100702,5000,250,0.712320833333,0.1210125,0.00419665070351,1,0.0076,longer,threshold,FE,12000,8000,100,20,13,18,94,1,random,mean,250
2026100703,5000,250,0.5828125,0.250520833333,0.00196280991736,1,0.0102,longer,threshold,FE,12000,8000,100,20,13,18,94,1,random,mean,250
2026100704,5000,250,0.656935416667,0.176397916667,0.00864902619709,1,0.012,longer,threshold,FE,12000,8000,100,20,13,18,94,1,random,mean,250
2026100705,5000,250,0.496354166667,0.253645833333,0.010378959276,0.9,0.0086,longer,threshold,FE,12000,8000,100,20,13,18,94,1,random,mean,250
2026100706,5000,250,0.6256125,0.207720833333,0.01500610646,1,0.007,longer,threshold,FE,12000,8000,100,20,13,18,94,1,random,mean,250
2026100707,5000,250,0.498683333333,0.292983333333,0.0115248713235,0.95,0.0084,longer,threshold,FE,12000,8000,100,20,13,18,94,1,random,mean,250
2026100708,5000,250,0.54876875,0.284564583333,0.00941256878658,1,0.0152,longer,threshold,FE,12000,8000,100,20,13,18,94,1,random,mean,250
2026100709,5000,250,0.625645833333,0.2076875,0.00530626691391,1,0.0078,longer,threshold,FE,12000,8000,100,20,13,18,94,1,random,mean,250
2026100710,5000,250,0.53125,0.260416666667,0.0161008706367,0.95,0.008,longer,threshold,FE,12000,8000,100,20,13,18,94,1,random,mean,250
2026100711,5000,250,0.581770833333,0.2515625,0.00728221108251,1,0.0096,longer,threshold,FE,12000,8000,100,20,13,18,94,1,random,mean,250
2026100712,5000,250,0.708733333333,0.1246,0.00597278279368,1,0.016,longer,threshold,FE,12000,8000,100,20,13,18,94,1,random,mean,250
2026100713,5000,250,0.49666875,0.25333125,0.00851029864253,0.9,0.0198,longer,threshold,FE,12000,8000,100,20,13,18,94,1,random,mean,250
2026100714,5000,250,0.5303,0.294866666667,0.00961773286463,0.9902,0.0084,longer,threshold,FE,12000,8000,100,20,13,18,94,1,random,mean,250
2026100715,5000,250,0.711458333333,0.121875,0.00567552853643,1,0.0058,longer,threshold,FE,12000,8000,100,20,13,18,94,1,random,mean,250
2026100700,5250,250,0.5890625,0.244270833333,0.00747592305542,1,0.00457142857143,longer,threshold,FE,12000,8000,100,20,13,18,94,1,random,mean,250
2026100701,5250,250,0.500520833333,0.3328125,0.00108267716535,1,0.0287619047619,longer,threshold,FE,12000,8000,100,20,13,18,94,1,random,mean,250
2026100702,5250,250,0.7125,0.120833333333,0.00408229311142,1,0.0072380952381,longer,threshold,FE,12000,8000,100,20,13,18,94,1,random,mean,250
2026100703,5250,250,0.581941666667,0.251391666667,0.00248099173554,1,0.00990476190476,longer,threshold,FE,12000,8000,100,20,13,18,94,1,random,mean,250
2026100704,5250,250,0.663675,0.169658333333,0.00300009315324,1,0.011619047619,longer,threshold,FE,12000,8000,100,20,13,18,94,1,random,mean,250
2026100705,5250,250,0.496354166667,0.253645833333,0.010378959276,0.9,0.00819047619048,longer,threshold,FE,12000,8000,100,20,13,18,94,1,random,mean,250
2026100706,5250,250,0.6265625,0.206770833333,0.0150499694843,1,0.00666666666667,longer,threshold,FE,12000,8000,100,20,13,18,94,1,random,mean,250
2026100707,5250,250,0.498958333333,0.292708333333,0.0117578125,0.95,0.008,longer,threshold,FE,12000,8000,100,20,13,18,94,1,random,mean,250
2026100708,5250,250,0.546160416667,0.287172916667,0.00785219441648,1,0.0146666666667,longer,threshold,FE,12000,8000,100,20,13,18,94,1,random,mean,250
2026100709,5250,250,0.625079166667,0.208254166667,0.00324870088981,1,0.00761904761905,longer,threshold,FE,12000,8000,100,20,13,18,94,1,random,mean,250
2026100710,5250,250,0.53125,0.260416666667,0.0161008706367,0.95,0.00761904761905,longer,threshold,FE,12000,8000,100,20,13,18,94,1,random,mean,250
2026100711,5250,250,0.5814375,0.251895833333,0.00731419828763,1,0.00933333333333,longer,threshold,FE,12000,8000,100,20,13,18,94,1,random,mean,250
2026100712,5250,250,0.70826875,0.125064583333,0.00714486650141,1,0.015619047619,longer,threshold,FE,12000,8000,100,20,13,18,94,1,random,mean,250
2026100713,5250,250,0.496875,0.253125,0.00823076923077,0.9,0.0188571428571,longer,threshold,FE,12000,8000,100,20,13,18,94,1,random,mean,250
2026100714,5250,250,0.520889583333,0.287110416667,0.014858709831,0.9696,0.00838095238095,longer,threshold,FE,12000,8000,100,20,13,18,94,1,random,mean,250
2026100715,5250,250,0.711458333333,0.121875,0.00567552853643,1,0.00571428571429,longer,threshold,FE,12000,8000,100,20,13,18,94,1,random,mean,250
2026100700,5500,250,0.5890625,0.244270833333,0.00747592305542,1,0.00436363636364,longer,threshold,FE,12000,8000,100,20,13,18,94,1,random,mean,250
2026100701,5500,250,0.500520833333,0.3328125,0.00108267716535,1,0.0274545454545,longer,threshold,FE,12000,8000,100,20,13,18,94,1,random,mean,250
2026100702,5500,250,0.7125,0.120833333333,0.00408229311142,1,0.00709090909091,longer,threshold,FE,12000,8000,100,20,13,18,94,1,random,mean,250
2026100703,5500,250,0.572916666667,0.260416666667,0.00785123966942,1,0.00945454545455,longer,threshold,FE,12000,8000,100,20,13,18,94,1,random,mean,250
2026100704,5500,250,0.65625,0.177083333333,0.00774336283186,1,0.0110909090909,longer,threshold,FE,12000,8000,100,20,13,18,94,1,random,mean,250
2026100705,5500,250,0.496325,0.253675,0.0109599462136,0.9,0.00836363636364,longer,threshold,FE,12000,8000,100,20,13,18,94,1,random,mean,250
2026100706,5500,250,0.6265625,0.206770833333,0.0150499694843,1,0.00636363636364,longer,threshold,FE,12000,8000,100,20,13,18,94,1,random,mean,250
2026100707,5500,250,0.507302083333,0.32253125,0.00717633983032,0.9958,0.00818181818182,longer,threshold,FE,12000,8000,100,20,13,18,94,1,random,mean,250
2026100708,5500,250,0.546354166667,0.286979166667,0.00782901395786,1,0.014,longer,threshold,FE,12000,8000,100,20,13,18,94,1,random,mean,250
2026100709,5500,250,0.625,0.208333333333,0.0032002676182,1,0.00727272727273,longer,threshold,FE,12000,8000,100,20,13,18,94,1,random,mean,250
2026100710,5500,250,0.53125,0.260416666667,0.0161008706367,0.95,0.00727272727273,longer,threshold,FE,12000,8000,100,20,13,18,94,1,random,mean,250
2026100711,5500,250,0.58125,0.252083333333,0.00733219109051,1,0.00890909090909,longer,threshold,FE,12000,8000,100,20,13,18,94,1,random,mean,250
2026100712,5500,250,0.707760416667,0.125572916667,0.00323678670186,1,0.0152727272727,longer,threshold,FE,12000,8000,100,20,13,18,94,1,random,mean,250
2026100713,5500,250,0.496875,0.253125,0.00823076923077,0.9,0.018,longer,threshold,FE,12000,8000,100,20,13,18,94,1,random,mean,250
2026100714,5500,250,0.501935416667,0.306064583333,0.0193595826509,0.9696,0.00836363636364,longer,threshold,FE,12000,8000,100,20,13,18,94,1,random,mean,250
2026100715,5500,250,0.711458333333,0.121875,0.00567552853643,1,0.00545454545455,longer,threshold,FE,12000,8000,100,20,13,18,94,1,random,mean,250
2026100700,5750,250,0.5890625,0.244270833333,0.00747592305542,1,0.00417391304348,longer,threshold,FE,12000,8000,100,20,13,18,94,1,random,mean,250
2026100701,5750,250,0.4998375,0.3061625,0.00321733890407,0.9672,0.0264347826087,longer,threshold,FE,12000,8000,100,20,13,18,94,1,random,mean,250
2026100702,5750,250,0.7125,0.120833333333,0.00408229311142,1,0.00678260869565,longer,threshold,FE,12000,8000,100,20,13,18,94,1,random,mean,250
2026100703,5750,250,0.580658333333,0.252675,0.00819476178619,1,0.00939130434783,longer,threshold,FE,12000,8000,100,20,13,18,94,1,random,mean,250
2026100704,5750,250,0.660954166667,0.172379166667,0.0046247652115,1,0.0111304347826,longer,threshold,FE,12000,8000,100,20,13,18,94,1,random,mean,250
2026100705,5750,250,0.496354166667,0.253645833333,0.0113404977376,0.9,0.008,longer,threshold,FE,12000,8000,100,20,13,18,94,1,random,mean,250
2026100706,5750,250,0.62654375,0.206789583333,0.0150451488043,1,0.00626086956522,longer,threshold,FE,12000,8000,100,20,13,18,94,1,random,mean,250
2026100707,5750,250,0.505575,0.314091666667,0.00750508801077,0.9836,0.008,longer,threshold,FE,12000,8000,100,20,13,18,94,1,random,mean,250
2026100708,5750,250,0.546354166667,0.286979166667,0.00782901395786,1,0.0135652173913,longer,threshold,FE,12000,8000,100,20,13,18,94,1,random,mean,250
2026100709,5750,250,0.625,0.208333333333,0.0032002676182,1,0.00695652173913,longer,threshold,FE,12000,8000,100,20,13,18,94,1,random,mean,250
2026100710,5750,250,0.53125,0.260416666667,0.0161008706367,0.95,0.00695652173913,longer,threshold,FE,12000,8000,100,20,13,18,94,1,random,mean,250
2026100711,5750,250,0.58125,0.252083333333,0.00733219109051,1,0.00852173913043,longer,threshold,FE,12000,8000,100,20,13,18,94,1,random,mean,250
2026100712,5750,250,0.708925,0.124408333333,0.00223962264151,1,0.0149565217391,longer,threshold,FE,12000,8000,100,20,13,18,94,1,random,mean,250
2026100713,5750,250,0.496875,0.253125,0.00823076923077,0.9,0.0172173913043,longer,threshold,FE,12000,8000,100,20,13,18,94,1,random,mean,250
2026100714,5750,250,0.511439583333,0.315060416667,0.0176023534396,0.9918,0.00852173913043,longer,threshold,FE,12000,8000,100,20,13,18,94,1,random,mean,250
2026100715,5750,250,0.711458333333,0.121875,0.00567552853643,1,0.00521739130435,longer,threshold,FE,12000,8000,100,20,13,18,94,1,random,mean,250
2026100700,6000,250,0.5890625,0.244270833333,0.00747592305542,1,0.004,longer,threshold,FE,12000,8000,100,20,13,18,94,1,random,mean,250
2026100701,6000,250,0.499479166667,0.2921875,0.00433673469388,0.95,0.0253333333333,longer,threshold,FE,12000,8000,100,20,13,18,94,1,random,mean,250
2026100702,6000,250,0.712114583333,0.12121875,0.00397923830459,1,0.00666666666667,longer,threshold,FE,12000,8000,100,20,13,18,94,1,random,mean,250
2026100703,6000,250,0.572058333333,0.261275,0.00858232458388,1,0.0095,longer,threshold,FE,12000,8000,100,20,13,18,94,1,random,mean,250
2026100704,6000,250,0.665625,0.167708333333,0.00131578947368,1,0.0106666666667,longer,threshold,FE,12000,8000,100,20,13,18,94,1,random,mean,250
2026100705,6000,250,0.496354166667,0.253645833333,0.0113404977376,0.9,0.00766666666667,longer,threshold,FE,12000,8000,100,20,13,18,94,1,random,mean,250
2026100706,6000,250,0.6193,0.214033333333,0.0165233618966,1,0.00666666666667,longer,threshold,FE,12000,8000,100,20,13,18,94,1,random,mean,250
2026100707,6000,250,0.503125,0.288541666667,0.009282038849,0.95,0.00766666666667,longer,threshold,FE,12000,8000,100,20,13,18,94,1,random,mean,250
2026100708,6000,250,0.5462,0.287133333333,0.00791248595566,1,0.0135,longer,threshold,FE,12000,8000,100,20,13,18,94,1,random,mean,250
2026100709,6000,250,0.6266875,0.206645833333,0.00392387648282,1,0.00716666666667,longer,threshold,FE,12000,8000,100,20,13,18,94,1,random,mean,250
2026100710,6000,250,0.53125,0.260416666667,0.0161008706367,0.95,0.00666666666667,longer,threshold,FE,12000,8000,100,20,13,18,94,1,random,mean,250
2026100711,6000,250,0.58125,0.252083333333,0.00733219109051,1,0.00816666666667,longer,threshold,FE,12000,8000,100,20,13,18,94,1,random,mean,250
2026100712,6000,250,0.709375,0.123958333333,0.00235849056604,1,0.0143333333333,longer,threshold,FE,12000,8000,100,20,13,18,94,1,random,mean,250
2026100713,6000,250,0.496875,0.253125,0.00823076923077,0.9,0.0165,longer,threshold,FE,12000,8000,100,20,13,18,94,1,random,mean,250
2026100714,6000,250,0.503125,0.330208333333,0.0153791842678,1,0.00816666666667,longer,threshold,FE,12000,8000,100,20,13,18,94,1,random,mean,250
2026100715,6000,250,0.713025,0.120308333333,0.00785996419423,1,0.00516666666667,longer,threshold,FE,12000,8000,100,20,13,18,94,1,random,mean,250
2026100700,6250,250,0.5890625,0.244270833333,0.00747592305542,1,0.00384,longer,threshold,FE,12000,8000,100,20,13,18,94,1,random,mean,250
2026100701,6250,250,0.499479166667,0.2921875,0.00433673469388,0.95,0.02432,longer,threshold,FE,12000,8000,100,20,13,18,94,1,random,mean,250
2026100702,6250,250,0.712010416667,0.121322916667,0.0039513856541,1,0.00672,longer,threshold,FE,12000,8000,100,20,13,18,94,1,random,mean,250
2026100703,6250,250,0.56900625,0.264327083333,0.00728566331043,1,0.00928,longer,threshold,FE,12000,8000,100,20,13,18,94,1,random,mean,250
2026100704,6250,250,0.665625,0.167708333333,0.00131578947368,1,0.01024,longer,threshold,FE,12000,8000,100,20,13,18,94,1,random,mean,250
2026100705,6250,250,0.496354166667,0.253645833333,0.0113404977376,0.9,0.00736,longer,threshold,FE,12000,8000,100,20,13,18,94,1,random,mean,250
2026100706,6250,250,0.625520833333,0.2078125,0.0159187717882,1,0.00656,longer,threshold,FE,12000,8000,100,20,13,18,94,1,random,mean,250
2026100707,6250,250,0.5053,0.3057,0.00866872826384,0.9732,0.00752,longer,threshold,FE,12000,8000,100,20,13,18,94,1,random,mean,250
2026100708,6250,250,0.546833333333,0.2865,0.00837020815957,1,0.01328,longer,threshold,FE,12000,8000,100,20,13,18,94,1,random,mean,250
2026100709,6250,250,0.625,0.208333333333,0.0032002676182,1,0.00688,longer,threshold,FE,12000,8000,100,20,13,18,94,1,random,mean,250
2026100710,6250,250,0.532579166667,0.2590875,0.0155492891349,0.95,0.00672,longer,threshold,FE,12000,8000,100,20,13,18,94,1,random,mean,250
2026100711,6250,250,0.58125,0.252083333333,0.00733219109051,1,0.008,longer,threshold,FE,12000,8000,100,20,13,18,94,1,random,mean,250
2026100712,6250,250,0.709375,0.123958333333,0.00235849056604,1,0.01376,longer,threshold,FE,12000,8000,100,20,13,18,94,1,random,mean,250
2026100713,6250,250,0.496875,0.253125,0.00823076923077,0.9,0.01584,longer,threshold,FE,12000,8000,100,20,13,18,94,1,random,mean,250
2026100714,6250,250,0.503125,0.330208333333,0.0153791842678,1,0.00784,longer,threshold,FE,12000,8000,100,20,13,18,94,1,random,mean,250
2026100715,6250,250,0.713541666667,0.119791666667,0.00858036318776,1,0.00496,longer,threshold,FE,12000,8000,100,20,13,18,94,1,random,mean,250
2026100700,6500,250,0.5890625,0.244270833333,0.00747592305542,1,0.00369230769231,longer,threshold,FE,12000,8000,100,20,13,18,94,1,random,mean,250
2026100701,6500,250,0.499479166667,0.2921875,0.00433673469388,0.95,0.0233846153846,longer,threshold,FE,12000,8000,100,20,13,18,94,1,random,mean,250
2026100702,6500,250,0.712354166667,0.120979166667,0.00410933713658,1,0.00661538461538,longer,threshold,FE,12000,8000,100,20,13,18,94,1,random,mean,250
2026100703,6500,250,0.562441666667,0.270891666667,0.00737049145631,1,0.00938461538462,longer,threshold,FE,12000,8000,100,20,13,18,94,1,random,mean,250
2026100704,6500,250,0.665625,0.167708333333,0.00131578947368,1,0.00984615384615,longer,threshold,FE,12000,8000,100,20,13,18,94,1,random,mean,250
2026100705,6500,250,0.496354166667,0.253645833333,0.0113404977376,0.9,0.00707692307692,longer,threshold,FE,12000,8000,100,20,13,18,94,1,random,mean,250
2026100706,6500,250,0.636979166667,0.196354166667,0.0166330358376,1,0.00661538461538,longer,threshold,FE,12000,8000,100,20,13,18,94,1,random,mean,250
2026100707,6500,250,0.5078125,0.325520833333,0.00796024879477,1,0.00723076923077,longer,threshold,FE,12000,8000,100,20,13,18,94,1,random,mean,250
2026100708,6500,250,0.555016666667,0.278316666667,0.0109648807827,1,0.0132307692308,longer,threshold,FE,12000,8000,100,20,13,18,94,1,random,mean,250
2026100709,6500,250,0.625,0.208333333333,0.0032002676182,1,0.00661538461538,longer,threshold,FE,12000,8000,100,20,13,18,94,1,random,mean,250
2026100710,6500,250,0.535220833333,0.263779166667,0.015294304158,0.9588,0.00676923076923,longer,threshold,FE,12000,8000,100,20,13,18,94,1,random,mean,250
2026100711,6500,250,0.58125,0.252083333333,0.00733219109051,1,0.00784615384615,longer,threshold,FE,12000,8000,100,20,13,18,94,1,random,mean,250
2026100712,6500,250,0.709375,0.123958333333,0.00235849056604,1,0.0132307692308,longer,threshold,FE,12000,8000,100,20,13,18,94,1,random,mean,250
2026100713,6500,250,0.49725625,0.25274375,0.00778914027149,0.9,0.0153846153846,longer,threshold,FE,12000,8000,100,20,13,18,94,1,random,mean,250
2026100714,6500,250,0.503125,0.330208333333,0.0153791842678,1,0.00753846153846,longer,threshold,FE,12000,8000,100,20,13,18,94,1,random,mean,250
2026100715,6500,250,0.713541666667,0.119791666667,0.00858036318776,1,0.00476923076923,longer,threshold,FE,12000,8000,100,20,13,18,94,1,random,mean,250
2026100700,6750,250,0.5890625,0.244270833333,0.00747592305542,1,0.00355555555556,longer,threshold,FE,12000,8000,100,20,13,18,94,1,random,mean,250
2026100701,6750,250,0.499479166667,0.2921875,0.00433673469388,0.95,0.0226666666667,longer,threshold,FE,12000,8000,100,20,13,18,94,1,random,mean,250
2026100702,6750,250,0.711727083333,0.12160625,0.00416409642896,1,0.00666666666667,longer,threshold,FE,12000,8000,100,20,13,18,94,1,random,mean,250
2026100703,6750,250,0.553597916667,0.279735416667,0.00644572011691,1,0.00918518518519,longer,threshold,FE,12000,8000,100,20,13,18,94,1,random,mean,250
2026100704,6750,250,0.660791666667,0.172541666667,0.00451399215305,1,0.00992592592593,longer,threshold,FE,12000,8000,100,20,13,18,94,1,random,mean,250
2026100705,6750,250,0.500029166667,0.2826375,0.0134068808446,0.9392,0.00711111111111,longer,threshold,FE,12000,8000,100,20,13,18,94,1,random,mean,250
2026100706,6750,250,0.631679166667,0.201654166667,0.00732467482392,1,0.00711111111111,longer,threshold,FE,12000,8000,100,20,13,18,94,1,random,mean,250
2026100707,6750,250,0.505729166667,0.3129375,0.00865236624759,0.9824,0.00740740740741,longer,threshold,FE,12000,8000,100,20,13,18,94,1,random,mean,250
2026100708,6750,250,0.547083333333,0.28625,0.00657313772967,1,0.013037037037,longer,threshold,FE,12000,8000,100,20,13,18,94,1,random,mean,250
2026100709,6750,250,0.626122916667,0.207210416667,0.00376666278305,1,0.00666666666667,longer,threshold,FE,12000,8000,100,20,13,18,94,1,random,mean,250
2026100710,6750,250,0.550520833333,0.2828125,0.0108428206404,1,0.00651851851852,longer,threshold,FE,12000,8000,100,20,13,18,94,1,random,mean,250
2026100711,6750,250,0.5812625,0.252070833333,0.00733099157031,1,0.0077037037037,longer,threshold,FE,12000,8000,100,20,13,18,94,1,random,mean,250
2026100712,6750,250,0.709375,0.123958333333,0.00235849056604,1,0.0127407407407,longer,threshold,FE,12000,8000,100,20,13,18,94,1,random,mean,250
2026100713,6750,250,0.496529166667,0.253470833333,0.00743507214206,0.9,0.014962962963,longer,threshold,FE,12000,8000,100,20,13,18,94,1,random,mean,250
2026100714,6750,250,0.503125,0.330208333333,0.0153791842678,1,0.00740740740741,longer,threshold,FE,12000,8000,100,20,13,18,94,1,random,mean,250
2026100715,6750,250,0.713541666667,0.119791666667,0.00858036318776,1,0.00459259259259,longer,threshold,FE,12000,8000,100,20,13,18,94,1,random,mean,250
2026100700,7000,250,0.5890625,0.244270833333,0.00747592305542,1,0.00342857142857,longer,threshold,FE,12000,8000,100,20,13,18,94,1,random,mean,250
2026100701,7000,250,0.499516666667,0.29365,0.00421958862285,0.9518,0.022,longer,threshold,FE,12000,8000,100,20,13,18,94,1,random,mean,250
2026100702,7000,250,0.7109375,0.122395833333,0.00413520316433,1,0.00642857142857,longer,threshold,FE,12000,8000,100,20,13,18,94,1,random,mean,250
2026100703,7000,250,0.553645833333,0.2796875,0.00641768292683,1,0.00885714285714,longer,threshold,FE,12000,8000,100,20,13,18,94,1,random,mean,250
2026100704,7000,250,0.647589583333,0.18574375,0.00854597888527,1,0.01,longer,threshold,FE,12000,8000,100,20,13,18,94,1,random,mean,250
2026100705,7000,250,0.501041666667,0.290625,0.0139761904762,0.95,0.00685714285714,longer,threshold,FE,12000,8000,100,20,13,18,94,1,random,mean,250
2026100706,7000,250,0.62821875,0.205114583333,0.00380487888636,1,0.007,longer,threshold,FE,12000,8000,100,20,13,18,94,1,random,mean,250
2026100707,7000,250,0.501041666667,0.290625,0.0154029853411,0.95,0.00714285714286,longer,threshold,FE,12000,8000,100,20,13,18,94,1,random,mean,250
2026100708,7000,250,0.54795,0.285383333333,0.00671446276933,1,0.0127142857143,longer,threshold,FE,12000,8000,100,20,13,18,94,1,random,mean,250
2026100709,7000,250,0.625366666667,0.207966666667,0.00558187758399,1,0.00685714285714,longer,threshold,FE,12000,8000,100,20,13,18,94,1,random,mean,250
2026100710,7000,250,0.550520833333,0.2828125,0.0108428206404,1,0.00628571428571,longer,threshold,FE,12000,8000,100,20,13,18,94,1,random,mean,250
2026100711,7000,250,0.581758333333,0.251575,0.00727853255392,1,0.00757142857143,longer,threshold,FE,12000,8000,100,20,13,18,94,1,random,mean,250
2026100712,7000,250,0.709375,0.123958333333,0.00235849056604,1,0.0122857142857,longer,threshold,FE,12000,8000,100,20,13,18,94,1,random,mean,250
2026100713,7000,250,0.496604166667,0.253395833333,0.00710449927431,0.9,0.0145714285714,longer,threshold,FE,12000,8000,100,20,13,18,94,1,random,mean,250
2026100714,7000,250,0.503125,0.330208333333,0.0153791842678,1,0.00714285714286,longer,threshold,FE,12000,8000,100,20,13,18,94,1,random,mean,250
2026100715,7000,250,0.712879166667,0.120454166667,0.00936687151823,1,0.00471428571429,longer,threshold,FE,12000,8000,100,20,13,18,94,1,random,mean,250
2026100700,7250,250,0.588170833333,0.2451625,0.00798341664544,1,0.00344827586207,longer,threshold,FE,12000,8000,100,20,13,18,94,1,random,mean,250
2026100701,7250,250,0.500341666667,0.332991666667,0.00104617372047,1,0.0213793103448,longer,threshold,FE,12000,8000,100,20,13,18,94,1,random,mean,250
2026100702,7250,250,0.71081875,0.122514583333,0.00415048717422,1,0.00675862068966,longer,threshold,FE,12000,8000,100,20,13,18,94,1,random,mean,250
2026100703,7250,250,0.5527625,0.280570833333,0.00693030587765,1,0.0088275862069,longer,threshold,FE,12000,8000,100,20,13,18,94,1,random,mean,250
2026100704,7250,250,0.638185416667,0.195147916667,0.00653283587936,1,0.0100689655172,longer,threshold,FE,12000,8000,100,20,13,18,94,1,random,mean,250
2026100705,7250,250,0.500233333333,0.291433333333,0.0147671135531,0.95,0.00675862068966,longer,threshold,FE,12000,8000,100,20,13,18,94,1,random,mean,250
2026100706,7250,250,0.632635416667,0.200697916667,0.00529914004914,1,0.00689655172414,longer,threshold,FE,12000,8000,100,20,13,18,94,1,random,mean,250
2026100707,7250,250,0.502141666667,0.289525,0.0142167609906,0.95,0.00703448275862,longer,threshold,FE,12000,8000,100,20,13,18,94,1,random,mean,250
2026100708,7250,250,0.5535625,0.279770833333,0.00711208058511,1,0.0124137931034,longer,threshold,FE,12000,8000,100,20,13,18,94,1,random,mean,250
2026100709,7250,250,0.624960416667,0.208372916667,0.00661168293175,1,0.00675862068966,longer,threshold,FE,12000,8000,100,20,13,18,94,1,random,mean,250
2026100710,7250,250,0.550520833333,0.2828125,0.0108428206404,1,0.00606896551724,longer,threshold,FE,12000,8000,100,20,13,18,94,1,random,mean,250
2026100711,7250,250,0.58125,0.252083333333,0.00712893905799,1,0.00731034482759,longer,threshold,FE,12000,8000,100,20,13,18,94,1,random,mean,250
2026100712,7250,250,0.709375,0.123958333333,0.00235849056604,1,0.0118620689655,longer,threshold,FE,12000,8000,100,20,13,18,94,1,random,mean,250
2026100713,7250,250,0.497691666667,0.252308333333,0.00752738461538,0.9,0.0143448275862,longer,threshold,FE,12000,8000,100,20,13,18,94,1,random,mean,250
2026100714,7250,250,0.5032875,0.330045833333,0.01484888284,1,0.00731034482759,longer,threshold,FE,12000,8000,100,20,13,18,94,1,random,mean,250
2026100715,7250,250,0.711979166667,0.121354166667,0.0105935159973,1,0.00455172413793,longer,threshold,FE,12000,8000,100,20,13,18,94,1,random,mean,250
2026100700,7500,250,0.587408333333,0.245925,0.00674642583825,1,0.00346666666667,longer,threshold,FE,12000,8000,100,20,13,18,94,1,random,mean,250
2026100701,7500,250,0.49966875,0.32483125,0.00113789890597,0.9894,0.0208,longer,threshold,FE,12000,8000,100,20,13,18,94,1,random,mean,250
2026100702,7500,250,0.71039375,0.122939583333,0.00794417020476,1,0.00666666666667,longer,threshold,FE,12000,8000,100,20,13,18,94,1,random,mean,250
2026100703,7500,250,0.552604166667,0.280729166667,0.00702219112355,1,0.00853333333333,longer,threshold,FE,12000,8000,100,20,13,18,94,1,random,mean,250
2026100704,7500,250,0.634541666667,0.198791666667,0.00467797884841,1,0.00986666666667,longer,threshold,FE,12000,8000,100,20,13,18,94,1,random,mean,250
2026100705,7500,250,0.499666666667,0.285333333333,0.0151022403863,0.942,0.00666666666667,longer,threshold,FE,12000,8000,100,20,13,18,94,1,random,mean,250
2026100706,7500,250,0.629945833333,0.2033875,0.00256524185151,1,0.0068,longer,threshold,FE,12000,8000,100,20,13,18,94,1,random,mean,250
2026100707,7500,250,0.513345833333,0.278320833333,0.0119437420029,0.95,0.00693333333333,longer,threshold,FE,12000,8000,100,20,13,18,94,1,random,mean,250
2026100708,7500,250,0.5546875,0.278645833333,0.00718960573436,1,0.012,longer,threshold,FE,12000,8000,100,20,13,18,94,1,random,mean,250
2026100709,7500,250,0.624479166667,0.208854166667,0.00667477116705,1,0.00653333333333,longer,threshold,FE,12000,8000,100,20,13,18,94,1,random,mean,250
2026100710,7500,250,0.54535,0.26565,0.0131333580167,0.9732,0.00613333333333,longer,threshold,FE,12000,8000,100,20,13,18,94,1,random,mean,250
2026100711,7500,250,0.58125,0.252083333333,0.00712893905799,1,0.00706666666667,longer,threshold,FE,12000,8000,100,20,13,18,94,1,random,mean,250
2026100712,7500,250,0.709375,0.123958333333,0.00235849056604,1,0.0114666666667,longer,threshold,FE,12000,8000,100,20,13,18,94,1,random,mean,250
2026100713,7500,250,0.498958333333,0.251041666667,0.00867346938776,0.9,0.014,longer,threshold,FE,12000,8000,100,20,13,18,94,1,random,mean,250
2026100714,7500,250,0.503125,0.330208333333,0.0145727326549,1,0.00706666666667,longer,threshold,FE,12000,8000,100,20,13,18,94,1,random,mean,250
2026100715,7500,250,0.711979166667,0.121354166667,0.0105935159973,1,0.0044,longer,threshold,FE,12000,8000,100,20,13,18,94,1,random,mean,250
2026100700,7750,250,0.5875,0.245833333333,0.0063373476063,1,0.00335483870968,longer,threshold,FE,12000,8000,100,20,13,18,94,1,random,mean,250
2026100701,7750,250,0.49894375,0.292722916667,0.00247865233192,0.95,0.0202580645161,longer,threshold,FE,12000,8000,100,20,13,18,94,1,random,mean,250
2026100702,7750,250,0.711239583333,0.12209375,0.00609808676221,1,0.00658064516129,longer,threshold,FE,12000,8000,100,20,13,18,94,1,random,mean,250
2026100703,7750,250,0.552604166667,0.280729166667,0.00702219112355,1,0.00838709677419,longer,threshold,FE,12000,8000,100,20,13,18,94,1,random,mean,250
2026100704,7750,250,0.626075,0.207258333333,0.000499776837245,1,0.0098064516129,longer,threshold,FE,12000,8000,100,20,13,18,94,1,random,mean,250
2026100705,7750,250,0.497916666667,0.252083333333,0.0156630408762,0.9,0.00645161290323,longer,threshold,FE,12000,8000,100,20,13,18,94,1,random,mean,250
2026100706,7750,250,0.63346875,0.199864583333,0.00508499651958,1,0.00670967741935,longer,threshold,FE,12000,8000,100,20,13,18,94,1,random,mean,250
2026100707,7750,250,0.513254166667,0.2784125,0.00961366199262,0.95,0.00683870967742,longer,threshold,FE,12000,8000,100,20,13,18,94,1,random,mean,250
2026100708,7750,250,0.5546875,0.278645833333,0.00718960573436,1,0.0116129032258,longer,threshold,FE,12000,8000,100,20,13,18,94,1,random,mean,250
2026100709,7750,250,0.628066666667,0.205266666667,0.0143908193114,1,0.00670967741935,longer,threshold,FE,12000,8000,100,20,13,18,94,1,random,mean,250
2026100710,7750,250,0.551989583333,0.28134375,0.012393201148,1,0.0061935483871,longer,threshold,FE,12000,8000,100,20,13,18,94,1,random,mean,250
2026100711,7750,250,0.58125,0.252083333333,0.00712893905799,1,0.00683870967742,longer,threshold,FE,12000,8000,100,20,13,18,94,1,random,mean,250
2026100712,7750,250,0.709375,0.123958333333,0.00235849056604,1,0.0110967741935,longer,threshold,FE,12000,8000,100,20,13,18,94,1,random,mean,250
2026100713,7750,250,0.498958333333,0.251041666667,0.00867346938776,0.9,0.0135483870968,longer,threshold,FE,12000,8000,100,20,13,18,94,1,random,mean,250
2026100714,7750,250,0.503345833333,0.3299875,0.0147156728981,1,0.00709677419355,longer,threshold,FE,12000,8000,100,20,13,18,94,1,random,mean,250
2026100715,7750,250,0.711033333333,0.1223,0.00930708040366,1,0.00451612903226,longer,threshold,FE,12000,8000,100,20,13,18,94,1,random,mean,250
2026100700,8000,250,0.5875,0.245833333333,0.0063373476063,1,0.00325,longer,threshold,FE,12000,8000,100,20,13,18,94,1,random,mean,250
2026100701,8000,250,0.499479166667,0.2921875,0.00178571428571,0.95,0.01975,longer,threshold,FE,12000,8000,100,20,13,18,94,1,random,mean,250
2026100702,8000,250,0.7125,0.120833333333,0.00408229311142,1,0.006625,longer,threshold,FE,12000,8000,100,20,13,18,94,1,random,mean,250
2026100703,8000,250,0.5504875,0.282845833333,0.00464922431962,1,0.00875,longer,threshold,FE,12000,8000,100,20,13,18,94,1,random,mean,250
2026100704,8000,250,0.626352083333,0.20698125,0.00120621853547,1,0.00975,longer,threshold,FE,12000,8000,100,20,13,18,94,1,random,mean,250
2026100705,8000,250,0.497916666667,0.252083333333,0.0156630408762,0.9,0.00625,longer,threshold,FE,12000,8000,100,20,13,18,94,1,random,mean,250
2026100706,8000,250,0.629666666667,0.203666666667,0.00344186427607,1,0.006625,longer,threshold,FE,12000,8000,100,20,13,18,94,1,random,mean,250
2026100707,8000,250,0.511979166667,0.2796875,0.00908670960187,0.95,0.006625,longer,threshold,FE,12000,8000,100,20,13,18,94,1,random,mean,250
2026100708,8000,250,0.5546875,0.278645833333,0.00718960573436,1,0.01125,longer,threshold,FE,12000,8000,100,20,13,18,94,1,random,mean,250
2026100709,8000,250,0.623958333333,0.209375,0.00674863877211,1,0.0065,longer,threshold,FE,12000,8000,100,20,13,18,94,1,random,mean,250
2026100710,8000,250,0.555208333333,0.278125,0.0113546057348,1,0.006,longer,threshold,FE,12000,8000,100,20,13,18,94,1,random,mean,250
2026100711,8000,250,0.5546,0.196733333333,0.022055050973,0.9016,0.00675,longer,threshold,FE,12000,8000,100,20,13,18,94,1,random,mean,250
2026100712,8000,250,0.710225,0.123108333333,0.00180703918723,1,0.010875,longer,threshold,FE,12000,8000,100,20,13,18,94,1,random,mean,250
2026100713,8000,250,0.498958333333,0.251041666667,0.00867346938776,0.9,0.013125,longer,threshold,FE,12000,8000,100,20,13,18,94,1,random,mean,250
2026100714,8000,250,0.5032125,0.330120833333,0.0144794809812,1,0.00725,longer,threshold,FE,12000,8000,100,20,13,18,94,1,random,mean,250
2026100715,8000,250,0.709579166667,0.123754166667,0.00854053560406,1,0.004625,longer,threshold,FE,12000,8000,100,20,13,18,94,1,random,mean,250
2026100700,8250,250,0.5875,0.245833333333,0.0063373476063,1,0.00315151515152,longer,threshold,FE,12000,8000,100,20,13,18,94,1,random,mean,250
2026100701,8250,250,0.499479166667,0.2921875,0.00178571428571,0.95,0.0191515151515,longer,threshold,FE,12000,8000,100,20,13,18,94,1,random,mean,250
2026100702,8250,250,0.7125,0.120833333333,0.00408229311142,1,0.00642424242424,longer,threshold,FE,12000,8000,100,20,13,18,94,1,random,mean,250
2026100703,8250,250,0.544489583333,0.28884375,0.00169390127961,1,0.00860606060606,longer,threshold,FE,12000,8000,100,20,13,18,94,1,random,mean,250
2026100704,8250,250,0.626827083333,0.20650625,0.00233431323933,1,0.00969696969697,longer,threshold,FE,12000,8000,100,20,13,18,94,1,random,mean,250
2026100705,8250,250,0.500714583333,0.262452083333,0.0164125064203,0.9158,0.00618181818182,longer,threshold,FE,12000,8000,100,20,13,18,94,1,random,mean,250
2026100706,8250,250,0.627825,0.205508333333,0.00409417238749,1,0.00666666666667,longer,threshold,FE,12000,8000,100,20,13,18,94,1,random,mean,250
2026100707,8250,250,0.511979166667,0.2796875,0.00908670960187,0.95,0.00642424242424,longer,threshold,FE,12000,8000,100,20,13,18,94,1,random,mean,250
2026100708,8250,250,0.5546875,0.278645833333,0.00718960573436,1,0.0109090909091,longer,threshold,FE,12000,8000,100,20,13,18,94,1,random,mean,250
2026100709,8250,250,0.623958333333,0.209375,0.00674863877211,1,0.00630303030303,longer,threshold,FE,12000,8000,100,20,13,18,94,1,random,mean,250
2026100710,8250,250,0.553541666667,0.273125,0.0120917897156,0.992,0.00593939393939,longer,threshold,FE,12000,8000,100,20,13,18,94,1,random,mean,250
2026100711,8250,250,0.558216666667,0.197783333333,0.0213455189696,0.9072,0.00666666666667,longer,threshold,FE,12000,8000,100,20,13,18,94,1,random,mean,250
2026100712,8250,250,0.709185416667,0.124147916667,0.00155345974119,1,0.0106666666667,longer,threshold,FE,12000,8000,100,20,13,18,94,1,random,mean,250
2026100713,8250,250,0.498958333333,0.251041666667,0.00867346938776,0.9,0.0127272727273,longer,threshold,FE,12000,8000,100,20,13,18,94,1,random,mean,250
2026100714,8250,250,0.520833333333,0.3125,0.0111111111111,1,0.0070303030303,longer,threshold,FE,12000,8000,100,20,13,18,94,1,random,mean,250
2026100715,8250,250,0.707829166667,0.125504166667,0.0085557855444,1,0.00460606060606,longer,threshold,FE,12000,8000,100,20,13,18,94,1,random,mean,250
2026100700,8500,250,0.587060416667,0.246272916667,0.00602028429585,1,0.00317647058824,longer,threshold,FE,12000,8000,100,20,13,18,94,1,random,mean,250
2026100701,8500,250,0.499035416667,0.29263125,0.00154228571429,0.95,0.0187058823529,longer,threshold,FE,12000,8000,100,20,13,18,94,1,random,mean,250
2026100702,8500,250,0.7125,0.120833333333,0.00408229311142,1,0.00623529411765,longer,threshold,FE,12000,8000,100,20,13,18,94,1,random,mean,250
2026100703,8500,250,0.542708333333,0.290625,0.0016393442623,1,0.00835294117647,longer,threshold,FE,12000,8000,100,20,13,18,94,1,random,mean,250
2026100704,8500,250,0.625520833333,0.2078125,0.00413602941176,1,0.00941176470588,longer,threshold,FE,12000,8000,100,20,13,18,94,1,random,mean,250
2026100705,8500,250,0.500360416667,0.29130625,0.0138021277398,0.95,0.00611764705882,longer,threshold,FE,12000,8000,100,20,13,18,94,1,random,mean,250
2026100706,8500,250,0.6297,0.203633333333,0.0039980187553,1,0.00705882352941,longer,threshold,FE,12000,8000,100,20,13,18,94,1,random,mean,250
2026100707,8500,250,0.511979166667,0.2796875,0.00908670960187,0.95,0.00623529411765,longer,threshold,FE,12000,8000,100,20,13,18,94,1,random,mean,250
2026100708,8500,250,0.5546875,0.278645833333,0.00718960573436,1,0.0105882352941,longer,threshold,FE,12000,8000,100,20,13,18,94,1,random,mean,250
2026100709,8500,250,0.623958333333,0.209375,0.00674863877211,1,0.00611764705882,longer,threshold,FE,12000,8000,100,20,13,18,94,1,random,mean,250
2026100710,8500,250,0.544791666667,0.246875,0.0159620056148,0.95,0.00576470588235,longer,threshold,FE,12000,8000,100,20,13,18,94,1,random,mean,250
2026100711,8500,250,0.582291666667,0.214541666667,0.0138671291027,0.9562,0.00658823529412,longer,threshold,FE,12000,8000,100,20,13,18,94,1,random,mean,250
2026100712,8500,250,0.708854166667,0.124479166667,0.00151869158879,1,0.0103529411765,longer,threshold,FE,12000,8000,100,20,13,18,94,1,random,mean,250
2026100713,8500,250,0.498958333333,0.251041666667,0.00867346938776,0.9,0.0124705882353,longer,threshold,FE,12000,8000,100,20,13,18,94,1,random,mean,250
2026100714,8500,250,0.509658333333,0.299341666667,0.0157648256423,0.9708,0.00717647058824,longer,threshold,FE,12000,8000,100,20,13,18,94,1,random,mean,250
2026100715,8500,250,0.709585416667,0.123747916667,0.00831539504019,1,0.00458823529412,longer,threshold,FE,12000,8000,100,20,13,18,94,1,random,mean,250
2026100700,8750,250,0.586979166667,0.246354166667,0.00596168017686,1,0.0032,longer,threshold,FE,12000,8000,100,20,13,18,94,1,random,mean,250
2026100701,8750,250,0.498958333333,0.292708333333,0.0015,0.95,0.0181714285714,longer,threshold,FE,12000,8000,100,20,13,18,94,1,random,mean,250
2026100702,8750,250,0.7120125,0.121320833333,0.00409880104793,1,0.00617142857143,longer,threshold,FE,12000,8000,100,20,13,18,94,1,random,mean,250
2026100703,8750,250,0.542708333333,0.290625,0.0016393442623,1,0.00811428571429,longer,threshold,FE,12000,8000,100,20,13,18,94,1,random,mean,250
2026100704,8750,250,0.625520833333,0.2078125,0.00413602941176,1,0.00914285714286,longer,threshold,FE,12000,8000,100,20,13,18,94,1,random,mean,250
2026100705,8750,250,0.497916666667,0.29375,0.0121885800691,0.95,0.00594285714286,longer,threshold,FE,12000,8000,100,20,13,18,94,1,random,mean,250
2026100706,8750,250,0.629166666667,0.204166666667,0.00445467591485,1,0.00685714285714,longer,threshold,FE,12000,8000,100,20,13,18,94,1,random,mean,250
2026100707,8750,250,0.511979166667,0.2796875,0.00908670960187,0.95,0.00605714285714,longer,threshold,FE,12000,8000,100,20,13,18,94,1,random,mean,250
2026100708,8750,250,0.5546875,0.278645833333,0.00718960573436,1,0.0102857142857,longer,threshold,FE,12000,8000,100,20,13,18,94,1,random,mean,250
2026100709,8750,250,0.623958333333,0.209375,0.00674863877211,1,0.00594285714286,longer,threshold,FE,12000,8000,100,20,13,18,94,1,random,mean,250
2026100710,8750,250,0.544016666667,0.24765,0.0150664177983,0.95,0.00571428571429,longer,threshold,FE,12000,8000,100,20,13,18,94,1,random,mean,250
2026100711,8750,250,0.583760416667,0.249572916667,0.00567524070169,1,0.00674285714286,longer,threshold,FE,12000,8000,100,20,13,18,94,1,random,mean,250
2026100712,8750,250,0.708854166667,0.124479166667,0.00151869158879,1,0.0100571428571,longer,threshold,FE,12000,8000,100,20,13,18,94,1,random,mean,250
2026100713,8750,250,0.498958333333,0.251041666667,0.00867346938776,0.9,0.0121142857143,longer,threshold,FE,12000,8000,100,20,13,18,94,1,random,mean,250
2026100714,8750,250,0.502129166667,0.331204166667,0.0145895132606,1,0.00708571428571,longer,threshold,FE,12000,8000,100,20,13,18,94,1,random,mean,250
2026100715,8750,250,0.713414583333,0.11991875,0.0083696791093,1,0.00468571428571,longer,threshold,FE,12000,8000,100,20,13,18,94,1,random,mean,250
2026100700,9000,250,0.586979166667,0.246354166667,0.00596168017686,1,0.00311111111111,longer,threshold,FE,12000,8000,100,20,13,18,94,1,random,mean,250
2026100701,9000,250,0.49890625,0.292760416667,0.00132581512605,0.95,0.0178888888889,longer,threshold,FE,12000,8000,100,20,13,18,94,1,random,mean,250
2026100702,9000,250,0.71200625,0.121327083333,0.00442472697385,1,0.00622222222222,longer,threshold,FE,12000,8000,100,20,13,18,94,1,random,mean,250
2026100703,9000,250,0.544647916667,0.288685416667,0.00126477511559,1,0.008,longer,threshold,FE,12000,8000,100,20,13,18,94,1,random,mean,250
2026100704,9000,250,0.626339583333,0.20699375,0.0027875,1,0.00911111111111,longer,threshold,FE,12000,8000,100,20,13,18,94,1,random,mean,250
2026100705,9000,250,0.497916666667,0.29375,0.0121885800691,0.95,0.00577777777778,longer,threshold,FE,12000,8000,100,20,13,18,94,1,random,mean,250
2026100706,9000,250,0.628410416667,0.204922916667,0.00423616050442,1,0.00688888888889,longer,threshold,FE,12000,8000,100,20,13,18,94,1,random,mean,250
2026100707,9000,250,0.513185416667,0.27848125,0.0189976814361,0.95,0.006,longer,threshold,FE,12000,8000,100,20,13,18,94,1,random,mean,250
2026100708,9000,250,0.5514375,0.281895833333,0.00734392827467,1,0.0102222222222,longer,threshold,FE,12000,8000,100,20,13,18,94,1,random,mean,250
2026100709,9000,250,0.623958333333,0.209375,0.00674863877211,1,0.00577777777778,longer,threshold,FE,12000,8000,100,20,13,18,94,1,random,mean,250
2026100710,9000,250,0.546422916667,0.257910416667,0.0118672621497,0.9652,0.00611111111111,longer,threshold,FE,12000,8000,100,20,13,18,94,1,random,mean,250
2026100711,9000,250,0.573595833333,0.2597375,0.00628012188877,1,0.00677777777778,longer,threshold,FE,12000,8000,100,20,13,18,94,1,random,mean,250
2026100712,9000,250,0.708183333333,0.12515,0.00164845237075,1,0.00988888888889,longer,threshold,FE,12000,8000,100,20,13,18,94,1,random,mean,250
2026100713,9000,250,0.498958333333,0.251041666667,0.00867346938776,0.9,0.0117777777778,longer,threshold,FE,12000,8000,100,20,13,18,94,1,random,mean,250
2026100714,9000,250,0.5072625,0.326070833333,0.0158123669805,1,0.00722222222222,longer,threshold,FE,12000,8000,100,20,13,18,94,1,random,mean,250
2026100715,9000,250,0.711458333333,0.121875,0.00614281825606,1,0.00455555555556,longer,threshold,FE,12000,8000,100,20,13,18,94,1,random,mean,250
2026100700,9250,250,0.586979166667,0.246354166667,0.00596168017686,1,0.00302702702703,longer,threshold,FE,12000,8000,100,20,13,18,94,1,random,mean,250
2026100701,9250,250,0.4996625,0.316504166667,0.00117105141269,0.9794,0.0175135135135,longer,threshold,FE,12000,8000,100,20,13,18,94,1,random,mean,250
2026100702,9250,250,0.71185625,0.121477083333,0.00438346046637,1,0.00627027027027,longer,threshold,FE,12000,8000,100,20,13,18,94,1,random,mean,250
2026100703,9250,250,0.543685416667,0.289647916667,0.00145065153426,1,0.008,longer,threshold,FE,12000,8000,100,20,13,18,94,1,random,mean,250
2026100704,9250,250,0.627045833333,0.2062875,0.00154572368421,1,0.00897297297297,longer,threshold,FE,12000,8000,100,20,13,18,94,1,random,mean,250
2026100705,9250,250,0.5003375,0.291329166667,0.0109988549667,0.95,0.00572972972973,longer,threshold,FE,12000,8000,100,20,13,18,94,1,random,mean,250
2026100706,9250,250,0.628770833333,0.2045625,0.00413401412186,1,0.00681081081081,longer,threshold,FE,12000,8000,100,20,13,18,94,1,random,mean,250
2026100707,9250,250,0.513541666667,0.278125,0.0219247560193,0.95,0.00583783783784,longer,threshold,FE,12000,8000,100,20,13,18,94,1,random,mean,250
2026100708,9250,250,0.547916666667,0.285416666667,0.00719370146678,1,0.00994594594595,longer,threshold,FE,12000,8000,100,20,13,18,94,1,random,mean,250
2026100709,9250,250,0.623958333333,0.209375,0.00674863877211,1,0.00562162162162,longer,threshold,FE,12000,8000,100,20,13,18,94,1,random,mean,250
2026100710,9250,250,0.55194375,0.281389583333,0.00769842530318,1,0.00627027027027,longer,threshold,FE,12000,8000,100,20,13,18,94,1,random,mean,250
2026100711,9250,250,0.582541666667,0.250791666667,0.0011843716195,1,0.0067027027027,longer,threshold,FE,12000,8000,100,20,13,18,94,1,random,mean,250
2026100712,9250,250,0.7078125,0.125520833333,0.00172018348624,1,0.00962162162162,longer,threshold,FE,12000,8000,100,20,13,18,94,1,random,mean,250
2026100713,9250,250,0.498958333333,0.251041666667,0.00867346938776,0.9,0.0114594594595,longer,threshold,FE,12000,8000,100,20,13,18,94,1,random,mean,250
2026100714,9250,250,0.51165625,0.321677083333,0.0163869025471,1,0.00724324324324,longer,threshold,FE,12000,8000,100,20,13,18,94,1,random,mean,250
2026100715,9250,250,0.711458333333,0.121875,0.00614281825606,1,0.00443243243243,longer,threshold,FE,12000,8000,100,20,13,18,94,1,random,mean,250
2026100700,9500,250,0.586979166667,0.246354166667,0.00600272573929,1,0.00315789473684,longer,threshold,FE,12000,8000,100,20,13,18,94,1,random,mean,250
2026100701,9500,250,0.500520833333,0.3328125,0.00147637795276,1,0.0170526315789,longer,threshold,FE,12000,8000,100,20,13,18,94,1,random,mean,250
2026100702,9500,250,0.710416666667,0.122916666667,0.00399928743208,1,0.00610526315789,longer,threshold,FE,12000,8000,100,20,13,18,94,1,random,mean,250
2026100703,9500,250,0.542708333333,0.290625,0.0016393442623,1,0.00789473684211,longer,threshold,FE,12000,8000,100,20,13,18,94,1,random,mean,250
2026100704,9500,250,0.626060416667,0.207272916667,0.00112374523265,1,0.00884210526316,longer,threshold,FE,12000,8000,100,20,13,18,94,1,random,mean,250
2026100705,9500,250,0.5015625,0.290104166667,0.0103968253968,0.95,0.00557894736842,longer,threshold,FE,12000,8000,100,20,13,18,94,1,random,mean,250
2026100706,9500,250,0.628125,0.205208333333,0.00397179788484,1,0.00663157894737,longer,threshold,FE,12000,8000,100,20,13,18,94,1,random,mean,250
2026100707,9500,250,0.512520833333,0.279145833333,0.016950575157,0.95,0.00578947368421,longer,threshold,FE,12000,8000,100,20,13,18,94,1,random,mean,250
2026100708,9500,250,0.547916666667,0.285416666667,0.00719370146678,1,0.00968421052632,longer,threshold,FE,12000,8000,100,20,13,18,94,1,random,mean,250
2026100709,9500,250,0.623958333333,0.209375,0.00674863877211,1,0.00547368421053,longer,threshold,FE,12000,8000,100,20,13,18,94,1,random,mean,250
2026100710,9500,250,0.543083333333,0.29025,0.00234189134264,1,0.00621052631579,longer,threshold,FE,12000,8000,100,20,13,18,94,1,random,mean,250
2026100711,9500,250,0.5832625,0.250070833333,0.000664233627335,1,0.00663157894737,longer,threshold,FE,12000,8000,100,20,13,18,94,1,random,mean,250
2026100712,9500,250,0.7078125,0.125520833333,0.00172018348624,1,0.00936842105263,longer,threshold,FE,12000,8000,100,20,13,18,94,1,random,mean,250
2026100713,9500,250,0.499491666667,0.271841666667,0.00843281375542,0.9256,0.0112631578947,longer,threshold,FE,12000,8000,100,20,13,18,94,1,random,mean,250
2026100714,9500,250,0.498079166667,0.2940875,0.0187852810979,0.9506,0.00715789473684,longer,threshold,FE,12000,8000,100,20,13,18,94,1,random,mean,250
2026100715,9500,250,0.70978125,0.123552083333,0.00755895157566,1,0.00442105263158,longer,threshold,FE,12000,8000,100,20,13,18,94,1,random,mean,250
2026100700,9750,250,0.587575,0.245758333333,0.00632823654469,1,0.00328205128205,longer,threshold,FE,12000,8000,100,20,13,18,94,1,random,mean,250
2026100701,9750,250,0.500439583333,0.32639375,0.00199022172228,0.9922,0.0168205128205,longer,threshold,FE,12000,8000,100,20,13,18,94,1,random,mean,250
2026100702,9750,250,0.710416666667,0.122916666667,0.00399783448377,1,0.00605128205128,longer,threshold,FE,12000,8000,100,20,13,18,94,1,random,mean,250
2026100703,9750,250,0.542708333333,0.290625,0.0016393442623,1,0.00769230769231,longer,threshold,FE,12000,8000,100,20,13,18,94,1,random,mean,250
2026100704,9750,250,0.627422916667,0.205910416667,0.00122463907066,1,0.00902564102564,longer,threshold,FE,12000,8000,100,20,13,18,94,1,random,mean,250
2026100705,9750,250,0.500275,0.291391666667,0.00774865856054,0.95,0.00553846153846,longer,threshold,FE,12000,8000,100,20,13,18,94,1,random,mean,250
2026100706,9750,250,0.628125,0.205208333333,0.00397179788484,1,0.00646153846154,longer,threshold,FE,12000,8000,100,20,13,18,94,1,random,mean,250
2026100707,9750,250,0.509264583333,0.29456875,0.00856461391506,0.9646,0.00574358974359,longer,threshold,FE,12000,8000,100,20,13,18,94,1,random,mean,250
2026100708,9750,250,0.547916666667,0.285416666667,0.00719370146678,1,0.0094358974359,longer,threshold,FE,12000,8000,100,20,13,18,94,1,random,mean,250
2026100709,9750,250,0.623958333333,0.209375,0.00674863877211,1,0.00533333333333,longer,threshold,FE,12000,8000,100,20,13,18,94,1,random,mean,250
2026100710,9750,250,0.542708333333,0.290625,0.00225409836066,1,0.00605128205128,longer,threshold,FE,12000,8000,100,20,13,18,94,1,random,mean,250
2026100711,9750,250,0.5828125,0.250520833333,0.000929752066116,1,0.00666666666667,longer,threshold,FE,12000,8000,100,20,13,18,94,1,random,mean,250
2026100712,9750,250,0.7078125,0.125520833333,0.00172018348624,1,0.00923076923077,longer,threshold,FE,12000,8000,100,20,13,18,94,1,random,mean,250
2026100713,9750,250,0.499535416667,0.29213125,0.0087313572232,0.95,0.0111794871795,longer,threshold,FE,12000,8000,100,20,13,18,94,1,random,mean,250
2026100714,9750,250,0.505429166667,0.2862375,0.0156149561159,0.95,0.00717948717949,longer,threshold,FE,12000,8000,100,20,13,18,94,1,random,mean,250
2026100715,9750,250,0.708714583333,0.12461875,0.0083584899235,1,0.00441025641026,longer,threshold,FE,12000,8000,100,20,13,18,94,1,random,mean,250
2026100700,10000,250,0.586583333333,0.24125,0.00792225825946,0.9934,0.0034,longer,threshold,FE,12000,8000,100,20,13,18,94,1,random,mean,250
2026100701,10000,250,0.5,0.291666666667,0.00759523809524,0.95,0.0164,longer,threshold,FE,12000,8000,100,20,13,18,94,1,random,mean,250
2026100702,10000,250,0.710416666667,0.122916666667,0.0039886039886,1,0.0059,longer,threshold,FE,12000,8000,100,20,13,18,94,1,random,mean,250
2026100703,10000,250,0.542708333333,0.290625,0.0016393442623,1,0.0076,longer,threshold,FE,12000,8000,100,20,13,18,94,1,random,mean,250
2026100704,10000,250,0.627604166667,0.205729166667,0.00295807453416,1,0.0088,longer,threshold,FE,12000,8000,100,20,13,18,94,1,random,mean,250
2026100705,10000,250,0.5,0.291666666667,0.00718303069259,0.95,0.0054,longer,threshold,FE,12000,8000,100,20,13,18,94,1,random,mean,250
2026100706,10000,250,0.627972916667,0.205360416667,0.00434607552478,1,0.0066,longer,threshold,FE,12000,8000,100,20,13,18,94,1,random,mean,250
2026100707,10000,250,0.505208333333,0.328125,0.00693789854137,1,0.0056,longer,threshold,FE,12000,8000,100,20,13,18,94,1,random,mean,250
2026100708,10000,250,0.547916666667,0.285416666667,0.00719370146678,1,0.0093,longer,threshold,FE,12000,8000,100,20,13,18,94,1,random,mean,250
2026100709,10000,250,0.623958333333,0.209375,0.00674863877211,1,0.0052,longer,threshold,FE,12000,8000,100,20,13,18,94,1,random,mean,250
2026100710,10000,250,0.544164583333,0.28916875,0.00260075768012,1,0.006,longer,threshold,FE,12000,8000,100,20,13,18,94,1,random,mean,250
2026100711,10000,250,0.58329375,0.250039583333,0.000821908242216,1,0.0067,longer,threshold,FE,12000,8000,100,20,13,18,94,1,random,mean,250
2026100712,10000,250,0.7085875,0.124745833333,0.00191793706594,1,0.0091,longer,threshold,FE,12000,8000,100,20,13,18,94,1,random,mean,250
2026100713,10000,250,0.499825,0.291841666667,0.00840229599871,0.95,0.011,longer,threshold,FE,12000,8000,100,20,13,18,94,1,random,mean,250
2026100714,10000,250,0.499579166667,0.2920875,0.00425162307758,0.95,0.0072,longer,threshold,FE,12000,8000,100,20,13,18,94,1,random,mean,250
2026100715,10000,250,0.708333333333,0.125,0.00840412216288,1,0.0043,longer,threshold,FE,12000,8000,100,20,13,18,94,1,random,mean,250
2026100700,10250,250,0.586945833333,0.2463875,0.00628547716155,1,0.00351219512195,longer,threshold,FE,12000,8000,100,20,13,18,94,1,random,mean,250
2026100701,10250,250,0.500335416667,0.29133125,0.00524120634921,0.95,0.0160975609756,longer,threshold,FE,12000,8000,100,20,13,18,94,1,random,mean,250
2026100702,10250,250,0.710416666667,0.122916666667,0.0039886039886,1,0.00575609756098,longer,threshold,FE,12000,8000,100,20,13,18,94,1,random,mean,250
2026100703,10250,250,0.542708333333,0.290625,0.0016393442623,1,0.00741463414634,longer,threshold,FE,12000,8000,100,20,13,18,94,1,random,mean,250
2026100704,10250,250,0.627604166667,0.205729166667,0.00295807453416,1,0.00858536585366,longer,threshold,FE,12000,8000,100,20,13,18,94,1,random,mean,250
2026100705,10250,250,0.49955,0.292116666667,0.00663980556002,0.95,0.00556097560976,longer,threshold,FE,12000,8000,100,20,13,18,94,1,random,mean,250
2026100706,10250,250,0.627604166667,0.205729166667,0.0047064305685,1,0.00643902439024,longer,threshold,FE,12000,8000,100,20,13,18,94,1,random,mean,250
2026100707,10250,250,0.505208333333,0.328125,0.00693789854137,1,0.00546341463415,longer,threshold,FE,12000,8000,100,20,13,18,94,1,random,mean,250
2026100708,10250,250,0.547916666667,0.285416666667,0.00719370146678,1,0.00907317073171,longer,threshold,FE,12000,8000,100,20,13,18,94,1,random,mean,250
2026100709,10250,250,0.623958333333,0.209375,0.00674863877211,1,0.00507317073171,longer,threshold,FE,12000,8000,100,20,13,18,94,1,random,mean,250
2026100710,10250,250,0.5456875,0.287645833333,0.0044902012356,1,0.00614634146341,longer,threshold,FE,12000,8000,100,20,13,18,94,1,random,mean,250
2026100711,10250,250,0.583854166667,0.249479166667,0.000735294117647,1,0.00653658536585,longer,threshold,FE,12000,8000,100,20,13,18,94,1,random,mean,250
2026100712,10250,250,0.708854166667,0.124479166667,0.00198598130841,1,0.00887804878049,longer,threshold,FE,12000,8000,100,20,13,18,94,1,random,mean,250
2026100713,10250,250,0.5,0.291666666667,0.00820343885586,0.95,0.0107317073171,longer,threshold,FE,12000,8000,100,20,13,18,94,1,random,mean,250
2026100714,10250,250,0.5003875,0.330279166667,0.00158979465802,0.9968,0.00712195121951,longer,threshold,FE,12000,8000,100,20,13,18,94,1,random,mean,250
2026100715,10250,250,0.708333333333,0.125,0.00840412216288,1,0.00419512195122,longer,threshold,FE,12000,8000,100,20,13,18,94,1,random,mean,250
2026100700,10500,250,0.584375,0.248958333333,0.00803622159091,1,0.00342857142857,longer,threshold,FE,12000,8000,100,20,13,18,94,1,random,mean,250
2026100701,10500,250,0.5009125,0.320254166667,0.00366041829649,0.9854,0.016,longer,threshold,FE,12000,8000,100,20,13,18,94,1,random,mean,250
2026100702,10500,250,0.706916666667,0.126416666667,0.00837071679202,1,0.00571428571429,longer,threshold,FE,12000,8000,100,20,13,18,94,1,random,mean,250
2026100703,10500,250,0.543120833333,0.2902125,0.00136609691418,1,0.00742857142857,longer,threshold,FE,12000,8000,100,20,13,18,94,1,random,mean,250
2026100704,10500,250,0.627604166667,0.205729166667,0.00295807453416,1,0.00838095238095,longer,threshold,FE,12000,8000,100,20,13,18,94,1,random,mean,250
2026100705,10500,250,0.499479166667,0.2921875,0.00546062992126,0.95,0.00552380952381,longer,threshold,FE,12000,8000,100,20,13,18,94,1,random,mean,250
2026100706,10500,250,0.632729166667,0.200604166667,0.00620527970028,1,0.00638095238095,longer,threshold,FE,12000,8000,100,20,13,18,94,1,random,mean,250
2026100707,10500,250,0.505208333333,0.328125,0.00693789854137,1,0.00533333333333,longer,threshold,FE,12000,8000,100,20,13,18,94,1,random,mean,250
2026100708,10500,250,0.54803125,0.285302083333,0.00733511641097,1,0.00895238095238,longer,threshold,FE,12000,8000,100,20,13,18,94,1,random,mean,250
2026100709,10500,250,0.623958333333,0.209375,0.00674863877211,1,0.00495238095238,longer,threshold,FE,12000,8000,100,20,13,18,94,1,random,mean,250
2026100710,10500,250,0.544270833333,0.2890625,0.00262605042017,1,0.006,longer,threshold,FE,12000,8000,100,20,13,18,94,1,random,mean,250
2026100711,10500,250,0.5880375,0.245295833333,0.00414573040705,1,0.00657142857143,longer,threshold,FE,12000,8000,100,20,13,18,94,1,random,mean,250
2026100712,10500,250,0.7085375,0.124795833333,0.00190443059882,1,0.0087619047619,longer,threshold,FE,12000,8000,100,20,13,18,94,1,random,mean,250
2026100713,10500,250,0.5,0.291666666667,0.00820343885586,0.95,0.0104761904762,longer,threshold,FE,12000,8000,100,20,13,18,94,1,random,mean,250
2026100714,10500,250,0.500520833333,0.3328125,0.00127952755906,1,0.00695238095238,longer,threshold,FE,12000,8000,100,20,13,18,94,1,random,mean,250
2026100715,10500,250,0.708333333333,0.125,0.00840412216288,1,0.00409523809524,longer,threshold,FE,12000,8000,100,20,13,18,94,1,random,mean,250
2026100700,10750,250,0.584822916667,0.248510416667,0.00642115085167,1,0.00344186046512,longer,threshold,FE,12000,8000,100,20,13,18,94,1,random,mean,250
2026100701,10750,250,0.501041666667,0.332291666667,0.00352492559524,1,0.0156279069767,longer,threshold,FE,12000,8000,100,20,13,18,94,1,random,mean,250
2026100702,10750,250,0.70625,0.127083333333,0.00920540494506,1,0.00558139534884,longer,threshold,FE,12000,8000,100,20,13,18,94,1,random,mean,250
2026100703,10750,250,0.54375,0.289583333333,0.000625,1,0.0073488372093,longer,threshold,FE,12000,8000,100,20,13,18,94,1,random,mean,250
2026100704,10750,250,0.627604166667,0.205729166667,0.00228978037043,1,0.00827906976744,longer,threshold,FE,12000,8000,100,20,13,18,94,1,random,mean,250
2026100705,10750,250,0.499479166667,0.2921875,0.00546062992126,0.95,0.00539534883721,longer,threshold,FE,12000,8000,100,20,13,18,94,1,random,mean,250
2026100706,10750,250,0.629558333333,0.203775,0.00475155189712,1,0.00651162790698,longer,threshold,FE,12000,8000,100,20,13,18,94,1,random,mean,250
2026100707,10750,250,0.5048875,0.328445833333,0.00697073873863,1,0.0053023255814,longer,threshold,FE,12000,8000,100,20,13,18,94,1,random,mean,250
2026100708,10750,250,0.548129166667,0.285204166667,0.00773944391196,1,0.00883720930233,longer,threshold,FE,12000,8000,100,20,13,18,94,1,random,mean,250
2026100709,10750,250,0.623958333333,0.209375,0.00674863877211,1,0.00483720930233,longer,threshold,FE,12000,8000,100,20,13,18,94,1,random,mean,250
2026100710,10750,250,0.54525625,0.288077083333,0.0024657242558,1,0.00604651162791,longer,threshold,FE,12000,8000,100,20,13,18,94,1,random,mean,250
2026100711,10750,250,0.587495833333,0.2458375,0.00560037539606,1,0.0066976744186,longer,threshold,FE,12000,8000,100,20,13,18,94,1,random,mean,250
2026100712,10750,250,0.708777083333,0.12455625,0.00176544973545,1,0.0086511627907,longer,threshold,FE,12000,8000,100,20,13,18,94,1,random,mean,250
2026100713,10750,250,0.5,0.291666666667,0.00820343885586,0.95,0.0102325581395,longer,threshold,FE,12000,8000,100,20,13,18,94,1,random,mean,250
2026100714,10750,250,0.500520833333,0.3328125,0.00127952755906,1,0.00679069767442,longer,threshold,FE,12000,8000,100,20,13,18,94,1,random,mean,250
2026100715,10750,250,0.708333333333,0.125,0.00840412216288,1,0.004,longer,threshold,FE,12000,8000,100,20,13,18,94,1,random,mean,250
2026100700,11000,250,0.584895833333,0.2484375,0.00615823235923,1,0.00336363636364,longer,threshold,FE,12000,8000,100,20,13,18,94,1,random,mean,250
2026100701,11000,250,0.501041666667,0.332291666667,0.00352492559524,1,0.0152727272727,longer,threshold,FE,12000,8000,100,20,13,18,94,1,random,mean,250
2026100702,11000,250,0.70625,0.127083333333,0.00920540494506,1,0.00545454545455,longer,threshold,FE,12000,8000,100,20,13,18,94,1,random,mean,250
2026100703,11000,250,0.54375,0.289583333333,0.000625,1,0.00718181818182,longer,threshold,FE,12000,8000,100,20,13,18,94,1,random,mean,250
2026100704,11000,250,0.627604166667,0.205729166667,0.000788288288288,1,0.00809090909091,longer,threshold,FE,12000,8000,100,20,13,18,94,1,random,mean,250
2026100705,11000,250,0.499804166667,0.2918625,0.00621704065563,0.95,0.00536363636364,longer,threshold,FE,12000,8000,100,20,13,18,94,1,random,mean,250
2026100706,11000,250,0.628645833333,0.2046875,0.00434923619271,1,0.00645454545455,longer,threshold,FE,12000,8000,100,20,13,18,94,1,random,mean,250
2026100707,11000,250,0.5046875,0.328645833333,0.0069912105499,1,0.00518181818182,longer,threshold,FE,12000,8000,100,20,13,18,94,1,random,mean,250
2026100708,11000,250,0.547916666667,0.285416666667,0.00767255620197,1,0.00863636363636,longer,threshold,FE,12000,8000,100,20,13,18,94,1,random,mean,250
2026100709,11000,250,0.623958333333,0.209375,0.00674863877211,1,0.00472727272727,longer,threshold,FE,12000,8000,100,20,13,18,94,1,random,mean,250
2026100710,11000,250,0.544625,0.288708333333,0.00252925451288,1,0.006,longer,threshold,FE,12000,8000,100,20,13,18,94,1,random,mean,250
2026100711,11000,250,0.583333333333,0.25,0.000625,1,0.00654545454545,longer,threshold,FE,12000,8000,100,20,13,18,94,1,random,mean,250
2026100712,11000,250,0.709895833333,0.1234375,0.00154761904762,1,0.00845454545455,longer,threshold,FE,12000,8000,100,20,13,18,94,1,random,mean,250
2026100713,11000,250,0.5,0.291666666667,0.00820343885586,0.95,0.01,longer,threshold,FE,12000,8000,100,20,13,18,94,1,random,mean,250
2026100714,11000,250,0.4997625,0.3032375,0.00387660292463,0.9636,0.00672727272727,longer,threshold,FE,12000,8000,100,20,13,18,94,1,random,mean,250
2026100715,11000,250,0.7088,0.124533333333,0.00818741306991,1,0.00409090909091,longer,threshold,FE,12000,8000,100,20,13,18,94,1,random,mean,250
2026100700,11250,250,0.584895833333,0.2484375,0.00615823235923,1,0.00328888888889,longer,threshold,FE,12000,8000,100,20,13,18,94,1,random,mean,250
2026100701,11250,250,0.500741666667,0.320591666667,0.00348346130952,0.9856,0.0150222222222,longer,threshold,FE,12000,8000,100,20,13,18,94,1,random,mean,250
2026100702,11250,250,0.707708333333,0.125625,0.00865600476799,1,0.00542222222222,longer,threshold,FE,12000,8000,100,20,13,18,94,1,random,mean,250
2026100703,11250,250,0.54375,0.289583333333,0.000625,1,0.00702222222222,longer,threshold,FE,12000,8000,100,20,13,18,94,1,random,mean,250
2026100704,11250,250,0.627495833333,0.2058375,0.00117949138924,1,0.00808888888889,longer,threshold,FE,12000,8000,100,20,13,18,94,1,random,mean,250
2026100705,11250,250,0.499266666667,0.2924,0.00753205030044,0.95,0.00542222222222,longer,threshold,FE,12000,8000,100,20,13,18,94,1,random,mean,250
2026100706,11250,250,0.62843125,0.204902083333,0.00466420063084,1,0.0064,longer,threshold,FE,12000,8000,100,20,13,18,94,1,random,mean,250
2026100707,11250,250,0.5046875,0.328645833333,0.0069912105499,1,0.00506666666667,longer,threshold,FE,12000,8000,100,20,13,18,94,1,random,mean,250
2026100708,11250,250,0.547629166667,0.285704166667,0.00755664944078,1,0.00853333333333,longer,threshold,FE,12000,8000,100,20,13,18,94,1,random,mean,250
2026100709,11250,250,0.624716666667,0.208616666667,0.00632658378868,1,0.00471111111111,longer,threshold,FE,12000,8000,100,20,13,18,94,1,random,mean,250
2026100710,11250,250,0.5421875,0.291145833333,0.00233739837398,1,0.00586666666667,longer,threshold,FE,12000,8000,100,20,13,18,94,1,random,mean,250
2026100711,11250,250,0.583408333333,0.249925,0.000640882352941,1,0.00648888888889,longer,threshold,FE,12000,8000,100,20,13,18,94,1,random,mean,250
2026100712,11250,250,0.709895833333,0.1234375,0.00154761904762,1,0.00826666666667,longer,threshold,FE,12000,8000,100,20,13,18,94,1,random,mean,250
2026100713,11250,250,0.4999125,0.291754166667,0.00830286742729,0.95,0.00986666666667,longer,threshold,FE,12000,8000,100,20,13,18,94,1,random,mean,250
2026100714,11250,250,0.499479166667,0.2921875,0.00484693877551,0.95,0.00666666666667,longer,threshold,FE,12000,8000,100,20,13,18,94,1,random,mean,250
2026100715,11250,250,0.709375,0.123958333333,0.00868208856041,1,0.004,longer,threshold,FE,12000,8000,100,20,13,18,94,1,random,mean,250
2026100700,11500,250,0.584895833333,0.2484375,0.00615823235923,1,0.00321739130435,longer,threshold,FE,12000,8000,100,20,13,18,94,1,random,mean,250
2026100701,11500,250,0.501060416667,0.29060625,0.00371440076676,0.95,0.0148695652174,longer,threshold,FE,12000,8000,100,20,13,18,94,1,random,mean,250
2026100702,11500,250,0.711458333333,0.121875,0.00724326145553,1,0.00530434782609,longer,threshold,FE,12000,8000,100,20,13,18,94,1,random,mean,250
2026100703,11500,250,0.544177083333,0.28915625,0.000715441176471,1,0.00695652173913,longer,threshold,FE,12000,8000,100,20,13,18,94,1,random,mean,250
2026100704,11500,250,0.6265625,0.206770833333,0.00445099818512,1,0.00791304347826,longer,threshold,FE,12000,8000,100,20,13,18,94,1,random,mean,250
2026100705,11500,250,0.498554166667,0.2931125,0.0079664671441,0.95,0.00539130434783,longer,threshold,FE,12000,8000,100,20,13,18,94,1,random,mean,250
2026100706,11500,250,0.627241666667,0.206091666667,0.00461447347013,1,0.00634782608696,longer,threshold,FE,12000,8000,100,20,13,18,94,1,random,mean,250
2026100707,11500,250,0.5046875,0.328645833333,0.0069912105499,1,0.00495652173913,longer,threshold,FE,12000,8000,100,20,13,18,94,1,random,mean,250
2026100708,11500,250,0.548125,0.285208333333,0.00739254253347,1,0.00852173913043,longer,threshold,FE,12000,8000,100,20,13,18,94,1,random,mean,250
2026100709,11500,250,0.625733333333,0.2076,0.00563096382849,1,0.00469565217391,longer,threshold,FE,12000,8000,100,20,13,18,94,1,random,mean,250
2026100710,11500,250,0.54375,0.289583333333,0.00229166666667,1,0.00582608695652,longer,threshold,FE,12000,8000,100,20,13,18,94,1,random,mean,250
2026100711,11500,250,0.583854166667,0.249479166667,0.000735294117647,1,0.00634782608696,longer,threshold,FE,12000,8000,100,20,13,18,94,1,random,mean,250
2026100712,11500,250,0.709895833333,0.1234375,0.00154761904762,1,0.00817391304348,longer,threshold,FE,12000,8000,100,20,13,18,94,1,random,mean,250
2026100713,11500,250,0.499479166667,0.2921875,0.00879527559055,0.95,0.00965217391304,longer,threshold,FE,12000,8000,100,20,13,18,94,1,random,mean,250
2026100714,11500,250,0.499479166667,0.2921875,0.00484693877551,0.95,0.00660869565217,longer,threshold,FE,12000,8000,100,20,13,18,94,1,random,mean,250
2026100715,11500,250,0.709375,0.123958333333,0.00868208856041,1,0.00391304347826,longer,threshold,FE,12000,8000,100,20,13,18,94,1,random,mean,250
2026100700,11750,250,0.583945833333,0.2493875,0.00732998990785,1,0.00323404255319,longer,threshold,FE,12000,8000,100,20,13,18,94,1,random,mean,250
2026100701,11750,250,0.500520833333,0.291145833333,0.00353020240354,0.95,0.0145531914894,longer,threshold,FE,12000,8000,100,20,13,18,94,1,random,mean,250
2026100702,11750,250,0.711458333333,0.121875,0.00724326145553,1,0.0051914893617,longer,threshold,FE,12000,8000,100,20,13,18,94,1,random,mean,250
2026100703,11750,250,0.544525,0.288808333333,0.00058275991697,1,0.00697872340426,longer,threshold,FE,12000,8000,100,20,13,18,94,1,random,mean,250
2026100704,11750,250,0.6265625,0.206770833333,0.00445099818512,1,0.00774468085106,longer,threshold,FE,12000,8000,100,20,13,18,94,1,random,mean,250
2026100705,11750,250,0.49853125,0.293135416667,0.00797061495707,0.95,0.00536170212766,longer,threshold,FE,12000,8000,100,20,13,18,94,1,random,mean,250
2026100706,11750,250,0.628866666667,0.204466666667,0.00507268129152,1,0.0063829787234,longer,threshold,FE,12000,8000,100,20,13,18,94,1,random,mean,250
2026100707,11750,250,0.5046875,0.328645833333,0.0069912105499,1,0.00485106382979,longer,threshold,FE,12000,8000,100,20,13,18,94,1,random,mean,250
2026100708,11750,250,0.5484375,0.284895833333,0.00736254170898,1,0.00834042553191,longer,threshold,FE,12000,8000,100,20,13,18,94,1,random,mean,250
2026100709,11750,250,0.623566666667,0.209766666667,0.00592263440332,1,0.00468085106383,longer,threshold,FE,12000,8000,100,20,13,18,94,1,random,mean,250
2026100710,11750,250,0.54375,0.289583333333,0.00229166666667,1,0.00570212765957,longer,threshold,FE,12000,8000,100,20,13,18,94,1,random,mean,250
2026100711,11750,250,0.583922916667,0.249410416667,0.000694167497507,1,0.00629787234043,longer,threshold,FE,12000,8000,100,20,13,18,94,1,random,mean,250
2026100712,11750,250,0.709158333333,0.124175,0.00103087672452,1,0.00817021276596,longer,threshold,FE,12000,8000,100,20,13,18,94,1,random,mean,250
2026100713,11750,250,0.499479166667,0.2921875,0.00879527559055,0.95,0.00953191489362,longer,threshold,FE,12000,8000,100,20,13,18,94,1,random,mean,250
2026100714,11750,250,0.499952083333,0.319047916667,0.002242560185,0.9828,0.00672340425532,longer,threshold,FE,12000,8000,100,20,13,18,94,1,random,mean,250
2026100715,11750,250,0.7088125,0.124520833333,0.00903776279272,1,0.00391489361702,longer,threshold,FE,12000,8000,100,20,13,18,94,1,random,mean,250
2026100700,12000,250,0.5828125,0.250520833333,0.00872787610619,1,0.00316666666667,longer,threshold,FE,12000,8000,100,20,13,18,94,1,random,mean,250
2026100701,12000,250,0.500202083333,0.291464583333,0.00333771853257,0.95,0.0143333333333,longer,threshold,FE,12000,8000,100,20,13,18,94,1,random,mean,250
2026100702,12000,250,0.711458333333,0.121875,0.00724326145553,1,0.00508333333333,longer,threshold,FE,12000,8000,100,20,13,18,94,1,random,mean,250
2026100703,12000,250,0.542708333333,0.290625,0.0016393442623,1,0.00683333333333,longer,threshold,FE,12000,8000,100,20,13,18,94,1,random,mean,250
2026100704,12000,250,0.6265625,0.206770833333,0.00445099818512,1,0.00758333333333,longer,threshold,FE,12000,8000,100,20,13,18,94,1,random,mean,250
2026100705,12000,250,0.498958333333,0.292708333333,0.00789331480624,0.95,0.00525,longer,threshold,FE,12000,8000,100,20,13,18,94,1,random,mean,250
2026100706,12000,250,0.6274375,0.205895833333,0.00466477447347,1,0.00633333333333,longer,threshold,FE,12000,8000,100,20,13,18,94,1,random,mean,250
2026100707,12000,250,0.5046875,0.328645833333,0.0069912105499,1,0.00475,longer,threshold,FE,12000,8000,100,20,13,18,94,1,random,mean,250
2026100708,12000,250,0.5484375,0.284895833333,0.00736254170898,1,0.00816666666667,longer,threshold,FE,12000,8000,100,20,13,18,94,1,random,mean,250
2026100709,12000,250,0.6234375,0.209895833333,0.00593943429493,1,0.00458333333333,longer,threshold,FE,12000,8000,100,20,13,18,94,1,random,mean,250
2026100710,12000,250,0.542891666667,0.290441666667,0.00226071038251,1,0.00575,longer,threshold,FE,12000,8000,100,20,13,18,94,1,random,mean,250
2026100711,12000,250,0.584375,0.248958333333,0.000423728813559,1,0.00616666666667,longer,threshold,FE,12000,8000,100,20,13,18,94,1,random,mean,250
2026100712,12000,250,0.710489583333,0.12284375,0.00112501816811,1,0.00816666666667,longer,threshold,FE,12000,8000,100,20,13,18,94,1,random,mean,250
2026100713,12000,250,0.497870833333,0.261629166667,0.00779229300733,0.9114,0.00941666666667,longer,threshold,FE,12000,8000,100,20,13,18,94,1,random,mean,250
2026100714,12000,250,0.498958333333,0.292708333333,0.001,0.95,0.00658333333333,longer,threshold,FE,12000,8000,100,20,13,18,94,1,random,mean,250
2026100715,12000,250,0.708333333333,0.125,0.00934074454617,1,0.00383333333333,longer,threshold,FE,12000,8000,100,20,13,18,94,1,random,mean,250
