seed,step,window_steps,group_relative_contribution,surplus,gini,success,acceptance_rate,experiment,game,treatment,steps,burn_in,thin,rounds,levels,beta,gamma,selection,initial,signal,diagnostic_every
2026090800,250,250,0.669795833333,1.70507583333,0.0488591922008,,0.156,baseline,linear,AI,6000,2000,100,20,13,0,14,1,random,mean,250
2026090801,250,250,0.57310625,1.439935,0.070516608836,,0.244,baseline,linear,AI,6000,2000,100,20,13,0,14,1,random,mean,250
2026090802,250,250,0.54478125,1.3783925,0.0694753821773,,0.192,baseline,linear,AI,6000,2000,100,20,13,0,14,1,random,mean,250
2026090803,250,250,0.675377083333,1.69002083333,0.0546058393483,,0.16,baseline,linear,AI,6000,2000,100,20,13,0,14,1,random,mean,250
2026090804,250,250,0.6177625,1.576115,0.0601055374384,,0.188,baseline,linear,AI,6000,2000,100,20,13,0,14,1,random,mean,250
2026090805,250,250,0.580525,1.4491525,0.0636845592363,,0.156,baseline,linear,AI,6000,2000,100,20,13,0,14,1,random,mean,250
2026090806,250,250,0.535366666667,1.35030166667,0.0756872406912,,0.26,baseline,linear,AI,6000,2000,100,20,13,0,14,1,random,mean,250
2026090807,250,250,0.687495833333,1.76031083333,0.036353420304,,0.088,baseline,linear,AI,6000,2000,100,20,13,0,14,1,random,mean,250
2026090808,250,250,0.601677083333,1.50287333333,0.0673093566577,,0.136,baseline,linear,AI,6000,2000,100,20,13,0,14,1,random,mean,250
2026090809,250,250,0.62525625,1.5790825,0.0543644526465,,0.076,baseline,linear,AI,6000,2000,100,20,13,0,14,1,random,mean,250
2026090810,250,250,0.6068875,1.51887,0.0723106737815,,0.152,baseline,linear,AI,6000,2000,100,20,13,0,14,1,random,mean,250
2026090811,250,250,0.582808333333,1.44790583333,0.0713960556267,,0.156,baseline,linear,AI,6000,2000,100,20,13,0,14,1,random,mean,250
2026090812,250,250,0.51030625,1.2686525,0.0876836929632,,0.26,baseline,linear,AI,6000,2000,100,20,13,0,14,1,random,mean,250
2026090813,250,250,0.499029166667,1.25132666667,0.0860074835303,,0.16,baseline,linear,AI,6000,2000,100,20,13,0,14,1,random,mean,250
2026090814,250,250,0.66975,1.6784975,0.0511697747867,,0.208,baseline,linear,AI,6000,2000,100,20,13,0,14,1,random,mean,250
2026090815,250,250,0.595735416667,1.49987916667,0.066437448924,,0.14,baseline,linear,AI,6000,2000,100,20,13,0,14,1,random,mean,250
2026090816,250,250,0.58026875,1.46802,0.0669208987785,,0.112,baseline,linear,AI,6000,2000,100,20,13,0,14,1,random,mean,250
2026090817,250,250,0.589133333333,1.49016333333,0.063387237216,,0.196,baseline,linear,AI,6000,2000,100,20,13,0,14,1,random,mean,250
2026090818,250,250,0.5860875,1.473045,0.0713390729873,,0.124,baseline,linear,AI,6000,2000,100,20,13,0,14,1,random,mean,250
2026090819,250,250,0.586883333333,1.47809333333,0.0694938969473,,0.2,baseline,linear,AI,6000,2000,100,20,13,0,14,1,random,mean,250
2026090820,250,250,0.6515875,1.6470925,0.0568812498467,,0.192,baseline,linear,AI,6000,2000,100,20,13,0,14,1,random,mean,250
2026090821,250,250,0.590966666667,1.47902166667,0.0661957919722,,0.276,baseline,linear,AI,6000,2000,100,20,13,0,14,1,random,mean,250
2026090822,250,250,0.584510416667,1.47546916667,0.0656733261128,,0.164,baseline,linear,AI,6000,2000,100,20,13,0,14,1,random,mean,250
2026090823,250,250,0.593602083333,1.49400833333,0.0693865820453,,0.24,baseline,linear,AI,6000,2000,100,20,13,0,14,1,random,mean,250
2026090824,250,250,0.51635,1.2889425,0.0859602005663,,0.224,baseline,linear,AI,6000,2000,100,20,13,0,14,1,random,mean,250
2026090825,250,250,0.69294375,1.73516,0.0481005463969,,0.056,baseline,linear,AI,6000,2000,100,20,13,0,14,1,random,mean,250
2026090826,250,250,0.5662,1.434735,0.0616909978263,,0.2,baseline,linear,AI,6000,2000,100,20,13,0,14,1,random,mean,250
2026090827,250,250,0.538904166667,1.35903416667,0.0703899042507,,0.18,baseline,linear,AI,6000,2000,100,20,13,0,14,1,random,mean,250
2026090828,250,250,0.6863,1.691635,0.0489176886206,,0.056,baseline,linear,AI,6000,2000,100,20,13,0,14,1,random,mean,250
2026090829,250,250,0.514427083333,1.29037333333,0.0822945286758,,0.208,baseline,linear,AI,6000,2000,100,20,13,0,14,1,random,mean,250
2026090830,250,250,0.56081875,1.4181825,0.0744853665688,,0.208,baseline,linear,AI,6000,2000,100,20,13,0,14,1,random,mean,250
2026090831,250,250,0.635022916667,1.63044166667,0.0505197182232,,0.144,baseline,linear,AI,6000,2000,100,20,13,0,14,1,random,mean,250
2026090800,500,250,0.77573125,1.9878325,0.0238184674257,,0.084,baseline,linear,AI,6000,2000,100,20,13,0,14,1,random,mean,250
2026090801,500,250,0.69063125,1.728965,0.0456848481207,,0.202,baseline,linear,AI,6000,2000,100,20,13,0,14,1,random,mean,250
2026090802,500,250,0.524164583333,1.32909833333,0.0761109091513,,0.254,baseline,linear,AI,6000,2000,100,20,13,0,14,1,random,mean,250
2026090803,500,250,0.568147916667,1.44165916667,0.0676782646172,,0.204,baseline,linear,AI,6000,2000,100,20,13,0,14,1,random,mean,250
2026090804,500,250,0.587795833333,1.48428333333,0.0665425857381,,0.198,baseline,linear,AI,6000,2000,100,20,13,0,14,1,random,mean,250
2026090805,500,250,0.721875,1.80875,0.0391333959696,,0.078,baseline,linear,AI,6000,2000,100,20,13,0,14,1,random,mean,250
2026090806,500,250,0.52648125,1.33024,0.0796929322494,,0.27,baseline,linear,AI,6000,2000,100,20,13,0,14,1,random,mean,250
2026090807,500,250,0.61319375,1.5498225,0.0606055162105,,0.142,baseline,linear,AI,6000,2000,100,20,13,0,14,1,random,mean,250
2026090808,500,250,0.622147916667,1.56801666667,0.0590090579183,,0.13,baseline,linear,AI,6000,2000,100,20,13,0,14,1,random,mean,250
2026090809,500,250,0.62513125,1.5468075,0.0691248198702,,0.1,baseline,linear,AI,6000,2000,100,20,13,0,14,1,random,mean,250
2026090810,500,250,0.522897916667,1.31802916667,0.0769721845112,,0.214,baseline,linear,AI,6000,2000,100,20,13,0,14,1,random,mean,250
2026090811,500,250,0.645583333333,1.60258333333,0.0604528189983,,0.124,baseline,linear,AI,6000,2000,100,20,13,0,14,1,random,mean,250
2026090812,500,250,0.58416875,1.48872,0.0587971592209,,0.25,baseline,linear,AI,6000,2000,100,20,13,0,14,1,random,mean,250
2026090813,500,250,0.778539583333,1.97086833333,0.0322788581975,,0.1,baseline,linear,AI,6000,2000,100,20,13,0,14,1,random,mean,250
2026090814,500,250,0.7121625,1.78867,0.0388222529559,,0.148,baseline,linear,AI,6000,2000,100,20,13,0,14,1,random,mean,250
2026090815,500,250,0.632108333333,1.64182333333,0.0438710421082,,0.12,baseline,linear,AI,6000,2000,100,20,13,0,14,1,random,mean,250
2026090816,500,250,0.594685416667,1.49693666667,0.0661871686544,,0.164,baseline,linear,AI,6000,2000,100,20,13,0,14,1,random,mean,250
2026090817,500,250,0.5614125,1.4298475,0.0637166756021,,0.166,baseline,linear,AI,6000,2000,100,20,13,0,14,1,random,mean,250
2026090818,500,250,0.666410416667,1.69082916667,0.0459370122079,,0.106,baseline,linear,AI,6000,2000,100,20,13,0,14,1,random,mean,250
2026090819,500,250,0.619595833333,1.57018333333,0.0607411426062,,0.206,baseline,linear,AI,6000,2000,100,20,13,0,14,1,random,mean,250
2026090820,500,250,0.7979375,2.0105125,0.0312592796421,,0.098,baseline,linear,AI,6000,2000,100,20,13,0,14,1,random,mean,250
2026090821,500,250,0.56988125,1.4395,0.0714603966398,,0.246,baseline,linear,AI,6000,2000,100,20,13,0,14,1,random,mean,250
2026090822,500,250,0.511864583333,1.28518333333,0.080223255233,,0.24,baseline,linear,AI,6000,2000,100,20,13,0,14,1,random,mean,250
2026090823,500,250,0.722216666667,1.80832166667,0.0319642399076,,0.124,baseline,linear,AI,6000,2000,100,20,13,0,14,1,random,mean,250
2026090824,500,250,0.535560416667,1.36189416667,0.0753685527095,,0.224,baseline,linear,AI,6000,2000,100,20,13,0,14,1,random,mean,250
2026090825,500,250,0.727329166667,1.83993916667,0.0414731948488,,0.056,baseline,linear,AI,6000,2000,100,20,13,0,14,1,random,mean,250
2026090826,500,250,0.65045625,1.61314,0.064859064404,,0.124,baseline,linear,AI,6000,2000,100,20,13,0,14,1,random,mean,250
2026090827,500,250,0.667789583333,1.68207333333,0.0463171777739,,0.118,baseline,linear,AI,6000,2000,100,20,13,0,14,1,random,mean,250
2026090828,500,250,0.607660416667,1.54338666667,0.0608102294523,,0.15,baseline,linear,AI,6000,2000,100,20,13,0,14,1,random,mean,250
2026090829,500,250,0.530685416667,1.34883416667,0.0678606515412,,0.184,baseline,linear,AI,6000,2000,100,20,13,0,14,1,random,mean,250
2026090830,500,250,0.56923125,1.4479375,0.06634989945,,0.212,baseline,linear,AI,6000,2000,100,20,13,0,14,1,random,mean,250
2026090831,500,250,0.757629166667,1.96251666667,0.0272759816281,,0.078,baseline,linear,AI,6000,2000,100,20,13,0,14,1,random,mean,250
2026090800,750,250,0.679539583333,1.69295333333,0.0509659649928,,0.0893333333333,baseline,linear,AI,6000,2000,100,20,13,0,14,1,random,mean,250
2026090801,750,250,0.715402083333,1.80292833333,0.0343765993461,,0.152,baseline,linear,AI,6000,2000,100,20,13,0,14,1,random,mean,250
2026090802,750,250,0.699664583333,1.78682083333,0.0431854472047,,0.204,baseline,linear,AI,6000,2000,100,20,13,0,14,1,random,mean,250
2026090803,750,250,0.578570833333,1.47829083333,0.0608373115785,,0.212,baseline,linear,AI,6000,2000,100,20,13,0,14,1,random,mean,250
2026090804,750,250,0.61723125,1.55167,0.0646823217248,,0.177333333333,baseline,linear,AI,6000,2000,100,20,13,0,14,1,random,mean,250
2026090805,750,250,0.721229166667,1.80694166667,0.039143088812,,0.0533333333333,baseline,linear,AI,6000,2000,100,20,13,0,14,1,random,mean,250
2026090806,750,250,0.532827083333,1.34194583333,0.0780170888976,,0.262666666667,baseline,linear,AI,6000,2000,100,20,13,0,14,1,random,mean,250
2026090807,750,250,0.59573125,1.5302525,0.0582227389696,,0.172,baseline,linear,AI,6000,2000,100,20,13,0,14,1,random,mean,250
2026090808,750,250,0.599675,1.5175275,0.0670595146903,,0.165333333333,baseline,linear,AI,6000,2000,100,20,13,0,14,1,random,mean,250
2026090809,750,250,0.615720833333,1.52239833333,0.0691750222106,,0.138666666667,baseline,linear,AI,6000,2000,100,20,13,0,14,1,random,mean,250
2026090810,750,250,0.555591666667,1.39610166667,0.0728771344084,,0.209333333333,baseline,linear,AI,6000,2000,100,20,13,0,14,1,random,mean,250
2026090811,750,250,0.5320375,1.3509375,0.0767998691241,,0.170666666667,baseline,linear,AI,6000,2000,100,20,13,0,14,1,random,mean,250
2026090812,750,250,0.553283333333,1.39826333333,0.072307294268,,0.237333333333,baseline,linear,AI,6000,2000,100,20,13,0,14,1,random,mean,250
2026090813,750,250,0.7406625,1.8743225,0.0323408412534,,0.0893333333333,baseline,linear,AI,6000,2000,100,20,13,0,14,1,random,mean,250
2026090814,750,250,0.569277083333,1.44806083333,0.0622146202441,,0.158666666667,baseline,linear,AI,6000,2000,100,20,13,0,14,1,random,mean,250
2026090815,750,250,0.566083333333,1.42682083333,0.0690583283367,,0.14,baseline,linear,AI,6000,2000,100,20,13,0,14,1,random,mean,250
2026090816,750,250,0.827629166667,2.09712916667,0.0155615766702,,0.112,baseline,linear,AI,6000,2000,100,20,13,0,14,1,random,mean,250
2026090817,750,250,0.6592625,1.7036875,0.0443548659886,,0.136,baseline,linear,AI,6000,2000,100,20,13,0,14,1,random,mean,250
2026090818,750,250,0.553360416667,1.38456666667,0.0789862332472,,0.153333333333,baseline,linear,AI,6000,2000,100,20,13,0,14,1,random,mean,250
2026090819,750,250,0.727679166667,1.86707666667,0.040963213516,,0.14,baseline,linear,AI,6000,2000,100,20,13,0,14,1,random,mean,250
2026090820,750,250,0.802604166667,2.01666666667,0.0310605771507,,0.0653333333333,baseline,linear,AI,6000,2000,100,20,13,0,14,1,random,mean,250
2026090821,750,250,0.769610416667,1.95563666667,0.0262462593656,,0.18,baseline,linear,AI,6000,2000,100,20,13,0,14,1,random,mean,250
2026090822,750,250,0.678416666667,1.73489666667,0.0447446142714,,0.197333333333,baseline,linear,AI,6000,2000,100,20,13,0,14,1,random,mean,250
2026090823,750,250,0.727604166667,1.82166666667,0.0305176124145,,0.0826666666667,baseline,linear,AI,6000,2000,100,20,13,0,14,1,random,mean,250
2026090824,750,250,0.546097916667,1.38836666667,0.0751150377635,,0.157333333333,baseline,linear,AI,6000,2000,100,20,13,0,14,1,random,mean,250
2026090825,750,250,0.6338625,1.612065,0.0509609089909,,0.0533333333333,baseline,linear,AI,6000,2000,100,20,13,0,14,1,random,mean,250
2026090826,750,250,0.527147916667,1.34789666667,0.0739695833539,,0.18,baseline,linear,AI,6000,2000,100,20,13,0,14,1,random,mean,250
2026090827,750,250,0.642822916667,1.61944916667,0.0473421360835,,0.130666666667,baseline,linear,AI,6000,2000,100,20,13,0,14,1,random,mean,250
2026090828,750,250,0.556491666667,1.41011666667,0.0677438415545,,0.170666666667,baseline,linear,AI,6000,2000,100,20,13,0,14,1,random,mean,250
2026090829,750,250,0.627979166667,1.57665916667,0.0564609472157,,0.137333333333,baseline,linear,AI,6000,2000,100,20,13,0,14,1,random,mean,250
2026090830,750,250,0.565697916667,1.43028666667,0.068399279844,,0.208,baseline,linear,AI,6000,2000,100,20,13,0,14,1,random,mean,250
2026090831,750,250,0.6966625,1.7776475,0.0416100478034,,0.0946666666667,baseline,linear,AI,6000,2000,100,20,13,0,14,1,random,mean,250
2026090800,1000,250,0.617120833333,1.56773333333,0.0526687562377,,0.112,baseline,linear,AI,6000,2000,100,20,13,0,14,1,random,mean,250
2026090801,1000,250,0.794283333333,2.02361083333,0.0118394676683,,0.122,baseline,linear,AI,6000,2000,100,20,13,0,14,1,random,mean,250
2026090802,1000,250,0.678341666667,1.75142666667,0.035700058347,,0.178,baseline,linear,AI,6000,2000,100,20,13,0,14,1,random,mean,250
2026090803,1000,250,0.805729166667,2.01104166667,0.0304881952494,,0.159,baseline,linear,AI,6000,2000,100,20,13,0,14,1,random,mean,250
2026090804,1000,250,0.63475625,1.6093425,0.0609446221867,,0.175,baseline,linear,AI,6000,2000,100,20,13,0,14,1,random,mean,250
2026090805,1000,250,0.708466666667,1.82136916667,0.0184758511033,,0.044,baseline,linear,AI,6000,2000,100,20,13,0,14,1,random,mean,250
2026090806,1000,250,0.54085625,1.351325,0.0811958344218,,0.251,baseline,linear,AI,6000,2000,100,20,13,0,14,1,random,mean,250
2026090807,1000,250,0.530675,1.3350125,0.0799168614574,,0.202,baseline,linear,AI,6000,2000,100,20,13,0,14,1,random,mean,250
2026090808,1000,250,0.604472916667,1.54459666667,0.0645954411237,,0.17,baseline,linear,AI,6000,2000,100,20,13,0,14,1,random,mean,250
2026090809,1000,250,0.595135416667,1.50431666667,0.0570236156807,,0.158,baseline,linear,AI,6000,2000,100,20,13,0,14,1,random,mean,250
2026090810,1000,250,0.639133333333,1.59742083333,0.0562037464593,,0.177,baseline,linear,AI,6000,2000,100,20,13,0,14,1,random,mean,250
2026090811,1000,250,0.549377083333,1.38531333333,0.0710854181471,,0.19,baseline,linear,AI,6000,2000,100,20,13,0,14,1,random,mean,250
2026090812,1000,250,0.603822916667,1.53828916667,0.0504392259886,,0.215,baseline,linear,AI,6000,2000,100,20,13,0,14,1,random,mean,250
2026090813,1000,250,0.794502083333,2.01523083333,0.0176954986426,,0.068,baseline,linear,AI,6000,2000,100,20,13,0,14,1,random,mean,250
2026090814,1000,250,0.511664583333,1.28838083333,0.0749677676279,,0.174,baseline,linear,AI,6000,2000,100,20,13,0,14,1,random,mean,250
2026090815,1000,250,0.761072916667,1.93349416667,0.023881042071,,0.107,baseline,linear,AI,6000,2000,100,20,13,0,14,1,random,mean,250
2026090816,1000,250,0.844466666667,2.14545166667,0.0109738597612,,0.085,baseline,linear,AI,6000,2000,100,20,13,0,14,1,random,mean,250
2026090817,1000,250,0.658689583333,1.67393333333,0.037882869741,,0.104,baseline,linear,AI,6000,2000,100,20,13,0,14,1,random,mean,250
2026090818,1000,250,0.53626875,1.34718,0.0818743568956,,0.176,baseline,linear,AI,6000,2000,100,20,13,0,14,1,random,mean,250
2026090819,1000,250,0.75611875,1.9661025,0.0320128466426,,0.106,baseline,linear,AI,6000,2000,100,20,13,0,14,1,random,mean,250
2026090820,1000,250,0.724014583333,1.81415083333,0.0484983523747,,0.051,baseline,linear,AI,6000,2000,100,20,13,0,14,1,random,mean,250
2026090821,1000,250,0.6799,1.725495,0.0499226557279,,0.166,baseline,linear,AI,6000,2000,100,20,13,0,14,1,random,mean,250
2026090822,1000,250,0.852658333333,2.16911833333,0.0145375136245,,0.149,baseline,linear,AI,6000,2000,100,20,13,0,14,1,random,mean,250
2026090823,1000,250,0.727604166667,1.82166666667,0.0305176124145,,0.062,baseline,linear,AI,6000,2000,100,20,13,0,14,1,random,mean,250
2026090824,1000,250,0.552083333333,1.40520833333,0.0737779927252,,0.118,baseline,linear,AI,6000,2000,100,20,13,0,14,1,random,mean,250
2026090825,1000,250,0.601922916667,1.52861416667,0.0595946042056,,0.066,baseline,linear,AI,6000,2000,100,20,13,0,14,1,random,mean,250
2026090826,1000,250,0.650247916667,1.66495666667,0.0517783332359,,0.176,baseline,linear,AI,6000,2000,100,20,13,0,14,1,random,mean,250
2026090827,1000,250,0.702925,1.761715,0.0456849929633,,0.111,baseline,linear,AI,6000,2000,100,20,13,0,14,1,random,mean,250
2026090828,1000,250,0.568035416667,1.42787166667,0.0731606526415,,0.2,baseline,linear,AI,6000,2000,100,20,13,0,14,1,random,mean,250
2026090829,1000,250,0.7041125,1.77877,0.0406284003835,,0.115,baseline,linear,AI,6000,2000,100,20,13,0,14,1,random,mean,250
2026090830,1000,250,0.536352083333,1.34609833333,0.0710207798454,,0.21,baseline,linear,AI,6000,2000,100,20,13,0,14,1,random,mean,250
2026090831,1000,250,0.72030625,1.819195,0.0377581066009,,0.089,baseline,linear,AI,6000,2000,100,20,13,0,14,1,random,mean,250
2026090800,1250,250,0.627066666667,1.59030916667,0.0575641930977,,0.1176,baseline,linear,AI,6000,2000,100,20,13,0,14,1,random,mean,250
2026090801,1250,250,0.806958333333,2.01319583333,0.031453356803,,0.1088,baseline,linear,AI,6000,2000,100,20,13,0,14,1,random,mean,250
2026090802,1250,250,0.598752083333,1.56802583333,0.0474356742238,,0.1656,baseline,linear,AI,6000,2000,100,20,13,0,14,1,random,mean,250
2026090803,1250,250,0.805729166667,2.01104166667,0.0304881952494,,0.1272,baseline,linear,AI,6000,2000,100,20,13,0,14,1,random,mean,250
2026090804,1250,250,0.775083333333,1.94677083333,0.0320235954267,,0.1408,baseline,linear,AI,6000,2000,100,20,13,0,14,1,random,mean,250
2026090805,1250,250,0.617127083333,1.59430083333,0.0476192846449,,0.0616,baseline,linear,AI,6000,2000,100,20,13,0,14,1,random,mean,250
2026090806,1250,250,0.671895833333,1.66580583333,0.0451051822243,,0.2024,baseline,linear,AI,6000,2000,100,20,13,0,14,1,random,mean,250
2026090807,1250,250,0.588220833333,1.48600583333,0.0653422256011,,0.196,baseline,linear,AI,6000,2000,100,20,13,0,14,1,random,mean,250
2026090808,1250,250,0.76875,2.026875,0.028804115115,,0.136,baseline,linear,AI,6000,2000,100,20,13,0,14,1,random,mean,250
2026090809,1250,250,0.581004166667,1.48290166667,0.0556133123563,,0.1584,baseline,linear,AI,6000,2000,100,20,13,0,14,1,random,mean,250
2026090810,1250,250,0.7262375,1.816755,0.0332806756734,,0.144,baseline,linear,AI,6000,2000,100,20,13,0,14,1,random,mean,250
2026090811,1250,250,0.673772916667,1.72963916667,0.0518058407361,,0.1896,baseline,linear,AI,6000,2000,100,20,13,0,14,1,random,mean,250
2026090812,1250,250,0.616066666667,1.56922166667,0.0548537658907,,0.2072,baseline,linear,AI,6000,2000,100,20,13,0,14,1,random,mean,250
2026090813,1250,250,0.792708333333,2.01020833333,0.0180472723994,,0.0544,baseline,linear,AI,6000,2000,100,20,13,0,14,1,random,mean,250
2026090814,1250,250,0.584058333333,1.47532583333,0.0626586644194,,0.18,baseline,linear,AI,6000,2000,100,20,13,0,14,1,random,mean,250
2026090815,1250,250,0.773958333333,1.95895833333,0.0198083267467,,0.0856,baseline,linear,AI,6000,2000,100,20,13,0,14,1,random,mean,250
2026090816,1250,250,0.849208333333,2.11653333333,0.0162443782402,,0.0704,baseline,linear,AI,6000,2000,100,20,13,0,14,1,random,mean,250
2026090817,1250,250,0.704502083333,1.78695833333,0.0315580489924,,0.0912,baseline,linear,AI,6000,2000,100,20,13,0,14,1,random,mean,250
2026090818,1250,250,0.600375,1.50215,0.0643214336054,,0.1728,baseline,linear,AI,6000,2000,100,20,13,0,14,1,random,mean,250
2026090819,1250,250,0.6435625,1.6378375,0.0545799284337,,0.1328,baseline,linear,AI,6000,2000,100,20,13,0,14,1,random,mean,250
2026090820,1250,250,0.78890625,1.9772725,0.0313344148298,,0.0432,baseline,linear,AI,6000,2000,100,20,13,0,14,1,random,mean,250
2026090821,1250,250,0.86975625,2.2104675,0.0182513879604,,0.136,baseline,linear,AI,6000,2000,100,20,13,0,14,1,random,mean,250
2026090822,1250,250,0.876708333333,2.21665833333,0.0151884263545,,0.1208,baseline,linear,AI,6000,2000,100,20,13,0,14,1,random,mean,250
2026090823,1250,250,0.727604166667,1.82166666667,0.0305176124145,,0.0496,baseline,linear,AI,6000,2000,100,20,13,0,14,1,random,mean,250
2026090824,1250,250,0.552083333333,1.40520833333,0.0737779927252,,0.0944,baseline,linear,AI,6000,2000,100,20,13,0,14,1,random,mean,250
2026090825,1250,250,0.521327083333,1.32701333333,0.0750945032771,,0.104,baseline,linear,AI,6000,2000,100,20,13,0,14,1,random,mean,250
2026090826,1250,250,0.753070833333,1.90393333333,0.0307177391082,,0.1464,baseline,linear,AI,6000,2000,100,20,13,0,14,1,random,mean,250
2026090827,1250,250,0.800270833333,2.01452083333,0.0305200807588,,0.0896,baseline,linear,AI,6000,2000,100,20,13,0,14,1,random,mean,250
2026090828,1250,250,0.614441666667,1.56494666667,0.0508445260473,,0.1944,baseline,linear,AI,6000,2000,100,20,13,0,14,1,random,mean,250
2026090829,1250,250,0.699341666667,1.77128416667,0.0369752109333,,0.0952,baseline,linear,AI,6000,2000,100,20,13,0,14,1,random,mean,250
2026090830,1250,250,0.60124375,1.5233325,0.0575978159801,,0.2048,baseline,linear,AI,6000,2000,100,20,13,0,14,1,random,mean,250
2026090831,1250,250,0.598614583333,1.50967833333,0.0641640825045,,0.112,baseline,linear,AI,6000,2000,100,20,13,0,14,1,random,mean,250
2026090800,1500,250,0.603120833333,1.53996333333,0.0592961837487,,0.136,baseline,linear,AI,6000,2000,100,20,13,0,14,1,random,mean,250
2026090801,1500,250,0.827214583333,2.05979333333,0.0243077675173,,0.0913333333333,baseline,linear,AI,6000,2000,100,20,13,0,14,1,random,mean,250
2026090802,1500,250,0.562489583333,1.41962583333,0.0654671895347,,0.178666666667,baseline,linear,AI,6000,2000,100,20,13,0,14,1,random,mean,250
2026090803,1500,250,0.805729166667,2.01104166667,0.0304881952494,,0.106,baseline,linear,AI,6000,2000,100,20,13,0,14,1,random,mean,250
2026090804,1500,250,0.827810416667,2.10210666667,0.0230694673663,,0.119333333333,baseline,linear,AI,6000,2000,100,20,13,0,14,1,random,mean,250
2026090805,1500,250,0.621108333333,1.51001833333,0.0551249474623,,0.052,baseline,linear,AI,6000,2000,100,20,13,0,14,1,random,mean,250
2026090806,1500,250,0.695833333333,1.72708333333,0.038073142403,,0.168666666667,baseline,linear,AI,6000,2000,100,20,13,0,14,1,random,mean,250
2026090807,1500,250,0.616710416667,1.55126666667,0.059062300041,,0.179333333333,baseline,linear,AI,6000,2000,100,20,13,0,14,1,random,mean,250
2026090808,1500,250,0.76875,2.026875,0.028804115115,,0.114,baseline,linear,AI,6000,2000,100,20,13,0,14,1,random,mean,250
2026090809,1500,250,0.7418,1.8746775,0.0374139539336,,0.139333333333,baseline,linear,AI,6000,2000,100,20,13,0,14,1,random,mean,250
2026090810,1500,250,0.760125,1.91573,0.0224386024559,,0.120666666667,baseline,linear,AI,6000,2000,100,20,13,0,14,1,random,mean,250
2026090811,1500,250,0.7942375,2.0136725,0.0293436739528,,0.162,baseline,linear,AI,6000,2000,100,20,13,0,14,1,random,mean,250
2026090812,1500,250,0.688322916667,1.76354416667,0.0394600766612,,0.19,baseline,linear,AI,6000,2000,100,20,13,0,14,1,random,mean,250
2026090813,1500,250,0.792708333333,2.01020833333,0.0180472723994,,0.0453333333333,baseline,linear,AI,6000,2000,100,20,13,0,14,1,random,mean,250
2026090814,1500,250,0.572545833333,1.45159833333,0.0722152286832,,0.186,baseline,linear,AI,6000,2000,100,20,13,0,14,1,random,mean,250
2026090815,1500,250,0.773958333333,1.95895833333,0.0198083267467,,0.0713333333333,baseline,linear,AI,6000,2000,100,20,13,0,14,1,random,mean,250
2026090816,1500,250,0.833670833333,2.07372833333,0.0191907202138,,0.0606666666667,baseline,linear,AI,6000,2000,100,20,13,0,14,1,random,mean,250
2026090817,1500,250,0.743229166667,1.88104166667,0.0262873781484,,0.076,baseline,linear,AI,6000,2000,100,20,13,0,14,1,random,mean,250
2026090818,1500,250,0.513289583333,1.30858833333,0.0702266905669,,0.176666666667,baseline,linear,AI,6000,2000,100,20,13,0,14,1,random,mean,250
2026090819,1500,250,0.66905,1.6923625,0.0519117163196,,0.139333333333,baseline,linear,AI,6000,2000,100,20,13,0,14,1,random,mean,250
2026090820,1500,250,0.879360416667,2.21226416667,0.0119882057326,,0.0393333333333,baseline,linear,AI,6000,2000,100,20,13,0,14,1,random,mean,250
2026090821,1500,250,0.886427083333,2.23464333333,0.0171575816131,,0.117333333333,baseline,linear,AI,6000,2000,100,20,13,0,14,1,random,mean,250
2026090822,1500,250,0.611329166667,1.54805416667,0.0614993066682,,0.144666666667,baseline,linear,AI,6000,2000,100,20,13,0,14,1,random,mean,250
2026090823,1500,250,0.717375,1.7958425,0.0322570922751,,0.0433333333333,baseline,linear,AI,6000,2000,100,20,13,0,14,1,random,mean,250
2026090824,1500,250,0.552083333333,1.40520833333,0.0737779927252,,0.0786666666667,baseline,linear,AI,6000,2000,100,20,13,0,14,1,random,mean,250
2026090825,1500,250,0.531683333333,1.32295583333,0.0810116565764,,0.112666666667,baseline,linear,AI,6000,2000,100,20,13,0,14,1,random,mean,250
2026090826,1500,250,0.6127125,1.5552625,0.0567061094286,,0.149333333333,baseline,linear,AI,6000,2000,100,20,13,0,14,1,random,mean,250
2026090827,1500,250,0.827083333333,2.08520833333,0.0266615537917,,0.0746666666667,baseline,linear,AI,6000,2000,100,20,13,0,14,1,random,mean,250
2026090828,1500,250,0.7299375,1.83456,0.035587463237,,0.165333333333,baseline,linear,AI,6000,2000,100,20,13,0,14,1,random,mean,250
2026090829,1500,250,0.575472916667,1.45066166667,0.0648354179715,,0.115333333333,baseline,linear,AI,6000,2000,100,20,13,0,14,1,random,mean,250
2026090830,1500,250,0.556370833333,1.41361833333,0.0640038352466,,0.197333333333,baseline,linear,AI,6000,2000,100,20,13,0,14,1,random,mean,250
2026090831,1500,250,0.574297916667,1.44925666667,0.0686558654192,,0.132666666667,baseline,linear,AI,6000,2000,100,20,13,0,14,1,random,mean,250
2026090800,1750,250,0.666533333333,1.65113333333,0.0509497731966,,0.126857142857,baseline,linear,AI,6000,2000,100,20,13,0,14,1,random,mean,250
2026090801,1750,250,0.828958333333,2.06483333333,0.0241021644606,,0.0788571428571,baseline,linear,AI,6000,2000,100,20,13,0,14,1,random,mean,250
2026090802,1750,250,0.537816666667,1.33665416667,0.0837126598109,,0.188,baseline,linear,AI,6000,2000,100,20,13,0,14,1,random,mean,250
2026090803,1750,250,0.805729166667,2.01104166667,0.0304881952494,,0.0908571428571,baseline,linear,AI,6000,2000,100,20,13,0,14,1,random,mean,250
2026090804,1750,250,0.777285416667,1.97336416667,0.0318525626852,,0.109714285714,baseline,linear,AI,6000,2000,100,20,13,0,14,1,random,mean,250
2026090805,1750,250,0.6080125,1.5132425,0.0568651712823,,0.0537142857143,baseline,linear,AI,6000,2000,100,20,13,0,14,1,random,mean,250
2026090806,1750,250,0.695833333333,1.72708333333,0.038073142403,,0.144571428571,baseline,linear,AI,6000,2000,100,20,13,0,14,1,random,mean,250
2026090807,1750,250,0.522127083333,1.33425333333,0.0730693137453,,0.181142857143,baseline,linear,AI,6000,2000,100,20,13,0,14,1,random,mean,250
2026090808,1750,250,0.694308333333,1.79690083333,0.0493088131814,,0.100571428571,baseline,linear,AI,6000,2000,100,20,13,0,14,1,random,mean,250
2026090809,1750,250,0.670675,1.69929,0.0473962149741,,0.146285714286,baseline,linear,AI,6000,2000,100,20,13,0,14,1,random,mean,250
2026090810,1750,250,0.763935416667,1.91820916667,0.0229623987134,,0.104571428571,baseline,linear,AI,6000,2000,100,20,13,0,14,1,random,mean,250
2026090811,1750,250,0.7948125,1.9931625,0.0318308458408,,0.14,baseline,linear,AI,6000,2000,100,20,13,0,14,1,random,mean,250
2026090812,1750,250,0.722479166667,1.84659166667,0.0238295549936,,0.167428571429,baseline,linear,AI,6000,2000,100,20,13,0,14,1,random,mean,250
2026090813,1750,250,0.796795833333,2.02165333333,0.0173306344249,,0.0394285714286,baseline,linear,AI,6000,2000,100,20,13,0,14,1,random,mean,250
2026090814,1750,250,0.607341666667,1.54218666667,0.0561297586754,,0.181142857143,baseline,linear,AI,6000,2000,100,20,13,0,14,1,random,mean,250
2026090815,1750,250,0.765085416667,1.93167416667,0.0228063186864,,0.0622857142857,baseline,linear,AI,6000,2000,100,20,13,0,14,1,random,mean,250
2026090816,1750,250,0.83091875,2.0814275,0.0156005547479,,0.0537142857143,baseline,linear,AI,6000,2000,100,20,13,0,14,1,random,mean,250
2026090817,1750,250,0.618079166667,1.56993416667,0.0591011652342,,0.0897142857143,baseline,linear,AI,6000,2000,100,20,13,0,14,1,random,mean,250
2026090818,1750,250,0.732291666667,1.88041666667,0.0325014446699,,0.151428571429,baseline,linear,AI,6000,2000,100,20,13,0,14,1,random,mean,250
2026090819,1750,250,0.534954166667,1.35626916667,0.07240397336,,0.163428571429,baseline,linear,AI,6000,2000,100,20,13,0,14,1,random,mean,250
2026090820,1750,250,0.8621625,2.16433,0.0129022404518,,0.036,baseline,linear,AI,6000,2000,100,20,13,0,14,1,random,mean,250
2026090821,1750,250,0.880341666667,2.22334166667,0.0123139008624,,0.102857142857,baseline,linear,AI,6000,2000,100,20,13,0,14,1,random,mean,250
2026090822,1750,250,0.655625,1.6737975,0.0485441995701,,0.134857142857,baseline,linear,AI,6000,2000,100,20,13,0,14,1,random,mean,250
2026090823,1750,250,0.697179166667,1.73487166667,0.0416477684449,,0.0377142857143,baseline,linear,AI,6000,2000,100,20,13,0,14,1,random,mean,250
2026090824,1750,250,0.552083333333,1.40520833333,0.0737779927252,,0.0674285714286,baseline,linear,AI,6000,2000,100,20,13,0,14,1,random,mean,250
2026090825,1750,250,0.536004166667,1.36134416667,0.0782694352774,,0.132,baseline,linear,AI,6000,2000,100,20,13,0,14,1,random,mean,250
2026090826,1750,250,0.676425,1.70925,0.0409056951436,,0.145142857143,baseline,linear,AI,6000,2000,100,20,13,0,14,1,random,mean,250
2026090827,1750,250,0.783145833333,1.96107333333,0.0304056543418,,0.0645714285714,baseline,linear,AI,6000,2000,100,20,13,0,14,1,random,mean,250
2026090828,1750,250,0.745570833333,1.88332333333,0.030641415583,,0.142857142857,baseline,linear,AI,6000,2000,100,20,13,0,14,1,random,mean,250
2026090829,1750,250,0.677008333333,1.70481083333,0.0396210249899,,0.118857142857,baseline,linear,AI,6000,2000,100,20,13,0,14,1,random,mean,250
2026090830,1750,250,0.563472916667,1.43008666667,0.0713400690447,,0.197142857143,baseline,linear,AI,6000,2000,100,20,13,0,14,1,random,mean,250
2026090831,1750,250,0.703739583333,1.75531833333,0.0520118489561,,0.129142857143,baseline,linear,AI,6000,2000,100,20,13,0,14,1,random,mean,250
2026090800,2000,250,0.478222916667,1.20187166667,0.0869047128207,,0.146,baseline,linear,AI,6000,2000,100,20,13,0,14,1,random,mean,250
2026090801,2000,250,0.828608333333,2.06371333333,0.0241321621907,,0.07,baseline,linear,AI,6000,2000,100,20,13,0,14,1,random,mean,250
2026090802,2000,250,0.624422916667,1.56559916667,0.0533997529951,,0.18,baseline,linear,AI,6000,2000,100,20,13,0,14,1,random,mean,250
2026090803,2000,250,0.805729166667,2.01104166667,0.0304881952494,,0.0795,baseline,linear,AI,6000,2000,100,20,13,0,14,1,random,mean,250
2026090804,2000,250,0.635797916667,1.58653916667,0.0570595773422,,0.1075,baseline,linear,AI,6000,2000,100,20,13,0,14,1,random,mean,250
2026090805,2000,250,0.71363125,1.797795,0.0429392149767,,0.054,baseline,linear,AI,6000,2000,100,20,13,0,14,1,random,mean,250
2026090806,2000,250,0.64121875,1.6074675,0.0543915020188,,0.141,baseline,linear,AI,6000,2000,100,20,13,0,14,1,random,mean,250
2026090807,2000,250,0.60819375,1.52471,0.0606644487155,,0.1765,baseline,linear,AI,6000,2000,100,20,13,0,14,1,random,mean,250
2026090808,2000,250,0.624470833333,1.56066333333,0.0599599097045,,0.1145,baseline,linear,AI,6000,2000,100,20,13,0,14,1,random,mean,250
2026090809,2000,250,0.777229166667,1.96311666667,0.0230878291437,,0.1285,baseline,linear,AI,6000,2000,100,20,13,0,14,1,random,mean,250
2026090810,2000,250,0.57999375,1.45303,0.0719332153413,,0.1205,baseline,linear,AI,6000,2000,100,20,13,0,14,1,random,mean,250
2026090811,2000,250,0.800520833333,2.00083333333,0.0326175850329,,0.1225,baseline,linear,AI,6000,2000,100,20,13,0,14,1,random,mean,250
2026090812,2000,250,0.769270833333,1.93208333333,0.0245539302174,,0.1465,baseline,linear,AI,6000,2000,100,20,13,0,14,1,random,mean,250
2026090813,2000,250,0.802083333333,2.03645833333,0.0164036073203,,0.0345,baseline,linear,AI,6000,2000,100,20,13,0,14,1,random,mean,250
2026090814,2000,250,0.545729166667,1.38208666667,0.0695756778792,,0.185,baseline,linear,AI,6000,2000,100,20,13,0,14,1,random,mean,250
2026090815,2000,250,0.5887125,1.4705475,0.0699908235285,,0.0755,baseline,linear,AI,6000,2000,100,20,13,0,14,1,random,mean,250
2026090816,2000,250,0.83025,2.080265,0.0155687026593,,0.0485,baseline,linear,AI,6000,2000,100,20,13,0,14,1,random,mean,250
2026090817,2000,250,0.665808333333,1.69353833333,0.041161733868,,0.084,baseline,linear,AI,6000,2000,100,20,13,0,14,1,random,mean,250
2026090818,2000,250,0.732291666667,1.88041666667,0.0325014446699,,0.1325,baseline,linear,AI,6000,2000,100,20,13,0,14,1,random,mean,250
2026090819,2000,250,0.688447916667,1.72523666667,0.0466544880932,,0.154,baseline,linear,AI,6000,2000,100,20,13,0,14,1,random,mean,250
2026090820,2000,250,0.862991666667,2.17000666667,0.0123873729616,,0.0325,baseline,linear,AI,6000,2000,100,20,13,0,14,1,random,mean,250
2026090821,2000,250,0.877891666667,2.22576416667,0.0133218823683,,0.0935,baseline,linear,AI,6000,2000,100,20,13,0,14,1,random,mean,250
2026090822,2000,250,0.675552083333,1.68378833333,0.0503847394795,,0.119,baseline,linear,AI,6000,2000,100,20,13,0,14,1,random,mean,250
2026090823,2000,250,0.713541666667,1.78604166667,0.0318998389798,,0.033,baseline,linear,AI,6000,2000,100,20,13,0,14,1,random,mean,250
2026090824,2000,250,0.55475,1.404255,0.0682620221049,,0.071,baseline,linear,AI,6000,2000,100,20,13,0,14,1,random,mean,250
2026090825,2000,250,0.672639583333,1.70334583333,0.0375000612996,,0.125,baseline,linear,AI,6000,2000,100,20,13,0,14,1,random,mean,250
2026090826,2000,250,0.7353,1.8364025,0.0341607076475,,0.128,baseline,linear,AI,6000,2000,100,20,13,0,14,1,random,mean,250
2026090827,2000,250,0.777604166667,1.94541666667,0.03087788324,,0.0565,baseline,linear,AI,6000,2000,100,20,13,0,14,1,random,mean,250
2026090828,2000,250,0.575785416667,1.47749166667,0.0698832041806,,0.1445,baseline,linear,AI,6000,2000,100,20,13,0,14,1,random,mean,250
2026090829,2000,250,0.791510416667,2.00881166667,0.0160369551554,,0.1065,baseline,linear,AI,6000,2000,100,20,13,0,14,1,random,mean,250
2026090830,2000,250,0.564316666667,1.43614166667,0.0640979411834,,0.2065,baseline,linear,AI,6000,2000,100,20,13,0,14,1,random,mean,250
2026090831,2000,250,0.648766666667,1.64652166667,0.0565673161332,,0.127,baseline,linear,AI,6000,2000,100,20,13,0,14,1,random,mean,250
2026090800,2250,250,0.5243125,1.3344025,0.0769116762077,,0.155555555556,baseline,linear,AI,6000,2000,100,20,13,0,14,1,random,mean,250
2026090801,2250,250,0.8622375,2.140075,0.021503254099,,0.064,baseline,linear,AI,6000,2000,100,20,13,0,14,1,random,mean,250
2026090802,2250,250,0.53849375,1.35703,0.0768023328693,,0.191111111111,baseline,linear,AI,6000,2000,100,20,13,0,14,1,random,mean,250
2026090803,2250,250,0.760729166667,1.89854166667,0.0406902451344,,0.0711111111111,baseline,linear,AI,6000,2000,100,20,13,0,14,1,random,mean,250
2026090804,2250,250,0.614627083333,1.54270583333,0.0619864991662,,0.111555555556,baseline,linear,AI,6000,2000,100,20,13,0,14,1,random,mean,250
2026090805,2250,250,0.800966666667,2.04635166667,0.035853796729,,0.0484444444444,baseline,linear,AI,6000,2000,100,20,13,0,14,1,random,mean,250
2026090806,2250,250,0.559872916667,1.41721416667,0.0686346679156,,0.153333333333,baseline,linear,AI,6000,2000,100,20,13,0,14,1,random,mean,250
2026090807,2250,250,0.701710416667,1.79665416667,0.0311240508675,,0.160444444444,baseline,linear,AI,6000,2000,100,20,13,0,14,1,random,mean,250
2026090808,2250,250,0.759433333333,1.86654333333,0.0362526164283,,0.102222222222,baseline,linear,AI,6000,2000,100,20,13,0,14,1,random,mean,250
2026090809,2250,250,0.689945833333,1.74483083333,0.0380747194936,,0.12,baseline,linear,AI,6000,2000,100,20,13,0,14,1,random,mean,250
2026090810,2250,250,0.634120833333,1.60713333333,0.046501373444,,0.119111111111,baseline,linear,AI,6000,2000,100,20,13,0,14,1,random,mean,250
2026090811,2250,250,0.800520833333,2.00083333333,0.0326175850329,,0.108888888889,baseline,linear,AI,6000,2000,100,20,13,0,14,1,random,mean,250
2026090812,2250,250,0.7687375,1.93043,0.0246847500869,,0.130666666667,baseline,linear,AI,6000,2000,100,20,13,0,14,1,random,mean,250
2026090813,2250,250,0.789833333333,2.00268333333,0.0172273015889,,0.0311111111111,baseline,linear,AI,6000,2000,100,20,13,0,14,1,random,mean,250
2026090814,2250,250,0.604352083333,1.52319583333,0.0577679910416,,0.184444444444,baseline,linear,AI,6000,2000,100,20,13,0,14,1,random,mean,250
2026090815,2250,250,0.628133333333,1.60629583333,0.054000576523,,0.0764444444444,baseline,linear,AI,6000,2000,100,20,13,0,14,1,random,mean,250
2026090816,2250,250,0.778875,1.948205,0.0259177338619,,0.0462222222222,baseline,linear,AI,6000,2000,100,20,13,0,14,1,random,mean,250
2026090817,2250,250,0.637975,1.580625,0.0609525139593,,0.0817777777778,baseline,linear,AI,6000,2000,100,20,13,0,14,1,random,mean,250
2026090818,2250,250,0.780929166667,1.99432166667,0.0192156045937,,0.120888888889,baseline,linear,AI,6000,2000,100,20,13,0,14,1,random,mean,250
2026090819,2250,250,0.677514583333,1.68792083333,0.0500684766291,,0.137777777778,baseline,linear,AI,6000,2000,100,20,13,0,14,1,random,mean,250
2026090820,2250,250,0.8609375,2.1675,0.0126472786696,,0.0288888888889,baseline,linear,AI,6000,2000,100,20,13,0,14,1,random,mean,250
2026090821,2250,250,0.803135416667,2.03353416667,0.0180859737066,,0.0853333333333,baseline,linear,AI,6000,2000,100,20,13,0,14,1,random,mean,250
2026090822,2250,250,0.655208333333,1.60020833333,0.0565038565704,,0.105777777778,baseline,linear,AI,6000,2000,100,20,13,0,14,1,random,mean,250
2026090823,2250,250,0.712935416667,1.78019416667,0.0333768265163,,0.0311111111111,baseline,linear,AI,6000,2000,100,20,13,0,14,1,random,mean,250
2026090824,2250,250,0.584864583333,1.48358333333,0.0665761881663,,0.0888888888889,baseline,linear,AI,6000,2000,100,20,13,0,14,1,random,mean,250
2026090825,2250,250,0.819722916667,2.05927916667,0.0289607915167,,0.112444444444,baseline,linear,AI,6000,2000,100,20,13,0,14,1,random,mean,250
2026090826,2250,250,0.6785,1.7310925,0.0453108139262,,0.125777777778,baseline,linear,AI,6000,2000,100,20,13,0,14,1,random,mean,250
2026090827,2250,250,0.76351875,1.93008,0.0332020494741,,0.0515555555556,baseline,linear,AI,6000,2000,100,20,13,0,14,1,random,mean,250
2026090828,2250,250,0.556033333333,1.39455833333,0.0776650288197,,0.157333333333,baseline,linear,AI,6000,2000,100,20,13,0,14,1,random,mean,250
2026090829,2250,250,0.687452083333,1.72411583333,0.0483336381957,,0.105333333333,baseline,linear,AI,6000,2000,100,20,13,0,14,1,random,mean,250
2026090830,2250,250,0.545364583333,1.36917333333,0.0794546019635,,0.210222222222,baseline,linear,AI,6000,2000,100,20,13,0,14,1,random,mean,250
2026090831,2250,250,0.568914583333,1.41514583333,0.0666688598179,,0.123555555556,baseline,linear,AI,6000,2000,100,20,13,0,14,1,random,mean,250
2026090800,2500,250,0.552189583333,1.39246083333,0.0756977328085,,0.164,baseline,linear,AI,6000,2000,100,20,13,0,14,1,random,mean,250
2026090801,2500,250,0.862066666667,2.14028416667,0.0215024378249,,0.0596,baseline,linear,AI,6000,2000,100,20,13,0,14,1,random,mean,250
2026090802,2500,250,0.585866666667,1.47400166667,0.0641655560689,,0.19,baseline,linear,AI,6000,2000,100,20,13,0,14,1,random,mean,250
2026090803,2500,250,0.53614375,1.3420325,0.0723234363464,,0.0808,baseline,linear,AI,6000,2000,100,20,13,0,14,1,random,mean,250
2026090804,2500,250,0.662541666667,1.62747416667,0.0578929716052,,0.1056,baseline,linear,AI,6000,2000,100,20,13,0,14,1,random,mean,250
2026090805,2500,250,0.803629166667,2.03797166667,0.0322684544767,,0.0444,baseline,linear,AI,6000,2000,100,20,13,0,14,1,random,mean,250
2026090806,2500,250,0.573602083333,1.45903833333,0.0654047815304,,0.1584,baseline,linear,AI,6000,2000,100,20,13,0,14,1,random,mean,250
2026090807,2500,250,0.704895833333,1.79799333333,0.0412841487254,,0.1552,baseline,linear,AI,6000,2000,100,20,13,0,14,1,random,mean,250
2026090808,2500,250,0.791454166667,1.98367916667,0.0277599110641,,0.0952,baseline,linear,AI,6000,2000,100,20,13,0,14,1,random,mean,250
2026090809,2500,250,0.499785416667,1.25963916667,0.0855579522456,,0.1328,baseline,linear,AI,6000,2000,100,20,13,0,14,1,random,mean,250
2026090810,2500,250,0.5854375,1.5100125,0.0523565325949,,0.1152,baseline,linear,AI,6000,2000,100,20,13,0,14,1,random,mean,250
2026090811,2500,250,0.800520833333,2.00083333333,0.0326175850329,,0.098,baseline,linear,AI,6000,2000,100,20,13,0,14,1,random,mean,250
2026090812,2500,250,0.771016666667,1.94569166667,0.0286585222465,,0.12,baseline,linear,AI,6000,2000,100,20,13,0,14,1,random,mean,250
2026090813,2500,250,0.8013875,2.0283175,0.0173862629712,,0.0284,baseline,linear,AI,6000,2000,100,20,13,0,14,1,random,mean,250
2026090814,2500,250,0.758235416667,1.91841166667,0.0193300783981,,0.1676,baseline,linear,AI,6000,2000,100,20,13,0,14,1,random,mean,250
2026090815,2500,250,0.579641666667,1.46088916667,0.066048956522,,0.092,baseline,linear,AI,6000,2000,100,20,13,0,14,1,random,mean,250
2026090816,2500,250,0.734270833333,1.82949833333,0.036908067004,,0.046,baseline,linear,AI,6000,2000,100,20,13,0,14,1,random,mean,250
2026090817,2500,250,0.644858333333,1.63015333333,0.0589460763144,,0.0864,baseline,linear,AI,6000,2000,100,20,13,0,14,1,random,mean,250
2026090818,2500,250,0.60490625,1.5278,0.0623763931798,,0.1316,baseline,linear,AI,6000,2000,100,20,13,0,14,1,random,mean,250
2026090819,2500,250,0.542289583333,1.36314333333,0.0753951825053,,0.1524,baseline,linear,AI,6000,2000,100,20,13,0,14,1,random,mean,250
2026090820,2500,250,0.857722916667,2.16926916667,0.0122566067236,,0.0272,baseline,linear,AI,6000,2000,100,20,13,0,14,1,random,mean,250
2026090821,2500,250,0.6972,1.76715,0.0359999432284,,0.0844,baseline,linear,AI,6000,2000,100,20,13,0,14,1,random,mean,250
2026090822,2500,250,0.65113125,1.59626,0.0556786112246,,0.0956,baseline,linear,AI,6000,2000,100,20,13,0,14,1,random,mean,250
2026090823,2500,250,0.609997916667,1.53721666667,0.0633408627922,,0.052,baseline,linear,AI,6000,2000,100,20,13,0,14,1,random,mean,250
2026090824,2500,250,0.474541666667,1.19253416667,0.0905791055911,,0.0976,baseline,linear,AI,6000,2000,100,20,13,0,14,1,random,mean,250
2026090825,2500,250,0.790145833333,1.97823333333,0.0348495113842,,0.1016,baseline,linear,AI,6000,2000,100,20,13,0,14,1,random,mean,250
2026090826,2500,250,0.53134375,1.3338475,0.0752927320208,,0.1384,baseline,linear,AI,6000,2000,100,20,13,0,14,1,random,mean,250
2026090827,2500,250,0.8,2.02125,0.0319389728213,,0.0464,baseline,linear,AI,6000,2000,100,20,13,0,14,1,random,mean,250
2026090828,2500,250,0.72055,1.811785,0.0339072433394,,0.1424,baseline,linear,AI,6000,2000,100,20,13,0,14,1,random,mean,250
2026090829,2500,250,0.625202083333,1.57287083333,0.0636003018003,,0.1092,baseline,linear,AI,6000,2000,100,20,13,0,14,1,random,mean,250
2026090830,2500,250,0.571420833333,1.43334583333,0.0685739795675,,0.2068,baseline,linear,AI,6000,2000,100,20,13,0,14,1,random,mean,250
2026090831,2500,250,0.629754166667,1.57690416667,0.0542073735209,,0.122,baseline,linear,AI,6000,2000,100,20,13,0,14,1,random,mean,250
2026090800,2750,250,0.615879166667,1.58268666667,0.0577455743191,,0.16,baseline,linear,AI,6000,2000,100,20,13,0,14,1,random,mean,250
2026090801,2750,250,0.805577083333,2.00396083333,0.0219273797705,,0.0545454545455,baseline,linear,AI,6000,2000,100,20,13,0,14,1,random,mean,250
2026090802,2750,250,0.610095833333,1.55252583333,0.0631508342371,,0.190545454545,baseline,linear,AI,6000,2000,100,20,13,0,14,1,random,mean,250
2026090803,2750,250,0.591372916667,1.51065166667,0.0638459123457,,0.0978181818182,baseline,linear,AI,6000,2000,100,20,13,0,14,1,random,mean,250
2026090804,2750,250,0.5539875,1.38294,0.0791568295575,,0.120727272727,baseline,linear,AI,6000,2000,100,20,13,0,14,1,random,mean,250
2026090805,2750,250,0.73064375,1.825725,0.0431653027917,,0.0509090909091,baseline,linear,AI,6000,2000,100,20,13,0,14,1,random,mean,250
2026090806,2750,250,0.533789583333,1.32487583333,0.0856356053887,,0.161818181818,baseline,linear,AI,6000,2000,100,20,13,0,14,1,random,mean,250
2026090807,2750,250,0.748620833333,1.91035583333,0.0320792510472,,0.146909090909,baseline,linear,AI,6000,2000,100,20,13,0,14,1,random,mean,250
2026090808,2750,250,0.83751875,2.1319275,0.0152389100954,,0.0872727272727,baseline,linear,AI,6000,2000,100,20,13,0,14,1,random,mean,250
2026090809,2750,250,0.6692375,1.689575,0.0477875751324,,0.126545454545,baseline,linear,AI,6000,2000,100,20,13,0,14,1,random,mean,250
2026090810,2750,250,0.584485416667,1.49255416667,0.0486745278744,,0.109454545455,baseline,linear,AI,6000,2000,100,20,13,0,14,1,random,mean,250
2026090811,2750,250,0.800520833333,2.00083333333,0.0326175850329,,0.0890909090909,baseline,linear,AI,6000,2000,100,20,13,0,14,1,random,mean,250
2026090812,2750,250,0.83771875,2.11695,0.019670427502,,0.110181818182,baseline,linear,AI,6000,2000,100,20,13,0,14,1,random,mean,250
2026090813,2750,250,0.81779375,2.06578,0.0180391203088,,0.028,baseline,linear,AI,6000,2000,100,20,13,0,14,1,random,mean,250
2026090814,2750,250,0.764922916667,1.91778666667,0.0232899729397,,0.154909090909,baseline,linear,AI,6000,2000,100,20,13,0,14,1,random,mean,250
2026090815,2750,250,0.576872916667,1.46021416667,0.0706595292594,,0.105090909091,baseline,linear,AI,6000,2000,100,20,13,0,14,1,random,mean,250
2026090816,2750,250,0.537310416667,1.35789166667,0.0750556693543,,0.0672727272727,baseline,linear,AI,6000,2000,100,20,13,0,14,1,random,mean,250
2026090817,2750,250,0.618975,1.5766075,0.0513317067186,,0.0934545454545,baseline,linear,AI,6000,2000,100,20,13,0,14,1,random,mean,250
2026090818,2750,250,0.69669375,1.7344825,0.0514431555843,,0.125454545455,baseline,linear,AI,6000,2000,100,20,13,0,14,1,random,mean,250
2026090819,2750,250,0.684214583333,1.69024333333,0.0531453599142,,0.140727272727,baseline,linear,AI,6000,2000,100,20,13,0,14,1,random,mean,250
2026090820,2750,250,0.831297916667,2.08126666667,0.024693590147,,0.0261818181818,baseline,linear,AI,6000,2000,100,20,13,0,14,1,random,mean,250
2026090821,2750,250,0.647279166667,1.63537416667,0.0470392620678,,0.0829090909091,baseline,linear,AI,6000,2000,100,20,13,0,14,1,random,mean,250
2026090822,2750,250,0.655191666667,1.62259416667,0.0534798645883,,0.0905454545455,baseline,linear,AI,6000,2000,100,20,13,0,14,1,random,mean,250
2026090823,2750,250,0.5307125,1.3221725,0.0840924290063,,0.0741818181818,baseline,linear,AI,6000,2000,100,20,13,0,14,1,random,mean,250
2026090824,2750,250,0.5344375,1.3433675,0.0754582597578,,0.103636363636,baseline,linear,AI,6000,2000,100,20,13,0,14,1,random,mean,250
2026090825,2750,250,0.799195833333,1.99952333333,0.0310148807531,,0.0938181818182,baseline,linear,AI,6000,2000,100,20,13,0,14,1,random,mean,250
2026090826,2750,250,0.58558125,1.4982275,0.066197515531,,0.142545454545,baseline,linear,AI,6000,2000,100,20,13,0,14,1,random,mean,250
2026090827,2750,250,0.8240625,2.0821575,0.0272166188334,,0.0436363636364,baseline,linear,AI,6000,2000,100,20,13,0,14,1,random,mean,250
2026090828,2750,250,0.578745833333,1.45436083333,0.0705323724022,,0.152,baseline,linear,AI,6000,2000,100,20,13,0,14,1,random,mean,250
2026090829,2750,250,0.555547916667,1.39233666667,0.0723839748912,,0.112727272727,baseline,linear,AI,6000,2000,100,20,13,0,14,1,random,mean,250
2026090830,2750,250,0.5970875,1.50349,0.0601168485385,,0.214181818182,baseline,linear,AI,6000,2000,100,20,13,0,14,1,random,mean,250
2026090831,2750,250,0.588322916667,1.49841916667,0.0601468095151,,0.123272727273,baseline,linear,AI,6000,2000,100,20,13,0,14,1,random,mean,250
2026090800,3000,250,0.576525,1.4512075,0.0675086092179,,0.161333333333,baseline,linear,AI,6000,2000,100,20,13,0,14,1,random,mean,250
2026090801,3000,250,0.820175,2.04388,0.0199455490356,,0.0516666666667,baseline,linear,AI,6000,2000,100,20,13,0,14,1,random,mean,250
2026090802,3000,250,0.78335,2.005465,0.0209564323361,,0.175,baseline,linear,AI,6000,2000,100,20,13,0,14,1,random,mean,250
2026090803,3000,250,0.637345833333,1.62986083333,0.0534047656927,,0.104666666667,baseline,linear,AI,6000,2000,100,20,13,0,14,1,random,mean,250
2026090804,3000,250,0.573722916667,1.45546416667,0.0699078744446,,0.126333333333,baseline,linear,AI,6000,2000,100,20,13,0,14,1,random,mean,250
2026090805,3000,250,0.70615625,1.7993225,0.040073348792,,0.0563333333333,baseline,linear,AI,6000,2000,100,20,13,0,14,1,random,mean,250
2026090806,3000,250,0.5724875,1.4418825,0.0691823497129,,0.166,baseline,linear,AI,6000,2000,100,20,13,0,14,1,random,mean,250
2026090807,3000,250,0.8168,2.081065,0.0229493066942,,0.135,baseline,linear,AI,6000,2000,100,20,13,0,14,1,random,mean,250
2026090808,3000,250,0.829175,2.118555,0.017296845526,,0.0806666666667,baseline,linear,AI,6000,2000,100,20,13,0,14,1,random,mean,250
2026090809,3000,250,0.660195833333,1.67210833333,0.0452356593834,,0.124333333333,baseline,linear,AI,6000,2000,100,20,13,0,14,1,random,mean,250
2026090810,3000,250,0.754504166667,1.96708166667,0.024800095434,,0.101,baseline,linear,AI,6000,2000,100,20,13,0,14,1,random,mean,250
2026090811,3000,250,0.800520833333,2.00083333333,0.0326175850329,,0.0816666666667,baseline,linear,AI,6000,2000,100,20,13,0,14,1,random,mean,250
2026090812,3000,250,0.794425,1.9868525,0.0245737734185,,0.102333333333,baseline,linear,AI,6000,2000,100,20,13,0,14,1,random,mean,250
2026090813,3000,250,0.6221375,1.568205,0.0583399049503,,0.0383333333333,baseline,linear,AI,6000,2000,100,20,13,0,14,1,random,mean,250
2026090814,3000,250,0.72753125,1.8384075,0.0305737343334,,0.147666666667,baseline,linear,AI,6000,2000,100,20,13,0,14,1,random,mean,250
2026090815,3000,250,0.599554166667,1.48942166667,0.069711738318,,0.107,baseline,linear,AI,6000,2000,100,20,13,0,14,1,random,mean,250
2026090816,3000,250,0.605939583333,1.52308083333,0.0599229149073,,0.0743333333333,baseline,linear,AI,6000,2000,100,20,13,0,14,1,random,mean,250
2026090817,3000,250,0.584120833333,1.47552833333,0.0641605549564,,0.101333333333,baseline,linear,AI,6000,2000,100,20,13,0,14,1,random,mean,250
2026090818,3000,250,0.684629166667,1.66676666667,0.0561606349053,,0.115333333333,baseline,linear,AI,6000,2000,100,20,13,0,14,1,random,mean,250
2026090819,3000,250,0.7610625,1.905475,0.0402675411495,,0.129333333333,baseline,linear,AI,6000,2000,100,20,13,0,14,1,random,mean,250
2026090820,3000,250,0.766495833333,1.90920333333,0.035793555703,,0.0243333333333,baseline,linear,AI,6000,2000,100,20,13,0,14,1,random,mean,250
2026090821,3000,250,0.688541666667,1.74166666667,0.0376242792882,,0.076,baseline,linear,AI,6000,2000,100,20,13,0,14,1,random,mean,250
2026090822,3000,250,0.555129166667,1.39517666667,0.0758701486529,,0.109,baseline,linear,AI,6000,2000,100,20,13,0,14,1,random,mean,250
2026090823,3000,250,0.553652083333,1.40213083333,0.0700107376825,,0.09,baseline,linear,AI,6000,2000,100,20,13,0,14,1,random,mean,250
2026090824,3000,250,0.54034375,1.366435,0.0733265671693,,0.118,baseline,linear,AI,6000,2000,100,20,13,0,14,1,random,mean,250
2026090825,3000,250,0.822916666667,2.06479166667,0.0184402127776,,0.086,baseline,linear,AI,6000,2000,100,20,13,0,14,1,random,mean,250
2026090826,3000,250,0.834139583333,2.14236333333,0.0231402143114,,0.133333333333,baseline,linear,AI,6000,2000,100,20,13,0,14,1,random,mean,250
2026090827,3000,250,0.839916666667,2.12229166667,0.0190178792545,,0.0403333333333,baseline,linear,AI,6000,2000,100,20,13,0,14,1,random,mean,250
2026090828,3000,250,0.640491666667,1.60500916667,0.0565266079915,,0.152,baseline,linear,AI,6000,2000,100,20,13,0,14,1,random,mean,250
2026090829,3000,250,0.5511125,1.3933175,0.0715630827287,,0.119333333333,baseline,linear,AI,6000,2000,100,20,13,0,14,1,random,mean,250
2026090830,3000,250,0.556108333333,1.40531333333,0.0733398846935,,0.217333333333,baseline,linear,AI,6000,2000,100,20,13,0,14,1,random,mean,250
2026090831,3000,250,0.607672916667,1.51780666667,0.0565496266254,,0.128333333333,baseline,linear,AI,6000,2000,100,20,13,0,14,1,random,mean,250
2026090800,3250,250,0.560385416667,1.41493166667,0.0712345496964,,0.169230769231,baseline,linear,AI,6000,2000,100,20,13,0,14,1,random,mean,250
2026090801,3250,250,0.761710416667,1.88930416667,0.0339117228371,,0.0513846153846,baseline,linear,AI,6000,2000,100,20,13,0,14,1,random,mean,250
2026090802,3250,250,0.759879166667,1.94938666667,0.0214808504848,,0.163076923077,baseline,linear,AI,6000,2000,100,20,13,0,14,1,random,mean,250
2026090803,3250,250,0.68844375,1.7548975,0.0366517555283,,0.103692307692,baseline,linear,AI,6000,2000,100,20,13,0,14,1,random,mean,250
2026090804,3250,250,0.55611875,1.4100525,0.0729735807963,,0.131076923077,baseline,linear,AI,6000,2000,100,20,13,0,14,1,random,mean,250
2026090805,3250,250,0.809375,2.07,0.0240789220145,,0.052,baseline,linear,AI,6000,2000,100,20,13,0,14,1,random,mean,250
2026090806,3250,250,0.522983333333,1.31954583333,0.0788928610942,,0.178769230769,baseline,linear,AI,6000,2000,100,20,13,0,14,1,random,mean,250
2026090807,3250,250,0.81875,2.085625,0.0219618514509,,0.124615384615,baseline,linear,AI,6000,2000,100,20,13,0,14,1,random,mean,250
2026090808,3250,250,0.8538625,2.18894,0.0163147462759,,0.0756923076923,baseline,linear,AI,6000,2000,100,20,13,0,14,1,random,mean,250
2026090809,3250,250,0.64938125,1.6194225,0.0583080702316,,0.124,baseline,linear,AI,6000,2000,100,20,13,0,14,1,random,mean,250
2026090810,3250,250,0.6435875,1.6434575,0.0550232665097,,0.108923076923,baseline,linear,AI,6000,2000,100,20,13,0,14,1,random,mean,250
2026090811,3250,250,0.799529166667,1.99924666667,0.0325498769753,,0.0756923076923,baseline,linear,AI,6000,2000,100,20,13,0,14,1,random,mean,250
2026090812,3250,250,0.79375,1.985625,0.0239008185757,,0.0944615384615,baseline,linear,AI,6000,2000,100,20,13,0,14,1,random,mean,250
2026090813,3250,250,0.561858333333,1.40667833333,0.0761837563605,,0.0556923076923,baseline,linear,AI,6000,2000,100,20,13,0,14,1,random,mean,250
2026090814,3250,250,0.789933333333,1.98586833333,0.0266385672689,,0.137230769231,baseline,linear,AI,6000,2000,100,20,13,0,14,1,random,mean,250
2026090815,3250,250,0.584220833333,1.47908083333,0.0712337226804,,0.109846153846,baseline,linear,AI,6000,2000,100,20,13,0,14,1,random,mean,250
2026090816,3250,250,0.636920833333,1.62390833333,0.0437828550732,,0.0750769230769,baseline,linear,AI,6000,2000,100,20,13,0,14,1,random,mean,250
2026090817,3250,250,0.575927083333,1.48300083333,0.0625697008999,,0.108923076923,baseline,linear,AI,6000,2000,100,20,13,0,14,1,random,mean,250
2026090818,3250,250,0.6890625,1.675,0.056099686283,,0.106461538462,baseline,linear,AI,6000,2000,100,20,13,0,14,1,random,mean,250
2026090819,3250,250,0.813541666667,2.05791666667,0.0313673274514,,0.119384615385,baseline,linear,AI,6000,2000,100,20,13,0,14,1,random,mean,250
2026090820,3250,250,0.855791666667,2.17159166667,0.0173987581492,,0.0227692307692,baseline,linear,AI,6000,2000,100,20,13,0,14,1,random,mean,250
2026090821,3250,250,0.708683333333,1.79001333333,0.0332671995759,,0.0707692307692,baseline,linear,AI,6000,2000,100,20,13,0,14,1,random,mean,250
2026090822,3250,250,0.741897916667,1.84116166667,0.0393719031637,,0.105538461538,baseline,linear,AI,6000,2000,100,20,13,0,14,1,random,mean,250
2026090823,3250,250,0.67425625,1.73182,0.0333548016608,,0.0861538461538,baseline,linear,AI,6000,2000,100,20,13,0,14,1,random,mean,250
2026090824,3250,250,0.54825625,1.3896025,0.074689210196,,0.131692307692,baseline,linear,AI,6000,2000,100,20,13,0,14,1,random,mean,250
2026090825,3250,250,0.821516666667,2.06255166667,0.0181052435182,,0.0809230769231,baseline,linear,AI,6000,2000,100,20,13,0,14,1,random,mean,250
2026090826,3250,250,0.854166666667,2.19104166667,0.0236881677395,,0.123076923077,baseline,linear,AI,6000,2000,100,20,13,0,14,1,random,mean,250
2026090827,3250,250,0.82675,2.083145,0.0231979181811,,0.0378461538462,baseline,linear,AI,6000,2000,100,20,13,0,14,1,random,mean,250
2026090828,3250,250,0.703704166667,1.79539666667,0.0294011947355,,0.141538461538,baseline,linear,AI,6000,2000,100,20,13,0,14,1,random,mean,250
2026090829,3250,250,0.54586875,1.3953575,0.0698210274216,,0.126769230769,baseline,linear,AI,6000,2000,100,20,13,0,14,1,random,mean,250
2026090830,3250,250,0.501366666667,1.25834916667,0.0878595593935,,0.221846153846,baseline,linear,AI,6000,2000,100,20,13,0,14,1,random,mean,250
2026090831,3250,250,0.607372916667,1.54216666667,0.0632496653562,,0.132615384615,baseline,linear,AI,6000,2000,100,20,13,0,14,1,random,mean,250
2026090800,3500,250,0.583364583333,1.45607583333,0.0664976357061,,0.172,baseline,linear,AI,6000,2000,100,20,13,0,14,1,random,mean,250
2026090801,3500,250,0.700510416667,1.76560666667,0.0421129957049,,0.0551428571429,baseline,linear,AI,6000,2000,100,20,13,0,14,1,random,mean,250
2026090802,3500,250,0.567035416667,1.44342916667,0.0674507747784,,0.164857142857,baseline,linear,AI,6000,2000,100,20,13,0,14,1,random,mean,250
2026090803,3500,250,0.680947916667,1.71838666667,0.0455603730879,,0.101714285714,baseline,linear,AI,6000,2000,100,20,13,0,14,1,random,mean,250
2026090804,3500,250,0.651189583333,1.64011583333,0.0463926430252,,0.129428571429,baseline,linear,AI,6000,2000,100,20,13,0,14,1,random,mean,250
2026090805,3500,250,0.809375,2.07,0.0240789220145,,0.0482857142857,baseline,linear,AI,6000,2000,100,20,13,0,14,1,random,mean,250
2026090806,3500,250,0.549002083333,1.39175083333,0.0685547798929,,0.184,baseline,linear,AI,6000,2000,100,20,13,0,14,1,random,mean,250
2026090807,3500,250,0.81875,2.085625,0.0219618514509,,0.115714285714,baseline,linear,AI,6000,2000,100,20,13,0,14,1,random,mean,250
2026090808,3500,250,0.848958333333,2.17520833333,0.0169582150417,,0.0708571428571,baseline,linear,AI,6000,2000,100,20,13,0,14,1,random,mean,250
2026090809,3500,250,0.724429166667,1.79989166667,0.0375245616041,,0.115714285714,baseline,linear,AI,6000,2000,100,20,13,0,14,1,random,mean,250
2026090810,3500,250,0.558208333333,1.40356333333,0.0724017042556,,0.120285714286,baseline,linear,AI,6000,2000,100,20,13,0,14,1,random,mean,250
2026090811,3500,250,0.791666666667,1.98666666667,0.0320130488047,,0.0702857142857,baseline,linear,AI,6000,2000,100,20,13,0,14,1,random,mean,250
2026090812,3500,250,0.819808333333,2.05858833333,0.0237807691347,,0.088,baseline,linear,AI,6000,2000,100,20,13,0,14,1,random,mean,250
2026090813,3500,250,0.544352083333,1.38177083333,0.0705440887734,,0.0691428571429,baseline,linear,AI,6000,2000,100,20,13,0,14,1,random,mean,250
2026090814,3500,250,0.78125,1.99875,0.0209326124504,,0.127428571429,baseline,linear,AI,6000,2000,100,20,13,0,14,1,random,mean,250
2026090815,3500,250,0.564447916667,1.42297416667,0.0750679457679,,0.114571428571,baseline,linear,AI,6000,2000,100,20,13,0,14,1,random,mean,250
2026090816,3500,250,0.45141875,1.142365,0.088726092793,,0.0825714285714,baseline,linear,AI,6000,2000,100,20,13,0,14,1,random,mean,250
2026090817,3500,250,0.663439583333,1.72453833333,0.0366988532746,,0.104571428571,baseline,linear,AI,6000,2000,100,20,13,0,14,1,random,mean,250
2026090818,3500,250,0.62396875,1.55457,0.0628219417647,,0.111714285714,baseline,linear,AI,6000,2000,100,20,13,0,14,1,random,mean,250
2026090819,3500,250,0.813541666667,2.05791666667,0.0313673274514,,0.110857142857,baseline,linear,AI,6000,2000,100,20,13,0,14,1,random,mean,250
2026090820,3500,250,0.868229166667,2.20791666667,0.0149369792873,,0.0211428571429,baseline,linear,AI,6000,2000,100,20,13,0,14,1,random,mean,250
2026090821,3500,250,0.746875,1.881875,0.0257098877905,,0.0657142857143,baseline,linear,AI,6000,2000,100,20,13,0,14,1,random,mean,250
2026090822,3500,250,0.812104166667,2.00807166667,0.0291915396326,,0.0982857142857,baseline,linear,AI,6000,2000,100,20,13,0,14,1,random,mean,250
2026090823,3500,250,0.63306875,1.5773675,0.0632626666846,,0.0911428571429,baseline,linear,AI,6000,2000,100,20,13,0,14,1,random,mean,250
2026090824,3500,250,0.6224875,1.5980775,0.0406648360076,,0.126857142857,baseline,linear,AI,6000,2000,100,20,13,0,14,1,random,mean,250
2026090825,3500,250,0.72793125,1.829205,0.0380417100129,,0.0828571428571,baseline,linear,AI,6000,2000,100,20,13,0,14,1,random,mean,250
2026090826,3500,250,0.854166666667,2.19104166667,0.0236881677395,,0.114285714286,baseline,linear,AI,6000,2000,100,20,13,0,14,1,random,mean,250
2026090827,3500,250,0.729577083333,1.83270833333,0.0446710729608,,0.0394285714286,baseline,linear,AI,6000,2000,100,20,13,0,14,1,random,mean,250
2026090828,3500,250,0.696889583333,1.77102583333,0.0319646558982,,0.136,baseline,linear,AI,6000,2000,100,20,13,0,14,1,random,mean,250
2026090829,3500,250,0.582089583333,1.47656833333,0.0628172428042,,0.129428571429,baseline,linear,AI,6000,2000,100,20,13,0,14,1,random,mean,250
2026090830,3500,250,0.802489583333,2.06026833333,0.0255725014677,,0.211142857143,baseline,linear,AI,6000,2000,100,20,13,0,14,1,random,mean,250
2026090831,3500,250,0.597829166667,1.49685666667,0.0638762669896,,0.137714285714,baseline,linear,AI,6000,2000,100,20,13,0,14,1,random,mean,250
2026090800,3750,250,0.597464583333,1.49840833333,0.0676278951075,,0.172533333333,baseline,linear,AI,6000,2000,100,20,13,0,14,1,random,mean,250
2026090801,3750,250,0.839527083333,2.10228583333,0.0137790411637,,0.0522666666667,baseline,linear,AI,6000,2000,100,20,13,0,14,1,random,mean,250
2026090802,3750,250,0.6604375,1.6364825,0.0564413279943,,0.1616,baseline,linear,AI,6000,2000,100,20,13,0,14,1,random,mean,250
2026090803,3750,250,0.5567625,1.38375,0.0817221278981,,0.103466666667,baseline,linear,AI,6000,2000,100,20,13,0,14,1,random,mean,250
2026090804,3750,250,0.6098375,1.5353475,0.0572130622274,,0.133333333333,baseline,linear,AI,6000,2000,100,20,13,0,14,1,random,mean,250
2026090805,3750,250,0.809375,2.07,0.0240789220145,,0.0450666666667,baseline,linear,AI,6000,2000,100,20,13,0,14,1,random,mean,250
2026090806,3750,250,0.619191666667,1.56864916667,0.0570060663411,,0.184,baseline,linear,AI,6000,2000,100,20,13,0,14,1,random,mean,250
2026090807,3750,250,0.81875,2.085625,0.0219618514509,,0.108,baseline,linear,AI,6000,2000,100,20,13,0,14,1,random,mean,250
2026090808,3750,250,0.826091666667,2.11118166667,0.0165585617457,,0.0669333333333,baseline,linear,AI,6000,2000,100,20,13,0,14,1,random,mean,250
2026090809,3750,250,0.656572916667,1.63201666667,0.0556495056602,,0.117066666667,baseline,linear,AI,6000,2000,100,20,13,0,14,1,random,mean,250
2026090810,3750,250,0.72373125,1.83138,0.0461187579818,,0.117866666667,baseline,linear,AI,6000,2000,100,20,13,0,14,1,random,mean,250
2026090811,3750,250,0.791666666667,1.98666666667,0.0320130488047,,0.0656,baseline,linear,AI,6000,2000,100,20,13,0,14,1,random,mean,250
2026090812,3750,250,0.824479166667,2.07166666667,0.0237592508387,,0.0821333333333,baseline,linear,AI,6000,2000,100,20,13,0,14,1,random,mean,250
2026090813,3750,250,0.613114583333,1.54800083333,0.0418096632294,,0.0653333333333,baseline,linear,AI,6000,2000,100,20,13,0,14,1,random,mean,250
2026090814,3750,250,0.75646875,1.9111575,0.0308353297444,,0.119466666667,baseline,linear,AI,6000,2000,100,20,13,0,14,1,random,mean,250
2026090815,3750,250,0.520847916667,1.31413166667,0.0806396856616,,0.1216,baseline,linear,AI,6000,2000,100,20,13,0,14,1,random,mean,250
2026090816,3750,250,0.56680625,1.433865,0.0670765739658,,0.0904,baseline,linear,AI,6000,2000,100,20,13,0,14,1,random,mean,250
2026090817,3750,250,0.658375,1.6688525,0.0537332614769,,0.106666666667,baseline,linear,AI,6000,2000,100,20,13,0,14,1,random,mean,250
2026090818,3750,250,0.571375,1.439395,0.0718483224725,,0.1216,baseline,linear,AI,6000,2000,100,20,13,0,14,1,random,mean,250
2026090819,3750,250,0.786397916667,1.98680666667,0.0364972648566,,0.105333333333,baseline,linear,AI,6000,2000,100,20,13,0,14,1,random,mean,250
2026090820,3750,250,0.868229166667,2.20791666667,0.0149369792873,,0.0197333333333,baseline,linear,AI,6000,2000,100,20,13,0,14,1,random,mean,250
2026090821,3750,250,0.737535416667,1.84266416667,0.0332129364792,,0.0629333333333,baseline,linear,AI,6000,2000,100,20,13,0,14,1,random,mean,250
2026090822,3750,250,0.664977083333,1.66722333333,0.0543111208074,,0.0994666666667,baseline,linear,AI,6000,2000,100,20,13,0,14,1,random,mean,250
2026090823,3750,250,0.626260416667,1.56722166667,0.0600535207707,,0.0946666666667,baseline,linear,AI,6000,2000,100,20,13,0,14,1,random,mean,250
2026090824,3750,250,0.564747916667,1.42479416667,0.0696427784853,,0.132533333333,baseline,linear,AI,6000,2000,100,20,13,0,14,1,random,mean,250
2026090825,3750,250,0.765804166667,1.95463166667,0.0240126804231,,0.0832,baseline,linear,AI,6000,2000,100,20,13,0,14,1,random,mean,250
2026090826,3750,250,0.763416666667,1.94886666667,0.0398676271859,,0.1112,baseline,linear,AI,6000,2000,100,20,13,0,14,1,random,mean,250
2026090827,3750,250,0.56940625,1.4410325,0.0647311057895,,0.0482666666667,baseline,linear,AI,6000,2000,100,20,13,0,14,1,random,mean,250
2026090828,3750,250,0.567635416667,1.43769166667,0.0651953420407,,0.143466666667,baseline,linear,AI,6000,2000,100,20,13,0,14,1,random,mean,250
2026090829,3750,250,0.5593625,1.397005,0.0752165959883,,0.137333333333,baseline,linear,AI,6000,2000,100,20,13,0,14,1,random,mean,250
2026090830,3750,250,0.679641666667,1.71863166667,0.0509597362673,,0.207733333333,baseline,linear,AI,6000,2000,100,20,13,0,14,1,random,mean,250
2026090831,3750,250,0.707341666667,1.76977166667,0.0346315590442,,0.129866666667,baseline,linear,AI,6000,2000,100,20,13,0,14,1,random,mean,250
2026090800,4000,250,0.610466666667,1.53835416667,0.0631502571973,,0.17075,baseline,linear,AI,6000,2000,100,20,13,0,14,1,random,mean,250
2026090801,4000,250,0.77796875,1.96219,0.0286966129741,,0.05225,baseline,linear,AI,6000,2000,100,20,13,0,14,1,random,mean,250
2026090802,4000,250,0.618433333333,1.53907583333,0.0592679980326,,0.16075,baseline,linear,AI,6000,2000,100,20,13,0,14,1,random,mean,250
2026090803,4000,250,0.611533333333,1.53057333333,0.0621894794358,,0.10525,baseline,linear,AI,6000,2000,100,20,13,0,14,1,random,mean,250
2026090804,4000,250,0.552522916667,1.39017916667,0.0725760622308,,0.13725,baseline,linear,AI,6000,2000,100,20,13,0,14,1,random,mean,250
2026090805,4000,250,0.809375,2.07,0.0240789220145,,0.04225,baseline,linear,AI,6000,2000,100,20,13,0,14,1,random,mean,250
2026090806,4000,250,0.767708333333,1.95270833333,0.0185577506008,,0.1725,baseline,linear,AI,6000,2000,100,20,13,0,14,1,random,mean,250
2026090807,4000,250,0.81875,2.085625,0.0219618514509,,0.10125,baseline,linear,AI,6000,2000,100,20,13,0,14,1,random,mean,250
2026090808,4000,250,0.831354166667,2.11204166667,0.0135901099872,,0.063,baseline,linear,AI,6000,2000,100,20,13,0,14,1,random,mean,250
2026090809,4000,250,0.579535416667,1.46901166667,0.0593595296509,,0.1215,baseline,linear,AI,6000,2000,100,20,13,0,14,1,random,mean,250
2026090810,4000,250,0.885416666667,2.26104166667,0.0182333774367,,0.1105,baseline,linear,AI,6000,2000,100,20,13,0,14,1,random,mean,250
2026090811,4000,250,0.791666666667,1.98666666667,0.0320130488047,,0.0615,baseline,linear,AI,6000,2000,100,20,13,0,14,1,random,mean,250
2026090812,4000,250,0.798235416667,1.99818416667,0.0235853345329,,0.07725,baseline,linear,AI,6000,2000,100,20,13,0,14,1,random,mean,250
2026090813,4000,250,0.608710416667,1.54528416667,0.0562131944804,,0.07125,baseline,linear,AI,6000,2000,100,20,13,0,14,1,random,mean,250
2026090814,4000,250,0.598395833333,1.51275833333,0.0617283713947,,0.1275,baseline,linear,AI,6000,2000,100,20,13,0,14,1,random,mean,250
2026090815,4000,250,0.66333125,1.6680375,0.0456836146876,,0.11925,baseline,linear,AI,6000,2000,100,20,13,0,14,1,random,mean,250
2026090816,4000,250,0.628004166667,1.58953166667,0.0522925832132,,0.09275,baseline,linear,AI,6000,2000,100,20,13,0,14,1,random,mean,250
2026090817,4000,250,0.510366666667,1.29126666667,0.0766569002223,,0.11575,baseline,linear,AI,6000,2000,100,20,13,0,14,1,random,mean,250
2026090818,4000,250,0.5760125,1.4374825,0.0656083837984,,0.1205,baseline,linear,AI,6000,2000,100,20,13,0,14,1,random,mean,250
2026090819,4000,250,0.583814583333,1.48212583333,0.0613606284631,,0.11175,baseline,linear,AI,6000,2000,100,20,13,0,14,1,random,mean,250
2026090820,4000,250,0.868229166667,2.20791666667,0.0149369792873,,0.0185,baseline,linear,AI,6000,2000,100,20,13,0,14,1,random,mean,250
2026090821,4000,250,0.691377083333,1.73991583333,0.0434919500925,,0.06325,baseline,linear,AI,6000,2000,100,20,13,0,14,1,random,mean,250
2026090822,4000,250,0.6768,1.7218875,0.0562810681825,,0.09825,baseline,linear,AI,6000,2000,100,20,13,0,14,1,random,mean,250
2026090823,4000,250,0.643433333333,1.63246083333,0.0625368167932,,0.0955,baseline,linear,AI,6000,2000,100,20,13,0,14,1,random,mean,250
2026090824,4000,250,0.597164583333,1.50735833333,0.062811612642,,0.1375,baseline,linear,AI,6000,2000,100,20,13,0,14,1,random,mean,250
2026090825,4000,250,0.80871875,2.0640975,0.0138863597188,,0.07925,baseline,linear,AI,6000,2000,100,20,13,0,14,1,random,mean,250
2026090826,4000,250,0.637641666667,1.62054416667,0.0567001483978,,0.11625,baseline,linear,AI,6000,2000,100,20,13,0,14,1,random,mean,250
2026090827,4000,250,0.602427083333,1.50045833333,0.0688692709008,,0.0565,baseline,linear,AI,6000,2000,100,20,13,0,14,1,random,mean,250
2026090828,4000,250,0.649779166667,1.62311916667,0.0506501130912,,0.13875,baseline,linear,AI,6000,2000,100,20,13,0,14,1,random,mean,250
2026090829,4000,250,0.519864583333,1.31757333333,0.0774890533878,,0.1405,baseline,linear,AI,6000,2000,100,20,13,0,14,1,random,mean,250
2026090830,4000,250,0.558514583333,1.40317833333,0.0773402760885,,0.2095,baseline,linear,AI,6000,2000,100,20,13,0,14,1,random,mean,250
2026090831,4000,250,0.742085416667,1.86088666667,0.0306218225264,,0.12425,baseline,linear,AI,6000,2000,100,20,13,0,14,1,random,mean,250
2026090800,4250,250,0.690472916667,1.77199166667,0.0367797686053,,0.161176470588,baseline,linear,AI,6000,2000,100,20,13,0,14,1,random,mean,250
2026090801,4250,250,0.58001875,1.4724525,0.0640427071454,,0.064,baseline,linear,AI,6000,2000,100,20,13,0,14,1,random,mean,250
2026090802,4250,250,0.500777083333,1.26893333333,0.0811000522136,,0.164705882353,baseline,linear,AI,6000,2000,100,20,13,0,14,1,random,mean,250
2026090803,4250,250,0.537945833333,1.35830833333,0.0768384155628,,0.112705882353,baseline,linear,AI,6000,2000,100,20,13,0,14,1,random,mean,250
2026090804,4250,250,0.536645833333,1.32975583333,0.0795762966506,,0.136705882353,baseline,linear,AI,6000,2000,100,20,13,0,14,1,random,mean,250
2026090805,4250,250,0.808891666667,2.07113666667,0.0230978161677,,0.0402352941176,baseline,linear,AI,6000,2000,100,20,13,0,14,1,random,mean,250
2026090806,4250,250,0.767708333333,1.95270833333,0.0185577506008,,0.162352941176,baseline,linear,AI,6000,2000,100,20,13,0,14,1,random,mean,250
2026090807,4250,250,0.81875,2.085625,0.0219618514509,,0.0952941176471,baseline,linear,AI,6000,2000,100,20,13,0,14,1,random,mean,250
2026090808,4250,250,0.839464583333,2.12589833333,0.0118511420826,,0.0597647058824,baseline,linear,AI,6000,2000,100,20,13,0,14,1,random,mean,250
2026090809,4250,250,0.695335416667,1.74207166667,0.035970175657,,0.117647058824,baseline,linear,AI,6000,2000,100,20,13,0,14,1,random,mean,250
2026090810,4250,250,0.885416666667,2.26104166667,0.0182333774367,,0.104,baseline,linear,AI,6000,2000,100,20,13,0,14,1,random,mean,250
2026090811,4250,250,0.791666666667,1.98666666667,0.0320130488047,,0.0578823529412,baseline,linear,AI,6000,2000,100,20,13,0,14,1,random,mean,250
2026090812,4250,250,0.803641666667,2.01332166667,0.0227557097506,,0.0729411764706,baseline,linear,AI,6000,2000,100,20,13,0,14,1,random,mean,250
2026090813,4250,250,0.552241666667,1.38951166667,0.0744089292932,,0.0781176470588,baseline,linear,AI,6000,2000,100,20,13,0,14,1,random,mean,250
2026090814,4250,250,0.53436875,1.338755,0.0773469735026,,0.130823529412,baseline,linear,AI,6000,2000,100,20,13,0,14,1,random,mean,250
2026090815,4250,250,0.668508333333,1.66812333333,0.0457107921723,,0.115058823529,baseline,linear,AI,6000,2000,100,20,13,0,14,1,random,mean,250
2026090816,4250,250,0.630208333333,1.60611083333,0.0540400298661,,0.0891764705882,baseline,linear,AI,6000,2000,100,20,13,0,14,1,random,mean,250
2026090817,4250,250,0.606683333333,1.55824083333,0.058695528978,,0.120235294118,baseline,linear,AI,6000,2000,100,20,13,0,14,1,random,mean,250
2026090818,4250,250,0.519464583333,1.29473333333,0.077723856676,,0.121411764706,baseline,linear,AI,6000,2000,100,20,13,0,14,1,random,mean,250
2026090819,4250,250,0.75106875,1.9288475,0.0284824519597,,0.111529411765,baseline,linear,AI,6000,2000,100,20,13,0,14,1,random,mean,250
2026090820,4250,250,0.868229166667,2.20791666667,0.0149369792873,,0.0174117647059,baseline,linear,AI,6000,2000,100,20,13,0,14,1,random,mean,250
2026090821,4250,250,0.701047916667,1.76025166667,0.0520229183935,,0.0630588235294,baseline,linear,AI,6000,2000,100,20,13,0,14,1,random,mean,250
2026090822,4250,250,0.5878,1.48854,0.0652228032739,,0.102352941176,baseline,linear,AI,6000,2000,100,20,13,0,14,1,random,mean,250
2026090823,4250,250,0.785770833333,2.00258583333,0.0352333392829,,0.0901176470588,baseline,linear,AI,6000,2000,100,20,13,0,14,1,random,mean,250
2026090824,4250,250,0.55864375,1.40923,0.0599905747976,,0.137176470588,baseline,linear,AI,6000,2000,100,20,13,0,14,1,random,mean,250
2026090825,4250,250,0.853614583333,2.15608083333,0.0145934548537,,0.0755294117647,baseline,linear,AI,6000,2000,100,20,13,0,14,1,random,mean,250
2026090826,4250,250,0.739360416667,1.83671916667,0.044067546873,,0.112235294118,baseline,linear,AI,6000,2000,100,20,13,0,14,1,random,mean,250
2026090827,4250,250,0.579116666667,1.49337166667,0.0580576550314,,0.0623529411765,baseline,linear,AI,6000,2000,100,20,13,0,14,1,random,mean,250
2026090828,4250,250,0.5948375,1.4981125,0.0669267790311,,0.142117647059,baseline,linear,AI,6000,2000,100,20,13,0,14,1,random,mean,250
2026090829,4250,250,0.539085416667,1.36202916667,0.0703409900276,,0.144470588235,baseline,linear,AI,6000,2000,100,20,13,0,14,1,random,mean,250
2026090830,4250,250,0.6218875,1.572495,0.0590204725728,,0.204941176471,baseline,linear,AI,6000,2000,100,20,13,0,14,1,random,mean,250
2026090831,4250,250,0.623360416667,1.57824916667,0.0581021641682,,0.127529411765,baseline,linear,AI,6000,2000,100,20,13,0,14,1,random,mean,250
2026090800,4500,250,0.504477083333,1.24910833333,0.0789452405685,,0.160888888889,baseline,linear,AI,6000,2000,100,20,13,0,14,1,random,mean,250
2026090801,4500,250,0.566716666667,1.44093916667,0.0638549985548,,0.074,baseline,linear,AI,6000,2000,100,20,13,0,14,1,random,mean,250
2026090802,4500,250,0.56818125,1.4393475,0.0647694249554,,0.165333333333,baseline,linear,AI,6000,2000,100,20,13,0,14,1,random,mean,250
2026090803,4500,250,0.629433333333,1.55190333333,0.0595999600747,,0.107777777778,baseline,linear,AI,6000,2000,100,20,13,0,14,1,random,mean,250
2026090804,4500,250,0.55000625,1.3828475,0.0755761360996,,0.143777777778,baseline,linear,AI,6000,2000,100,20,13,0,14,1,random,mean,250
2026090805,4500,250,0.8308875,2.1362525,0.0230780994355,,0.0382222222222,baseline,linear,AI,6000,2000,100,20,13,0,14,1,random,mean,250
2026090806,4500,250,0.76655,1.94638,0.0230563063815,,0.154,baseline,linear,AI,6000,2000,100,20,13,0,14,1,random,mean,250
2026090807,4500,250,0.81875,2.085625,0.0140583176084,,0.0902222222222,baseline,linear,AI,6000,2000,100,20,13,0,14,1,random,mean,250
2026090808,4500,250,0.8349875,2.120415,0.0152121190618,,0.0568888888889,baseline,linear,AI,6000,2000,100,20,13,0,14,1,random,mean,250
2026090809,4500,250,0.6453125,1.61929,0.0532419544731,,0.117333333333,baseline,linear,AI,6000,2000,100,20,13,0,14,1,random,mean,250
2026090810,4500,250,0.885416666667,2.26104166667,0.0182333774367,,0.0982222222222,baseline,linear,AI,6000,2000,100,20,13,0,14,1,random,mean,250
2026090811,4500,250,0.791666666667,1.98666666667,0.0320130488047,,0.0546666666667,baseline,linear,AI,6000,2000,100,20,13,0,14,1,random,mean,250
2026090812,4500,250,0.801435416667,2.00714416667,0.0229899231587,,0.0691111111111,baseline,linear,AI,6000,2000,100,20,13,0,14,1,random,mean,250
2026090813,4500,250,0.5688875,1.4379275,0.0679435396772,,0.0877777777778,baseline,linear,AI,6000,2000,100,20,13,0,14,1,random,mean,250
2026090814,4500,250,0.584595833333,1.46124083333,0.0718481649148,,0.131777777778,baseline,linear,AI,6000,2000,100,20,13,0,14,1,random,mean,250
2026090815,4500,250,0.512327083333,1.28604333333,0.0760049938747,,0.126444444444,baseline,linear,AI,6000,2000,100,20,13,0,14,1,random,mean,250
2026090816,4500,250,0.79569375,2.0398125,0.0360734309926,,0.0855555555556,baseline,linear,AI,6000,2000,100,20,13,0,14,1,random,mean,250
2026090817,4500,250,0.570854166667,1.45822666667,0.0626366174045,,0.125555555556,baseline,linear,AI,6000,2000,100,20,13,0,14,1,random,mean,250
2026090818,4500,250,0.55306875,1.3750925,0.0767117475764,,0.128,baseline,linear,AI,6000,2000,100,20,13,0,14,1,random,mean,250
2026090819,4500,250,0.849779166667,2.16839416667,0.00898121360102,,0.105777777778,baseline,linear,AI,6000,2000,100,20,13,0,14,1,random,mean,250
2026090820,4500,250,0.868229166667,2.20791666667,0.0149369792873,,0.0164444444444,baseline,linear,AI,6000,2000,100,20,13,0,14,1,random,mean,250
2026090821,4500,250,0.617325,1.578805,0.0576773581289,,0.0733333333333,baseline,linear,AI,6000,2000,100,20,13,0,14,1,random,mean,250
2026090822,4500,250,0.616833333333,1.55144083333,0.0556432371512,,0.101111111111,baseline,linear,AI,6000,2000,100,20,13,0,14,1,random,mean,250
2026090823,4500,250,0.914583333333,2.33520833333,0.0127370856258,,0.0851111111111,baseline,linear,AI,6000,2000,100,20,13,0,14,1,random,mean,250
2026090824,4500,250,0.583447916667,1.46034416667,0.075051628864,,0.144,baseline,linear,AI,6000,2000,100,20,13,0,14,1,random,mean,250
2026090825,4500,250,0.890691666667,2.24275916667,0.0142912249559,,0.0724444444444,baseline,linear,AI,6000,2000,100,20,13,0,14,1,random,mean,250
2026090826,4500,250,0.872741666667,2.18736916667,0.014966394434,,0.106444444444,baseline,linear,AI,6000,2000,100,20,13,0,14,1,random,mean,250
2026090827,4500,250,0.70730625,1.8373225,0.026967623933,,0.0595555555556,baseline,linear,AI,6000,2000,100,20,13,0,14,1,random,mean,250
2026090828,4500,250,0.593095833333,1.48017583333,0.0653933235359,,0.144222222222,baseline,linear,AI,6000,2000,100,20,13,0,14,1,random,mean,250
2026090829,4500,250,0.660647916667,1.69092666667,0.0515052800162,,0.142222222222,baseline,linear,AI,6000,2000,100,20,13,0,14,1,random,mean,250
2026090830,4500,250,0.73145,1.82804,0.0403661065246,,0.196888888889,baseline,linear,AI,6000,2000,100,20,13,0,14,1,random,mean,250
2026090831,4500,250,0.758966666667,1.94793166667,0.0159308590447,,0.121777777778,baseline,linear,AI,6000,2000,100,20,13,0,14,1,random,mean,250
2026090800,4750,250,0.516670833333,1.31078083333,0.0784166850887,,0.169263157895,baseline,linear,AI,6000,2000,100,20,13,0,14,1,random,mean,250
2026090801,4750,250,0.530504166667,1.34075416667,0.0796732032177,,0.0856842105263,baseline,linear,AI,6000,2000,100,20,13,0,14,1,random,mean,250
2026090802,4750,250,0.835091666667,2.10705416667,0.016306290084,,0.158105263158,baseline,linear,AI,6000,2000,100,20,13,0,14,1,random,mean,250
2026090803,4750,250,0.522254166667,1.32687666667,0.0647444055425,,0.108421052632,baseline,linear,AI,6000,2000,100,20,13,0,14,1,random,mean,250
2026090804,4750,250,0.668620833333,1.71969833333,0.052109751754,,0.143789473684,baseline,linear,AI,6000,2000,100,20,13,0,14,1,random,mean,250
2026090805,4750,250,0.80625,2.065625,0.0174843663971,,0.0362105263158,baseline,linear,AI,6000,2000,100,20,13,0,14,1,random,mean,250
2026090806,4750,250,0.736808333333,1.87925833333,0.0239646445785,,0.148421052632,baseline,linear,AI,6000,2000,100,20,13,0,14,1,random,mean,250
2026090807,4750,250,0.81875,2.085625,0.0115624648161,,0.0854736842105,baseline,linear,AI,6000,2000,100,20,13,0,14,1,random,mean,250
2026090808,4750,250,0.831004166667,2.10814166667,0.0173646310247,,0.0543157894737,baseline,linear,AI,6000,2000,100,20,13,0,14,1,random,mean,250
2026090809,4750,250,0.61024375,1.542085,0.0612653925152,,0.119157894737,baseline,linear,AI,6000,2000,100,20,13,0,14,1,random,mean,250
2026090810,4750,250,0.885416666667,2.26104166667,0.0182333774367,,0.0930526315789,baseline,linear,AI,6000,2000,100,20,13,0,14,1,random,mean,250
2026090811,4750,250,0.791666666667,1.98666666667,0.0320130488047,,0.0517894736842,baseline,linear,AI,6000,2000,100,20,13,0,14,1,random,mean,250
2026090812,4750,250,0.794270833333,1.98708333333,0.0237298580159,,0.0654736842105,baseline,linear,AI,6000,2000,100,20,13,0,14,1,random,mean,250
2026090813,4750,250,0.5898875,1.4804025,0.070031600103,,0.0924210526316,baseline,linear,AI,6000,2000,100,20,13,0,14,1,random,mean,250
2026090814,4750,250,0.761708333333,1.95358083333,0.0262286463588,,0.126105263158,baseline,linear,AI,6000,2000,100,20,13,0,14,1,random,mean,250
2026090815,4750,250,0.525770833333,1.29310333333,0.0771218977192,,0.120421052632,baseline,linear,AI,6000,2000,100,20,13,0,14,1,random,mean,250
2026090816,4750,250,0.537758333333,1.34906583333,0.079947733088,,0.0945263157895,baseline,linear,AI,6000,2000,100,20,13,0,14,1,random,mean,250
2026090817,4750,250,0.525589583333,1.35616833333,0.0658708132449,,0.128842105263,baseline,linear,AI,6000,2000,100,20,13,0,14,1,random,mean,250
2026090818,4750,250,0.536777083333,1.35240833333,0.0789132507622,,0.130105263158,baseline,linear,AI,6000,2000,100,20,13,0,14,1,random,mean,250
2026090819,4750,250,0.84809375,2.1632,0.00937178110494,,0.100421052632,baseline,linear,AI,6000,2000,100,20,13,0,14,1,random,mean,250
2026090820,4750,250,0.868229166667,2.20791666667,0.0149369792873,,0.0155789473684,baseline,linear,AI,6000,2000,100,20,13,0,14,1,random,mean,250
2026090821,4750,250,0.592277083333,1.48795083333,0.066136136964,,0.0795789473684,baseline,linear,AI,6000,2000,100,20,13,0,14,1,random,mean,250
2026090822,4750,250,0.535316666667,1.36272416667,0.0780452561294,,0.104210526316,baseline,linear,AI,6000,2000,100,20,13,0,14,1,random,mean,250
2026090823,4750,250,0.87595,2.227035,0.0116579005136,,0.0808421052632,baseline,linear,AI,6000,2000,100,20,13,0,14,1,random,mean,250
2026090824,4750,250,0.656529166667,1.67049666667,0.0493510454124,,0.143578947368,baseline,linear,AI,6000,2000,100,20,13,0,14,1,random,mean,250
2026090825,4750,250,0.69048125,1.7459725,0.045363728018,,0.0747368421053,baseline,linear,AI,6000,2000,100,20,13,0,14,1,random,mean,250
2026090826,4750,250,0.886958333333,2.22846583333,0.011216444828,,0.101473684211,baseline,linear,AI,6000,2000,100,20,13,0,14,1,random,mean,250
2026090827,4750,250,0.657529166667,1.67788666667,0.0461763976453,,0.0618947368421,baseline,linear,AI,6000,2000,100,20,13,0,14,1,random,mean,250
2026090828,4750,250,0.630029166667,1.58168916667,0.0562674244912,,0.146105263158,baseline,linear,AI,6000,2000,100,20,13,0,14,1,random,mean,250
2026090829,4750,250,0.613664583333,1.55306833333,0.0605350553986,,0.144631578947,baseline,linear,AI,6000,2000,100,20,13,0,14,1,random,mean,250
2026090830,4750,250,0.777764583333,1.93461583333,0.0272296285093,,0.189473684211,baseline,linear,AI,6000,2000,100,20,13,0,14,1,random,mean,250
2026090831,4750,250,0.561508333333,1.41989333333,0.066199738064,,0.128631578947,baseline,linear,AI,6000,2000,100,20,13,0,14,1,random,mean,250
2026090800,5000,250,0.601691666667,1.49915416667,0.0681176562602,,0.1696,baseline,linear,AI,6000,2000,100,20,13,0,14,1,random,mean,250
2026090801,5000,250,0.583179166667,1.46548666667,0.071632357817,,0.0912,baseline,linear,AI,6000,2000,100,20,13,0,14,1,random,mean,250
2026090802,5000,250,0.845833333333,2.13708333333,0.0138494455069,,0.1502,baseline,linear,AI,6000,2000,100,20,13,0,14,1,random,mean,250
2026090803,5000,250,0.608827083333,1.53106333333,0.0654614492306,,0.1116,baseline,linear,AI,6000,2000,100,20,13,0,14,1,random,mean,250
2026090804,5000,250,0.654820833333,1.67679583333,0.0522522458048,,0.1414,baseline,linear,AI,6000,2000,100,20,13,0,14,1,random,mean,250
2026090805,5000,250,0.80625,2.065625,0.0174843663971,,0.0344,baseline,linear,AI,6000,2000,100,20,13,0,14,1,random,mean,250
2026090806,5000,250,0.6467125,1.634225,0.0456402221644,,0.1462,baseline,linear,AI,6000,2000,100,20,13,0,14,1,random,mean,250
2026090807,5000,250,0.8133125,2.076925,0.0111479322402,,0.0814,baseline,linear,AI,6000,2000,100,20,13,0,14,1,random,mean,250
2026090808,5000,250,0.833333333333,2.11145833333,0.0170800764287,,0.0516,baseline,linear,AI,6000,2000,100,20,13,0,14,1,random,mean,250
2026090809,5000,250,0.544670833333,1.37951833333,0.0731494294974,,0.122,baseline,linear,AI,6000,2000,100,20,13,0,14,1,random,mean,250
2026090810,5000,250,0.885416666667,2.26104166667,0.0182333774367,,0.0884,baseline,linear,AI,6000,2000,100,20,13,0,14,1,random,mean,250
2026090811,5000,250,0.791666666667,1.98666666667,0.0320130488047,,0.0492,baseline,linear,AI,6000,2000,100,20,13,0,14,1,random,mean,250
2026090812,5000,250,0.794270833333,1.98708333333,0.0236551194154,,0.0624,baseline,linear,AI,6000,2000,100,20,13,0,14,1,random,mean,250
2026090813,5000,250,0.544114583333,1.38497333333,0.0708287393824,,0.1024,baseline,linear,AI,6000,2000,100,20,13,0,14,1,random,mean,250
2026090814,5000,250,0.796777083333,2.02987333333,0.0192283917073,,0.121,baseline,linear,AI,6000,2000,100,20,13,0,14,1,random,mean,250
2026090815,5000,250,0.639152083333,1.59009583333,0.0547629531698,,0.1198,baseline,linear,AI,6000,2000,100,20,13,0,14,1,random,mean,250
2026090816,5000,250,0.58753125,1.4786475,0.0689220300377,,0.0928,baseline,linear,AI,6000,2000,100,20,13,0,14,1,random,mean,250
2026090817,5000,250,0.591314583333,1.50548583333,0.0567079381404,,0.1344,baseline,linear,AI,6000,2000,100,20,13,0,14,1,random,mean,250
2026090818,5000,250,0.6783625,1.7232875,0.0583250505159,,0.1278,baseline,linear,AI,6000,2000,100,20,13,0,14,1,random,mean,250
2026090819,5000,250,0.722560416667,1.83981666667,0.0285089020083,,0.0988,baseline,linear,AI,6000,2000,100,20,13,0,14,1,random,mean,250
2026090820,5000,250,0.868229166667,2.20791666667,0.0149369792873,,0.0148,baseline,linear,AI,6000,2000,100,20,13,0,14,1,random,mean,250
2026090821,5000,250,0.528008333333,1.32680333333,0.0843369032962,,0.0896,baseline,linear,AI,6000,2000,100,20,13,0,14,1,random,mean,250
2026090822,5000,250,0.730208333333,1.86708333333,0.0455125295376,,0.099,baseline,linear,AI,6000,2000,100,20,13,0,14,1,random,mean,250
2026090823,5000,250,0.8842625,2.247745,0.0124751944731,,0.0778,baseline,linear,AI,6000,2000,100,20,13,0,14,1,random,mean,250
2026090824,5000,250,0.77375,1.987375,0.0122954413333,,0.1366,baseline,linear,AI,6000,2000,100,20,13,0,14,1,random,mean,250
2026090825,5000,250,0.568797916667,1.44043166667,0.0712378759159,,0.083,baseline,linear,AI,6000,2000,100,20,13,0,14,1,random,mean,250
2026090826,5000,250,0.739358333333,1.84328833333,0.0425759765206,,0.1008,baseline,linear,AI,6000,2000,100,20,13,0,14,1,random,mean,250
2026090827,5000,250,0.544585416667,1.38223416667,0.0729737058087,,0.0726,baseline,linear,AI,6000,2000,100,20,13,0,14,1,random,mean,250
2026090828,5000,250,0.51231875,1.269195,0.0896742062965,,0.15,baseline,linear,AI,6000,2000,100,20,13,0,14,1,random,mean,250
2026090829,5000,250,0.58550625,1.497595,0.0577109914236,,0.144,baseline,linear,AI,6000,2000,100,20,13,0,14,1,random,mean,250
2026090830,5000,250,0.731885416667,1.81107916667,0.0423009662532,,0.184,baseline,linear,AI,6000,2000,100,20,13,0,14,1,random,mean,250
2026090831,5000,250,0.6257125,1.56751,0.0629457662922,,0.1276,baseline,linear,AI,6000,2000,100,20,13,0,14,1,random,mean,250
2026090800,5250,250,0.686866666667,1.69926666667,0.0510547613193,,0.16419047619,baseline,linear,AI,6000,2000,100,20,13,0,14,1,random,mean,250
2026090801,5250,250,0.608939583333,1.53099583333,0.0741584546443,,0.092,baseline,linear,AI,6000,2000,100,20,13,0,14,1,random,mean,250
2026090802,5250,250,0.825008333333,2.08334583333,0.0150230508743,,0.143428571429,baseline,linear,AI,6000,2000,100,20,13,0,14,1,random,mean,250
2026090803,5250,250,0.583683333333,1.49108083333,0.0627501744243,,0.114476190476,baseline,linear,AI,6000,2000,100,20,13,0,14,1,random,mean,250
2026090804,5250,250,0.610420833333,1.55429333333,0.0558935595293,,0.146857142857,baseline,linear,AI,6000,2000,100,20,13,0,14,1,random,mean,250
2026090805,5250,250,0.8133,2.085365,0.0179001618336,,0.0329523809524,baseline,linear,AI,6000,2000,100,20,13,0,14,1,random,mean,250
2026090806,5250,250,0.613827083333,1.53657083333,0.0594089056548,,0.145714285714,baseline,linear,AI,6000,2000,100,20,13,0,14,1,random,mean,250
2026090807,5250,250,0.809375,2.070625,0.0108477534784,,0.0775238095238,baseline,linear,AI,6000,2000,100,20,13,0,14,1,random,mean,250
2026090808,5250,250,0.829466666667,2.10063166667,0.0180383379742,,0.0493333333333,baseline,linear,AI,6000,2000,100,20,13,0,14,1,random,mean,250
2026090809,5250,250,0.586104166667,1.47889416667,0.0646336956473,,0.129333333333,baseline,linear,AI,6000,2000,100,20,13,0,14,1,random,mean,250
2026090810,5250,250,0.885416666667,2.26104166667,0.0182333774367,,0.0841904761905,baseline,linear,AI,6000,2000,100,20,13,0,14,1,random,mean,250
2026090811,5250,250,0.791666666667,1.98666666667,0.0320130488047,,0.0468571428571,baseline,linear,AI,6000,2000,100,20,13,0,14,1,random,mean,250
2026090812,5250,250,0.803058333333,2.01168833333,0.023487134687,,0.059619047619,baseline,linear,AI,6000,2000,100,20,13,0,14,1,random,mean,250
2026090813,5250,250,0.508895833333,1.27968333333,0.07969781705,,0.108761904762,baseline,linear,AI,6000,2000,100,20,13,0,14,1,random,mean,250
2026090814,5250,250,0.819270833333,2.05208333333,0.0158379556335,,0.115238095238,baseline,linear,AI,6000,2000,100,20,13,0,14,1,random,mean,250
2026090815,5250,250,0.660341666667,1.67692416667,0.0482708618671,,0.119047619048,baseline,linear,AI,6000,2000,100,20,13,0,14,1,random,mean,250
2026090816,5250,250,0.57525625,1.4546575,0.0609827576941,,0.0937142857143,baseline,linear,AI,6000,2000,100,20,13,0,14,1,random,mean,250
2026090817,5250,250,0.603220833333,1.52747583333,0.0617118184002,,0.14019047619,baseline,linear,AI,6000,2000,100,20,13,0,14,1,random,mean,250
2026090818,5250,250,0.797395833333,2.04145833333,0.0283216044735,,0.121714285714,baseline,linear,AI,6000,2000,100,20,13,0,14,1,random,mean,250
2026090819,5250,250,0.648183333333,1.64208833333,0.0437716716393,,0.096,baseline,linear,AI,6000,2000,100,20,13,0,14,1,random,mean,250
2026090820,5250,250,0.842095833333,2.14454333333,0.0185718450878,,0.0142857142857,baseline,linear,AI,6000,2000,100,20,13,0,14,1,random,mean,250
2026090821,5250,250,0.569266666667,1.42406416667,0.0699574329651,,0.0946666666667,baseline,linear,AI,6000,2000,100,20,13,0,14,1,random,mean,250
2026090822,5250,250,0.730208333333,1.86708333333,0.0455125295376,,0.0942857142857,baseline,linear,AI,6000,2000,100,20,13,0,14,1,random,mean,250
2026090823,5250,250,0.89235,2.26108,0.0141354808999,,0.0742857142857,baseline,linear,AI,6000,2000,100,20,13,0,14,1,random,mean,250
2026090824,5250,250,0.788370833333,2.02060833333,0.00955285470536,,0.130476190476,baseline,linear,AI,6000,2000,100,20,13,0,14,1,random,mean,250
2026090825,5250,250,0.560110416667,1.41337916667,0.0623134330226,,0.0891428571429,baseline,linear,AI,6000,2000,100,20,13,0,14,1,random,mean,250
2026090826,5250,250,0.52958125,1.3423975,0.0726432027557,,0.10419047619,baseline,linear,AI,6000,2000,100,20,13,0,14,1,random,mean,250
2026090827,5250,250,0.602245833333,1.50687833333,0.0573624822335,,0.0710476190476,baseline,linear,AI,6000,2000,100,20,13,0,14,1,random,mean,250
2026090828,5250,250,0.68159375,1.69254,0.0588527489628,,0.145714285714,baseline,linear,AI,6000,2000,100,20,13,0,14,1,random,mean,250
2026090829,5250,250,0.63236875,1.6032275,0.0532395670866,,0.141904761905,baseline,linear,AI,6000,2000,100,20,13,0,14,1,random,mean,250
2026090830,5250,250,0.600329166667,1.50793416667,0.0588767950843,,0.184761904762,baseline,linear,AI,6000,2000,100,20,13,0,14,1,random,mean,250
2026090831,5250,250,0.825020833333,2.06356833333,0.0248911169022,,0.121714285714,baseline,linear,AI,6000,2000,100,20,13,0,14,1,random,mean,250
2026090800,5500,250,0.585739583333,1.47051333333,0.0715785656139,,0.165272727273,baseline,linear,AI,6000,2000,100,20,13,0,14,1,random,mean,250
2026090801,5500,250,0.6619875,1.6922125,0.0527090307143,,0.0938181818182,baseline,linear,AI,6000,2000,100,20,13,0,14,1,random,mean,250
2026090802,5500,250,0.809125,2.0344,0.0172727532384,,0.137272727273,baseline,linear,AI,6000,2000,100,20,13,0,14,1,random,mean,250
2026090803,5500,250,0.659885416667,1.67651666667,0.0430944283398,,0.112363636364,baseline,linear,AI,6000,2000,100,20,13,0,14,1,random,mean,250
2026090804,5500,250,0.619033333333,1.54436833333,0.0617706756515,,0.145272727273,baseline,linear,AI,6000,2000,100,20,13,0,14,1,random,mean,250
2026090805,5500,250,0.85279375,2.196645,0.0163443132099,,0.0318181818182,baseline,linear,AI,6000,2000,100,20,13,0,14,1,random,mean,250
2026090806,5500,250,0.694270833333,1.72645833333,0.0377394842579,,0.139090909091,baseline,linear,AI,6000,2000,100,20,13,0,14,1,random,mean,250
2026090807,5500,250,0.809375,2.070625,0.0108477534784,,0.074,baseline,linear,AI,6000,2000,100,20,13,0,14,1,random,mean,250
2026090808,5500,250,0.825,2.088125,0.0191452952768,,0.0470909090909,baseline,linear,AI,6000,2000,100,20,13,0,14,1,random,mean,250
2026090809,5500,250,0.51428125,1.2931075,0.0802183510879,,0.137090909091,baseline,linear,AI,6000,2000,100,20,13,0,14,1,random,mean,250
2026090810,5500,250,0.885416666667,2.26104166667,0.0182333774367,,0.0803636363636,baseline,linear,AI,6000,2000,100,20,13,0,14,1,random,mean,250
2026090811,5500,250,0.799866666667,1.99978666667,0.0325777824386,,0.0449090909091,baseline,linear,AI,6000,2000,100,20,13,0,14,1,random,mean,250
2026090812,5500,250,0.811858333333,2.03632833333,0.0236037980087,,0.0572727272727,baseline,linear,AI,6000,2000,100,20,13,0,14,1,random,mean,250
2026090813,5500,250,0.54075625,1.35535,0.0813843965537,,0.114181818182,baseline,linear,AI,6000,2000,100,20,13,0,14,1,random,mean,250
2026090814,5500,250,0.7367375,1.8613425,0.0333441380833,,0.115090909091,baseline,linear,AI,6000,2000,100,20,13,0,14,1,random,mean,250
2026090815,5500,250,0.555279166667,1.39962166667,0.0697191977726,,0.122909090909,baseline,linear,AI,6000,2000,100,20,13,0,14,1,random,mean,250
2026090816,5500,250,0.52954375,1.33979,0.0758751184973,,0.1,baseline,linear,AI,6000,2000,100,20,13,0,14,1,random,mean,250
2026090817,5500,250,0.624702083333,1.56837583333,0.0606075643717,,0.139454545455,baseline,linear,AI,6000,2000,100,20,13,0,14,1,random,mean,250
2026090818,5500,250,0.797395833333,2.04145833333,0.0283216044735,,0.116181818182,baseline,linear,AI,6000,2000,100,20,13,0,14,1,random,mean,250
2026090819,5500,250,0.728722916667,1.84318166667,0.0365416527682,,0.0921818181818,baseline,linear,AI,6000,2000,100,20,13,0,14,1,random,mean,250
2026090820,5500,250,0.8563375,2.17689,0.0173736451896,,0.0138181818182,baseline,linear,AI,6000,2000,100,20,13,0,14,1,random,mean,250
2026090821,5500,250,0.712927083333,1.80937833333,0.0357021905231,,0.0910909090909,baseline,linear,AI,6000,2000,100,20,13,0,14,1,random,mean,250
2026090822,5500,250,0.730208333333,1.86708333333,0.0455125295376,,0.09,baseline,linear,AI,6000,2000,100,20,13,0,14,1,random,mean,250
2026090823,5500,250,0.885304166667,2.24211166667,0.0134679187086,,0.0714545454545,baseline,linear,AI,6000,2000,100,20,13,0,14,1,random,mean,250
2026090824,5500,250,0.805354166667,2.06019416667,0.0115258211141,,0.125636363636,baseline,linear,AI,6000,2000,100,20,13,0,14,1,random,mean,250
2026090825,5500,250,0.576202083333,1.44661083333,0.0673765860005,,0.0958181818182,baseline,linear,AI,6000,2000,100,20,13,0,14,1,random,mean,250
2026090826,5500,250,0.575583333333,1.45538083333,0.0641884422119,,0.105454545455,baseline,linear,AI,6000,2000,100,20,13,0,14,1,random,mean,250
2026090827,5500,250,0.624470833333,1.55391833333,0.056872494176,,0.0689090909091,baseline,linear,AI,6000,2000,100,20,13,0,14,1,random,mean,250
2026090828,5500,250,0.872916666667,2.18166666667,0.0230040749905,,0.139090909091,baseline,linear,AI,6000,2000,100,20,13,0,14,1,random,mean,250
2026090829,5500,250,0.6905,1.766085,0.0346176725875,,0.136,baseline,linear,AI,6000,2000,100,20,13,0,14,1,random,mean,250
2026090830,5500,250,0.6514875,1.6559725,0.0551439154907,,0.184,baseline,linear,AI,6000,2000,100,20,13,0,14,1,random,mean,250
2026090831,5500,250,0.822916666667,2.05666666667,0.0261210407702,,0.116181818182,baseline,linear,AI,6000,2000,100,20,13,0,14,1,random,mean,250
2026090800,5750,250,0.663814583333,1.65996333333,0.0564620684653,,0.165565217391,baseline,linear,AI,6000,2000,100,20,13,0,14,1,random,mean,250
2026090801,5750,250,0.712895833333,1.83862333333,0.0359590839443,,0.0932173913043,baseline,linear,AI,6000,2000,100,20,13,0,14,1,random,mean,250
2026090802,5750,250,0.8125,2.040625,0.0177761024648,,0.131304347826,baseline,linear,AI,6000,2000,100,20,13,0,14,1,random,mean,250
2026090803,5750,250,0.694929166667,1.81666666667,0.0312730771185,,0.110086956522,baseline,linear,AI,6000,2000,100,20,13,0,14,1,random,mean,250
2026090804,5750,250,0.85344375,2.1521475,0.0220433407082,,0.14,baseline,linear,AI,6000,2000,100,20,13,0,14,1,random,mean,250
2026090805,5750,250,0.855729166667,2.20479166667,0.0161009909533,,0.0304347826087,baseline,linear,AI,6000,2000,100,20,13,0,14,1,random,mean,250
2026090806,5750,250,0.739141666667,1.86788166667,0.0337972565123,,0.134260869565,baseline,linear,AI,6000,2000,100,20,13,0,14,1,random,mean,250
2026090807,5750,250,0.8066875,2.0626,0.0110624051263,,0.0711304347826,baseline,linear,AI,6000,2000,100,20,13,0,14,1,random,mean,250
2026090808,5750,250,0.685347916667,1.72844916667,0.0502890999934,,0.0486956521739,baseline,linear,AI,6000,2000,100,20,13,0,14,1,random,mean,250
2026090809,5750,250,0.4959,1.259385,0.0778014798668,,0.142608695652,baseline,linear,AI,6000,2000,100,20,13,0,14,1,random,mean,250
2026090810,5750,250,0.885416666667,2.26104166667,0.0182333774367,,0.0768695652174,baseline,linear,AI,6000,2000,100,20,13,0,14,1,random,mean,250
2026090811,5750,250,0.8,2,0.0325869650993,,0.0429565217391,baseline,linear,AI,6000,2000,100,20,13,0,14,1,random,mean,250
2026090812,5750,250,0.7943875,1.98727,0.0236430261859,,0.0549565217391,baseline,linear,AI,6000,2000,100,20,13,0,14,1,random,mean,250
2026090813,5750,250,0.569583333333,1.46556583333,0.0557476770868,,0.115130434783,baseline,linear,AI,6000,2000,100,20,13,0,14,1,random,mean,250
2026090814,5750,250,0.5798125,1.4976325,0.0625931331132,,0.118782608696,baseline,linear,AI,6000,2000,100,20,13,0,14,1,random,mean,250
2026090815,5750,250,0.705197916667,1.74892416667,0.0387702227694,,0.118782608696,baseline,linear,AI,6000,2000,100,20,13,0,14,1,random,mean,250
2026090816,5750,250,0.55786875,1.4213825,0.0694864866294,,0.105739130435,baseline,linear,AI,6000,2000,100,20,13,0,14,1,random,mean,250
2026090817,5750,250,0.605458333333,1.53022833333,0.0614662340025,,0.143652173913,baseline,linear,AI,6000,2000,100,20,13,0,14,1,random,mean,250
2026090818,5750,250,0.797395833333,2.04145833333,0.0283216044735,,0.111130434783,baseline,linear,AI,6000,2000,100,20,13,0,14,1,random,mean,250
2026090819,5750,250,0.689333333333,1.71769583333,0.0406127550615,,0.0885217391304,baseline,linear,AI,6000,2000,100,20,13,0,14,1,random,mean,250
2026090820,5750,250,0.877610416667,2.22667666667,0.0152804594149,,0.0135652173913,baseline,linear,AI,6000,2000,100,20,13,0,14,1,random,mean,250
2026090821,5750,250,0.853941666667,2.15053666667,0.018514389404,,0.0873043478261,baseline,linear,AI,6000,2000,100,20,13,0,14,1,random,mean,250
2026090822,5750,250,0.733854166667,1.87416666667,0.0455110486193,,0.0862608695652,baseline,linear,AI,6000,2000,100,20,13,0,14,1,random,mean,250
2026090823,5750,250,0.875852083333,2.22545833333,0.0122548250535,,0.0686956521739,baseline,linear,AI,6000,2000,100,20,13,0,14,1,random,mean,250
2026090824,5750,250,0.772427083333,1.95454333333,0.0242556337099,,0.121043478261,baseline,linear,AI,6000,2000,100,20,13,0,14,1,random,mean,250
2026090825,5750,250,0.58306875,1.486495,0.0636995478741,,0.102956521739,baseline,linear,AI,6000,2000,100,20,13,0,14,1,random,mean,250
2026090826,5750,250,0.537995833333,1.34832333333,0.0800248352384,,0.112695652174,baseline,linear,AI,6000,2000,100,20,13,0,14,1,random,mean,250
2026090827,5750,250,0.564533333333,1.43069833333,0.066400673405,,0.0742608695652,baseline,linear,AI,6000,2000,100,20,13,0,14,1,random,mean,250
2026090828,5750,250,0.872916666667,2.18166666667,0.0230040749905,,0.133043478261,baseline,linear,AI,6000,2000,100,20,13,0,14,1,random,mean,250
2026090829,5750,250,0.65650625,1.6789675,0.0509652103721,,0.13547826087,baseline,linear,AI,6000,2000,100,20,13,0,14,1,random,mean,250
2026090830,5750,250,0.598270833333,1.52082083333,0.0602909236891,,0.18347826087,baseline,linear,AI,6000,2000,100,20,13,0,14,1,random,mean,250
2026090831,5750,250,0.822916666667,2.05666666667,0.0261210407702,,0.111130434783,baseline,linear,AI,6000,2000,100,20,13,0,14,1,random,mean,250
2026090800,6000,250,0.7814875,1.946125,0.0310283088784,,0.158833333333,baseline,linear,AI,6000,2000,100,20,13,0,14,1,random,mean,250
2026090801,6000,250,0.628820833333,1.59156333333,0.0598933383074,,0.0978333333333,baseline,linear,AI,6000,2000,100,20,13,0,14,1,random,mean,250
2026090802,6000,250,0.8179375,2.05585,0.0174270096489,,0.126,baseline,linear,AI,6000,2000,100,20,13,0,14,1,random,mean,250
2026090803,6000,250,0.683427083333,1.78979083333,0.0328588635986,,0.105666666667,baseline,linear,AI,6000,2000,100,20,13,0,14,1,random,mean,250
2026090804,6000,250,0.83959375,2.131145,0.0118466010783,,0.134666666667,baseline,linear,AI,6000,2000,100,20,13,0,14,1,random,mean,250
2026090805,6000,250,0.855729166667,2.20479166667,0.0161009909533,,0.0291666666667,baseline,linear,AI,6000,2000,100,20,13,0,14,1,random,mean,250
2026090806,6000,250,0.85,2.165,0.0143234174952,,0.128666666667,baseline,linear,AI,6000,2000,100,20,13,0,14,1,random,mean,250
2026090807,6000,250,0.838020833333,2.15083333333,0.00710496474138,,0.0681666666667,baseline,linear,AI,6000,2000,100,20,13,0,14,1,random,mean,250
2026090808,6000,250,0.5692375,1.4163975,0.0725300101316,,0.0533333333333,baseline,linear,AI,6000,2000,100,20,13,0,14,1,random,mean,250
2026090809,6000,250,0.610927083333,1.53795333333,0.0554687584997,,0.140166666667,baseline,linear,AI,6000,2000,100,20,13,0,14,1,random,mean,250
2026090810,6000,250,0.885416666667,2.26104166667,0.0182333774367,,0.0736666666667,baseline,linear,AI,6000,2000,100,20,13,0,14,1,random,mean,250
2026090811,6000,250,0.800470833333,2.00075333333,0.0326146455193,,0.0413333333333,baseline,linear,AI,6000,2000,100,20,13,0,14,1,random,mean,250
2026090812,6000,250,0.794791666667,1.98791666667,0.0236691298902,,0.0528333333333,baseline,linear,AI,6000,2000,100,20,13,0,14,1,random,mean,250
2026090813,6000,250,0.59490625,1.50516,0.0592485077369,,0.114166666667,baseline,linear,AI,6000,2000,100,20,13,0,14,1,random,mean,250
2026090814,6000,250,0.543095833333,1.34492333333,0.0826774242359,,0.119833333333,baseline,linear,AI,6000,2000,100,20,13,0,14,1,random,mean,250
2026090815,6000,250,0.68185625,1.712955,0.0404101265479,,0.116333333333,baseline,linear,AI,6000,2000,100,20,13,0,14,1,random,mean,250
2026090816,6000,250,0.481558333333,1.23030833333,0.0821251302221,,0.109,baseline,linear,AI,6000,2000,100,20,13,0,14,1,random,mean,250
2026090817,6000,250,0.560258333333,1.42428583333,0.0720061555857,,0.149,baseline,linear,AI,6000,2000,100,20,13,0,14,1,random,mean,250
2026090818,6000,250,0.797395833333,2.04145833333,0.0283216044735,,0.1065,baseline,linear,AI,6000,2000,100,20,13,0,14,1,random,mean,250
2026090819,6000,250,0.680495833333,1.69967833333,0.0400410823591,,0.0871666666667,baseline,linear,AI,6000,2000,100,20,13,0,14,1,random,mean,250
2026090820,6000,250,0.769072916667,1.91837166667,0.0367633626372,,0.0145,baseline,linear,AI,6000,2000,100,20,13,0,14,1,random,mean,250
2026090821,6000,250,0.841441666667,2.12032416667,0.0196439898228,,0.0841666666667,baseline,linear,AI,6000,2000,100,20,13,0,14,1,random,mean,250
2026090822,6000,250,0.733854166667,1.87416666667,0.0455110486193,,0.0826666666667,baseline,linear,AI,6000,2000,100,20,13,0,14,1,random,mean,250
2026090823,6000,250,0.8812125,2.2152475,0.0161632847363,,0.066,baseline,linear,AI,6000,2000,100,20,13,0,14,1,random,mean,250
2026090824,6000,250,0.767264583333,1.92710333333,0.0268494880526,,0.1165,baseline,linear,AI,6000,2000,100,20,13,0,14,1,random,mean,250
2026090825,6000,250,0.58626875,1.483265,0.0617540963543,,0.106166666667,baseline,linear,AI,6000,2000,100,20,13,0,14,1,random,mean,250
2026090826,6000,250,0.593479166667,1.50175666667,0.0636210523806,,0.115,baseline,linear,AI,6000,2000,100,20,13,0,14,1,random,mean,250
2026090827,6000,250,0.539260416667,1.35307916667,0.0678990857656,,0.0756666666667,baseline,linear,AI,6000,2000,100,20,13,0,14,1,random,mean,250
2026090828,6000,250,0.873183333333,2.18209333333,0.023022151703,,0.127666666667,baseline,linear,AI,6000,2000,100,20,13,0,14,1,random,mean,250
2026090829,6000,250,0.610039583333,1.54853083333,0.0530848284798,,0.134333333333,baseline,linear,AI,6000,2000,100,20,13,0,14,1,random,mean,250
2026090830,6000,250,0.602197916667,1.52705916667,0.0571104206178,,0.183166666667,baseline,linear,AI,6000,2000,100,20,13,0,14,1,random,mean,250
2026090831,6000,250,0.822916666667,2.05666666667,0.0261210407702,,0.1065,baseline,linear,AI,6000,2000,100,20,13,0,14,1,random,mean,250
