seed,step,window_steps,group_relative_contribution,surplus,gini,success,acceptance_rate,experiment,game,treatment,steps,burn_in,thin,rounds,levels,beta,gamma,selection,initial,signal,diagnostic_every
2026100800,250,250,0.4431375,-0.1206375,0.233527554381,0.387,0.132,longer,threshold,AI,12000,8000,100,20,13,18,94,1,random,mean,250
2026100801,250,250,0.506602083333,0.06173125,0.168911282232,0.682,0.096,longer,threshold,AI,12000,8000,100,20,13,18,94,1,random,mean,250
2026100802,250,250,0.505329166667,0.0388375,0.172850893911,0.653,0.076,longer,threshold,AI,12000,8000,100,20,13,18,94,1,random,mean,250
2026100803,250,250,0.389858333333,-0.122358333333,0.249893152326,0.321,0.188,longer,threshold,AI,12000,8000,100,20,13,18,94,1,random,mean,250
2026100804,250,250,0.349916666667,-0.166916666667,0.28213862471,0.2196,0.152,longer,threshold,AI,12000,8000,100,20,13,18,94,1,random,mean,250
2026100805,250,250,0.413458333333,-0.249125,0.263097254165,0.1972,0.14,longer,threshold,AI,12000,8000,100,20,13,18,94,1,random,mean,250
2026100806,250,250,0.663472916667,0.0343604166667,0.121405323127,0.8374,0.032,longer,threshold,AI,12000,8000,100,20,13,18,94,1,random,mean,250
2026100807,250,250,0.444845833333,-0.138845833333,0.222465710449,0.3672,0.136,longer,threshold,AI,12000,8000,100,20,13,18,94,1,random,mean,250
2026100808,250,250,0.39466875,-0.170835416667,0.265866052448,0.2686,0.184,longer,threshold,AI,12000,8000,100,20,13,18,94,1,random,mean,250
2026100809,250,250,0.611960416667,0.158872916667,0.121349574311,0.925,0.052,longer,threshold,AI,12000,8000,100,20,13,18,94,1,random,mean,250
2026100810,250,250,0.501483333333,0.0950166666667,0.155519783958,0.7158,0.104,longer,threshold,AI,12000,8000,100,20,13,18,94,1,random,mean,250
2026100811,250,250,0.335939583333,-0.21110625,0.254148416341,0.1498,0.064,longer,threshold,AI,12000,8000,100,20,13,18,94,1,random,mean,250
2026100812,250,250,0.57656875,-0.01056875,0.152957691515,0.6792,0.124,longer,threshold,AI,12000,8000,100,20,13,18,94,1,random,mean,250
2026100813,250,250,0.55679375,0.210872916667,0.127195875439,0.9212,0.04,longer,threshold,AI,12000,8000,100,20,13,18,94,1,random,mean,250
2026100814,250,250,0.23455,-0.18705,0.256338647722,0.057,0.036,longer,threshold,AI,12000,8000,100,20,13,18,94,1,random,mean,250
2026100815,250,250,0.525685416667,0.19548125,0.1085909075,0.8654,0.06,longer,threshold,AI,12000,8000,100,20,13,18,94,1,random,mean,250
2026100800,500,250,0.395989583333,-0.165989583333,0.231034840737,0.276,0.072,longer,threshold,AI,12000,8000,100,20,13,18,94,1,random,mean,250
2026100801,500,250,0.378233333333,-0.2919,0.2800508675,0.1036,0.078,longer,threshold,AI,12000,8000,100,20,13,18,94,1,random,mean,250
2026100802,500,250,0.5516875,0.274979166667,0.0865100772301,0.992,0.042,longer,threshold,AI,12000,8000,100,20,13,18,94,1,random,mean,250
2026100803,500,250,0.305577083333,-0.156410416667,0.271211823178,0.179,0.136,longer,threshold,AI,12000,8000,100,20,13,18,94,1,random,mean,250
2026100804,500,250,0.46043125,0.107735416667,0.181767352702,0.6818,0.102,longer,threshold,AI,12000,8000,100,20,13,18,94,1,random,mean,250
2026100805,500,250,0.300358333333,-0.300358333333,0.298647739574,0,0.074,longer,threshold,AI,12000,8000,100,20,13,18,94,1,random,mean,250
2026100806,500,250,0.699539583333,0.05479375,0.0919376265128,0.9052,0.024,longer,threshold,AI,12000,8000,100,20,13,18,94,1,random,mean,250
2026100807,500,250,0.38218125,-0.138514583333,0.211395584023,0.2924,0.074,longer,threshold,AI,12000,8000,100,20,13,18,94,1,random,mean,250
2026100808,500,250,0.2887875,-0.266120833333,0.28886699961,0.0272,0.112,longer,threshold,AI,12000,8000,100,20,13,18,94,1,random,mean,250
2026100809,500,250,0.615625,0.176041666667,0.103978377907,0.95,0.028,longer,threshold,AI,12000,8000,100,20,13,18,94,1,random,mean,250
2026100810,500,250,0.505729166667,0.2859375,0.0932475444194,0.95,0.052,longer,threshold,AI,12000,8000,100,20,13,18,94,1,random,mean,250
2026100811,500,250,0.274260416667,-0.231260416667,0.277476741527,0.0516,0.06,longer,threshold,AI,12000,8000,100,20,13,18,94,1,random,mean,250
2026100812,500,250,0.742479166667,0.0823541666667,0.0951897394071,0.9898,0.088,longer,threshold,AI,12000,8000,100,20,13,18,94,1,random,mean,250
2026100813,500,250,0.5143875,0.198279166667,0.129699302852,0.8552,0.022,longer,threshold,AI,12000,8000,100,20,13,18,94,1,random,mean,250
2026100814,500,250,0.372708333333,-0.0965416666667,0.235239853517,0.3314,0.07,longer,threshold,AI,12000,8000,100,20,13,18,94,1,random,mean,250
2026100815,500,250,0.522627083333,0.291872916667,0.103968210369,0.9774,0.038,longer,threshold,AI,12000,8000,100,20,13,18,94,1,random,mean,250
2026100800,750,250,0.482,0.126333333333,0.151163022637,0.73,0.0626666666667,longer,threshold,AI,12000,8000,100,20,13,18,94,1,random,mean,250
2026100801,750,250,0.3737625,-0.1207625,0.25271155659,0.3036,0.0693333333333,longer,threshold,AI,12000,8000,100,20,13,18,94,1,random,mean,250
2026100802,750,250,0.5546875,0.278645833333,0.0821327683616,1,0.028,longer,threshold,AI,12000,8000,100,20,13,18,94,1,random,mean,250
2026100803,750,250,0.346108333333,-0.184275,0.25897506798,0.1942,0.1,longer,threshold,AI,12000,8000,100,20,13,18,94,1,random,mean,250
2026100804,750,250,0.519614583333,0.272052083333,0.134075167752,0.95,0.0706666666667,longer,threshold,AI,12000,8000,100,20,13,18,94,1,random,mean,250
2026100805,750,250,0.36309375,-0.28659375,0.274475199582,0.0918,0.0746666666667,longer,threshold,AI,12000,8000,100,20,13,18,94,1,random,mean,250
2026100806,750,250,0.727352083333,0.0996479166667,0.0725746412884,0.9924,0.0173333333333,longer,threshold,AI,12000,8000,100,20,13,18,94,1,random,mean,250
2026100807,750,250,0.490327083333,0.09900625,0.184240078808,0.7072,0.0693333333333,longer,threshold,AI,12000,8000,100,20,13,18,94,1,random,mean,250
2026100808,750,250,0.24534375,-0.21784375,0.261060810397,0.033,0.0773333333333,longer,threshold,AI,12000,8000,100,20,13,18,94,1,random,mean,250
2026100809,750,250,0.615625,0.176041666667,0.103978377907,0.95,0.0186666666667,longer,threshold,AI,12000,8000,100,20,13,18,94,1,random,mean,250
2026100810,750,250,0.505579166667,0.2860875,0.0929760292679,0.95,0.036,longer,threshold,AI,12000,8000,100,20,13,18,94,1,random,mean,250
2026100811,750,250,0.220066666667,-0.220066666667,0.263038497653,0,0.0426666666667,longer,threshold,AI,12000,8000,100,20,13,18,94,1,random,mean,250
2026100812,750,250,0.533733333333,-0.00456666666667,0.195440311516,0.635,0.092,longer,threshold,AI,12000,8000,100,20,13,18,94,1,random,mean,250
2026100813,750,250,0.5140625,0.194270833333,0.129683011491,0.85,0.0146666666667,longer,threshold,AI,12000,8000,100,20,13,18,94,1,random,mean,250
2026100814,750,250,0.3915,-0.103833333333,0.210469027255,0.3452,0.0706666666667,longer,threshold,AI,12000,8000,100,20,13,18,94,1,random,mean,250
2026100815,750,250,0.5125875,0.320745833333,0.0978662665734,1,0.0266666666667,longer,threshold,AI,12000,8000,100,20,13,18,94,1,random,mean,250
2026100800,1000,250,0.550327083333,0.240339583333,0.110421422131,0.9488,0.056,longer,threshold,AI,12000,8000,100,20,13,18,94,1,random,mean,250
2026100801,1000,250,0.41216875,-0.0653354166667,0.224468928658,0.4162,0.084,longer,threshold,AI,12000,8000,100,20,13,18,94,1,random,mean,250
2026100802,1000,250,0.5364,0.2456,0.110299203632,0.9384,0.023,longer,threshold,AI,12000,8000,100,20,13,18,94,1,random,mean,250
2026100803,1000,250,0.34111875,-0.0534520833333,0.22432692524,0.3452,0.08,longer,threshold,AI,12000,8000,100,20,13,18,94,1,random,mean,250
2026100804,1000,250,0.51901875,0.272647916667,0.133739386929,0.95,0.055,longer,threshold,AI,12000,8000,100,20,13,18,94,1,random,mean,250
2026100805,1000,250,0.298733333333,-0.134566666667,0.280507574267,0.197,0.074,longer,threshold,AI,12000,8000,100,20,13,18,94,1,random,mean,250
2026100806,1000,250,0.72785625,0.104977083333,0.0715255644594,0.9994,0.014,longer,threshold,AI,12000,8000,100,20,13,18,94,1,random,mean,250
2026100807,1000,250,0.491997916667,0.318835416667,0.0781190064855,0.973,0.058,longer,threshold,AI,12000,8000,100,20,13,18,94,1,random,mean,250
2026100808,1000,250,0.233208333333,-0.201541666667,0.266569454995,0.038,0.059,longer,threshold,AI,12000,8000,100,20,13,18,94,1,random,mean,250
2026100809,1000,250,0.615625,0.176041666667,0.103978377907,0.95,0.014,longer,threshold,AI,12000,8000,100,20,13,18,94,1,random,mean,250
2026100810,1000,250,0.485704166667,0.0351291666667,0.188751594955,0.625,0.041,longer,threshold,AI,12000,8000,100,20,13,18,94,1,random,mean,250
2026100811,1000,250,0.219791666667,-0.219791666667,0.262666666667,0,0.032,longer,threshold,AI,12000,8000,100,20,13,18,94,1,random,mean,250
2026100812,1000,250,0.253941666667,-0.182775,0.256355108768,0.0854,0.079,longer,threshold,AI,12000,8000,100,20,13,18,94,1,random,mean,250
2026100813,1000,250,0.5140625,0.194270833333,0.129683011491,0.85,0.011,longer,threshold,AI,12000,8000,100,20,13,18,94,1,random,mean,250
2026100814,1000,250,0.532154166667,0.2745125,0.10840645747,0.968,0.059,longer,threshold,AI,12000,8000,100,20,13,18,94,1,random,mean,250
2026100815,1000,250,0.456408333333,0.067925,0.182988319016,0.6292,0.044,longer,threshold,AI,12000,8000,100,20,13,18,94,1,random,mean,250
2026100800,1250,250,0.559070833333,0.2462625,0.0972913941157,0.9664,0.048,longer,threshold,AI,12000,8000,100,20,13,18,94,1,random,mean,250
2026100801,1250,250,0.543502083333,0.21433125,0.147975903464,0.9094,0.0688,longer,threshold,AI,12000,8000,100,20,13,18,94,1,random,mean,250
2026100802,1250,250,0.547502083333,0.23683125,0.107500984729,0.9412,0.02,longer,threshold,AI,12000,8000,100,20,13,18,94,1,random,mean,250
2026100803,1250,250,0.292872916667,-0.23870625,0.27972437171,0.065,0.0696,longer,threshold,AI,12000,8000,100,20,13,18,94,1,random,mean,250
2026100804,1250,250,0.519697916667,0.27196875,0.133828013686,0.95,0.0456,longer,threshold,AI,12000,8000,100,20,13,18,94,1,random,mean,250
2026100805,1250,250,0.222954166667,-0.2037875,0.267923308534,0.023,0.068,longer,threshold,AI,12000,8000,100,20,13,18,94,1,random,mean,250
2026100806,1250,250,0.563358333333,0.232975,0.106488083578,0.9556,0.0184,longer,threshold,AI,12000,8000,100,20,13,18,94,1,random,mean,250
2026100807,1250,250,0.477739583333,0.150927083333,0.149974130467,0.7544,0.064,longer,threshold,AI,12000,8000,100,20,13,18,94,1,random,mean,250
2026100808,1250,250,0.25425,-0.23775,0.263374670674,0.0198,0.0504,longer,threshold,AI,12000,8000,100,20,13,18,94,1,random,mean,250
2026100809,1250,250,0.615625,0.176041666667,0.103978377907,0.95,0.0112,longer,threshold,AI,12000,8000,100,20,13,18,94,1,random,mean,250
2026100810,1250,250,0.581797916667,0.205202083333,0.113418538936,0.9444,0.0376,longer,threshold,AI,12000,8000,100,20,13,18,94,1,random,mean,250
2026100811,1250,250,0.217058333333,-0.217058333333,0.262612,0,0.0264,longer,threshold,AI,12000,8000,100,20,13,18,94,1,random,mean,250
2026100812,1250,250,0.19073125,-0.166897916667,0.270236000073,0.0286,0.0656,longer,threshold,AI,12000,8000,100,20,13,18,94,1,random,mean,250
2026100813,1250,250,0.514729166667,0.200270833333,0.127945379094,0.858,0.0096,longer,threshold,AI,12000,8000,100,20,13,18,94,1,random,mean,250
2026100814,1250,250,0.525,0.308333333333,0.101829432338,1,0.0472,longer,threshold,AI,12000,8000,100,20,13,18,94,1,random,mean,250
2026100815,1250,250,0.4277125,-0.0158791666667,0.220448980261,0.4942,0.0576,longer,threshold,AI,12000,8000,100,20,13,18,94,1,random,mean,250
2026100800,1500,250,0.546616666667,0.239383333333,0.108200090707,0.9432,0.044,longer,threshold,AI,12000,8000,100,20,13,18,94,1,random,mean,250
2026100801,1500,250,0.556770833333,0.234895833333,0.129679650452,0.95,0.0573333333333,longer,threshold,AI,12000,8000,100,20,13,18,94,1,random,mean,250
2026100802,1500,250,0.552604166667,0.2390625,0.103008780992,0.95,0.0166666666667,longer,threshold,AI,12000,8000,100,20,13,18,94,1,random,mean,250
2026100803,1500,250,0.330735416667,-0.148735416667,0.240592205469,0.2184,0.0693333333333,longer,threshold,AI,12000,8000,100,20,13,18,94,1,random,mean,250
2026100804,1500,250,0.526572916667,0.26509375,0.131051415673,0.95,0.0393333333333,longer,threshold,AI,12000,8000,100,20,13,18,94,1,random,mean,250
2026100805,1500,250,0.357916666667,-0.00358333333333,0.205848363269,0.4252,0.0626666666667,longer,threshold,AI,12000,8000,100,20,13,18,94,1,random,mean,250
2026100806,1500,250,0.559570833333,0.262929166667,0.0935886935148,0.987,0.018,longer,threshold,AI,12000,8000,100,20,13,18,94,1,random,mean,250
2026100807,1500,250,0.477391666667,0.0221083333333,0.18811426945,0.5994,0.064,longer,threshold,AI,12000,8000,100,20,13,18,94,1,random,mean,250
2026100808,1500,250,0.270220833333,-0.2538875,0.248170305254,0.0196,0.0433333333333,longer,threshold,AI,12000,8000,100,20,13,18,94,1,random,mean,250
2026100809,1500,250,0.617333333333,0.18,0.102096681244,0.9568,0.0106666666667,longer,threshold,AI,12000,8000,100,20,13,18,94,1,random,mean,250
2026100810,1500,250,0.57915,0.254183333333,0.0932449093924,1,0.0333333333333,longer,threshold,AI,12000,8000,100,20,13,18,94,1,random,mean,250
2026100811,1500,250,0.211485416667,-0.211485416667,0.262537681159,0,0.0226666666667,longer,threshold,AI,12000,8000,100,20,13,18,94,1,random,mean,250
2026100812,1500,250,0.159325,-0.159325,0.276586763759,0,0.0553333333333,longer,threshold,AI,12000,8000,100,20,13,18,94,1,random,mean,250
2026100813,1500,250,0.519091666667,0.230908333333,0.12268123063,0.9,0.00866666666667,longer,threshold,AI,12000,8000,100,20,13,18,94,1,random,mean,250
2026100814,1500,250,0.526239583333,0.30709375,0.101489455878,1,0.04,longer,threshold,AI,12000,8000,100,20,13,18,94,1,random,mean,250
2026100815,1500,250,0.293808333333,-0.274308333333,0.322142864786,0.0234,0.0526666666667,longer,threshold,AI,12000,8000,100,20,13,18,94,1,random,mean,250
2026100800,1750,250,0.570958333333,0.220708333333,0.101517077197,0.95,0.0394285714286,longer,threshold,AI,12000,8000,100,20,13,18,94,1,random,mean,250
2026100801,1750,250,0.556770833333,0.234895833333,0.129679650452,0.95,0.0491428571429,longer,threshold,AI,12000,8000,100,20,13,18,94,1,random,mean,250
2026100802,1750,250,0.540833333333,0.1755,0.127187219502,0.8596,0.0148571428571,longer,threshold,AI,12000,8000,100,20,13,18,94,1,random,mean,250
2026100803,1750,250,0.509166666667,0.154166666667,0.143278156073,0.796,0.064,longer,threshold,AI,12000,8000,100,20,13,18,94,1,random,mean,250
2026100804,1750,250,0.527285416667,0.26438125,0.130683028571,0.95,0.0354285714286,longer,threshold,AI,12000,8000,100,20,13,18,94,1,random,mean,250
2026100805,1750,250,0.551822916667,0.139677083333,0.134448498632,0.8298,0.0554285714286,longer,threshold,AI,12000,8000,100,20,13,18,94,1,random,mean,250
2026100806,1750,250,0.53305625,0.205110416667,0.115749243524,0.8858,0.0188571428571,longer,threshold,AI,12000,8000,100,20,13,18,94,1,random,mean,250
2026100807,1750,250,0.515220833333,0.226945833333,0.118280929185,0.8906,0.0565714285714,longer,threshold,AI,12000,8000,100,20,13,18,94,1,random,mean,250
2026100808,1750,250,0.262114583333,-0.262114583333,0.2504763642,0,0.0377142857143,longer,threshold,AI,12000,8000,100,20,13,18,94,1,random,mean,250
2026100809,1750,250,0.657025,0.176308333333,0.0767069060969,1,0.00971428571429,longer,threshold,AI,12000,8000,100,20,13,18,94,1,random,mean,250
2026100810,1750,250,0.5739125,0.259420833333,0.0878069321391,1,0.0291428571429,longer,threshold,AI,12000,8000,100,20,13,18,94,1,random,mean,250
2026100811,1750,250,0.212497916667,-0.212497916667,0.262765636918,0,0.02,longer,threshold,AI,12000,8000,100,20,13,18,94,1,random,mean,250
2026100812,1750,250,0.147583333333,-0.147583333333,0.2691412437,0,0.0491428571429,longer,threshold,AI,12000,8000,100,20,13,18,94,1,random,mean,250
2026100813,1750,250,0.519254166667,0.2379125,0.122907555543,0.9086,0.008,longer,threshold,AI,12000,8000,100,20,13,18,94,1,random,mean,250
2026100814,1750,250,0.519104166667,0.2890625,0.103789323168,0.9698,0.0354285714286,longer,threshold,AI,12000,8000,100,20,13,18,94,1,random,mean,250
2026100815,1750,250,0.38825625,-0.160422916667,0.246908436463,0.2734,0.0645714285714,longer,threshold,AI,12000,8000,100,20,13,18,94,1,random,mean,250
2026100800,2000,250,0.577158333333,0.214508333333,0.0963349305118,0.95,0.0365,longer,threshold,AI,12000,8000,100,20,13,18,94,1,random,mean,250
2026100801,2000,250,0.56105,0.229283333333,0.127554790044,0.9484,0.045,longer,threshold,AI,12000,8000,100,20,13,18,94,1,random,mean,250
2026100802,2000,250,0.550014583333,0.231985416667,0.109616880549,0.9384,0.0145,longer,threshold,AI,12000,8000,100,20,13,18,94,1,random,mean,250
2026100803,2000,250,0.611754166667,0.2089125,0.109353758349,0.9848,0.0575,longer,threshold,AI,12000,8000,100,20,13,18,94,1,random,mean,250
2026100804,2000,250,0.547683333333,0.274983333333,0.110028235323,0.9872,0.0325,longer,threshold,AI,12000,8000,100,20,13,18,94,1,random,mean,250
2026100805,2000,250,0.5613375,0.1156625,0.127139982766,0.8124,0.053,longer,threshold,AI,12000,8000,100,20,13,18,94,1,random,mean,250
2026100806,2000,250,0.514604166667,0.2960625,0.106973717394,0.9728,0.02,longer,threshold,AI,12000,8000,100,20,13,18,94,1,random,mean,250
2026100807,2000,250,0.500629166667,0.2660375,0.115335499635,0.92,0.052,longer,threshold,AI,12000,8000,100,20,13,18,94,1,random,mean,250
2026100808,2000,250,0.235679166667,-0.235679166667,0.258020946111,0,0.036,longer,threshold,AI,12000,8000,100,20,13,18,94,1,random,mean,250
2026100809,2000,250,0.667320833333,0.1660125,0.0731353778565,1,0.011,longer,threshold,AI,12000,8000,100,20,13,18,94,1,random,mean,250
2026100810,2000,250,0.566391666667,0.266941666667,0.089493473187,1,0.026,longer,threshold,AI,12000,8000,100,20,13,18,94,1,random,mean,250
2026100811,2000,250,0.21203125,-0.21203125,0.26306948894,0,0.019,longer,threshold,AI,12000,8000,100,20,13,18,94,1,random,mean,250
2026100812,2000,250,0.142708333333,-0.142708333333,0.26622970682,0,0.043,longer,threshold,AI,12000,8000,100,20,13,18,94,1,random,mean,250
2026100813,2000,250,0.5226625,0.280004166667,0.101941027617,0.9632,0.009,longer,threshold,AI,12000,8000,100,20,13,18,94,1,random,mean,250
2026100814,2000,250,0.517516666667,0.27415,0.106109020828,0.95,0.0315,longer,threshold,AI,12000,8000,100,20,13,18,94,1,random,mean,250
2026100815,2000,250,0.307245833333,-0.2754125,0.306072591007,0.0382,0.0605,longer,threshold,AI,12000,8000,100,20,13,18,94,1,random,mean,250
2026100800,2250,250,0.572247916667,0.21941875,0.098007057361,0.95,0.0337777777778,longer,threshold,AI,12000,8000,100,20,13,18,94,1,random,mean,250
2026100801,2250,250,0.49708125,-0.0252479166667,0.211275865055,0.5662,0.0502222222222,longer,threshold,AI,12000,8000,100,20,13,18,94,1,random,mean,250
2026100802,2250,250,0.5841875,0.248645833333,0.0854080498637,0.9994,0.0133333333333,longer,threshold,AI,12000,8000,100,20,13,18,94,1,random,mean,250
2026100803,2250,250,0.641783333333,0.19155,0.105001249219,1,0.0524444444444,longer,threshold,AI,12000,8000,100,20,13,18,94,1,random,mean,250
2026100804,2250,250,0.591085416667,0.242247916667,0.0861192517562,1,0.0302222222222,longer,threshold,AI,12000,8000,100,20,13,18,94,1,random,mean,250
2026100805,2250,250,0.605579166667,0.0802541666667,0.129832450167,0.823,0.0586666666667,longer,threshold,AI,12000,8000,100,20,13,18,94,1,random,mean,250
2026100806,2250,250,0.517875,0.315458333333,0.0958380514936,1,0.0186666666667,longer,threshold,AI,12000,8000,100,20,13,18,94,1,random,mean,250
2026100807,2250,250,0.4953125,0.296354166667,0.107702850877,0.95,0.0466666666667,longer,threshold,AI,12000,8000,100,20,13,18,94,1,random,mean,250
2026100808,2250,250,0.3002625,-0.1472625,0.233101337769,0.1836,0.0324444444444,longer,threshold,AI,12000,8000,100,20,13,18,94,1,random,mean,250
2026100809,2250,250,0.658133333333,0.1752,0.0768851587324,1,0.0111111111111,longer,threshold,AI,12000,8000,100,20,13,18,94,1,random,mean,250
2026100810,2250,250,0.573116666667,0.260216666667,0.0888008919763,1,0.024,longer,threshold,AI,12000,8000,100,20,13,18,94,1,random,mean,250
2026100811,2250,250,0.220072916667,-0.220072916667,0.263512181747,0,0.0173333333333,longer,threshold,AI,12000,8000,100,20,13,18,94,1,random,mean,250
2026100812,2250,250,0.142708333333,-0.142708333333,0.26622970682,0,0.0382222222222,longer,threshold,AI,12000,8000,100,20,13,18,94,1,random,mean,250
2026100813,2250,250,0.525,0.266666666667,0.107816538441,0.95,0.008,longer,threshold,AI,12000,8000,100,20,13,18,94,1,random,mean,250
2026100814,2250,250,0.517708333333,0.273958333333,0.107197670129,0.95,0.028,longer,threshold,AI,12000,8000,100,20,13,18,94,1,random,mean,250
2026100815,2250,250,0.3398375,-0.2678375,0.274030378416,0.0864,0.0577777777778,longer,threshold,AI,12000,8000,100,20,13,18,94,1,random,mean,250
2026100800,2500,250,0.555325,0.236341666667,0.106518281941,0.95,0.0308,longer,threshold,AI,12000,8000,100,20,13,18,94,1,random,mean,250
2026100801,2500,250,0.621164583333,0.131835416667,0.114153908311,0.9036,0.048,longer,threshold,AI,12000,8000,100,20,13,18,94,1,random,mean,250
2026100802,2500,250,0.5627,0.200633333333,0.116919817592,0.916,0.0136,longer,threshold,AI,12000,8000,100,20,13,18,94,1,random,mean,250
2026100803,2500,250,0.539339583333,0.03349375,0.173923072233,0.6874,0.0572,longer,threshold,AI,12000,8000,100,20,13,18,94,1,random,mean,250
2026100804,2500,250,0.587204166667,0.246129166667,0.0862545130261,1,0.0276,longer,threshold,AI,12000,8000,100,20,13,18,94,1,random,mean,250
2026100805,2500,250,0.539245833333,0.174754166667,0.139833737594,0.8568,0.0604,longer,threshold,AI,12000,8000,100,20,13,18,94,1,random,mean,250
2026100806,2500,250,0.51023125,0.323102083333,0.0966065208646,1,0.018,longer,threshold,AI,12000,8000,100,20,13,18,94,1,random,mean,250
2026100807,2500,250,0.4953125,0.296354166667,0.107702850877,0.95,0.0428,longer,threshold,AI,12000,8000,100,20,13,18,94,1,random,mean,250
2026100808,2500,250,0.596708333333,0.174958333333,0.119713196926,0.926,0.03,longer,threshold,AI,12000,8000,100,20,13,18,94,1,random,mean,250
2026100809,2500,250,0.647833333333,0.1855,0.0785770679771,1,0.0108,longer,threshold,AI,12000,8000,100,20,13,18,94,1,random,mean,250
2026100810,2500,250,0.576222916667,0.257110416667,0.0881511369281,1,0.0236,longer,threshold,AI,12000,8000,100,20,13,18,94,1,random,mean,250
2026100811,2500,250,0.22575,-0.22575,0.266939925107,0,0.0164,longer,threshold,AI,12000,8000,100,20,13,18,94,1,random,mean,250
2026100812,2500,250,0.14224375,-0.14224375,0.267257131921,0,0.0348,longer,threshold,AI,12000,8000,100,20,13,18,94,1,random,mean,250
2026100813,2500,250,0.525,0.266666666667,0.107816538441,0.95,0.0072,longer,threshold,AI,12000,8000,100,20,13,18,94,1,random,mean,250
2026100814,2500,250,0.514314583333,0.238185416667,0.118182394959,0.903,0.026,longer,threshold,AI,12000,8000,100,20,13,18,94,1,random,mean,250
2026100815,2500,250,0.37551875,-0.22101875,0.274354172743,0.1854,0.0716,longer,threshold,AI,12000,8000,100,20,13,18,94,1,random,mean,250
2026100800,2750,250,0.546252083333,0.266247916667,0.102638066443,0.975,0.0287272727273,longer,threshold,AI,12000,8000,100,20,13,18,94,1,random,mean,250
2026100801,2750,250,0.612141666667,0.169025,0.102893055939,0.9374,0.0447272727273,longer,threshold,AI,12000,8000,100,20,13,18,94,1,random,mean,250
2026100802,2750,250,0.565370833333,0.226295833333,0.104786331589,0.95,0.0127272727273,longer,threshold,AI,12000,8000,100,20,13,18,94,1,random,mean,250
2026100803,2750,250,0.287172916667,-0.28100625,0.291873742364,0.0074,0.0552727272727,longer,threshold,AI,12000,8000,100,20,13,18,94,1,random,mean,250
2026100804,2750,250,0.577229166667,0.2319375,0.0955865969549,0.971,0.0258181818182,longer,threshold,AI,12000,8000,100,20,13,18,94,1,random,mean,250
2026100805,2750,250,0.5189375,0.0917291666667,0.152859321387,0.7328,0.0581818181818,longer,threshold,AI,12000,8000,100,20,13,18,94,1,random,mean,250
2026100806,2750,250,0.513325,0.320008333333,0.0971017688305,1,0.0167272727273,longer,threshold,AI,12000,8000,100,20,13,18,94,1,random,mean,250
2026100807,2750,250,0.4953125,0.296354166667,0.107702850877,0.95,0.0389090909091,longer,threshold,AI,12000,8000,100,20,13,18,94,1,random,mean,250
2026100808,2750,250,0.553945833333,0.229220833333,0.126735040601,0.9398,0.0298181818182,longer,threshold,AI,12000,8000,100,20,13,18,94,1,random,mean,250
2026100809,2750,250,0.6561,0.177233333333,0.075553292111,1,0.0116363636364,longer,threshold,AI,12000,8000,100,20,13,18,94,1,random,mean,250
2026100810,2750,250,0.583366666667,0.249966666667,0.0840192593103,1,0.0225454545455,longer,threshold,AI,12000,8000,100,20,13,18,94,1,random,mean,250
2026100811,2750,250,0.223202083333,-0.223202083333,0.268013557342,0,0.016,longer,threshold,AI,12000,8000,100,20,13,18,94,1,random,mean,250
2026100812,2750,250,0.1463125,-0.1463125,0.268858523879,0,0.032,longer,threshold,AI,12000,8000,100,20,13,18,94,1,random,mean,250
2026100813,2750,250,0.52655,0.265116666667,0.105569296561,0.95,0.00690909090909,longer,threshold,AI,12000,8000,100,20,13,18,94,1,random,mean,250
2026100814,2750,250,0.52638125,0.24361875,0.110265312589,0.924,0.0250909090909,longer,threshold,AI,12000,8000,100,20,13,18,94,1,random,mean,250
2026100815,2750,250,0.439352083333,-0.11001875,0.239376174069,0.3952,0.0847272727273,longer,threshold,AI,12000,8000,100,20,13,18,94,1,random,mean,250
2026100800,3000,250,0.5421875,0.291145833333,0.0979237575142,1,0.0263333333333,longer,threshold,AI,12000,8000,100,20,13,18,94,1,random,mean,250
2026100801,3000,250,0.601041666667,0.190625,0.0986863623019,0.95,0.041,longer,threshold,AI,12000,8000,100,20,13,18,94,1,random,mean,250
2026100802,3000,250,0.5558875,0.2171125,0.114252052435,0.9276,0.0123333333333,longer,threshold,AI,12000,8000,100,20,13,18,94,1,random,mean,250
2026100803,3000,250,0.287810416667,-0.252977083333,0.27928767849,0.0418,0.0533333333333,longer,threshold,AI,12000,8000,100,20,13,18,94,1,random,mean,250
2026100804,3000,250,0.569791666667,0.221875,0.102219975382,0.95,0.0236666666667,longer,threshold,AI,12000,8000,100,20,13,18,94,1,random,mean,250
2026100805,3000,250,0.497058333333,0.005775,0.184684765651,0.6034,0.0626666666667,longer,threshold,AI,12000,8000,100,20,13,18,94,1,random,mean,250
2026100806,3000,250,0.515054166667,0.318279166667,0.0979511055893,1,0.0156666666667,longer,threshold,AI,12000,8000,100,20,13,18,94,1,random,mean,250
2026100807,3000,250,0.4953125,0.296354166667,0.107702850877,0.95,0.0356666666667,longer,threshold,AI,12000,8000,100,20,13,18,94,1,random,mean,250
2026100808,3000,250,0.569475,0.222858333333,0.107501432067,0.9508,0.0283333333333,longer,threshold,AI,12000,8000,100,20,13,18,94,1,random,mean,250
2026100809,3000,250,0.66853125,0.164802083333,0.0708981508463,1,0.011,longer,threshold,AI,12000,8000,100,20,13,18,94,1,random,mean,250
2026100810,3000,250,0.583045833333,0.2502875,0.0842017384935,1,0.0213333333333,longer,threshold,AI,12000,8000,100,20,13,18,94,1,random,mean,250
2026100811,3000,250,0.241483333333,-0.241483333333,0.257227894426,0,0.015,longer,threshold,AI,12000,8000,100,20,13,18,94,1,random,mean,250
2026100812,3000,250,0.1804375,-0.1344375,0.262869444846,0.0552,0.0303333333333,longer,threshold,AI,12000,8000,100,20,13,18,94,1,random,mean,250
2026100813,3000,250,0.53125,0.260416666667,0.0987550792491,0.95,0.00633333333333,longer,threshold,AI,12000,8000,100,20,13,18,94,1,random,mean,250
2026100814,3000,250,0.507291666667,0.284375,0.109744505233,0.95,0.0233333333333,longer,threshold,AI,12000,8000,100,20,13,18,94,1,random,mean,250
2026100815,3000,250,0.221654166667,-0.206654166667,0.28608799161,0.018,0.0796666666667,longer,threshold,AI,12000,8000,100,20,13,18,94,1,random,mean,250
2026100800,3250,250,0.5421875,0.291145833333,0.0979237575142,1,0.0243076923077,longer,threshold,AI,12000,8000,100,20,13,18,94,1,random,mean,250
2026100801,3250,250,0.601041666667,0.190625,0.0986863623019,0.95,0.0378461538462,longer,threshold,AI,12000,8000,100,20,13,18,94,1,random,mean,250
2026100802,3250,250,0.550454166667,0.206879166667,0.124218519103,0.9088,0.0116923076923,longer,threshold,AI,12000,8000,100,20,13,18,94,1,random,mean,250
2026100803,3250,250,0.216710416667,-0.132877083333,0.274899611607,0.1006,0.0572307692308,longer,threshold,AI,12000,8000,100,20,13,18,94,1,random,mean,250
2026100804,3250,250,0.5605,0.231166666667,0.105022106037,0.95,0.0221538461538,longer,threshold,AI,12000,8000,100,20,13,18,94,1,random,mean,250
2026100805,3250,250,0.362866666667,-0.128533333333,0.24473148127,0.2812,0.0633846153846,longer,threshold,AI,12000,8000,100,20,13,18,94,1,random,mean,250
2026100806,3250,250,0.514925,0.318408333333,0.0978602754172,1,0.0153846153846,longer,threshold,AI,12000,8000,100,20,13,18,94,1,random,mean,250
2026100807,3250,250,0.4956875,0.295979166667,0.10770119689,0.95,0.0332307692308,longer,threshold,AI,12000,8000,100,20,13,18,94,1,random,mean,250
2026100808,3250,250,0.554508333333,0.278658333333,0.107311860518,0.9998,0.0273846153846,longer,threshold,AI,12000,8000,100,20,13,18,94,1,random,mean,250
2026100809,3250,250,0.6671875,0.166145833333,0.0711229086229,1,0.0101538461538,longer,threshold,AI,12000,8000,100,20,13,18,94,1,random,mean,250
2026100810,3250,250,0.583854166667,0.249479166667,0.0841036414566,1,0.02,longer,threshold,AI,12000,8000,100,20,13,18,94,1,random,mean,250
2026100811,3250,250,0.241102083333,-0.241102083333,0.256538298283,0,0.0147692307692,longer,threshold,AI,12000,8000,100,20,13,18,94,1,random,mean,250
2026100812,3250,250,0.15218125,-0.15218125,0.263624204438,0,0.0286153846154,longer,threshold,AI,12000,8000,100,20,13,18,94,1,random,mean,250
2026100813,3250,250,0.53125,0.260416666667,0.0987550792491,0.95,0.00584615384615,longer,threshold,AI,12000,8000,100,20,13,18,94,1,random,mean,250
2026100814,3250,250,0.507291666667,0.284375,0.108703125,0.95,0.0215384615385,longer,threshold,AI,12000,8000,100,20,13,18,94,1,random,mean,250
2026100815,3250,250,0.197554166667,-0.197554166667,0.269399596614,0,0.0744615384615,longer,threshold,AI,12000,8000,100,20,13,18,94,1,random,mean,250
2026100800,3500,250,0.5421875,0.291145833333,0.0979237575142,1,0.0225714285714,longer,threshold,AI,12000,8000,100,20,13,18,94,1,random,mean,250
2026100801,3500,250,0.601041666667,0.190625,0.0986863623019,0.95,0.0351428571429,longer,threshold,AI,12000,8000,100,20,13,18,94,1,random,mean,250
2026100802,3500,250,0.558733333333,0.232933333333,0.112439135059,0.95,0.0111428571429,longer,threshold,AI,12000,8000,100,20,13,18,94,1,random,mean,250
2026100803,3500,250,0.0921875,-0.0921875,0.274112930609,0,0.0531428571429,longer,threshold,AI,12000,8000,100,20,13,18,94,1,random,mean,250
2026100804,3500,250,0.559479166667,0.2321875,0.105243392405,0.95,0.0208571428571,longer,threshold,AI,12000,8000,100,20,13,18,94,1,random,mean,250
2026100805,3500,250,0.291841666667,-0.203175,0.271930403706,0.1064,0.0634285714286,longer,threshold,AI,12000,8000,100,20,13,18,94,1,random,mean,250
2026100806,3500,250,0.5140625,0.319270833333,0.0972585646057,1,0.0145714285714,longer,threshold,AI,12000,8000,100,20,13,18,94,1,random,mean,250
2026100807,3500,250,0.495060416667,0.286939583333,0.109872999413,0.9384,0.0314285714286,longer,threshold,AI,12000,8000,100,20,13,18,94,1,random,mean,250
2026100808,3500,250,0.577025,0.256308333333,0.0982226348271,1,0.0265714285714,longer,threshold,AI,12000,8000,100,20,13,18,94,1,random,mean,250
2026100809,3500,250,0.6671875,0.166145833333,0.0711229086229,1,0.00942857142857,longer,threshold,AI,12000,8000,100,20,13,18,94,1,random,mean,250
2026100810,3500,250,0.583854166667,0.249479166667,0.0841036414566,1,0.0188571428571,longer,threshold,AI,12000,8000,100,20,13,18,94,1,random,mean,250
2026100811,3500,250,0.250520833333,-0.250520833333,0.25,0,0.0137142857143,longer,threshold,AI,12000,8000,100,20,13,18,94,1,random,mean,250
2026100812,3500,250,0.219375,-0.095875,0.237666813275,0.1482,0.0274285714286,longer,threshold,AI,12000,8000,100,20,13,18,94,1,random,mean,250
2026100813,3500,250,0.53125,0.260416666667,0.0987550792491,0.95,0.00542857142857,longer,threshold,AI,12000,8000,100,20,13,18,94,1,random,mean,250
2026100814,3500,250,0.507291666667,0.284375,0.108703125,0.95,0.02,longer,threshold,AI,12000,8000,100,20,13,18,94,1,random,mean,250
2026100815,3500,250,0.189254166667,-0.189254166667,0.250576274726,0,0.07,longer,threshold,AI,12000,8000,100,20,13,18,94,1,random,mean,250
2026100800,3750,250,0.5428875,0.285779166667,0.0990861938961,0.9944,0.0213333333333,longer,threshold,AI,12000,8000,100,20,13,18,94,1,random,mean,250
2026100801,3750,250,0.601041666667,0.190625,0.0986863623019,0.95,0.0328,longer,threshold,AI,12000,8000,100,20,13,18,94,1,random,mean,250
2026100802,3750,250,0.558333333333,0.233333333333,0.111834830594,0.95,0.0104,longer,threshold,AI,12000,8000,100,20,13,18,94,1,random,mean,250
2026100803,3750,250,0.12225,-0.0914166666667,0.255597648211,0.037,0.0498666666667,longer,threshold,AI,12000,8000,100,20,13,18,94,1,random,mean,250
2026100804,3750,250,0.560266666667,0.2314,0.104192486472,0.95,0.0197333333333,longer,threshold,AI,12000,8000,100,20,13,18,94,1,random,mean,250
2026100805,3750,250,0.335504166667,-0.1733375,0.263226218905,0.1946,0.0682666666667,longer,threshold,AI,12000,8000,100,20,13,18,94,1,random,mean,250
2026100806,3750,250,0.512025,0.321308333333,0.0967158327235,1,0.0149333333333,longer,threshold,AI,12000,8000,100,20,13,18,94,1,random,mean,250
2026100807,3750,250,0.48946875,0.302197916667,0.108673448413,0.95,0.0296,longer,threshold,AI,12000,8000,100,20,13,18,94,1,random,mean,250
2026100808,3750,250,0.5648375,0.268495833333,0.0962219097433,1,0.0256,longer,threshold,AI,12000,8000,100,20,13,18,94,1,random,mean,250
2026100809,3750,250,0.668466666667,0.164866666667,0.0706213042148,1,0.00933333333333,longer,threshold,AI,12000,8000,100,20,13,18,94,1,random,mean,250
2026100810,3750,250,0.583854166667,0.249479166667,0.0841036414566,1,0.0178666666667,longer,threshold,AI,12000,8000,100,20,13,18,94,1,random,mean,250
2026100811,3750,250,0.2509125,-0.2509125,0.250268571429,0,0.0130666666667,longer,threshold,AI,12000,8000,100,20,13,18,94,1,random,mean,250
2026100812,3750,250,0.608854166667,0.1828125,0.0982964545752,0.95,0.0256,longer,threshold,AI,12000,8000,100,20,13,18,94,1,random,mean,250
2026100813,3750,250,0.53125,0.260416666667,0.0987550792491,0.95,0.00506666666667,longer,threshold,AI,12000,8000,100,20,13,18,94,1,random,mean,250
2026100814,3750,250,0.501645833333,0.264020833333,0.113992564857,0.9188,0.0194666666667,longer,threshold,AI,12000,8000,100,20,13,18,94,1,random,mean,250
2026100815,3750,250,0.19154375,-0.19154375,0.244505534589,0,0.0658666666667,longer,threshold,AI,12000,8000,100,20,13,18,94,1,random,mean,250
2026100800,4000,250,0.5484375,0.243229166667,0.108302653781,0.95,0.02,longer,threshold,AI,12000,8000,100,20,13,18,94,1,random,mean,250
2026100801,4000,250,0.594216666667,0.17145,0.109438881293,0.9188,0.031,longer,threshold,AI,12000,8000,100,20,13,18,94,1,random,mean,250
2026100802,4000,250,0.558333333333,0.233333333333,0.111834830594,0.95,0.00975,longer,threshold,AI,12000,8000,100,20,13,18,94,1,random,mean,250
2026100803,4000,250,0.1328125,-0.0911458333333,0.249092278719,0.05,0.04675,longer,threshold,AI,12000,8000,100,20,13,18,94,1,random,mean,250
2026100804,4000,250,0.558854166667,0.2328125,0.104295689132,0.95,0.0185,longer,threshold,AI,12000,8000,100,20,13,18,94,1,random,mean,250
2026100805,4000,250,0.260889583333,-0.25755625,0.268739011525,0.004,0.0655,longer,threshold,AI,12000,8000,100,20,13,18,94,1,random,mean,250
2026100806,4000,250,0.515304166667,0.318029166667,0.0938165802165,1,0.0145,longer,threshold,AI,12000,8000,100,20,13,18,94,1,random,mean,250
2026100807,4000,250,0.4890625,0.302604166667,0.108813888889,0.95,0.02775,longer,threshold,AI,12000,8000,100,20,13,18,94,1,random,mean,250
2026100808,4000,250,0.554166666667,0.279166666667,0.095268839243,1,0.024,longer,threshold,AI,12000,8000,100,20,13,18,94,1,random,mean,250
2026100809,4000,250,0.668835416667,0.164497916667,0.0702329822479,1,0.0095,longer,threshold,AI,12000,8000,100,20,13,18,94,1,random,mean,250
2026100810,4000,250,0.582995833333,0.2503375,0.0840397857775,1,0.017,longer,threshold,AI,12000,8000,100,20,13,18,94,1,random,mean,250
2026100811,4000,250,0.251041666667,-0.251041666667,0.250357142857,0,0.01225,longer,threshold,AI,12000,8000,100,20,13,18,94,1,random,mean,250
2026100812,4000,250,0.608666666667,0.183,0.0981855654643,0.95,0.02425,longer,threshold,AI,12000,8000,100,20,13,18,94,1,random,mean,250
2026100813,4000,250,0.529285416667,0.28188125,0.0964431568866,0.9734,0.00575,longer,threshold,AI,12000,8000,100,20,13,18,94,1,random,mean,250
2026100814,4000,250,0.497395833333,0.294270833333,0.108103626179,0.95,0.01825,longer,threshold,AI,12000,8000,100,20,13,18,94,1,random,mean,250
2026100815,4000,250,0.18560625,-0.18560625,0.244134947768,0,0.062,longer,threshold,AI,12000,8000,100,20,13,18,94,1,random,mean,250
2026100800,4250,250,0.5484375,0.243229166667,0.108302653781,0.95,0.0188235294118,longer,threshold,AI,12000,8000,100,20,13,18,94,1,random,mean,250
2026100801,4250,250,0.590104166667,0.159895833333,0.115917963249,0.9,0.0291764705882,longer,threshold,AI,12000,8000,100,20,13,18,94,1,random,mean,250
2026100802,4250,250,0.558333333333,0.233333333333,0.111834830594,0.95,0.00917647058824,longer,threshold,AI,12000,8000,100,20,13,18,94,1,random,mean,250
2026100803,4250,250,0.1328125,-0.0911458333333,0.249092278719,0.05,0.044,longer,threshold,AI,12000,8000,100,20,13,18,94,1,random,mean,250
2026100804,4250,250,0.562004166667,0.2296625,0.105401532569,0.95,0.0178823529412,longer,threshold,AI,12000,8000,100,20,13,18,94,1,random,mean,250
2026100805,4250,250,0.259375,-0.259375,0.251369863014,0,0.0616470588235,longer,threshold,AI,12000,8000,100,20,13,18,94,1,random,mean,250
2026100806,4250,250,0.531145833333,0.2751875,0.0929957702585,0.9676,0.0141176470588,longer,threshold,AI,12000,8000,100,20,13,18,94,1,random,mean,250
2026100807,4250,250,0.4909875,0.300679166667,0.108219522222,0.95,0.0263529411765,longer,threshold,AI,12000,8000,100,20,13,18,94,1,random,mean,250
2026100808,4250,250,0.565241666667,0.268091666667,0.0918289355573,1,0.0232941176471,longer,threshold,AI,12000,8000,100,20,13,18,94,1,random,mean,250
2026100809,4250,250,0.669002083333,0.16433125,0.0703520545913,1,0.00941176470588,longer,threshold,AI,12000,8000,100,20,13,18,94,1,random,mean,250
2026100810,4250,250,0.582314583333,0.25101875,0.0846557734542,1,0.0164705882353,longer,threshold,AI,12000,8000,100,20,13,18,94,1,random,mean,250
2026100811,4250,250,0.251041666667,-0.251041666667,0.250357142857,0,0.0115294117647,longer,threshold,AI,12000,8000,100,20,13,18,94,1,random,mean,250
2026100812,4250,250,0.608333333333,0.183333333333,0.0979884292671,0.95,0.0228235294118,longer,threshold,AI,12000,8000,100,20,13,18,94,1,random,mean,250
2026100813,4250,250,0.55986875,0.257297916667,0.0987249019305,0.9806,0.00658823529412,longer,threshold,AI,12000,8000,100,20,13,18,94,1,random,mean,250
2026100814,4250,250,0.497395833333,0.294270833333,0.108103626179,0.95,0.0171764705882,longer,threshold,AI,12000,8000,100,20,13,18,94,1,random,mean,250
2026100815,4250,250,0.186052083333,-0.186052083333,0.244527994228,0,0.0590588235294,longer,threshold,AI,12000,8000,100,20,13,18,94,1,random,mean,250
2026100800,4500,250,0.54900625,0.257827083333,0.104473431308,0.9682,0.018,longer,threshold,AI,12000,8000,100,20,13,18,94,1,random,mean,250
2026100801,4500,250,0.590104166667,0.159895833333,0.115917963249,0.9,0.0275555555556,longer,threshold,AI,12000,8000,100,20,13,18,94,1,random,mean,250
2026100802,4500,250,0.558333333333,0.233333333333,0.111834830594,0.95,0.00866666666667,longer,threshold,AI,12000,8000,100,20,13,18,94,1,random,mean,250
2026100803,4500,250,0.1328125,-0.0911458333333,0.249092278719,0.05,0.0415555555556,longer,threshold,AI,12000,8000,100,20,13,18,94,1,random,mean,250
2026100804,4500,250,0.568675,0.222991666667,0.10237481419,0.95,0.0173333333333,longer,threshold,AI,12000,8000,100,20,13,18,94,1,random,mean,250
2026100805,4500,250,0.2596875,-0.2596875,0.251170171715,0,0.0584444444444,longer,threshold,AI,12000,8000,100,20,13,18,94,1,random,mean,250
2026100806,4500,250,0.5302625,0.264070833333,0.09655428354,0.9532,0.0135555555556,longer,threshold,AI,12000,8000,100,20,13,18,94,1,random,mean,250
2026100807,4500,250,0.496354166667,0.2953125,0.1065625,0.95,0.0248888888889,longer,threshold,AI,12000,8000,100,20,13,18,94,1,random,mean,250
2026100808,4500,250,0.563641666667,0.269691666667,0.0926604286461,1,0.0231111111111,longer,threshold,AI,12000,8000,100,20,13,18,94,1,random,mean,250
2026100809,4500,250,0.66875,0.164583333333,0.070171957672,1,0.00888888888889,longer,threshold,AI,12000,8000,100,20,13,18,94,1,random,mean,250
2026100810,4500,250,0.580966666667,0.252366666667,0.0855184619302,1,0.0157777777778,longer,threshold,AI,12000,8000,100,20,13,18,94,1,random,mean,250
2026100811,4500,250,0.251041666667,-0.251041666667,0.250357142857,0,0.0108888888889,longer,threshold,AI,12000,8000,100,20,13,18,94,1,random,mean,250
2026100812,4500,250,0.608333333333,0.183333333333,0.0979884292671,0.95,0.0215555555556,longer,threshold,AI,12000,8000,100,20,13,18,94,1,random,mean,250
2026100813,4500,250,0.578802083333,0.25453125,0.0901583222155,1,0.00644444444444,longer,threshold,AI,12000,8000,100,20,13,18,94,1,random,mean,250
2026100814,4500,250,0.502514583333,0.289152083333,0.105638435459,0.95,0.0164444444444,longer,threshold,AI,12000,8000,100,20,13,18,94,1,random,mean,250
2026100815,4500,250,0.1845625,-0.1845625,0.245592408436,0,0.0566666666667,longer,threshold,AI,12000,8000,100,20,13,18,94,1,random,mean,250
2026100800,4750,250,0.551583333333,0.28175,0.096646768063,1,0.0174736842105,longer,threshold,AI,12000,8000,100,20,13,18,94,1,random,mean,250
2026100801,4750,250,0.590535416667,0.159464583333,0.11502898858,0.9,0.0263157894737,longer,threshold,AI,12000,8000,100,20,13,18,94,1,random,mean,250
2026100802,4750,250,0.558333333333,0.233333333333,0.111834830594,0.95,0.00821052631579,longer,threshold,AI,12000,8000,100,20,13,18,94,1,random,mean,250
2026100803,4750,250,0.13174375,-0.09974375,0.256242497985,0.0384,0.0397894736842,longer,threshold,AI,12000,8000,100,20,13,18,94,1,random,mean,250
2026100804,4750,250,0.5640625,0.227604166667,0.10176971556,0.95,0.0164210526316,longer,threshold,AI,12000,8000,100,20,13,18,94,1,random,mean,250
2026100805,4750,250,0.249204166667,-0.249204166667,0.251917070423,0,0.0555789473684,longer,threshold,AI,12000,8000,100,20,13,18,94,1,random,mean,250
2026100806,4750,250,0.5234375,0.309895833333,0.093129895188,1,0.0128421052632,longer,threshold,AI,12000,8000,100,20,13,18,94,1,random,mean,250
2026100807,4750,250,0.496354166667,0.2953125,0.1065625,0.95,0.0235789473684,longer,threshold,AI,12000,8000,100,20,13,18,94,1,random,mean,250
2026100808,4750,250,0.553125,0.280208333333,0.0954007928509,1,0.0218947368421,longer,threshold,AI,12000,8000,100,20,13,18,94,1,random,mean,250
2026100809,4750,250,0.667941666667,0.165391666667,0.0703709111208,1,0.00884210526316,longer,threshold,AI,12000,8000,100,20,13,18,94,1,random,mean,250
2026100810,4750,250,0.583854166667,0.249479166667,0.0841036414566,1,0.0149473684211,longer,threshold,AI,12000,8000,100,20,13,18,94,1,random,mean,250
2026100811,4750,250,0.241508333333,-0.241508333333,0.254972801573,0,0.0111578947368,longer,threshold,AI,12000,8000,100,20,13,18,94,1,random,mean,250
2026100812,4750,250,0.608333333333,0.183333333333,0.0979884292671,0.95,0.0204210526316,longer,threshold,AI,12000,8000,100,20,13,18,94,1,random,mean,250
2026100813,4750,250,0.57664375,0.25385625,0.0916801285201,0.9966,0.00673684210526,longer,threshold,AI,12000,8000,100,20,13,18,94,1,random,mean,250
2026100814,4750,250,0.515241666667,0.276425,0.0995874901243,0.95,0.0157894736842,longer,threshold,AI,12000,8000,100,20,13,18,94,1,random,mean,250
2026100815,4750,250,0.176175,-0.176175,0.250415540733,0,0.0543157894737,longer,threshold,AI,12000,8000,100,20,13,18,94,1,random,mean,250
2026100800,5000,250,0.5766375,0.256695833333,0.0893848789704,1,0.017,longer,threshold,AI,12000,8000,100,20,13,18,94,1,random,mean,250
2026100801,5000,250,0.593670833333,0.1706625,0.111218468104,0.9172,0.0252,longer,threshold,AI,12000,8000,100,20,13,18,94,1,random,mean,250
2026100802,5000,250,0.577870833333,0.235629166667,0.0967451711147,0.9762,0.009,longer,threshold,AI,12000,8000,100,20,13,18,94,1,random,mean,250
2026100803,5000,250,0.1234375,-0.1234375,0.274574840122,0,0.0378,longer,threshold,AI,12000,8000,100,20,13,18,94,1,random,mean,250
2026100804,5000,250,0.565922916667,0.22574375,0.101450714953,0.95,0.0158,longer,threshold,AI,12000,8000,100,20,13,18,94,1,random,mean,250
2026100805,5000,250,0.247241666667,-0.247241666667,0.25331140825,0,0.0532,longer,threshold,AI,12000,8000,100,20,13,18,94,1,random,mean,250
2026100806,5000,250,0.524045833333,0.3092875,0.0917382699406,1,0.0124,longer,threshold,AI,12000,8000,100,20,13,18,94,1,random,mean,250
2026100807,5000,250,0.496904166667,0.2947625,0.106345581466,0.95,0.0226,longer,threshold,AI,12000,8000,100,20,13,18,94,1,random,mean,250
2026100808,5000,250,0.553125,0.280208333333,0.0954007928509,1,0.0208,longer,threshold,AI,12000,8000,100,20,13,18,94,1,random,mean,250
2026100809,5000,250,0.668229166667,0.165104166667,0.070494757536,1,0.0088,longer,threshold,AI,12000,8000,100,20,13,18,94,1,random,mean,250
2026100810,5000,250,0.5821,0.251233333333,0.0846703007153,1,0.0146,longer,threshold,AI,12000,8000,100,20,13,18,94,1,random,mean,250
2026100811,5000,250,0.223072916667,-0.223072916667,0.264242162197,0,0.0112,longer,threshold,AI,12000,8000,100,20,13,18,94,1,random,mean,250
2026100812,5000,250,0.608333333333,0.183333333333,0.0979884292671,0.95,0.0194,longer,threshold,AI,12000,8000,100,20,13,18,94,1,random,mean,250
2026100813,5000,250,0.565833333333,0.2675,0.0935811931546,1,0.0066,longer,threshold,AI,12000,8000,100,20,13,18,94,1,random,mean,250
2026100814,5000,250,0.4984375,0.293229166667,0.108214613971,0.95,0.0152,longer,threshold,AI,12000,8000,100,20,13,18,94,1,random,mean,250
2026100815,5000,250,0.137360416667,-0.137360416667,0.264599306335,0,0.052,longer,threshold,AI,12000,8000,100,20,13,18,94,1,random,mean,250
2026100800,5250,250,0.570975,0.262358333333,0.0898602436502,1,0.0165714285714,longer,threshold,AI,12000,8000,100,20,13,18,94,1,random,mean,250
2026100801,5250,250,0.60093125,0.201235416667,0.105106337631,0.9626,0.0241904761905,longer,threshold,AI,12000,8000,100,20,13,18,94,1,random,mean,250
2026100802,5250,250,0.599852083333,0.232147916667,0.0815469744612,0.9984,0.00933333333333,longer,threshold,AI,12000,8000,100,20,13,18,94,1,random,mean,250
2026100803,5250,250,0.104827083333,-0.104827083333,0.271635976627,0,0.036380952381,longer,threshold,AI,12000,8000,100,20,13,18,94,1,random,mean,250
2026100804,5250,250,0.573564583333,0.218102083333,0.100302413553,0.95,0.0152380952381,longer,threshold,AI,12000,8000,100,20,13,18,94,1,random,mean,250
2026100805,5250,250,0.248066666667,-0.248066666667,0.251512842105,0,0.0510476190476,longer,threshold,AI,12000,8000,100,20,13,18,94,1,random,mean,250
2026100806,5250,250,0.526397916667,0.306935416667,0.0886209984505,1,0.0121904761905,longer,threshold,AI,12000,8000,100,20,13,18,94,1,random,mean,250
2026100807,5250,250,0.49828125,0.290885416667,0.106493525537,0.947,0.0217142857143,longer,threshold,AI,12000,8000,100,20,13,18,94,1,random,mean,250
2026100808,5250,250,0.55356875,0.279764583333,0.0956997599307,1,0.0201904761905,longer,threshold,AI,12000,8000,100,20,13,18,94,1,random,mean,250
2026100809,5250,250,0.668620833333,0.1647125,0.0706001601864,1,0.00857142857143,longer,threshold,AI,12000,8000,100,20,13,18,94,1,random,mean,250
2026100810,5250,250,0.5735625,0.259770833333,0.0893372602264,1,0.0140952380952,longer,threshold,AI,12000,8000,100,20,13,18,94,1,random,mean,250
2026100811,5250,250,0.3271,-0.0516,0.210003811641,0.3306,0.0110476190476,longer,threshold,AI,12000,8000,100,20,13,18,94,1,random,mean,250
2026100812,5250,250,0.608333333333,0.183333333333,0.0979884292671,0.95,0.0184761904762,longer,threshold,AI,12000,8000,100,20,13,18,94,1,random,mean,250
2026100813,5250,250,0.564583333333,0.26875,0.0935459149673,1,0.00628571428571,longer,threshold,AI,12000,8000,100,20,13,18,94,1,random,mean,250
2026100814,5250,250,0.506316666667,0.26385,0.105244681069,0.9242,0.0150476190476,longer,threshold,AI,12000,8000,100,20,13,18,94,1,random,mean,250
2026100815,5250,250,0.132291666667,-0.132291666667,0.264107142857,0,0.0495238095238,longer,threshold,AI,12000,8000,100,20,13,18,94,1,random,mean,250
2026100800,5500,250,0.557414583333,0.27591875,0.0964179145768,1,0.0161818181818,longer,threshold,AI,12000,8000,100,20,13,18,94,1,random,mean,250
2026100801,5500,250,0.608854166667,0.224479166667,0.0941287509368,1,0.0232727272727,longer,threshold,AI,12000,8000,100,20,13,18,94,1,random,mean,250
2026100802,5500,250,0.580214583333,0.211452083333,0.103121986863,0.95,0.00927272727273,longer,threshold,AI,12000,8000,100,20,13,18,94,1,random,mean,250
2026100803,5500,250,0.0770833333333,-0.0770833333333,0.262307829499,0,0.0347272727273,longer,threshold,AI,12000,8000,100,20,13,18,94,1,random,mean,250
2026100804,5500,250,0.5703625,0.221304166667,0.102258728619,0.95,0.0147272727273,longer,threshold,AI,12000,8000,100,20,13,18,94,1,random,mean,250
2026100805,5500,250,0.248570833333,-0.248570833333,0.252542419651,0,0.0492727272727,longer,threshold,AI,12000,8000,100,20,13,18,94,1,random,mean,250
2026100806,5500,250,0.526041666667,0.307291666667,0.0885153870187,1,0.0116363636364,longer,threshold,AI,12000,8000,100,20,13,18,94,1,random,mean,250
2026100807,5500,250,0.49688125,0.27011875,0.113185856317,0.9204,0.0216363636364,longer,threshold,AI,12000,8000,100,20,13,18,94,1,random,mean,250
2026100808,5500,250,0.566185416667,0.267147916667,0.0896265118195,1,0.0198181818182,longer,threshold,AI,12000,8000,100,20,13,18,94,1,random,mean,250
2026100809,5500,250,0.662035416667,0.171297916667,0.0747442450813,1,0.00872727272727,longer,threshold,AI,12000,8000,100,20,13,18,94,1,random,mean,250
2026100810,5500,250,0.583854166667,0.249479166667,0.0841036414566,1,0.0134545454545,longer,threshold,AI,12000,8000,100,20,13,18,94,1,random,mean,250
2026100811,5500,250,0.507483333333,0.145683333333,0.151859910171,0.7838,0.014,longer,threshold,AI,12000,8000,100,20,13,18,94,1,random,mean,250
2026100812,5500,250,0.608333333333,0.183333333333,0.0979884292671,0.95,0.0176363636364,longer,threshold,AI,12000,8000,100,20,13,18,94,1,random,mean,250
2026100813,5500,250,0.55815,0.275183333333,0.100468221338,1,0.00672727272727,longer,threshold,AI,12000,8000,100,20,13,18,94,1,random,mean,250
2026100814,5500,250,0.507747916667,0.28391875,0.103790318458,0.95,0.0149090909091,longer,threshold,AI,12000,8000,100,20,13,18,94,1,random,mean,250
2026100815,5500,250,0.148258333333,-0.148258333333,0.255024329932,0,0.0478181818182,longer,threshold,AI,12000,8000,100,20,13,18,94,1,random,mean,250
2026100800,5750,250,0.545345833333,0.2879875,0.092030187854,1,0.0158260869565,longer,threshold,AI,12000,8000,100,20,13,18,94,1,random,mean,250
2026100801,5750,250,0.608854166667,0.224479166667,0.0941287509368,1,0.0222608695652,longer,threshold,AI,12000,8000,100,20,13,18,94,1,random,mean,250
2026100802,5750,250,0.579166666667,0.2125,0.106343549537,0.95,0.00886956521739,longer,threshold,AI,12000,8000,100,20,13,18,94,1,random,mean,250
2026100803,5750,250,0.0770833333333,-0.0770833333333,0.262307829499,0,0.0332173913043,longer,threshold,AI,12000,8000,100,20,13,18,94,1,random,mean,250
2026100804,5750,250,0.570833333333,0.220833333333,0.102830646986,0.95,0.0142608695652,longer,threshold,AI,12000,8000,100,20,13,18,94,1,random,mean,250
2026100805,5750,250,0.248329166667,-0.248329166667,0.252364968669,0,0.0473043478261,longer,threshold,AI,12000,8000,100,20,13,18,94,1,random,mean,250
2026100806,5750,250,0.526041666667,0.307291666667,0.0885153870187,1,0.0111304347826,longer,threshold,AI,12000,8000,100,20,13,18,94,1,random,mean,250
2026100807,5750,250,0.499233333333,0.2796,0.110461869294,0.9346,0.0212173913043,longer,threshold,AI,12000,8000,100,20,13,18,94,1,random,mean,250
2026100808,5750,250,0.5700125,0.263320833333,0.0891137853949,1,0.0193043478261,longer,threshold,AI,12000,8000,100,20,13,18,94,1,random,mean,250
2026100809,5750,250,0.656472916667,0.176860416667,0.0778138116308,1,0.00852173913043,longer,threshold,AI,12000,8000,100,20,13,18,94,1,random,mean,250
2026100810,5750,250,0.583854166667,0.249479166667,0.0841036414566,1,0.0130434782609,longer,threshold,AI,12000,8000,100,20,13,18,94,1,random,mean,250
2026100811,5750,250,0.68359375,0.11640625,0.0985756489618,0.96,0.0153043478261,longer,threshold,AI,12000,8000,100,20,13,18,94,1,random,mean,250
2026100812,5750,250,0.608333333333,0.183333333333,0.0979884292671,0.95,0.0168695652174,longer,threshold,AI,12000,8000,100,20,13,18,94,1,random,mean,250
2026100813,5750,250,0.574552083333,0.25878125,0.0896388217381,1,0.00695652173913,longer,threshold,AI,12000,8000,100,20,13,18,94,1,random,mean,250
2026100814,5750,250,0.5075875,0.284079166667,0.104004731266,0.95,0.0144347826087,longer,threshold,AI,12000,8000,100,20,13,18,94,1,random,mean,250
2026100815,5750,250,0.153645833333,-0.153645833333,0.252434473972,0,0.0457391304348,longer,threshold,AI,12000,8000,100,20,13,18,94,1,random,mean,250
2026100800,6000,250,0.518875,0.276125,0.100463672041,0.954,0.0155,longer,threshold,AI,12000,8000,100,20,13,18,94,1,random,mean,250
2026100801,6000,250,0.608854166667,0.224479166667,0.0941287509368,1,0.0213333333333,longer,threshold,AI,12000,8000,100,20,13,18,94,1,random,mean,250
2026100802,6000,250,0.579166666667,0.2125,0.106343549537,0.95,0.0085,longer,threshold,AI,12000,8000,100,20,13,18,94,1,random,mean,250
2026100803,6000,250,0.0770833333333,-0.0770833333333,0.262307829499,0,0.0318333333333,longer,threshold,AI,12000,8000,100,20,13,18,94,1,random,mean,250
2026100804,6000,250,0.570314583333,0.221352083333,0.10301129961,0.95,0.0141666666667,longer,threshold,AI,12000,8000,100,20,13,18,94,1,random,mean,250
2026100805,6000,250,0.247395833333,-0.247395833333,0.252597402597,0,0.0453333333333,longer,threshold,AI,12000,8000,100,20,13,18,94,1,random,mean,250
2026100806,6000,250,0.51990625,0.313427083333,0.0919380368744,1,0.0111666666667,longer,threshold,AI,12000,8000,100,20,13,18,94,1,random,mean,250
2026100807,6000,250,0.498135416667,0.29403125,0.104493605576,0.9506,0.0206666666667,longer,threshold,AI,12000,8000,100,20,13,18,94,1,random,mean,250
2026100808,6000,250,0.563064583333,0.27026875,0.0903461649252,1,0.019,longer,threshold,AI,12000,8000,100,20,13,18,94,1,random,mean,250
2026100809,6000,250,0.664572916667,0.168760416667,0.072838484582,1,0.0085,longer,threshold,AI,12000,8000,100,20,13,18,94,1,random,mean,250
2026100810,6000,250,0.58385,0.249483333333,0.0841041414913,1,0.0128333333333,longer,threshold,AI,12000,8000,100,20,13,18,94,1,random,mean,250
2026100811,6000,250,0.689016666667,0.144316666667,0.0882569689591,1,0.0151666666667,longer,threshold,AI,12000,8000,100,20,13,18,94,1,random,mean,250
2026100812,6000,250,0.608333333333,0.183333333333,0.0979884292671,0.95,0.0161666666667,longer,threshold,AI,12000,8000,100,20,13,18,94,1,random,mean,250
2026100813,6000,250,0.569270833333,0.2640625,0.0884493908858,1,0.00666666666667,longer,threshold,AI,12000,8000,100,20,13,18,94,1,random,mean,250
2026100814,6000,250,0.5078125,0.283854166667,0.104239854634,0.95,0.0138333333333,longer,threshold,AI,12000,8000,100,20,13,18,94,1,random,mean,250
2026100815,6000,250,0.1470375,-0.1470375,0.256007668518,0,0.044,longer,threshold,AI,12000,8000,100,20,13,18,94,1,random,mean,250
2026100800,6250,250,0.519316666667,0.295683333333,0.0957880967554,0.978,0.01536,longer,threshold,AI,12000,8000,100,20,13,18,94,1,random,mean,250
2026100801,6250,250,0.608854166667,0.224479166667,0.0941287509368,1,0.02048,longer,threshold,AI,12000,8000,100,20,13,18,94,1,random,mean,250
2026100802,6250,250,0.579166666667,0.2125,0.106343549537,0.95,0.00816,longer,threshold,AI,12000,8000,100,20,13,18,94,1,random,mean,250
2026100803,6250,250,0.0770833333333,-0.0770833333333,0.262307829499,0,0.03056,longer,threshold,AI,12000,8000,100,20,13,18,94,1,random,mean,250
2026100804,6250,250,0.568016666667,0.22365,0.102540187148,0.95,0.01376,longer,threshold,AI,12000,8000,100,20,13,18,94,1,random,mean,250
2026100805,6250,250,0.247902083333,-0.247902083333,0.252310885167,0,0.04384,longer,threshold,AI,12000,8000,100,20,13,18,94,1,random,mean,250
2026100806,6250,250,0.516145833333,0.3171875,0.0934761911117,1,0.01072,longer,threshold,AI,12000,8000,100,20,13,18,94,1,random,mean,250
2026100807,6250,250,0.500520833333,0.3328125,0.0940821850394,1,0.01984,longer,threshold,AI,12000,8000,100,20,13,18,94,1,random,mean,250
2026100808,6250,250,0.563541666667,0.269791666667,0.0908005324366,1,0.0184,longer,threshold,AI,12000,8000,100,20,13,18,94,1,random,mean,250
2026100809,6250,250,0.665104166667,0.168229166667,0.0725310559006,1,0.00832,longer,threshold,AI,12000,8000,100,20,13,18,94,1,random,mean,250
2026100810,6250,250,0.5730125,0.260320833333,0.0893980675939,1,0.01264,longer,threshold,AI,12000,8000,100,20,13,18,94,1,random,mean,250
2026100811,6250,250,0.622820833333,0.2105125,0.100246286147,1,0.0152,longer,threshold,AI,12000,8000,100,20,13,18,94,1,random,mean,250
2026100812,6250,250,0.608333333333,0.183333333333,0.0979884292671,0.95,0.01552,longer,threshold,AI,12000,8000,100,20,13,18,94,1,random,mean,250
2026100813,6250,250,0.56536875,0.267964583333,0.0965021759031,1,0.0072,longer,threshold,AI,12000,8000,100,20,13,18,94,1,random,mean,250
2026100814,6250,250,0.5078125,0.283854166667,0.104239854634,0.95,0.01344,longer,threshold,AI,12000,8000,100,20,13,18,94,1,random,mean,250
2026100815,6250,250,0.143875,-0.143875,0.260583539327,0,0.04272,longer,threshold,AI,12000,8000,100,20,13,18,94,1,random,mean,250
2026100800,6500,250,0.519791666667,0.313541666667,0.0915891617063,1,0.0147692307692,longer,threshold,AI,12000,8000,100,20,13,18,94,1,random,mean,250
2026100801,6500,250,0.608854166667,0.224479166667,0.0941287509368,1,0.0196923076923,longer,threshold,AI,12000,8000,100,20,13,18,94,1,random,mean,250
2026100802,6500,250,0.579166666667,0.2125,0.106343549537,0.95,0.00784615384615,longer,threshold,AI,12000,8000,100,20,13,18,94,1,random,mean,250
2026100803,6500,250,0.0770229166667,-0.0770229166667,0.262295602316,0,0.0295384615385,longer,threshold,AI,12000,8000,100,20,13,18,94,1,random,mean,250
2026100804,6500,250,0.5621875,0.250145833333,0.099791253381,0.9748,0.0136923076923,longer,threshold,AI,12000,8000,100,20,13,18,94,1,random,mean,250
2026100805,6500,250,0.247529166667,-0.247529166667,0.25235603359,0,0.0424615384615,longer,threshold,AI,12000,8000,100,20,13,18,94,1,random,mean,250
2026100806,6500,250,0.516145833333,0.3171875,0.0934761911117,1,0.0103076923077,longer,threshold,AI,12000,8000,100,20,13,18,94,1,random,mean,250
2026100807,6500,250,0.5010625,0.3214375,0.0957412376384,0.987,0.0192307692308,longer,threshold,AI,12000,8000,100,20,13,18,94,1,random,mean,250
2026100808,6500,250,0.56970625,0.263627083333,0.0895532845839,1,0.018,longer,threshold,AI,12000,8000,100,20,13,18,94,1,random,mean,250
2026100809,6500,250,0.663679166667,0.169654166667,0.0733525476832,1,0.00830769230769,longer,threshold,AI,12000,8000,100,20,13,18,94,1,random,mean,250
2026100810,6500,250,0.553645833333,0.2796875,0.0996138211382,1,0.0124615384615,longer,threshold,AI,12000,8000,100,20,13,18,94,1,random,mean,250
2026100811,6500,250,0.615141666667,0.218191666667,0.100892593609,1,0.0150769230769,longer,threshold,AI,12000,8000,100,20,13,18,94,1,random,mean,250
2026100812,6500,250,0.608333333333,0.183333333333,0.0979884292671,0.95,0.0149230769231,longer,threshold,AI,12000,8000,100,20,13,18,94,1,random,mean,250
2026100813,6500,250,0.573958333333,0.259375,0.0966225219485,1,0.00692307692308,longer,threshold,AI,12000,8000,100,20,13,18,94,1,random,mean,250
2026100814,6500,250,0.50674375,0.284922916667,0.104407267221,0.95,0.0130769230769,longer,threshold,AI,12000,8000,100,20,13,18,94,1,random,mean,250
2026100815,6500,250,0.1338125,-0.1338125,0.26057033101,0,0.0412307692308,longer,threshold,AI,12000,8000,100,20,13,18,94,1,random,mean,250
2026100800,6750,250,0.521670833333,0.307829166667,0.0919043910618,0.9954,0.0146666666667,longer,threshold,AI,12000,8000,100,20,13,18,94,1,random,mean,250
2026100801,6750,250,0.608854166667,0.224479166667,0.0941287509368,1,0.0191111111111,longer,threshold,AI,12000,8000,100,20,13,18,94,1,random,mean,250
2026100802,6750,250,0.5788125,0.212854166667,0.105415704948,0.95,0.0077037037037,longer,threshold,AI,12000,8000,100,20,13,18,94,1,random,mean,250
2026100803,6750,250,0.0765625,-0.0765625,0.262202422753,0,0.0284444444444,longer,threshold,AI,12000,8000,100,20,13,18,94,1,random,mean,250
2026100804,6750,250,0.566191666667,0.267141666667,0.0945025239919,1,0.0133333333333,longer,threshold,AI,12000,8000,100,20,13,18,94,1,random,mean,250
2026100805,6750,250,0.248077083333,-0.248077083333,0.252238603629,0,0.0414814814815,longer,threshold,AI,12000,8000,100,20,13,18,94,1,random,mean,250
2026100806,6750,250,0.510225,0.323108333333,0.0926717904066,1,0.0103703703704,longer,threshold,AI,12000,8000,100,20,13,18,94,1,random,mean,250
2026100807,6750,250,0.50209375,0.289572916667,0.100131722481,0.95,0.0188148148148,longer,threshold,AI,12000,8000,100,20,13,18,94,1,random,mean,250
2026100808,6750,250,0.5734375,0.259895833333,0.0885487659131,1,0.0173333333333,longer,threshold,AI,12000,8000,100,20,13,18,94,1,random,mean,250
2026100809,6750,250,0.655208333333,0.178125,0.0782358599461,1,0.0082962962963,longer,threshold,AI,12000,8000,100,20,13,18,94,1,random,mean,250
2026100810,6750,250,0.563177083333,0.27015625,0.0955351895542,1,0.0121481481481,longer,threshold,AI,12000,8000,100,20,13,18,94,1,random,mean,250
2026100811,6750,250,0.599304166667,0.196695833333,0.103032678965,0.9552,0.014962962963,longer,threshold,AI,12000,8000,100,20,13,18,94,1,random,mean,250
2026100812,6750,250,0.608333333333,0.183333333333,0.0979884292671,0.95,0.0143703703704,longer,threshold,AI,12000,8000,100,20,13,18,94,1,random,mean,250
2026100813,6750,250,0.56953125,0.240635416667,0.100517839551,0.9722,0.00740740740741,longer,threshold,AI,12000,8000,100,20,13,18,94,1,random,mean,250
2026100814,6750,250,0.495322916667,0.260677083333,0.11216173656,0.9072,0.0128888888889,longer,threshold,AI,12000,8000,100,20,13,18,94,1,random,mean,250
2026100815,6750,250,0.128125,-0.128125,0.260386541812,0,0.0397037037037,longer,threshold,AI,12000,8000,100,20,13,18,94,1,random,mean,250
2026100800,7000,250,0.521847916667,0.311485416667,0.0913712326991,1,0.0145714285714,longer,threshold,AI,12000,8000,100,20,13,18,94,1,random,mean,250
2026100801,7000,250,0.608854166667,0.224479166667,0.0941287509368,1,0.0184285714286,longer,threshold,AI,12000,8000,100,20,13,18,94,1,random,mean,250
2026100802,7000,250,0.578370833333,0.213295833333,0.105111151744,0.95,0.00757142857143,longer,threshold,AI,12000,8000,100,20,13,18,94,1,random,mean,250
2026100803,7000,250,0.0765625,-0.0765625,0.262202422753,0,0.0274285714286,longer,threshold,AI,12000,8000,100,20,13,18,94,1,random,mean,250
2026100804,7000,250,0.569383333333,0.26395,0.0936425600636,1,0.013,longer,threshold,AI,12000,8000,100,20,13,18,94,1,random,mean,250
2026100805,7000,250,0.247395833333,-0.247395833333,0.251302271089,0,0.04,longer,threshold,AI,12000,8000,100,20,13,18,94,1,random,mean,250
2026100806,7000,250,0.5015625,0.331770833333,0.0935625,1,0.01,longer,threshold,AI,12000,8000,100,20,13,18,94,1,random,mean,250
2026100807,7000,250,0.502083333333,0.289583333333,0.10012495852,0.95,0.0181428571429,longer,threshold,AI,12000,8000,100,20,13,18,94,1,random,mean,250
2026100808,7000,250,0.5734375,0.259895833333,0.0885487659131,1,0.0167142857143,longer,threshold,AI,12000,8000,100,20,13,18,94,1,random,mean,250
2026100809,7000,250,0.6561,0.177233333333,0.0777385302039,1,0.00814285714286,longer,threshold,AI,12000,8000,100,20,13,18,94,1,random,mean,250
2026100810,7000,250,0.592708333333,0.240625,0.0828981179249,1,0.0117142857143,longer,threshold,AI,12000,8000,100,20,13,18,94,1,random,mean,250
2026100811,7000,250,0.5911,0.1084,0.124304570796,0.8394,0.015,longer,threshold,AI,12000,8000,100,20,13,18,94,1,random,mean,250
2026100812,7000,250,0.617220833333,0.174445833333,0.096636947186,0.95,0.014,longer,threshold,AI,12000,8000,100,20,13,18,94,1,random,mean,250
2026100813,7000,250,0.5606375,0.231029166667,0.103682852481,0.95,0.00728571428571,longer,threshold,AI,12000,8000,100,20,13,18,94,1,random,mean,250
2026100814,7000,250,0.497102083333,0.294564583333,0.105502332285,0.95,0.0125714285714,longer,threshold,AI,12000,8000,100,20,13,18,94,1,random,mean,250
2026100815,7000,250,0.128125,-0.128125,0.260386541812,0,0.0382857142857,longer,threshold,AI,12000,8000,100,20,13,18,94,1,random,mean,250
2026100800,7250,250,0.516145833333,0.3171875,0.0922413793103,1,0.0140689655172,longer,threshold,AI,12000,8000,100,20,13,18,94,1,random,mean,250
2026100801,7250,250,0.608854166667,0.224479166667,0.0941287509368,1,0.0177931034483,longer,threshold,AI,12000,8000,100,20,13,18,94,1,random,mean,250
2026100802,7250,250,0.57115625,0.220510416667,0.108529473332,0.95,0.00758620689655,longer,threshold,AI,12000,8000,100,20,13,18,94,1,random,mean,250
2026100803,7250,250,0.0765625,-0.0765625,0.262202422753,0,0.0264827586207,longer,threshold,AI,12000,8000,100,20,13,18,94,1,random,mean,250
2026100804,7250,250,0.5629625,0.2480375,0.0988478499278,0.9732,0.0128275862069,longer,threshold,AI,12000,8000,100,20,13,18,94,1,random,mean,250
2026100805,7250,250,0.247616666667,-0.247616666667,0.251450189618,0,0.0387586206897,longer,threshold,AI,12000,8000,100,20,13,18,94,1,random,mean,250
2026100806,7250,250,0.5015625,0.331770833333,0.0935625,1,0.00965517241379,longer,threshold,AI,12000,8000,100,20,13,18,94,1,random,mean,250
2026100807,7250,250,0.502083333333,0.289583333333,0.10012495852,0.95,0.0175172413793,longer,threshold,AI,12000,8000,100,20,13,18,94,1,random,mean,250
2026100808,7250,250,0.5735875,0.259745833333,0.0886052795608,1,0.016275862069,longer,threshold,AI,12000,8000,100,20,13,18,94,1,random,mean,250
2026100809,7250,250,0.654310416667,0.179022916667,0.0780836871803,1,0.00855172413793,longer,threshold,AI,12000,8000,100,20,13,18,94,1,random,mean,250
2026100810,7250,250,0.592708333333,0.240625,0.0828981179249,1,0.0113103448276,longer,threshold,AI,12000,8000,100,20,13,18,94,1,random,mean,250
2026100811,7250,250,0.38945625,-0.168622916667,0.265201564813,0.265,0.0208275862069,longer,threshold,AI,12000,8000,100,20,13,18,94,1,random,mean,250
2026100812,7250,250,0.617708333333,0.173958333333,0.0965628152575,0.95,0.0135172413793,longer,threshold,AI,12000,8000,100,20,13,18,94,1,random,mean,250
2026100813,7250,250,0.537002083333,0.237497916667,0.11611748391,0.9294,0.00744827586207,longer,threshold,AI,12000,8000,100,20,13,18,94,1,random,mean,250
2026100814,7250,250,0.4969,0.294766666667,0.105292199511,0.95,0.0124137931034,longer,threshold,AI,12000,8000,100,20,13,18,94,1,random,mean,250
2026100815,7250,250,0.1339875,-0.1339875,0.259727884108,0,0.0372413793103,longer,threshold,AI,12000,8000,100,20,13,18,94,1,random,mean,250
2026100800,7500,250,0.514195833333,0.3191375,0.0924715366155,1,0.0137333333333,longer,threshold,AI,12000,8000,100,20,13,18,94,1,random,mean,250
2026100801,7500,250,0.60818125,0.21881875,0.0955882942754,0.9924,0.0173333333333,longer,threshold,AI,12000,8000,100,20,13,18,94,1,random,mean,250
2026100802,7500,250,0.549675,0.241991666667,0.11552703252,0.95,0.00746666666667,longer,threshold,AI,12000,8000,100,20,13,18,94,1,random,mean,250
2026100803,7500,250,0.0765625,-0.0765625,0.262202422753,0,0.0256,longer,threshold,AI,12000,8000,100,20,13,18,94,1,random,mean,250
2026100804,7500,250,0.547460416667,0.228872916667,0.113255414963,0.9316,0.0126666666667,longer,threshold,AI,12000,8000,100,20,13,18,94,1,random,mean,250
2026100805,7500,250,0.2484375,-0.2484375,0.252,0,0.0374666666667,longer,threshold,AI,12000,8000,100,20,13,18,94,1,random,mean,250
2026100806,7500,250,0.5015625,0.331770833333,0.0935625,1,0.00933333333333,longer,threshold,AI,12000,8000,100,20,13,18,94,1,random,mean,250
2026100807,7500,250,0.50235,0.289316666667,0.100298115924,0.95,0.0172,longer,threshold,AI,12000,8000,100,20,13,18,94,1,random,mean,250
2026100808,7500,250,0.57448125,0.258852083333,0.0890569228685,1,0.0162666666667,longer,threshold,AI,12000,8000,100,20,13,18,94,1,random,mean,250
2026100809,7500,250,0.65290625,0.180427083333,0.0793382377885,1,0.00866666666667,longer,threshold,AI,12000,8000,100,20,13,18,94,1,random,mean,250
2026100810,7500,250,0.592708333333,0.240625,0.0828981179249,1,0.0109333333333,longer,threshold,AI,12000,8000,100,20,13,18,94,1,random,mean,250
2026100811,7500,250,0.5674375,0.245895833333,0.143672553813,0.976,0.0202666666667,longer,threshold,AI,12000,8000,100,20,13,18,94,1,random,mean,250
2026100812,7500,250,0.617708333333,0.173958333333,0.0965628152575,0.95,0.0130666666667,longer,threshold,AI,12000,8000,100,20,13,18,94,1,random,mean,250
2026100813,7500,250,0.54606875,0.196097916667,0.11812061977,0.8906,0.00746666666667,longer,threshold,AI,12000,8000,100,20,13,18,94,1,random,mean,250
2026100814,7500,250,0.497395833333,0.294270833333,0.105140804638,0.95,0.0121333333333,longer,threshold,AI,12000,8000,100,20,13,18,94,1,random,mean,250
2026100815,7500,250,0.168525,-0.168525,0.248821031256,0,0.0365333333333,longer,threshold,AI,12000,8000,100,20,13,18,94,1,random,mean,250
2026100800,7750,250,0.502604166667,0.330729166667,0.0938396939294,1,0.0132903225806,longer,threshold,AI,12000,8000,100,20,13,18,94,1,random,mean,250
2026100801,7750,250,0.6,0.15,0.113333268551,0.9,0.0167741935484,longer,threshold,AI,12000,8000,100,20,13,18,94,1,random,mean,250
2026100802,7750,250,0.549479166667,0.2421875,0.115231199187,0.95,0.00722580645161,longer,threshold,AI,12000,8000,100,20,13,18,94,1,random,mean,250
2026100803,7750,250,0.0765625,-0.0765625,0.262202422753,0,0.0247741935484,longer,threshold,AI,12000,8000,100,20,13,18,94,1,random,mean,250
2026100804,7750,250,0.563954166667,0.262045833333,0.102189152663,0.9912,0.0127741935484,longer,threshold,AI,12000,8000,100,20,13,18,94,1,random,mean,250
2026100805,7750,250,0.249464583333,-0.249464583333,0.252008634051,0,0.0367741935484,longer,threshold,AI,12000,8000,100,20,13,18,94,1,random,mean,250
2026100806,7750,250,0.5015625,0.331770833333,0.0935625,1,0.00903225806452,longer,threshold,AI,12000,8000,100,20,13,18,94,1,random,mean,250
2026100807,7750,250,0.50034375,0.327489583333,0.0954837929178,0.9934,0.0170322580645,longer,threshold,AI,12000,8000,100,20,13,18,94,1,random,mean,250
2026100808,7750,250,0.573885416667,0.259447916667,0.0886745952715,1,0.016,longer,threshold,AI,12000,8000,100,20,13,18,94,1,random,mean,250
2026100809,7750,250,0.63485,0.198483333333,0.0867557538126,1,0.00903225806452,longer,threshold,AI,12000,8000,100,20,13,18,94,1,random,mean,250
2026100810,7750,250,0.592708333333,0.240625,0.0828981179249,1,0.0107096774194,longer,threshold,AI,12000,8000,100,20,13,18,94,1,random,mean,250
2026100811,7750,250,0.580035416667,0.253297916667,0.116043391447,1,0.0202580645161,longer,threshold,AI,12000,8000,100,20,13,18,94,1,random,mean,250
2026100812,7750,250,0.617708333333,0.173958333333,0.0965628152575,0.95,0.0126451612903,longer,threshold,AI,12000,8000,100,20,13,18,94,1,random,mean,250
2026100813,7750,250,0.5578125,0.1921875,0.112657425637,0.9,0.00722580645161,longer,threshold,AI,12000,8000,100,20,13,18,94,1,random,mean,250
2026100814,7750,250,0.497395833333,0.294270833333,0.10513542578,0.95,0.0117419354839,longer,threshold,AI,12000,8000,100,20,13,18,94,1,random,mean,250
2026100815,7750,250,0.170108333333,-0.170108333333,0.247917188549,0,0.0354838709677,longer,threshold,AI,12000,8000,100,20,13,18,94,1,random,mean,250
2026100800,8000,250,0.502604166667,0.330729166667,0.0938396939294,1,0.012875,longer,threshold,AI,12000,8000,100,20,13,18,94,1,random,mean,250
2026100801,8000,250,0.6,0.15,0.113333268551,0.9,0.01625,longer,threshold,AI,12000,8000,100,20,13,18,94,1,random,mean,250
2026100802,8000,250,0.541333333333,0.250333333333,0.126625642888,0.95,0.007375,longer,threshold,AI,12000,8000,100,20,13,18,94,1,random,mean,250
2026100803,8000,250,0.0765625,-0.0765625,0.262202422753,0,0.024,longer,threshold,AI,12000,8000,100,20,13,18,94,1,random,mean,250
2026100804,8000,250,0.563391666667,0.269941666667,0.0941579317763,1,0.0125,longer,threshold,AI,12000,8000,100,20,13,18,94,1,random,mean,250
2026100805,8000,250,0.251041666667,-0.251041666667,0.252154059956,0,0.035875,longer,threshold,AI,12000,8000,100,20,13,18,94,1,random,mean,250
2026100806,8000,250,0.50105625,0.332277083333,0.0932385,1,0.009,longer,threshold,AI,12000,8000,100,20,13,18,94,1,random,mean,250
2026100807,8000,250,0.5,0.333333333333,0.0947265625,1,0.0165,longer,threshold,AI,12000,8000,100,20,13,18,94,1,random,mean,250
2026100808,8000,250,0.570514583333,0.26281875,0.0890853753845,1,0.016125,longer,threshold,AI,12000,8000,100,20,13,18,94,1,random,mean,250
2026100809,8000,250,0.626520833333,0.195645833333,0.0950067858353,0.9866,0.009375,longer,threshold,AI,12000,8000,100,20,13,18,94,1,random,mean,250
2026100810,8000,250,0.553377083333,0.27995625,0.100466250344,1,0.010625,longer,threshold,AI,12000,8000,100,20,13,18,94,1,random,mean,250
2026100811,8000,250,0.63259375,0.200739583333,0.0779146778621,1,0.02025,longer,threshold,AI,12000,8000,100,20,13,18,94,1,random,mean,250
2026100812,8000,250,0.61765625,0.16984375,0.0981608469492,0.945,0.012375,longer,threshold,AI,12000,8000,100,20,13,18,94,1,random,mean,250
2026100813,8000,250,0.5578125,0.1921875,0.112657425637,0.9,0.007,longer,threshold,AI,12000,8000,100,20,13,18,94,1,random,mean,250
2026100814,8000,250,0.497395833333,0.294270833333,0.10513542578,0.95,0.011375,longer,threshold,AI,12000,8000,100,20,13,18,94,1,random,mean,250
2026100815,8000,250,0.17023125,-0.17023125,0.247760253803,0,0.0345,longer,threshold,AI,12000,8000,100,20,13,18,94,1,random,mean,250
2026100800,8250,250,0.502604166667,0.330729166667,0.0938396939294,1,0.0126060606061,longer,threshold,AI,12000,8000,100,20,13,18,94,1,random,mean,250
2026100801,8250,250,0.5994125,0.1505875,0.111739772002,0.9,0.0158787878788,longer,threshold,AI,12000,8000,100,20,13,18,94,1,random,mean,250
2026100802,8250,250,0.562254166667,0.262245833333,0.0987131620161,0.9894,0.00775757575758,longer,threshold,AI,12000,8000,100,20,13,18,94,1,random,mean,250
2026100803,8250,250,0.0637291666667,-0.0637291666667,0.265773873657,0,0.0233939393939,longer,threshold,AI,12000,8000,100,20,13,18,94,1,random,mean,250
2026100804,8250,250,0.551308333333,0.282025,0.0890941957535,1,0.0123636363636,longer,threshold,AI,12000,8000,100,20,13,18,94,1,random,mean,250
2026100805,8250,250,0.251041666667,-0.251041666667,0.252154059956,0,0.0347878787879,longer,threshold,AI,12000,8000,100,20,13,18,94,1,random,mean,250
2026100806,8250,250,0.501041666667,0.332291666667,0.0932291666667,1,0.00872727272727,longer,threshold,AI,12000,8000,100,20,13,18,94,1,random,mean,250
2026100807,8250,250,0.5,0.333333333333,0.0947265625,1,0.0161212121212,longer,threshold,AI,12000,8000,100,20,13,18,94,1,random,mean,250
2026100808,8250,250,0.574039583333,0.25929375,0.0887297681925,1,0.0158787878788,longer,threshold,AI,12000,8000,100,20,13,18,94,1,random,mean,250
2026100809,8250,250,0.629445833333,0.2038875,0.0861357285188,1,0.00933333333333,longer,threshold,AI,12000,8000,100,20,13,18,94,1,random,mean,250
2026100810,8250,250,0.552952083333,0.28038125,0.100836408806,1,0.0106666666667,longer,threshold,AI,12000,8000,100,20,13,18,94,1,random,mean,250
2026100811,8250,250,0.5836625,0.180004166667,0.114590003396,0.9164,0.0212121212121,longer,threshold,AI,12000,8000,100,20,13,18,94,1,random,mean,250
2026100812,8250,250,0.6171875,0.1328125,0.112543132174,0.9,0.012,longer,threshold,AI,12000,8000,100,20,13,18,94,1,random,mean,250
2026100813,8250,250,0.549545833333,0.200454166667,0.114608300113,0.9,0.0070303030303,longer,threshold,AI,12000,8000,100,20,13,18,94,1,random,mean,250
2026100814,8250,250,0.497558333333,0.294108333333,0.105154870225,0.95,0.0112727272727,longer,threshold,AI,12000,8000,100,20,13,18,94,1,random,mean,250
2026100815,8250,250,0.16988125,-0.16988125,0.247954895655,0,0.0335757575758,longer,threshold,AI,12000,8000,100,20,13,18,94,1,random,mean,250
2026100800,8500,250,0.506779166667,0.314720833333,0.0957225191213,0.9858,0.0125882352941,longer,threshold,AI,12000,8000,100,20,13,18,94,1,random,mean,250
2026100801,8500,250,0.607422916667,0.182410416667,0.0976883479829,0.9478,0.0155294117647,longer,threshold,AI,12000,8000,100,20,13,18,94,1,random,mean,250
2026100802,8500,250,0.566166666667,0.267166666667,0.0944208579895,1,0.00764705882353,longer,threshold,AI,12000,8000,100,20,13,18,94,1,random,mean,250
2026100803,8500,250,0.0583333333333,-0.0583333333333,0.267275506423,0,0.0227058823529,longer,threshold,AI,12000,8000,100,20,13,18,94,1,random,mean,250
2026100804,8500,250,0.551041666667,0.282291666667,0.0891284552846,1,0.0121176470588,longer,threshold,AI,12000,8000,100,20,13,18,94,1,random,mean,250
2026100805,8500,250,0.250691666667,-0.250691666667,0.251416390821,0,0.034,longer,threshold,AI,12000,8000,100,20,13,18,94,1,random,mean,250
2026100806,8500,250,0.501041666667,0.332291666667,0.0932291666667,1,0.00847058823529,longer,threshold,AI,12000,8000,100,20,13,18,94,1,random,mean,250
2026100807,8500,250,0.5,0.333333333333,0.0947265625,1,0.0156470588235,longer,threshold,AI,12000,8000,100,20,13,18,94,1,random,mean,250
2026100808,8500,250,0.574058333333,0.259275,0.0889883546949,1,0.0155294117647,longer,threshold,AI,12000,8000,100,20,13,18,94,1,random,mean,250
2026100809,8500,250,0.629166666667,0.204166666667,0.0860710191424,1,0.00905882352941,longer,threshold,AI,12000,8000,100,20,13,18,94,1,random,mean,250
2026100810,8500,250,0.575485416667,0.257847916667,0.0897653960896,1,0.0105882352941,longer,threshold,AI,12000,8000,100,20,13,18,94,1,random,mean,250
2026100811,8500,250,0.41269375,-0.175360416667,0.252108236771,0.2848,0.0234117647059,longer,threshold,AI,12000,8000,100,20,13,18,94,1,random,mean,250
2026100812,8500,250,0.6171875,0.1328125,0.112543132174,0.9,0.0116470588235,longer,threshold,AI,12000,8000,100,20,13,18,94,1,random,mean,250
2026100813,8500,250,0.546354166667,0.203645833333,0.107881471423,0.9,0.00682352941176,longer,threshold,AI,12000,8000,100,20,13,18,94,1,random,mean,250
2026100814,8500,250,0.498375,0.293291666667,0.105126877169,0.95,0.0110588235294,longer,threshold,AI,12000,8000,100,20,13,18,94,1,random,mean,250
2026100815,8500,250,0.170185416667,-0.170185416667,0.247744445205,0,0.0327058823529,longer,threshold,AI,12000,8000,100,20,13,18,94,1,random,mean,250
2026100800,8750,250,0.510416666667,0.322916666667,0.0926275715071,1,0.0123428571429,longer,threshold,AI,12000,8000,100,20,13,18,94,1,random,mean,250
2026100801,8750,250,0.6078125,0.183854166667,0.0970983258371,0.95,0.0150857142857,longer,threshold,AI,12000,8000,100,20,13,18,94,1,random,mean,250
2026100802,8750,250,0.563616666667,0.269716666667,0.0922366259071,1,0.00777142857143,longer,threshold,AI,12000,8000,100,20,13,18,94,1,random,mean,250
2026100803,8750,250,0.0583333333333,-0.0583333333333,0.267275506423,0,0.0220571428571,longer,threshold,AI,12000,8000,100,20,13,18,94,1,random,mean,250
2026100804,8750,250,0.55805,0.26595,0.0918855613095,0.9888,0.0123428571429,longer,threshold,AI,12000,8000,100,20,13,18,94,1,random,mean,250
2026100805,8750,250,0.250752083333,-0.250752083333,0.250435269149,0,0.0331428571429,longer,threshold,AI,12000,8000,100,20,13,18,94,1,random,mean,250
2026100806,8750,250,0.501041666667,0.332291666667,0.0932291666667,1,0.00834285714286,longer,threshold,AI,12000,8000,100,20,13,18,94,1,random,mean,250
2026100807,8750,250,0.5,0.333333333333,0.0947265625,1,0.0152,longer,threshold,AI,12000,8000,100,20,13,18,94,1,random,mean,250
2026100808,8750,250,0.564145833333,0.2691875,0.0903686990245,1,0.0152,longer,threshold,AI,12000,8000,100,20,13,18,94,1,random,mean,250
2026100809,8750,250,0.627733333333,0.2056,0.0861168427015,1,0.00902857142857,longer,threshold,AI,12000,8000,100,20,13,18,94,1,random,mean,250
2026100810,8750,250,0.569360416667,0.260472916667,0.0959121957747,0.9958,0.0105142857143,longer,threshold,AI,12000,8000,100,20,13,18,94,1,random,mean,250
2026100811,8750,250,0.581479166667,0.0101875,0.171720926758,0.71,0.0261714285714,longer,threshold,AI,12000,8000,100,20,13,18,94,1,random,mean,250
2026100812,8750,250,0.6171875,0.1328125,0.112543132174,0.9,0.0113142857143,longer,threshold,AI,12000,8000,100,20,13,18,94,1,random,mean,250
2026100813,8750,250,0.546354166667,0.203645833333,0.107881471423,0.9,0.00662857142857,longer,threshold,AI,12000,8000,100,20,13,18,94,1,random,mean,250
2026100814,8750,250,0.496920833333,0.294745833333,0.10416665199,0.95,0.0109714285714,longer,threshold,AI,12000,8000,100,20,13,18,94,1,random,mean,250
2026100815,8750,250,0.1703125,-0.1703125,0.247656517277,0,0.0317714285714,longer,threshold,AI,12000,8000,100,20,13,18,94,1,random,mean,250
2026100800,9000,250,0.507527083333,0.32580625,0.0939927791098,1,0.0122222222222,longer,threshold,AI,12000,8000,100,20,13,18,94,1,random,mean,250
2026100801,9000,250,0.6078125,0.183854166667,0.0970983258371,0.95,0.0146666666667,longer,threshold,AI,12000,8000,100,20,13,18,94,1,random,mean,250
2026100802,9000,250,0.575122916667,0.258210416667,0.087711170945,1,0.00777777777778,longer,threshold,AI,12000,8000,100,20,13,18,94,1,random,mean,250
2026100803,9000,250,0.0583333333333,-0.0583333333333,0.267275506423,0,0.0214444444444,longer,threshold,AI,12000,8000,100,20,13,18,94,1,random,mean,250
2026100804,9000,250,0.559895833333,0.2734375,0.0918807280238,1,0.012,longer,threshold,AI,12000,8000,100,20,13,18,94,1,random,mean,250
2026100805,9000,250,0.2506875,-0.2506875,0.249559153322,0,0.0324444444444,longer,threshold,AI,12000,8000,100,20,13,18,94,1,random,mean,250
2026100806,9000,250,0.501041666667,0.332291666667,0.0932291666667,1,0.00811111111111,longer,threshold,AI,12000,8000,100,20,13,18,94,1,random,mean,250
2026100807,9000,250,0.5,0.333333333333,0.0947265625,1,0.0147777777778,longer,threshold,AI,12000,8000,100,20,13,18,94,1,random,mean,250
2026100808,9000,250,0.562825,0.270508333333,0.0903805717382,1,0.0151111111111,longer,threshold,AI,12000,8000,100,20,13,18,94,1,random,mean,250
2026100809,9000,250,0.627083333333,0.20625,0.0861376231527,1,0.00877777777778,longer,threshold,AI,12000,8000,100,20,13,18,94,1,random,mean,250
2026100810,9000,250,0.565625,0.267708333333,0.0944913194143,1,0.0102222222222,longer,threshold,AI,12000,8000,100,20,13,18,94,1,random,mean,250
2026100811,9000,250,0.480852083333,-0.00985208333333,0.209228282233,0.5652,0.0305555555556,longer,threshold,AI,12000,8000,100,20,13,18,94,1,random,mean,250
2026100812,9000,250,0.6171875,0.1328125,0.112543132174,0.9,0.011,longer,threshold,AI,12000,8000,100,20,13,18,94,1,random,mean,250
2026100813,9000,250,0.551089583333,0.221910416667,0.102071149556,0.9276,0.00677777777778,longer,threshold,AI,12000,8000,100,20,13,18,94,1,random,mean,250
2026100814,9000,250,0.496875,0.294791666667,0.104167412312,0.95,0.0106666666667,longer,threshold,AI,12000,8000,100,20,13,18,94,1,random,mean,250
2026100815,9000,250,0.16655625,-0.16655625,0.249844569172,0,0.0312222222222,longer,threshold,AI,12000,8000,100,20,13,18,94,1,random,mean,250
2026100800,9250,250,0.510985416667,0.309847916667,0.0947101743978,0.985,0.0122162162162,longer,threshold,AI,12000,8000,100,20,13,18,94,1,random,mean,250
2026100801,9250,250,0.6078125,0.183854166667,0.0970983258371,0.95,0.0142702702703,longer,threshold,AI,12000,8000,100,20,13,18,94,1,random,mean,250
2026100802,9250,250,0.582291666667,0.251041666667,0.0844945355191,1,0.00756756756757,longer,threshold,AI,12000,8000,100,20,13,18,94,1,random,mean,250
2026100803,9250,250,0.0583333333333,-0.0583333333333,0.267275506423,0,0.0208648648649,longer,threshold,AI,12000,8000,100,20,13,18,94,1,random,mean,250
2026100804,9250,250,0.559895833333,0.2734375,0.0918807280238,1,0.0116756756757,longer,threshold,AI,12000,8000,100,20,13,18,94,1,random,mean,250
2026100805,9250,250,0.24995,-0.24995,0.24933934551,0,0.0316756756757,longer,threshold,AI,12000,8000,100,20,13,18,94,1,random,mean,250
2026100806,9250,250,0.50128125,0.332052083333,0.0932905,1,0.008,longer,threshold,AI,12000,8000,100,20,13,18,94,1,random,mean,250
2026100807,9250,250,0.500091666667,0.333241666667,0.0946824434055,1,0.0144864864865,longer,threshold,AI,12000,8000,100,20,13,18,94,1,random,mean,250
2026100808,9250,250,0.5625,0.270833333333,0.0901639344262,1,0.0148108108108,longer,threshold,AI,12000,8000,100,20,13,18,94,1,random,mean,250
2026100809,9250,250,0.627083333333,0.20625,0.0861376231527,1,0.00854054054054,longer,threshold,AI,12000,8000,100,20,13,18,94,1,random,mean,250
2026100810,9250,250,0.571425,0.261908333333,0.0929782230071,1,0.0101621621622,longer,threshold,AI,12000,8000,100,20,13,18,94,1,random,mean,250
2026100811,9250,250,0.5078125,0.200520833333,0.148183780588,0.85,0.0297297297297,longer,threshold,AI,12000,8000,100,20,13,18,94,1,random,mean,250
2026100812,9250,250,0.6171875,0.1328125,0.112543132174,0.9,0.0107027027027,longer,threshold,AI,12000,8000,100,20,13,18,94,1,random,mean,250
2026100813,9250,250,0.5380375,0.218295833333,0.111443908898,0.9076,0.00681081081081,longer,threshold,AI,12000,8000,100,20,13,18,94,1,random,mean,250
2026100814,9250,250,0.496875,0.294791666667,0.104167412312,0.95,0.0103783783784,longer,threshold,AI,12000,8000,100,20,13,18,94,1,random,mean,250
2026100815,9250,250,0.168170833333,-0.1538375,0.249748877596,0.0172,0.0304864864865,longer,threshold,AI,12000,8000,100,20,13,18,94,1,random,mean,250
2026100800,9500,250,0.510416666667,0.28125,0.100777920617,0.95,0.0118947368421,longer,threshold,AI,12000,8000,100,20,13,18,94,1,random,mean,250
2026100801,9500,250,0.608658333333,0.183008333333,0.096502936116,0.95,0.014,longer,threshold,AI,12000,8000,100,20,13,18,94,1,random,mean,250
2026100802,9500,250,0.581583333333,0.25175,0.0848473911511,1,0.00747368421053,longer,threshold,AI,12000,8000,100,20,13,18,94,1,random,mean,250
2026100803,9500,250,0.0583333333333,-0.0583333333333,0.267275506423,0,0.0203157894737,longer,threshold,AI,12000,8000,100,20,13,18,94,1,random,mean,250
2026100804,9500,250,0.559895833333,0.2734375,0.0918807280238,1,0.0113684210526,longer,threshold,AI,12000,8000,100,20,13,18,94,1,random,mean,250
2026100805,9500,250,0.23910625,-0.23910625,0.255211426325,0,0.0310526315789,longer,threshold,AI,12000,8000,100,20,13,18,94,1,random,mean,250
2026100806,9500,250,0.50106875,0.332264583333,0.09354666875,1,0.00789473684211,longer,threshold,AI,12000,8000,100,20,13,18,94,1,random,mean,250
2026100807,9500,250,0.500520833333,0.3328125,0.0944758858268,1,0.0141052631579,longer,threshold,AI,12000,8000,100,20,13,18,94,1,random,mean,250
2026100808,9500,250,0.562908333333,0.270425,0.090436119767,1,0.0145263157895,longer,threshold,AI,12000,8000,100,20,13,18,94,1,random,mean,250
2026100809,9500,250,0.6281875,0.205145833333,0.0861744936175,1,0.00842105263158,longer,threshold,AI,12000,8000,100,20,13,18,94,1,random,mean,250
2026100810,9500,250,0.580729166667,0.252604166667,0.0905509641873,1,0.00989473684211,longer,threshold,AI,12000,8000,100,20,13,18,94,1,random,mean,250
2026100811,9500,250,0.5078125,0.200520833333,0.148183780588,0.85,0.0289473684211,longer,threshold,AI,12000,8000,100,20,13,18,94,1,random,mean,250
2026100812,9500,250,0.6171875,0.1328125,0.112543132174,0.9,0.0104210526316,longer,threshold,AI,12000,8000,100,20,13,18,94,1,random,mean,250
2026100813,9500,250,0.538333333333,0.211666666667,0.115740267249,0.9,0.00673684210526,longer,threshold,AI,12000,8000,100,20,13,18,94,1,random,mean,250
2026100814,9500,250,0.496875,0.294791666667,0.104167412312,0.95,0.0101052631579,longer,threshold,AI,12000,8000,100,20,13,18,94,1,random,mean,250
2026100815,9500,250,0.179895833333,-0.147895833333,0.247670057165,0.0384,0.0297894736842,longer,threshold,AI,12000,8000,100,20,13,18,94,1,random,mean,250
2026100800,9750,250,0.510416666667,0.28125,0.100777920617,0.95,0.0116923076923,longer,threshold,AI,12000,8000,100,20,13,18,94,1,random,mean,250
2026100801,9750,250,0.615104166667,0.1765625,0.0919656558275,0.95,0.013641025641,longer,threshold,AI,12000,8000,100,20,13,18,94,1,random,mean,250
2026100802,9750,250,0.58125,0.252083333333,0.0850134408602,1,0.00728205128205,longer,threshold,AI,12000,8000,100,20,13,18,94,1,random,mean,250
2026100803,9750,250,0.0583333333333,-0.0583333333333,0.267275506423,0,0.0197948717949,longer,threshold,AI,12000,8000,100,20,13,18,94,1,random,mean,250
2026100804,9750,250,0.559895833333,0.2734375,0.0918807280238,1,0.0111794871795,longer,threshold,AI,12000,8000,100,20,13,18,94,1,random,mean,250
2026100805,9750,250,0.234375,-0.234375,0.2553564434,0,0.0302564102564,longer,threshold,AI,12000,8000,100,20,13,18,94,1,random,mean,250
2026100806,9750,250,0.500310416667,0.333022916667,0.0941442113681,1,0.00779487179487,longer,threshold,AI,12000,8000,100,20,13,18,94,1,random,mean,250
2026100807,9750,250,0.500520833333,0.3328125,0.0944758858268,1,0.0137435897436,longer,threshold,AI,12000,8000,100,20,13,18,94,1,random,mean,250
2026100808,9750,250,0.563020833333,0.2703125,0.0905111096057,1,0.0141538461538,longer,threshold,AI,12000,8000,100,20,13,18,94,1,random,mean,250
2026100809,9750,250,0.6296875,0.203645833333,0.086224581796,1,0.00820512820513,longer,threshold,AI,12000,8000,100,20,13,18,94,1,random,mean,250
2026100810,9750,250,0.583583333333,0.24975,0.0908232016941,1,0.00984615384615,longer,threshold,AI,12000,8000,100,20,13,18,94,1,random,mean,250
2026100811,9750,250,0.5078125,0.200520833333,0.148183780588,0.85,0.0282051282051,longer,threshold,AI,12000,8000,100,20,13,18,94,1,random,mean,250
2026100812,9750,250,0.617547916667,0.161285416667,0.10213118774,0.9346,0.0102564102564,longer,threshold,AI,12000,8000,100,20,13,18,94,1,random,mean,250
2026100813,9750,250,0.551885416667,0.211447916667,0.109793370067,0.916,0.00676923076923,longer,threshold,AI,12000,8000,100,20,13,18,94,1,random,mean,250
2026100814,9750,250,0.496875,0.294791666667,0.104167412312,0.95,0.00984615384615,longer,threshold,AI,12000,8000,100,20,13,18,94,1,random,mean,250
2026100815,9750,250,0.15989375,-0.15989375,0.259596853523,0,0.0291282051282,longer,threshold,AI,12000,8000,100,20,13,18,94,1,random,mean,250
2026100800,10000,250,0.510416666667,0.28125,0.100777920617,0.95,0.0115,longer,threshold,AI,12000,8000,100,20,13,18,94,1,random,mean,250
2026100801,10000,250,0.615104166667,0.1765625,0.0919656558275,0.95,0.0133,longer,threshold,AI,12000,8000,100,20,13,18,94,1,random,mean,250
2026100802,10000,250,0.573854166667,0.244645833333,0.0934911735161,0.9822,0.0073,longer,threshold,AI,12000,8000,100,20,13,18,94,1,random,mean,250
2026100803,10000,250,0.0583333333333,-0.0583333333333,0.267275506423,0,0.0193,longer,threshold,AI,12000,8000,100,20,13,18,94,1,random,mean,250
2026100804,10000,250,0.559895833333,0.2734375,0.0918807280238,1,0.0109,longer,threshold,AI,12000,8000,100,20,13,18,94,1,random,mean,250
2026100805,10000,250,0.226875,-0.226875,0.260776307588,0,0.0297,longer,threshold,AI,12000,8000,100,20,13,18,94,1,random,mean,250
2026100806,10000,250,0.500520833333,0.3328125,0.0942790354331,1,0.0076,longer,threshold,AI,12000,8000,100,20,13,18,94,1,random,mean,250
2026100807,10000,250,0.500520833333,0.3328125,0.0944758858268,1,0.0135,longer,threshold,AI,12000,8000,100,20,13,18,94,1,random,mean,250
2026100808,10000,250,0.5628625,0.270470833333,0.0904055683512,1,0.0139,longer,threshold,AI,12000,8000,100,20,13,18,94,1,random,mean,250
2026100809,10000,250,0.6287375,0.204595833333,0.0863541272505,1,0.0081,longer,threshold,AI,12000,8000,100,20,13,18,94,1,random,mean,250
2026100810,10000,250,0.579785416667,0.22538125,0.0963926209278,0.9662,0.0099,longer,threshold,AI,12000,8000,100,20,13,18,94,1,random,mean,250
2026100811,10000,250,0.53310625,0.231560416667,0.124503881363,0.9176,0.0277,longer,threshold,AI,12000,8000,100,20,13,18,94,1,random,mean,250
2026100812,10000,250,0.617708333333,0.173958333333,0.097496969697,0.95,0.01,longer,threshold,AI,12000,8000,100,20,13,18,94,1,random,mean,250
2026100813,10000,250,0.546120833333,0.1662125,0.120603406897,0.8548,0.0067,longer,threshold,AI,12000,8000,100,20,13,18,94,1,random,mean,250
2026100814,10000,250,0.496875,0.294791666667,0.104167412312,0.95,0.0096,longer,threshold,AI,12000,8000,100,20,13,18,94,1,random,mean,250
2026100815,10000,250,0.15885,-0.15885,0.255440618687,0,0.0285,longer,threshold,AI,12000,8000,100,20,13,18,94,1,random,mean,250
2026100800,10250,250,0.510416666667,0.28125,0.100777920617,0.95,0.0113170731707,longer,threshold,AI,12000,8000,100,20,13,18,94,1,random,mean,250
2026100801,10250,250,0.615104166667,0.1765625,0.0919656558275,0.95,0.0129756097561,longer,threshold,AI,12000,8000,100,20,13,18,94,1,random,mean,250
2026100802,10250,250,0.571895833333,0.2614375,0.0895950885761,1,0.00721951219512,longer,threshold,AI,12000,8000,100,20,13,18,94,1,random,mean,250
2026100803,10250,250,0.0678583333333,-0.0678583333333,0.267075463139,0,0.0189268292683,longer,threshold,AI,12000,8000,100,20,13,18,94,1,random,mean,250
2026100804,10250,250,0.560695833333,0.2726375,0.0918920866724,1,0.0107317073171,longer,threshold,AI,12000,8000,100,20,13,18,94,1,random,mean,250
2026100805,10250,250,0.222916666667,-0.222916666667,0.263408730159,0,0.0289756097561,longer,threshold,AI,12000,8000,100,20,13,18,94,1,random,mean,250
2026100806,10250,250,0.4998375,0.3061625,0.099056988189,0.9672,0.00751219512195,longer,threshold,AI,12000,8000,100,20,13,18,94,1,random,mean,250
2026100807,10250,250,0.500520833333,0.3328125,0.0944758858268,1,0.0131707317073,longer,threshold,AI,12000,8000,100,20,13,18,94,1,random,mean,250
2026100808,10250,250,0.562814583333,0.27051875,0.0903736282347,1,0.0138536585366,longer,threshold,AI,12000,8000,100,20,13,18,94,1,random,mean,250
2026100809,10250,250,0.629722916667,0.203610416667,0.086336405155,1,0.008,longer,threshold,AI,12000,8000,100,20,13,18,94,1,random,mean,250
2026100810,10250,250,0.58125,0.210416666667,0.100165902678,0.95,0.00965853658537,longer,threshold,AI,12000,8000,100,20,13,18,94,1,random,mean,250
2026100811,10250,250,0.575,0.216666666667,0.0940195446689,0.95,0.0270243902439,longer,threshold,AI,12000,8000,100,20,13,18,94,1,random,mean,250
2026100812,10250,250,0.617708333333,0.173958333333,0.097496969697,0.95,0.00975609756098,longer,threshold,AI,12000,8000,100,20,13,18,94,1,random,mean,250
2026100813,10250,250,0.542439583333,0.268560416667,0.107936598119,0.9732,0.00692682926829,longer,threshold,AI,12000,8000,100,20,13,18,94,1,random,mean,250
2026100814,10250,250,0.497183333333,0.294483333333,0.10447204353,0.95,0.00956097560976,longer,threshold,AI,12000,8000,100,20,13,18,94,1,random,mean,250
2026100815,10250,250,0.157291666667,-0.157291666667,0.25509945687,0,0.0278048780488,longer,threshold,AI,12000,8000,100,20,13,18,94,1,random,mean,250
2026100800,10500,250,0.510416666667,0.28125,0.100777920617,0.95,0.0110476190476,longer,threshold,AI,12000,8000,100,20,13,18,94,1,random,mean,250
2026100801,10500,250,0.615104166667,0.1765625,0.0919656558275,0.95,0.0126666666667,longer,threshold,AI,12000,8000,100,20,13,18,94,1,random,mean,250
2026100802,10500,250,0.56855,0.264783333333,0.0886972067371,1,0.00714285714286,longer,threshold,AI,12000,8000,100,20,13,18,94,1,random,mean,250
2026100803,10500,250,0.0770833333333,-0.0770833333333,0.26688172043,0,0.0184761904762,longer,threshold,AI,12000,8000,100,20,13,18,94,1,random,mean,250
2026100804,10500,250,0.568839583333,0.263827083333,0.0900481215469,0.9992,0.0107619047619,longer,threshold,AI,12000,8000,100,20,13,18,94,1,random,mean,250
2026100805,10500,250,0.225564583333,-0.225564583333,0.262465503644,0,0.028380952381,longer,threshold,AI,12000,8000,100,20,13,18,94,1,random,mean,250
2026100806,10500,250,0.500004166667,0.3126625,0.0978916338583,0.9752,0.00742857142857,longer,threshold,AI,12000,8000,100,20,13,18,94,1,random,mean,250
2026100807,10500,250,0.500520833333,0.3328125,0.0944758858268,1,0.0128571428571,longer,threshold,AI,12000,8000,100,20,13,18,94,1,random,mean,250
2026100808,10500,250,0.5625,0.270833333333,0.0901639344262,1,0.0135238095238,longer,threshold,AI,12000,8000,100,20,13,18,94,1,random,mean,250
2026100809,10500,250,0.634375,0.198958333333,0.0862058714233,1,0.00780952380952,longer,threshold,AI,12000,8000,100,20,13,18,94,1,random,mean,250
2026100810,10500,250,0.58125,0.210416666667,0.100165902678,0.95,0.00942857142857,longer,threshold,AI,12000,8000,100,20,13,18,94,1,random,mean,250
2026100811,10500,250,0.554804166667,0.2368625,0.103279396542,0.95,0.0264761904762,longer,threshold,AI,12000,8000,100,20,13,18,94,1,random,mean,250
2026100812,10500,250,0.617708333333,0.173958333333,0.097496969697,0.95,0.00952380952381,longer,threshold,AI,12000,8000,100,20,13,18,94,1,random,mean,250
2026100813,10500,250,0.55850625,0.238827083333,0.105333703512,0.9568,0.00733333333333,longer,threshold,AI,12000,8000,100,20,13,18,94,1,random,mean,250
2026100814,10500,250,0.497916666667,0.29375,0.105196571832,0.95,0.00942857142857,longer,threshold,AI,12000,8000,100,20,13,18,94,1,random,mean,250
2026100815,10500,250,0.156158333333,-0.156158333333,0.254182246525,0,0.0272380952381,longer,threshold,AI,12000,8000,100,20,13,18,94,1,random,mean,250
2026100800,10750,250,0.510416666667,0.28125,0.100777920617,0.95,0.0107906976744,longer,threshold,AI,12000,8000,100,20,13,18,94,1,random,mean,250
2026100801,10750,250,0.615104166667,0.1765625,0.0919656558275,0.95,0.0123720930233,longer,threshold,AI,12000,8000,100,20,13,18,94,1,random,mean,250
2026100802,10750,250,0.571875,0.261458333333,0.0895837532755,1,0.00697674418605,longer,threshold,AI,12000,8000,100,20,13,18,94,1,random,mean,250
2026100803,10750,250,0.0770833333333,-0.0770833333333,0.26688172043,0,0.0180465116279,longer,threshold,AI,12000,8000,100,20,13,18,94,1,random,mean,250
2026100804,10750,250,0.566785416667,0.266547916667,0.0908072632029,1,0.0106046511628,longer,threshold,AI,12000,8000,100,20,13,18,94,1,random,mean,250
2026100805,10750,250,0.244520833333,-0.244520833333,0.255620364526,0,0.0279069767442,longer,threshold,AI,12000,8000,100,20,13,18,94,1,random,mean,250
2026100806,10750,250,0.500520833333,0.3328125,0.0942790354331,1,0.00744186046512,longer,threshold,AI,12000,8000,100,20,13,18,94,1,random,mean,250
2026100807,10750,250,0.500520833333,0.3328125,0.0944758858268,1,0.0127441860465,longer,threshold,AI,12000,8000,100,20,13,18,94,1,random,mean,250
2026100808,10750,250,0.56203125,0.271302083333,0.0904053378649,1,0.013488372093,longer,threshold,AI,12000,8000,100,20,13,18,94,1,random,mean,250
2026100809,10750,250,0.634375,0.198958333333,0.0862058714233,1,0.00762790697674,longer,threshold,AI,12000,8000,100,20,13,18,94,1,random,mean,250
2026100810,10750,250,0.58125,0.210416666667,0.100165902678,0.95,0.00920930232558,longer,threshold,AI,12000,8000,100,20,13,18,94,1,random,mean,250
2026100811,10750,250,0.53795625,0.24304375,0.113585189897,0.9372,0.0261395348837,longer,threshold,AI,12000,8000,100,20,13,18,94,1,random,mean,250
2026100812,10750,250,0.617708333333,0.173958333333,0.097496969697,0.95,0.0093023255814,longer,threshold,AI,12000,8000,100,20,13,18,94,1,random,mean,250
2026100813,10750,250,0.565608333333,0.267725,0.0913704004706,1,0.00753488372093,longer,threshold,AI,12000,8000,100,20,13,18,94,1,random,mean,250
2026100814,10750,250,0.497914583333,0.293752083333,0.105198179099,0.95,0.00939534883721,longer,threshold,AI,12000,8000,100,20,13,18,94,1,random,mean,250
2026100815,10750,250,0.157804166667,-0.157804166667,0.254261817802,0,0.026976744186,longer,threshold,AI,12000,8000,100,20,13,18,94,1,random,mean,250
2026100800,11000,250,0.51038125,0.281285416667,0.100716455086,0.95,0.0107272727273,longer,threshold,AI,12000,8000,100,20,13,18,94,1,random,mean,250
2026100801,11000,250,0.615104166667,0.1765625,0.0919656558275,0.95,0.0120909090909,longer,threshold,AI,12000,8000,100,20,13,18,94,1,random,mean,250
2026100802,11000,250,0.57675,0.256583333333,0.0887667339556,1,0.00690909090909,longer,threshold,AI,12000,8000,100,20,13,18,94,1,random,mean,250
2026100803,11000,250,0.0951583333333,-0.0549916666667,0.262143186814,0.0482,0.0177272727273,longer,threshold,AI,12000,8000,100,20,13,18,94,1,random,mean,250
2026100804,11000,250,0.573872916667,0.259460416667,0.0899780865545,1,0.0105454545455,longer,threshold,AI,12000,8000,100,20,13,18,94,1,random,mean,250
2026100805,11000,250,0.244135416667,-0.244135416667,0.257564005883,0,0.0274545454545,longer,threshold,AI,12000,8000,100,20,13,18,94,1,random,mean,250
2026100806,11000,250,0.500520833333,0.3328125,0.0942790354331,1,0.00727272727273,longer,threshold,AI,12000,8000,100,20,13,18,94,1,random,mean,250
2026100807,11000,250,0.500520833333,0.3328125,0.0944758858268,1,0.0124545454545,longer,threshold,AI,12000,8000,100,20,13,18,94,1,random,mean,250
2026100808,11000,250,0.5627,0.270633333333,0.0907897426572,1,0.0134545454545,longer,threshold,AI,12000,8000,100,20,13,18,94,1,random,mean,250
2026100809,11000,250,0.634375,0.198958333333,0.0862058714233,1,0.00745454545455,longer,threshold,AI,12000,8000,100,20,13,18,94,1,random,mean,250
2026100810,11000,250,0.582083333333,0.209583333333,0.0998521928757,0.95,0.00909090909091,longer,threshold,AI,12000,8000,100,20,13,18,94,1,random,mean,250
2026100811,11000,250,0.520214583333,0.273952083333,0.109985560887,0.953,0.0260909090909,longer,threshold,AI,12000,8000,100,20,13,18,94,1,random,mean,250
2026100812,11000,250,0.617708333333,0.173958333333,0.097496969697,0.95,0.00909090909091,longer,threshold,AI,12000,8000,100,20,13,18,94,1,random,mean,250
2026100813,11000,250,0.557647916667,0.275685416667,0.0944775127699,1,0.00754545454545,longer,threshold,AI,12000,8000,100,20,13,18,94,1,random,mean,250
2026100814,11000,250,0.497395833333,0.294270833333,0.105598388743,0.95,0.00927272727273,longer,threshold,AI,12000,8000,100,20,13,18,94,1,random,mean,250
2026100815,11000,250,0.158854166667,-0.158854166667,0.254219460689,0,0.0263636363636,longer,threshold,AI,12000,8000,100,20,13,18,94,1,random,mean,250
2026100800,11250,250,0.509895833333,0.281770833333,0.099874015748,0.95,0.0104888888889,longer,threshold,AI,12000,8000,100,20,13,18,94,1,random,mean,250
2026100801,11250,250,0.615104166667,0.1765625,0.0919656558275,0.95,0.0118222222222,longer,threshold,AI,12000,8000,100,20,13,18,94,1,random,mean,250
2026100802,11250,250,0.57664375,0.256689583333,0.0888701865377,1,0.00702222222222,longer,threshold,AI,12000,8000,100,20,13,18,94,1,random,mean,250
2026100803,11250,250,0.0902333333333,-0.0859,0.26134755041,0.0052,0.0174222222222,longer,threshold,AI,12000,8000,100,20,13,18,94,1,random,mean,250
2026100804,11250,250,0.575570833333,0.2577625,0.0897720700715,1,0.0106666666667,longer,threshold,AI,12000,8000,100,20,13,18,94,1,random,mean,250
2026100805,11250,250,0.25214375,-0.25214375,0.26287092461,0,0.0269333333333,longer,threshold,AI,12000,8000,100,20,13,18,94,1,random,mean,250
2026100806,11250,250,0.500139583333,0.33319375,0.0940347502461,1,0.00737777777778,longer,threshold,AI,12000,8000,100,20,13,18,94,1,random,mean,250
2026100807,11250,250,0.500520833333,0.3328125,0.0944758858268,1,0.0121777777778,longer,threshold,AI,12000,8000,100,20,13,18,94,1,random,mean,250
2026100808,11250,250,0.573958333333,0.259375,0.0887075491354,1,0.0131555555556,longer,threshold,AI,12000,8000,100,20,13,18,94,1,random,mean,250
2026100809,11250,250,0.648816666667,0.184516666667,0.0827149220033,1,0.00764444444444,longer,threshold,AI,12000,8000,100,20,13,18,94,1,random,mean,250
2026100810,11250,250,0.589583333333,0.202083333333,0.0970288046558,0.95,0.00888888888889,longer,threshold,AI,12000,8000,100,20,13,18,94,1,random,mean,250
2026100811,11250,250,0.523225,0.310108333333,0.0948189774179,1,0.0256,longer,threshold,AI,12000,8000,100,20,13,18,94,1,random,mean,250
2026100812,11250,250,0.617708333333,0.173958333333,0.097496969697,0.95,0.00888888888889,longer,threshold,AI,12000,8000,100,20,13,18,94,1,random,mean,250
2026100813,11250,250,0.545010416667,0.288322916667,0.100972364461,1,0.00764444444444,longer,threshold,AI,12000,8000,100,20,13,18,94,1,random,mean,250
2026100814,11250,250,0.497252083333,0.28958125,0.107037178656,0.9442,0.00924444444444,longer,threshold,AI,12000,8000,100,20,13,18,94,1,random,mean,250
2026100815,11250,250,0.158854166667,-0.158854166667,0.254219460689,0,0.0258666666667,longer,threshold,AI,12000,8000,100,20,13,18,94,1,random,mean,250
2026100800,11500,250,0.505520833333,0.311145833333,0.0962477076454,0.98,0.010347826087,longer,threshold,AI,12000,8000,100,20,13,18,94,1,random,mean,250
2026100801,11500,250,0.615104166667,0.1765625,0.0919656558275,0.95,0.0115652173913,longer,threshold,AI,12000,8000,100,20,13,18,94,1,random,mean,250
2026100802,11500,250,0.574679166667,0.258654166667,0.0888854858904,1,0.00695652173913,longer,threshold,AI,12000,8000,100,20,13,18,94,1,random,mean,250
2026100803,11500,250,0.0895833333333,-0.0895833333333,0.261275739487,0,0.0171304347826,longer,threshold,AI,12000,8000,100,20,13,18,94,1,random,mean,250
2026100804,11500,250,0.5725625,0.245770833333,0.094014221663,0.982,0.0106086956522,longer,threshold,AI,12000,8000,100,20,13,18,94,1,random,mean,250
2026100805,11500,250,0.240885416667,-0.240885416667,0.255427372321,0,0.0264347826087,longer,threshold,AI,12000,8000,100,20,13,18,94,1,random,mean,250
2026100806,11500,250,0.500091666667,0.333241666667,0.0940040477362,1,0.00730434782609,longer,threshold,AI,12000,8000,100,20,13,18,94,1,random,mean,250
2026100807,11500,250,0.500520833333,0.3328125,0.0944758858268,1,0.012,longer,threshold,AI,12000,8000,100,20,13,18,94,1,random,mean,250
2026100808,11500,250,0.570364583333,0.26296875,0.0892249325355,1,0.0129565217391,longer,threshold,AI,12000,8000,100,20,13,18,94,1,random,mean,250
2026100809,11500,250,0.6451375,0.188195833333,0.0852419910092,1,0.00791304347826,longer,threshold,AI,12000,8000,100,20,13,18,94,1,random,mean,250
2026100810,11500,250,0.568327083333,0.223339583333,0.100451183689,0.95,0.00886956521739,longer,threshold,AI,12000,8000,100,20,13,18,94,1,random,mean,250
2026100811,11500,250,0.5167125,0.316620833333,0.0959122913936,1,0.0251304347826,longer,threshold,AI,12000,8000,100,20,13,18,94,1,random,mean,250
2026100812,11500,250,0.651041666667,0.140625,0.0866120875521,0.95,0.00878260869565,longer,threshold,AI,12000,8000,100,20,13,18,94,1,random,mean,250
2026100813,11500,250,0.559895833333,0.2734375,0.0932632387723,1,0.0075652173913,longer,threshold,AI,12000,8000,100,20,13,18,94,1,random,mean,250
2026100814,11500,250,0.496666666667,0.275,0.111533977644,0.926,0.00913043478261,longer,threshold,AI,12000,8000,100,20,13,18,94,1,random,mean,250
2026100815,11500,250,0.158854166667,-0.158854166667,0.254219460689,0,0.0254782608696,longer,threshold,AI,12000,8000,100,20,13,18,94,1,random,mean,250
2026100800,11750,250,0.502525,0.330808333333,0.0937794260732,1,0.0102978723404,longer,threshold,AI,12000,8000,100,20,13,18,94,1,random,mean,250
2026100801,11750,250,0.615104166667,0.1765625,0.0919656558275,0.95,0.0113191489362,longer,threshold,AI,12000,8000,100,20,13,18,94,1,random,mean,250
2026100802,11750,250,0.570833333333,0.2625,0.0889198424462,1,0.00689361702128,longer,threshold,AI,12000,8000,100,20,13,18,94,1,random,mean,250
2026100803,11750,250,0.0895833333333,-0.0895833333333,0.261275739487,0,0.0168510638298,longer,threshold,AI,12000,8000,100,20,13,18,94,1,random,mean,250
2026100804,11750,250,0.570789583333,0.212377083333,0.0999483662811,0.9398,0.0105531914894,longer,threshold,AI,12000,8000,100,20,13,18,94,1,random,mean,250
2026100805,11750,250,0.238020833333,-0.238020833333,0.254299770579,0,0.0258723404255,longer,threshold,AI,12000,8000,100,20,13,18,94,1,random,mean,250
2026100806,11750,250,0.500504166667,0.332829166667,0.0942683562992,1,0.00723404255319,longer,threshold,AI,12000,8000,100,20,13,18,94,1,random,mean,250
2026100807,11750,250,0.500520833333,0.3328125,0.0944758858268,1,0.011829787234,longer,threshold,AI,12000,8000,100,20,13,18,94,1,random,mean,250
2026100808,11750,250,0.5704875,0.262845833333,0.0895697067518,1,0.0128510638298,longer,threshold,AI,12000,8000,100,20,13,18,94,1,random,mean,250
2026100809,11750,250,0.6514375,0.181895833333,0.0851140378088,1,0.00782978723404,longer,threshold,AI,12000,8000,100,20,13,18,94,1,random,mean,250
2026100810,11750,250,0.550229166667,0.259770833333,0.101255856533,0.972,0.00910638297872,longer,threshold,AI,12000,8000,100,20,13,18,94,1,random,mean,250
2026100811,11750,250,0.5109375,0.322395833333,0.0972840909091,1,0.0245957446809,longer,threshold,AI,12000,8000,100,20,13,18,94,1,random,mean,250
2026100812,11750,250,0.659375,0.132291666667,0.0838908670159,0.95,0.00859574468085,longer,threshold,AI,12000,8000,100,20,13,18,94,1,random,mean,250
2026100813,11750,250,0.551379166667,0.281954166667,0.0975086111806,1,0.00765957446809,longer,threshold,AI,12000,8000,100,20,13,18,94,1,random,mean,250
2026100814,11750,250,0.499570833333,0.261595833333,0.113355697366,0.9134,0.00910638297872,longer,threshold,AI,12000,8000,100,20,13,18,94,1,random,mean,250
2026100815,11750,250,0.158854166667,-0.158854166667,0.254219460689,0,0.0250212765957,longer,threshold,AI,12000,8000,100,20,13,18,94,1,random,mean,250
2026100800,12000,250,0.502008333333,0.331325,0.0934482622936,1,0.0103333333333,longer,threshold,AI,12000,8000,100,20,13,18,94,1,random,mean,250
2026100801,12000,250,0.615104166667,0.1765625,0.0919656558275,0.95,0.0110833333333,longer,threshold,AI,12000,8000,100,20,13,18,94,1,random,mean,250
2026100802,12000,250,0.56915,0.264183333333,0.0897048652023,1,0.007,longer,threshold,AI,12000,8000,100,20,13,18,94,1,random,mean,250
2026100803,12000,250,0.08985625,-0.08985625,0.261125164774,0,0.0165833333333,longer,threshold,AI,12000,8000,100,20,13,18,94,1,random,mean,250
2026100804,12000,250,0.5814125,0.251920833333,0.0865081406577,1,0.0105,longer,threshold,AI,12000,8000,100,20,13,18,94,1,random,mean,250
2026100805,12000,250,0.242229166667,-0.242229166667,0.256375391954,0,0.0255,longer,threshold,AI,12000,8000,100,20,13,18,94,1,random,mean,250
2026100806,12000,250,0.500041666667,0.333291666667,0.0941516978346,1,0.00733333333333,longer,threshold,AI,12000,8000,100,20,13,18,94,1,random,mean,250
2026100807,12000,250,0.500520833333,0.3328125,0.0944758858268,1,0.0115833333333,longer,threshold,AI,12000,8000,100,20,13,18,94,1,random,mean,250
2026100808,12000,250,0.56875,0.264583333333,0.0905758785191,1,0.0125833333333,longer,threshold,AI,12000,8000,100,20,13,18,94,1,random,mean,250
2026100809,12000,250,0.6478125,0.185520833333,0.0835238066955,1,0.00775,longer,threshold,AI,12000,8000,100,20,13,18,94,1,random,mean,250
2026100810,12000,250,0.5609375,0.272395833333,0.0955710044999,1,0.00916666666667,longer,threshold,AI,12000,8000,100,20,13,18,94,1,random,mean,250
2026100811,12000,250,0.516145833333,0.280520833333,0.102064425441,0.956,0.02425,longer,threshold,AI,12000,8000,100,20,13,18,94,1,random,mean,250
2026100812,12000,250,0.659375,0.132291666667,0.0838908670159,0.95,0.00841666666667,longer,threshold,AI,12000,8000,100,20,13,18,94,1,random,mean,250
2026100813,12000,250,0.553645833333,0.2796875,0.0963668699187,1,0.00758333333333,longer,threshold,AI,12000,8000,100,20,13,18,94,1,random,mean,250
2026100814,12000,250,0.508595833333,0.283070833333,0.105507716535,0.95,0.00916666666667,longer,threshold,AI,12000,8000,100,20,13,18,94,1,random,mean,250
2026100815,12000,250,0.164520833333,-0.164520833333,0.250966295689,0,0.0246666666667,longer,threshold,AI,12000,8000,100,20,13,18,94,1,random,mean,250
