seed,step,window_steps,group_relative_contribution,surplus,gini,success,acceptance_rate,experiment,game,treatment,steps,burn_in,thin,rounds,levels,beta,gamma,selection,initial,signal,diagnostic_every
2026100900,250,250,0.521360416667,0.158139583333,0.155731102395,0.8154,0.12,baseline,threshold,MI,6000,2000,100,20,13,18,94,1,random,mean,250
2026100901,250,250,0.44196875,0.0761979166667,0.210785988786,0.6218,0.116,baseline,threshold,MI,6000,2000,100,20,13,18,94,1,random,mean,250
2026100902,250,250,0.488458333333,0.194375,0.165452352389,0.8194,0.072,baseline,threshold,MI,6000,2000,100,20,13,18,94,1,random,mean,250
2026100903,250,250,0.395289583333,-0.0957895833333,0.230134839589,0.3594,0.16,baseline,threshold,MI,6000,2000,100,20,13,18,94,1,random,mean,250
2026100904,250,250,0.551233333333,-0.0499,0.193424153431,0.6016,0.14,baseline,threshold,MI,6000,2000,100,20,13,18,94,1,random,mean,250
2026100905,250,250,0.46005,0.289116666667,0.161463192543,0.899,0.064,baseline,threshold,MI,6000,2000,100,20,13,18,94,1,random,mean,250
2026100906,250,250,0.523310416667,0.139522916667,0.14202565504,0.7954,0.068,baseline,threshold,MI,6000,2000,100,20,13,18,94,1,random,mean,250
2026100907,250,250,0.438066666667,0.0334333333333,0.206945849407,0.5658,0.084,baseline,threshold,MI,6000,2000,100,20,13,18,94,1,random,mean,250
2026100908,250,250,0.45556875,-0.0452354166667,0.218786044781,0.4924,0.196,baseline,threshold,MI,6000,2000,100,20,13,18,94,1,random,mean,250
2026100909,250,250,0.37174375,-0.154410416667,0.241416270599,0.2608,0.072,baseline,threshold,MI,6000,2000,100,20,13,18,94,1,random,mean,250
2026100910,250,250,0.670864583333,0.112635416667,0.112678957834,0.9402,0.056,baseline,threshold,MI,6000,2000,100,20,13,18,94,1,random,mean,250
2026100911,250,250,0.56379375,0.241039583333,0.105258324563,0.9658,0.036,baseline,threshold,MI,6000,2000,100,20,13,18,94,1,random,mean,250
2026100912,250,250,0.331572916667,-0.14690625,0.269807775961,0.2216,0.164,baseline,threshold,MI,6000,2000,100,20,13,18,94,1,random,mean,250
2026100913,250,250,0.415804166667,-0.123304166667,0.239204009097,0.351,0.14,baseline,threshold,MI,6000,2000,100,20,13,18,94,1,random,mean,250
2026100914,250,250,0.258375,-0.198041666667,0.259217603092,0.0724,0.108,baseline,threshold,MI,6000,2000,100,20,13,18,94,1,random,mean,250
2026100915,250,250,0.234189583333,-0.105189583333,0.239604510435,0.1548,0.06,baseline,threshold,MI,6000,2000,100,20,13,18,94,1,random,mean,250
2026100916,250,250,0.5079,0.139266666667,0.160967064163,0.7766,0.072,baseline,threshold,MI,6000,2000,100,20,13,18,94,1,random,mean,250
2026100917,250,250,0.483747916667,0.176085416667,0.169364060571,0.7918,0.156,baseline,threshold,MI,6000,2000,100,20,13,18,94,1,random,mean,250
2026100918,250,250,0.373110416667,-0.28844375,0.252144528749,0.1016,0.036,baseline,threshold,MI,6000,2000,100,20,13,18,94,1,random,mean,250
2026100919,250,250,0.349689583333,-0.247022916667,0.276595475554,0.1232,0.08,baseline,threshold,MI,6000,2000,100,20,13,18,94,1,random,mean,250
2026100920,250,250,0.520379166667,0.203620833333,0.143161354405,0.8688,0.1,baseline,threshold,MI,6000,2000,100,20,13,18,94,1,random,mean,250
2026100921,250,250,0.49285,-0.00985,0.202056912084,0.5796,0.224,baseline,threshold,MI,6000,2000,100,20,13,18,94,1,random,mean,250
2026100922,250,250,0.475445833333,0.1318875,0.175052132931,0.7288,0.08,baseline,threshold,MI,6000,2000,100,20,13,18,94,1,random,mean,250
2026100923,250,250,0.451939583333,-0.0229395833333,0.223672148413,0.5148,0.164,baseline,threshold,MI,6000,2000,100,20,13,18,94,1,random,mean,250
2026100924,250,250,0.545154166667,0.119845833333,0.153373665028,0.798,0.056,baseline,threshold,MI,6000,2000,100,20,13,18,94,1,random,mean,250
2026100925,250,250,0.54026875,0.229064583333,0.11868748367,0.9232,0.024,baseline,threshold,MI,6000,2000,100,20,13,18,94,1,random,mean,250
2026100926,250,250,0.548435416667,0.260897916667,0.130383496898,0.9712,0.032,baseline,threshold,MI,6000,2000,100,20,13,18,94,1,random,mean,250
2026100927,250,250,0.252233333333,-0.0849,0.261846392184,0.2008,0.048,baseline,threshold,MI,6000,2000,100,20,13,18,94,1,random,mean,250
2026100928,250,250,0.510791666667,0.0877083333333,0.184445329904,0.7182,0.088,baseline,threshold,MI,6000,2000,100,20,13,18,94,1,random,mean,250
2026100929,250,250,0.463035416667,0.05563125,0.18994995066,0.6224,0.064,baseline,threshold,MI,6000,2000,100,20,13,18,94,1,random,mean,250
2026100930,250,250,0.728822916667,0.0930104166667,0.0707744675775,0.9862,0.028,baseline,threshold,MI,6000,2000,100,20,13,18,94,1,random,mean,250
2026100931,250,250,0.57253125,0.191135416667,0.127485641825,0.9164,0.088,baseline,threshold,MI,6000,2000,100,20,13,18,94,1,random,mean,250
2026100900,500,250,0.46573125,-0.100064583333,0.208554916939,0.4388,0.062,baseline,threshold,MI,6000,2000,100,20,13,18,94,1,random,mean,250
2026100901,500,250,0.46285,0.16065,0.172612985623,0.7482,0.082,baseline,threshold,MI,6000,2000,100,20,13,18,94,1,random,mean,250
2026100902,500,250,0.370708333333,-0.038875,0.234808895132,0.3982,0.072,baseline,threshold,MI,6000,2000,100,20,13,18,94,1,random,mean,250
2026100903,500,250,0.50829375,0.280872916667,0.134591274602,0.947,0.09,baseline,threshold,MI,6000,2000,100,20,13,18,94,1,random,mean,250
2026100904,500,250,0.591435416667,0.171397916667,0.106237556644,0.9154,0.1,baseline,threshold,MI,6000,2000,100,20,13,18,94,1,random,mean,250
2026100905,500,250,0.492054166667,0.242445833333,0.131943535983,0.8814,0.042,baseline,threshold,MI,6000,2000,100,20,13,18,94,1,random,mean,250
2026100906,500,250,0.5192,0.212633333333,0.144100032919,0.8782,0.052,baseline,threshold,MI,6000,2000,100,20,13,18,94,1,random,mean,250
2026100907,500,250,0.471845833333,0.197154166667,0.158516475696,0.8028,0.044,baseline,threshold,MI,6000,2000,100,20,13,18,94,1,random,mean,250
2026100908,500,250,0.608541666667,0.195958333333,0.0893574540199,0.9654,0.108,baseline,threshold,MI,6000,2000,100,20,13,18,94,1,random,mean,250
2026100909,500,250,0.567120833333,0.244545833333,0.103625163365,0.974,0.048,baseline,threshold,MI,6000,2000,100,20,13,18,94,1,random,mean,250
2026100910,500,250,0.70625,0.0854166666667,0.0909739165563,0.95,0.028,baseline,threshold,MI,6000,2000,100,20,13,18,94,1,random,mean,250
2026100911,500,250,0.565625,0.226041666667,0.094814624039,0.95,0.018,baseline,threshold,MI,6000,2000,100,20,13,18,94,1,random,mean,250
2026100912,500,250,0.51901875,0.26698125,0.115351896604,0.9432,0.102,baseline,threshold,MI,6000,2000,100,20,13,18,94,1,random,mean,250
2026100913,500,250,0.46674375,0.03225625,0.200334364261,0.5988,0.114,baseline,threshold,MI,6000,2000,100,20,13,18,94,1,random,mean,250
2026100914,500,250,0.2143625,-0.165195833333,0.244687093683,0.059,0.06,baseline,threshold,MI,6000,2000,100,20,13,18,94,1,random,mean,250
2026100915,500,250,0.217595833333,-0.1342625,0.255973468897,0.1,0.032,baseline,threshold,MI,6000,2000,100,20,13,18,94,1,random,mean,250
2026100916,500,250,0.47605625,0.137777083333,0.180340376238,0.7366,0.07,baseline,threshold,MI,6000,2000,100,20,13,18,94,1,random,mean,250
2026100917,500,250,0.492527083333,0.0946395833333,0.160453421317,0.7046,0.12,baseline,threshold,MI,6000,2000,100,20,13,18,94,1,random,mean,250
2026100918,500,250,0.328125,-0.286458333333,0.264861761503,0.05,0.018,baseline,threshold,MI,6000,2000,100,20,13,18,94,1,random,mean,250
2026100919,500,250,0.305614583333,-0.0996145833333,0.237506662637,0.2472,0.048,baseline,threshold,MI,6000,2000,100,20,13,18,94,1,random,mean,250
2026100920,500,250,0.50144375,0.296722916667,0.121588272,0.9578,0.052,baseline,threshold,MI,6000,2000,100,20,13,18,94,1,random,mean,250
2026100921,500,250,0.535022916667,0.270477083333,0.113602373161,0.9666,0.128,baseline,threshold,MI,6000,2000,100,20,13,18,94,1,random,mean,250
2026100922,500,250,0.458702083333,0.284464583333,0.151328455472,0.8918,0.054,baseline,threshold,MI,6000,2000,100,20,13,18,94,1,random,mean,250
2026100923,500,250,0.549708333333,0.151458333333,0.132127435476,0.8414,0.122,baseline,threshold,MI,6000,2000,100,20,13,18,94,1,random,mean,250
2026100924,500,250,0.56793125,0.21006875,0.11326086047,0.9336,0.038,baseline,threshold,MI,6000,2000,100,20,13,18,94,1,random,mean,250
2026100925,500,250,0.520795833333,0.270870833333,0.123100411277,0.95,0.014,baseline,threshold,MI,6000,2000,100,20,13,18,94,1,random,mean,250
2026100926,500,250,0.561045833333,0.266620833333,0.1152106917,0.9932,0.026,baseline,threshold,MI,6000,2000,100,20,13,18,94,1,random,mean,250
2026100927,500,250,0.241575,-0.235908333333,0.259941881166,0.0068,0.032,baseline,threshold,MI,6000,2000,100,20,13,18,94,1,random,mean,250
2026100928,500,250,0.573875,0.102625,0.135674108523,0.8118,0.056,baseline,threshold,MI,6000,2000,100,20,13,18,94,1,random,mean,250
2026100929,500,250,0.51725,0.261916666667,0.107318086051,0.935,0.038,baseline,threshold,MI,6000,2000,100,20,13,18,94,1,random,mean,250
2026100930,500,250,0.727604166667,0.105729166667,0.0680833914456,1,0.018,baseline,threshold,MI,6000,2000,100,20,13,18,94,1,random,mean,250
2026100931,500,250,0.55744375,0.275889583333,0.0996403675763,1,0.048,baseline,threshold,MI,6000,2000,100,20,13,18,94,1,random,mean,250
2026100900,750,250,0.4764,0.0656,0.172938183451,0.6504,0.0466666666667,baseline,threshold,MI,6000,2000,100,20,13,18,94,1,random,mean,250
2026100901,750,250,0.48766875,0.282997916667,0.12743648513,0.9248,0.0613333333333,baseline,threshold,MI,6000,2000,100,20,13,18,94,1,random,mean,250
2026100902,750,250,0.550504166667,0.0998291666667,0.128741766462,0.7804,0.064,baseline,threshold,MI,6000,2000,100,20,13,18,94,1,random,mean,250
2026100903,750,250,0.491852083333,0.299814583333,0.142423905332,0.95,0.0613333333333,baseline,threshold,MI,6000,2000,100,20,13,18,94,1,random,mean,250
2026100904,750,250,0.5578125,0.1921875,0.11493405382,0.9,0.0666666666667,baseline,threshold,MI,6000,2000,100,20,13,18,94,1,random,mean,250
2026100905,750,250,0.4958,0.276366666667,0.115583110859,0.9266,0.0293333333333,baseline,threshold,MI,6000,2000,100,20,13,18,94,1,random,mean,250
2026100906,750,250,0.515170833333,0.3181625,0.132449516505,1,0.036,baseline,threshold,MI,6000,2000,100,20,13,18,94,1,random,mean,250
2026100907,750,250,0.470833333333,0.279166666667,0.138133922009,0.9,0.0293333333333,baseline,threshold,MI,6000,2000,100,20,13,18,94,1,random,mean,250
2026100908,750,250,0.550283333333,0.187883333333,0.128540905903,0.8858,0.0973333333333,baseline,threshold,MI,6000,2000,100,20,13,18,94,1,random,mean,250
2026100909,750,250,0.572654166667,0.223345833333,0.0938714146704,0.9552,0.0333333333333,baseline,threshold,MI,6000,2000,100,20,13,18,94,1,random,mean,250
2026100910,750,250,0.70625,0.0854166666667,0.0909739165563,0.95,0.0186666666667,baseline,threshold,MI,6000,2000,100,20,13,18,94,1,random,mean,250
2026100911,750,250,0.578122916667,0.242377083333,0.0841047847971,0.9846,0.0146666666667,baseline,threshold,MI,6000,2000,100,20,13,18,94,1,random,mean,250
2026100912,750,250,0.540014583333,0.234152083333,0.123688357051,0.929,0.0786666666667,baseline,threshold,MI,6000,2000,100,20,13,18,94,1,random,mean,250
2026100913,750,250,0.501241666667,0.076925,0.175074145736,0.6938,0.113333333333,baseline,threshold,MI,6000,2000,100,20,13,18,94,1,random,mean,250
2026100914,750,250,0.19893125,-0.180597916667,0.248208526999,0.022,0.0453333333333,baseline,threshold,MI,6000,2000,100,20,13,18,94,1,random,mean,250
2026100915,750,250,0.414397916667,0.00226875,0.210612838361,0.5,0.056,baseline,threshold,MI,6000,2000,100,20,13,18,94,1,random,mean,250
2026100916,750,250,0.4750125,0.0374875,0.185836801596,0.615,0.0706666666667,baseline,threshold,MI,6000,2000,100,20,13,18,94,1,random,mean,250
2026100917,750,250,0.550827083333,0.25150625,0.103634633184,0.9628,0.088,baseline,threshold,MI,6000,2000,100,20,13,18,94,1,random,mean,250
2026100918,750,250,0.322770833333,-0.281104166667,0.258444867372,0.05,0.0146666666667,baseline,threshold,MI,6000,2000,100,20,13,18,94,1,random,mean,250
2026100919,750,250,0.181966666667,-0.181966666667,0.247735887725,0,0.0386666666667,baseline,threshold,MI,6000,2000,100,20,13,18,94,1,random,mean,250
2026100920,750,250,0.483354166667,0.329979166667,0.123261939773,0.976,0.0373333333333,baseline,threshold,MI,6000,2000,100,20,13,18,94,1,random,mean,250
2026100921,750,250,0.526041666667,0.265625,0.121203075927,0.95,0.0853333333333,baseline,threshold,MI,6000,2000,100,20,13,18,94,1,random,mean,250
2026100922,750,250,0.443741666667,0.347925,0.145477576025,0.95,0.0373333333333,baseline,threshold,MI,6000,2000,100,20,13,18,94,1,random,mean,250
2026100923,750,250,0.5785875,0.254745833333,0.0884277617591,1,0.0826666666667,baseline,threshold,MI,6000,2000,100,20,13,18,94,1,random,mean,250
2026100924,750,250,0.5453125,0.163020833333,0.130759297521,0.85,0.0253333333333,baseline,threshold,MI,6000,2000,100,20,13,18,94,1,random,mean,250
2026100925,750,250,0.522697916667,0.247802083333,0.124657091487,0.9246,0.016,baseline,threshold,MI,6000,2000,100,20,13,18,94,1,random,mean,250
2026100926,750,250,0.575520833333,0.2578125,0.0897878329789,1,0.0186666666667,baseline,threshold,MI,6000,2000,100,20,13,18,94,1,random,mean,250
2026100927,750,250,0.2296875,-0.2296875,0.256418918919,0,0.0213333333333,baseline,threshold,MI,6000,2000,100,20,13,18,94,1,random,mean,250
2026100928,750,250,0.656079166667,0.1230875,0.100546199976,0.935,0.044,baseline,threshold,MI,6000,2000,100,20,13,18,94,1,random,mean,250
2026100929,750,250,0.515104166667,0.2765625,0.104003540904,0.95,0.0253333333333,baseline,threshold,MI,6000,2000,100,20,13,18,94,1,random,mean,250
2026100930,750,250,0.723091666667,0.110241666667,0.0706654878595,1,0.0133333333333,baseline,threshold,MI,6000,2000,100,20,13,18,94,1,random,mean,250
2026100931,750,250,0.53048125,0.302852083333,0.102999812899,1,0.0346666666667,baseline,threshold,MI,6000,2000,100,20,13,18,94,1,random,mean,250
2026100900,1000,250,0.478645833333,0.313020833333,0.121892911011,0.95,0.035,baseline,threshold,MI,6000,2000,100,20,13,18,94,1,random,mean,250
2026100901,1000,250,0.50853125,0.26196875,0.112897537014,0.9246,0.05,baseline,threshold,MI,6000,2000,100,20,13,18,94,1,random,mean,250
2026100902,1000,250,0.527604166667,0.305729166667,0.0972795868258,1,0.048,baseline,threshold,MI,6000,2000,100,20,13,18,94,1,random,mean,250
2026100903,1000,250,0.505795833333,0.271704166667,0.140294339805,0.933,0.051,baseline,threshold,MI,6000,2000,100,20,13,18,94,1,random,mean,250
2026100904,1000,250,0.550835416667,0.243664583333,0.113563316978,0.9534,0.054,baseline,threshold,MI,6000,2000,100,20,13,18,94,1,random,mean,250
2026100905,1000,250,0.496354166667,0.253645833333,0.11858022723,0.9,0.022,baseline,threshold,MI,6000,2000,100,20,13,18,94,1,random,mean,250
2026100906,1000,250,0.524779166667,0.252720833333,0.142429759875,0.933,0.046,baseline,threshold,MI,6000,2000,100,20,13,18,94,1,random,mean,250
2026100907,1000,250,0.5007,0.261633333333,0.121038285039,0.9148,0.024,baseline,threshold,MI,6000,2000,100,20,13,18,94,1,random,mean,250
2026100908,1000,250,0.500520833333,0.291145833333,0.126592676126,0.95,0.073,baseline,threshold,MI,6000,2000,100,20,13,18,94,1,random,mean,250
2026100909,1000,250,0.571354166667,0.2203125,0.0944912976125,0.95,0.025,baseline,threshold,MI,6000,2000,100,20,13,18,94,1,random,mean,250
2026100910,1000,250,0.7051,0.0865666666667,0.0908081543379,0.95,0.015,baseline,threshold,MI,6000,2000,100,20,13,18,94,1,random,mean,250
2026100911,1000,250,0.5671875,0.266145833333,0.0874038880023,1,0.011,baseline,threshold,MI,6000,2000,100,20,13,18,94,1,random,mean,250
2026100912,1000,250,0.54478125,0.220385416667,0.11733634512,0.9182,0.065,baseline,threshold,MI,6000,2000,100,20,13,18,94,1,random,mean,250
2026100913,1000,250,0.549366666667,0.2783,0.118447603928,0.9932,0.092,baseline,threshold,MI,6000,2000,100,20,13,18,94,1,random,mean,250
2026100914,1000,250,0.168183333333,-0.168183333333,0.253831255017,0,0.037,baseline,threshold,MI,6000,2000,100,20,13,18,94,1,random,mean,250
2026100915,1000,250,0.548683333333,0.12615,0.152177030834,0.8098,0.077,baseline,threshold,MI,6000,2000,100,20,13,18,94,1,random,mean,250
2026100916,1000,250,0.51554375,0.20495625,0.136468791709,0.8646,0.055,baseline,threshold,MI,6000,2000,100,20,13,18,94,1,random,mean,250
2026100917,1000,250,0.555208333333,0.278125,0.100183554933,1,0.066,baseline,threshold,MI,6000,2000,100,20,13,18,94,1,random,mean,250
2026100918,1000,250,0.322395833333,-0.280729166667,0.25788477904,0.05,0.011,baseline,threshold,MI,6000,2000,100,20,13,18,94,1,random,mean,250
2026100919,1000,250,0.16735625,-0.16735625,0.25255980227,0,0.031,baseline,threshold,MI,6000,2000,100,20,13,18,94,1,random,mean,250
2026100920,1000,250,0.491541666667,0.319458333333,0.121317501956,0.9732,0.03,baseline,threshold,MI,6000,2000,100,20,13,18,94,1,random,mean,250
2026100921,1000,250,0.525447916667,0.26621875,0.120219545229,0.95,0.066,baseline,threshold,MI,6000,2000,100,20,13,18,94,1,random,mean,250
2026100922,1000,250,0.441666666667,0.35,0.144891772462,0.95,0.028,baseline,threshold,MI,6000,2000,100,20,13,18,94,1,random,mean,250
2026100923,1000,250,0.578125,0.255208333333,0.0893589545893,1,0.062,baseline,threshold,MI,6000,2000,100,20,13,18,94,1,random,mean,250
2026100924,1000,250,0.481647916667,-0.174147916667,0.220476591647,0.369,0.031,baseline,threshold,MI,6000,2000,100,20,13,18,94,1,random,mean,250
2026100925,1000,250,0.561560416667,0.244272916667,0.0950937497906,0.967,0.015,baseline,threshold,MI,6000,2000,100,20,13,18,94,1,random,mean,250
2026100926,1000,250,0.575520833333,0.2578125,0.0897878329789,1,0.014,baseline,threshold,MI,6000,2000,100,20,13,18,94,1,random,mean,250
2026100927,1000,250,0.384475,0.108525,0.191655984245,0.5916,0.018,baseline,threshold,MI,6000,2000,100,20,13,18,94,1,random,mean,250
2026100928,1000,250,0.573214583333,0.17511875,0.125456556909,0.898,0.043,baseline,threshold,MI,6000,2000,100,20,13,18,94,1,random,mean,250
2026100929,1000,250,0.5162875,0.275379166667,0.103338070322,0.95,0.021,baseline,threshold,MI,6000,2000,100,20,13,18,94,1,random,mean,250
2026100930,1000,250,0.71875,0.114583333333,0.0741854747756,1,0.013,baseline,threshold,MI,6000,2000,100,20,13,18,94,1,random,mean,250
2026100931,1000,250,0.50425,0.293916666667,0.116899402697,0.9578,0.031,baseline,threshold,MI,6000,2000,100,20,13,18,94,1,random,mean,250
2026100900,1250,250,0.477845833333,0.313820833333,0.122525038929,0.95,0.0288,baseline,threshold,MI,6000,2000,100,20,13,18,94,1,random,mean,250
2026100901,1250,250,0.5084375,0.274895833333,0.106291281958,0.94,0.0408,baseline,threshold,MI,6000,2000,100,20,13,18,94,1,random,mean,250
2026100902,1250,250,0.527604166667,0.305729166667,0.0972795868258,1,0.0384,baseline,threshold,MI,6000,2000,100,20,13,18,94,1,random,mean,250
2026100903,1250,250,0.554975,0.196191666667,0.116233317813,0.9014,0.0432,baseline,threshold,MI,6000,2000,100,20,13,18,94,1,random,mean,250
2026100904,1250,250,0.540625,0.251041666667,0.121649124388,0.95,0.0432,baseline,threshold,MI,6000,2000,100,20,13,18,94,1,random,mean,250
2026100905,1250,250,0.496354166667,0.253645833333,0.11858022723,0.9,0.0176,baseline,threshold,MI,6000,2000,100,20,13,18,94,1,random,mean,250
2026100906,1250,250,0.521097916667,0.0692354166667,0.166022987768,0.7084,0.0552,baseline,threshold,MI,6000,2000,100,20,13,18,94,1,random,mean,250
2026100907,1250,250,0.513897916667,0.261602083333,0.114324567084,0.9306,0.0208,baseline,threshold,MI,6000,2000,100,20,13,18,94,1,random,mean,250
2026100908,1250,250,0.503958333333,0.274375,0.121518062958,0.934,0.0616,baseline,threshold,MI,6000,2000,100,20,13,18,94,1,random,mean,250
2026100909,1250,250,0.571391666667,0.220275,0.0945260879783,0.95,0.0208,baseline,threshold,MI,6000,2000,100,20,13,18,94,1,random,mean,250
2026100910,1250,250,0.63196875,0.14853125,0.102257102939,0.9366,0.0144,baseline,threshold,MI,6000,2000,100,20,13,18,94,1,random,mean,250
2026100911,1250,250,0.5677125,0.265620833333,0.0875686332786,1,0.0096,baseline,threshold,MI,6000,2000,100,20,13,18,94,1,random,mean,250
2026100912,1250,250,0.616666666667,0.165833333333,0.104722964804,0.939,0.0568,baseline,threshold,MI,6000,2000,100,20,13,18,94,1,random,mean,250
2026100913,1250,250,0.488241666667,0.171758333333,0.161151265327,0.792,0.0832,baseline,threshold,MI,6000,2000,100,20,13,18,94,1,random,mean,250
2026100914,1250,250,0.182272916667,-0.170439583333,0.246310813497,0.0142,0.0304,baseline,threshold,MI,6000,2000,100,20,13,18,94,1,random,mean,250
2026100915,1250,250,0.5982875,0.1512125,0.120868741027,0.8994,0.068,baseline,threshold,MI,6000,2000,100,20,13,18,94,1,random,mean,250
2026100916,1250,250,0.535770833333,0.1870625,0.126070513084,0.8674,0.0456,baseline,threshold,MI,6000,2000,100,20,13,18,94,1,random,mean,250
2026100917,1250,250,0.551208333333,0.282125,0.102945501317,1,0.0536,baseline,threshold,MI,6000,2000,100,20,13,18,94,1,random,mean,250
2026100918,1250,250,0.294,-0.2915,0.274259027996,0.003,0.0096,baseline,threshold,MI,6000,2000,100,20,13,18,94,1,random,mean,250
2026100919,1250,250,0.189772916667,-0.149772916667,0.250945470862,0.048,0.0272,baseline,threshold,MI,6000,2000,100,20,13,18,94,1,random,mean,250
2026100920,1250,250,0.4859375,0.347395833333,0.118081166115,1,0.024,baseline,threshold,MI,6000,2000,100,20,13,18,94,1,random,mean,250
2026100921,1250,250,0.530575,0.293758333333,0.107806365866,0.9892,0.0544,baseline,threshold,MI,6000,2000,100,20,13,18,94,1,random,mean,250
2026100922,1250,250,0.441666666667,0.35,0.144891772462,0.95,0.0224,baseline,threshold,MI,6000,2000,100,20,13,18,94,1,random,mean,250
2026100923,1250,250,0.578125,0.255208333333,0.0893589545893,1,0.0496,baseline,threshold,MI,6000,2000,100,20,13,18,94,1,random,mean,250
2026100924,1250,250,0.631495833333,0.0880041666667,0.109168116345,0.8634,0.0328,baseline,threshold,MI,6000,2000,100,20,13,18,94,1,random,mean,250
2026100925,1250,250,0.5552875,0.245379166667,0.1003171609,0.9608,0.0144,baseline,threshold,MI,6000,2000,100,20,13,18,94,1,random,mean,250
2026100926,1250,250,0.575520833333,0.2578125,0.0897878329789,1,0.0112,baseline,threshold,MI,6000,2000,100,20,13,18,94,1,random,mean,250
2026100927,1250,250,0.230104166667,-0.230104166667,0.256696696697,0,0.0152,baseline,threshold,MI,6000,2000,100,20,13,18,94,1,random,mean,250
2026100928,1250,250,0.272395833333,-0.230729166667,0.279628755683,0.05,0.0352,baseline,threshold,MI,6000,2000,100,20,13,18,94,1,random,mean,250
2026100929,1250,250,0.5143875,0.277279166667,0.103308725096,0.95,0.0176,baseline,threshold,MI,6000,2000,100,20,13,18,94,1,random,mean,250
2026100930,1250,250,0.714395833333,0.1189375,0.0745227789723,1,0.0112,baseline,threshold,MI,6000,2000,100,20,13,18,94,1,random,mean,250
2026100931,1250,250,0.532291666667,0.259375,0.118048020528,0.95,0.0248,baseline,threshold,MI,6000,2000,100,20,13,18,94,1,random,mean,250
2026100900,1500,250,0.477604166667,0.3140625,0.122715994238,0.95,0.024,baseline,threshold,MI,6000,2000,100,20,13,18,94,1,random,mean,250
2026100901,1500,250,0.506770833333,0.284895833333,0.105728033996,0.95,0.034,baseline,threshold,MI,6000,2000,100,20,13,18,94,1,random,mean,250
2026100902,1500,250,0.527604166667,0.305729166667,0.0972795868258,1,0.032,baseline,threshold,MI,6000,2000,100,20,13,18,94,1,random,mean,250
2026100903,1500,250,0.54140625,0.250260416667,0.110412944395,0.95,0.0373333333333,baseline,threshold,MI,6000,2000,100,20,13,18,94,1,random,mean,250
2026100904,1500,250,0.531725,0.245275,0.124165680969,0.9324,0.0373333333333,baseline,threshold,MI,6000,2000,100,20,13,18,94,1,random,mean,250
2026100905,1500,250,0.496354166667,0.253645833333,0.11858022723,0.9,0.0146666666667,baseline,threshold,MI,6000,2000,100,20,13,18,94,1,random,mean,250
2026100906,1500,250,0.620995833333,0.0493375,0.127627926414,0.8044,0.05,baseline,threshold,MI,6000,2000,100,20,13,18,94,1,random,mean,250
2026100907,1500,250,0.502329166667,0.273504166667,0.122419875904,0.931,0.0193333333333,baseline,threshold,MI,6000,2000,100,20,13,18,94,1,random,mean,250
2026100908,1500,250,0.509375,0.282291666667,0.110425036156,0.95,0.052,baseline,threshold,MI,6000,2000,100,20,13,18,94,1,random,mean,250
2026100909,1500,250,0.572395833333,0.219270833333,0.095457696661,0.95,0.018,baseline,threshold,MI,6000,2000,100,20,13,18,94,1,random,mean,250
2026100910,1500,250,0.42016875,-0.24916875,0.251995296899,0.2052,0.024,baseline,threshold,MI,6000,2000,100,20,13,18,94,1,random,mean,250
2026100911,1500,250,0.568229166667,0.265104166667,0.0877307635504,1,0.008,baseline,threshold,MI,6000,2000,100,20,13,18,94,1,random,mean,250
2026100912,1500,250,0.6582625,0.131070833333,0.0936957330015,0.9472,0.0486666666667,baseline,threshold,MI,6000,2000,100,20,13,18,94,1,random,mean,250
2026100913,1500,250,0.461747916667,0.122252083333,0.189333776251,0.7008,0.0753333333333,baseline,threshold,MI,6000,2000,100,20,13,18,94,1,random,mean,250
2026100914,1500,250,0.188922916667,-0.14725625,0.24627552649,0.05,0.026,baseline,threshold,MI,6000,2000,100,20,13,18,94,1,random,mean,250
2026100915,1500,250,0.490116666667,0.318716666667,0.121063791891,0.9706,0.062,baseline,threshold,MI,6000,2000,100,20,13,18,94,1,random,mean,250
2026100916,1500,250,0.561458333333,0.230208333333,0.0986108136284,0.95,0.038,baseline,threshold,MI,6000,2000,100,20,13,18,94,1,random,mean,250
2026100917,1500,250,0.544704166667,0.288629166667,0.105800946399,1,0.0453333333333,baseline,threshold,MI,6000,2000,100,20,13,18,94,1,random,mean,250
2026100918,1500,250,0.292566666667,-0.292566666667,0.275358498024,0,0.00866666666667,baseline,threshold,MI,6000,2000,100,20,13,18,94,1,random,mean,250
2026100919,1500,250,0.177810416667,-0.177810416667,0.251352241521,0,0.024,baseline,threshold,MI,6000,2000,100,20,13,18,94,1,random,mean,250
2026100920,1500,250,0.484675,0.313325,0.126428404522,0.9576,0.0213333333333,baseline,threshold,MI,6000,2000,100,20,13,18,94,1,random,mean,250
2026100921,1500,250,0.53469375,0.298639583333,0.0950774476587,1,0.0473333333333,baseline,threshold,MI,6000,2000,100,20,13,18,94,1,random,mean,250
2026100922,1500,250,0.441666666667,0.35,0.144891772462,0.95,0.0186666666667,baseline,threshold,MI,6000,2000,100,20,13,18,94,1,random,mean,250
2026100923,1500,250,0.575952083333,0.233714583333,0.0981221766016,0.9716,0.0433333333333,baseline,threshold,MI,6000,2000,100,20,13,18,94,1,random,mean,250
2026100924,1500,250,0.658108333333,0.136058333333,0.0888424330881,0.953,0.0286666666667,baseline,threshold,MI,6000,2000,100,20,13,18,94,1,random,mean,250
2026100925,1500,250,0.564391666667,0.227275,0.105493123692,0.95,0.0133333333333,baseline,threshold,MI,6000,2000,100,20,13,18,94,1,random,mean,250
2026100926,1500,250,0.575520833333,0.2578125,0.0897878329789,1,0.00933333333333,baseline,threshold,MI,6000,2000,100,20,13,18,94,1,random,mean,250
2026100927,1500,250,0.23063125,-0.23063125,0.257341943176,0,0.0133333333333,baseline,threshold,MI,6000,2000,100,20,13,18,94,1,random,mean,250
2026100928,1500,250,0.340225,-0.099725,0.246954324022,0.2886,0.0313333333333,baseline,threshold,MI,6000,2000,100,20,13,18,94,1,random,mean,250
2026100929,1500,250,0.488754166667,0.268245833333,0.120186448734,0.9084,0.0153333333333,baseline,threshold,MI,6000,2000,100,20,13,18,94,1,random,mean,250
2026100930,1500,250,0.712414583333,0.12091875,0.0748127106227,1,0.01,baseline,threshold,MI,6000,2000,100,20,13,18,94,1,random,mean,250
2026100931,1500,250,0.535008333333,0.256658333333,0.119098779968,0.95,0.022,baseline,threshold,MI,6000,2000,100,20,13,18,94,1,random,mean,250
2026100900,1750,250,0.4906,0.2459,0.131873045354,0.8838,0.0245714285714,baseline,threshold,MI,6000,2000,100,20,13,18,94,1,random,mean,250
2026100901,1750,250,0.5039875,0.287679166667,0.104933158185,0.95,0.0302857142857,baseline,threshold,MI,6000,2000,100,20,13,18,94,1,random,mean,250
2026100902,1750,250,0.527604166667,0.305729166667,0.0972795868258,1,0.0274285714286,baseline,threshold,MI,6000,2000,100,20,13,18,94,1,random,mean,250
2026100903,1750,250,0.535216666667,0.251283333333,0.112812216735,0.9438,0.0337142857143,baseline,threshold,MI,6000,2000,100,20,13,18,94,1,random,mean,250
2026100904,1750,250,0.51875,0.23125,0.131429443202,0.9,0.032,baseline,threshold,MI,6000,2000,100,20,13,18,94,1,random,mean,250
2026100905,1750,250,0.496354166667,0.253645833333,0.11858022723,0.9,0.0125714285714,baseline,threshold,MI,6000,2000,100,20,13,18,94,1,random,mean,250
2026100906,1750,250,0.59638125,0.0729520833333,0.140804995254,0.8032,0.0634285714286,baseline,threshold,MI,6000,2000,100,20,13,18,94,1,random,mean,250
2026100907,1750,250,0.486979166667,0.3046875,0.129828777183,0.95,0.0165714285714,baseline,threshold,MI,6000,2000,100,20,13,18,94,1,random,mean,250
2026100908,1750,250,0.497375,0.269291666667,0.115436135259,0.92,0.0457142857143,baseline,threshold,MI,6000,2000,100,20,13,18,94,1,random,mean,250
2026100909,1750,250,0.546364583333,0.245302083333,0.111071842169,0.95,0.016,baseline,threshold,MI,6000,2000,100,20,13,18,94,1,random,mean,250
2026100910,1750,250,0.449702083333,-0.0480354166667,0.197804730591,0.482,0.0262857142857,baseline,threshold,MI,6000,2000,100,20,13,18,94,1,random,mean,250
2026100911,1750,250,0.515772916667,0.0985604166667,0.153353589709,0.7372,0.0217142857143,baseline,threshold,MI,6000,2000,100,20,13,18,94,1,random,mean,250
2026100912,1750,250,0.616602083333,0.198397916667,0.104439614288,0.978,0.048,baseline,threshold,MI,6000,2000,100,20,13,18,94,1,random,mean,250
2026100913,1750,250,0.479845833333,0.2234875,0.140151640051,0.844,0.0651428571429,baseline,threshold,MI,6000,2000,100,20,13,18,94,1,random,mean,250
2026100914,1750,250,0.186191666667,-0.145858333333,0.248932184337,0.0484,0.0228571428571,baseline,threshold,MI,6000,2000,100,20,13,18,94,1,random,mean,250
2026100915,1750,250,0.488979166667,0.344354166667,0.114353876203,1,0.0537142857143,baseline,threshold,MI,6000,2000,100,20,13,18,94,1,random,mean,250
2026100916,1750,250,0.561458333333,0.230208333333,0.0986108136284,0.95,0.0325714285714,baseline,threshold,MI,6000,2000,100,20,13,18,94,1,random,mean,250
2026100917,1750,250,0.507691666667,0.206641666667,0.132348553227,0.8572,0.0411428571429,baseline,threshold,MI,6000,2000,100,20,13,18,94,1,random,mean,250
2026100918,1750,250,0.305708333333,-0.305708333333,0.270904198406,0,0.00914285714286,baseline,threshold,MI,6000,2000,100,20,13,18,94,1,random,mean,250
2026100919,1750,250,0.138245833333,-0.138245833333,0.272959251247,0,0.0234285714286,baseline,threshold,MI,6000,2000,100,20,13,18,94,1,random,mean,250
2026100920,1750,250,0.494870833333,0.2514625,0.122850422032,0.8956,0.0205714285714,baseline,threshold,MI,6000,2000,100,20,13,18,94,1,random,mean,250
2026100921,1750,250,0.524447916667,0.190885416667,0.137056322463,0.8584,0.0422857142857,baseline,threshold,MI,6000,2000,100,20,13,18,94,1,random,mean,250
2026100922,1750,250,0.441666666667,0.35,0.144891772462,0.95,0.016,baseline,threshold,MI,6000,2000,100,20,13,18,94,1,random,mean,250
2026100923,1750,250,0.582429166667,0.219570833333,0.102287232667,0.9624,0.0377142857143,baseline,threshold,MI,6000,2000,100,20,13,18,94,1,random,mean,250
2026100924,1750,250,0.6421875,0.191145833333,0.081846758226,1,0.0245714285714,baseline,threshold,MI,6000,2000,100,20,13,18,94,1,random,mean,250
2026100925,1750,250,0.566458333333,0.227208333333,0.102858811828,0.9524,0.012,baseline,threshold,MI,6000,2000,100,20,13,18,94,1,random,mean,250
2026100926,1750,250,0.575520833333,0.2578125,0.0897878329789,1,0.008,baseline,threshold,MI,6000,2000,100,20,13,18,94,1,random,mean,250
2026100927,1750,250,0.230133333333,-0.230133333333,0.257458702828,0,0.0125714285714,baseline,threshold,MI,6000,2000,100,20,13,18,94,1,random,mean,250
2026100928,1750,250,0.604422916667,0.171077083333,0.124024990821,0.9306,0.0308571428571,baseline,threshold,MI,6000,2000,100,20,13,18,94,1,random,mean,250
2026100929,1750,250,0.484666666667,0.287,0.118463349561,0.926,0.0137142857143,baseline,threshold,MI,6000,2000,100,20,13,18,94,1,random,mean,250
2026100930,1750,250,0.711,0.122333333333,0.0781614700422,1,0.0102857142857,baseline,threshold,MI,6000,2000,100,20,13,18,94,1,random,mean,250
2026100931,1750,250,0.558877083333,0.237622916667,0.102661219332,0.9558,0.0205714285714,baseline,threshold,MI,6000,2000,100,20,13,18,94,1,random,mean,250
2026100900,2000,250,0.504591666667,0.246908333333,0.117826743196,0.9018,0.0225,baseline,threshold,MI,6000,2000,100,20,13,18,94,1,random,mean,250
2026100901,2000,250,0.495210416667,0.29645625,0.10581403605,0.95,0.0275,baseline,threshold,MI,6000,2000,100,20,13,18,94,1,random,mean,250
2026100902,2000,250,0.527604166667,0.305729166667,0.0972795868258,1,0.024,baseline,threshold,MI,6000,2000,100,20,13,18,94,1,random,mean,250
2026100903,2000,250,0.5304625,0.229704166667,0.1135724224,0.9122,0.03,baseline,threshold,MI,6000,2000,100,20,13,18,94,1,random,mean,250
2026100904,2000,250,0.51875,0.23125,0.131429443202,0.9,0.028,baseline,threshold,MI,6000,2000,100,20,13,18,94,1,random,mean,250
2026100905,2000,250,0.497316666667,0.265516666667,0.117239102064,0.9154,0.012,baseline,threshold,MI,6000,2000,100,20,13,18,94,1,random,mean,250
2026100906,2000,250,0.522141666667,0.125358333333,0.162588245649,0.777,0.061,baseline,threshold,MI,6000,2000,100,20,13,18,94,1,random,mean,250
2026100907,2000,250,0.498241666667,0.289258333333,0.120958416388,0.945,0.0155,baseline,threshold,MI,6000,2000,100,20,13,18,94,1,random,mean,250
2026100908,2000,250,0.49375,0.297916666667,0.108356900452,0.95,0.04,baseline,threshold,MI,6000,2000,100,20,13,18,94,1,random,mean,250
2026100909,2000,250,0.541966666667,0.2497,0.113633437328,0.95,0.0145,baseline,threshold,MI,6000,2000,100,20,13,18,94,1,random,mean,250
2026100910,2000,250,0.5107625,0.312070833333,0.105143103076,0.9874,0.024,baseline,threshold,MI,6000,2000,100,20,13,18,94,1,random,mean,250
2026100911,2000,250,0.55050625,0.229327083333,0.114461155698,0.9358,0.02,baseline,threshold,MI,6000,2000,100,20,13,18,94,1,random,mean,250
2026100912,2000,250,0.606483333333,0.185183333333,0.107686801957,0.95,0.0425,baseline,threshold,MI,6000,2000,100,20,13,18,94,1,random,mean,250
2026100913,2000,250,0.510485416667,0.228514583333,0.12855474549,0.8868,0.059,baseline,threshold,MI,6000,2000,100,20,13,18,94,1,random,mean,250
2026100914,2000,250,0.172008333333,-0.172008333333,0.24881457236,0,0.0215,baseline,threshold,MI,6000,2000,100,20,13,18,94,1,random,mean,250
2026100915,2000,250,0.50384375,0.32365625,0.113393049541,0.993,0.0485,baseline,threshold,MI,6000,2000,100,20,13,18,94,1,random,mean,250
2026100916,2000,250,0.561458333333,0.230208333333,0.0986108136284,0.95,0.0285,baseline,threshold,MI,6000,2000,100,20,13,18,94,1,random,mean,250
2026100917,2000,250,0.509895833333,0.281770833333,0.123619833351,0.95,0.036,baseline,threshold,MI,6000,2000,100,20,13,18,94,1,random,mean,250
2026100918,2000,250,0.308672916667,-0.308672916667,0.266051926497,0,0.009,baseline,threshold,MI,6000,2000,100,20,13,18,94,1,random,mean,250
2026100919,2000,250,0.109541666667,-0.109541666667,0.275972731497,0,0.0215,baseline,threshold,MI,6000,2000,100,20,13,18,94,1,random,mean,250
2026100920,2000,250,0.500520833333,0.3328125,0.107167668269,1,0.018,baseline,threshold,MI,6000,2000,100,20,13,18,94,1,random,mean,250
2026100921,2000,250,0.518841666667,0.261825,0.12560742173,0.9368,0.0395,baseline,threshold,MI,6000,2000,100,20,13,18,94,1,random,mean,250
2026100922,2000,250,0.441666666667,0.35,0.144891772462,0.95,0.014,baseline,threshold,MI,6000,2000,100,20,13,18,94,1,random,mean,250
2026100923,2000,250,0.61849375,0.214839583333,0.0999617864741,1,0.036,baseline,threshold,MI,6000,2000,100,20,13,18,94,1,random,mean,250
2026100924,2000,250,0.64234375,0.190989583333,0.0818875013811,1,0.022,baseline,threshold,MI,6000,2000,100,20,13,18,94,1,random,mean,250
2026100925,2000,250,0.559891666667,0.208108333333,0.112271122743,0.9216,0.0115,baseline,threshold,MI,6000,2000,100,20,13,18,94,1,random,mean,250
2026100926,2000,250,0.575520833333,0.2578125,0.0897878329789,1,0.007,baseline,threshold,MI,6000,2000,100,20,13,18,94,1,random,mean,250
2026100927,2000,250,0.2296875,-0.2296875,0.257446316179,0,0.0115,baseline,threshold,MI,6000,2000,100,20,13,18,94,1,random,mean,250
2026100928,2000,250,0.515939583333,0.00839375,0.181056381343,0.6292,0.0395,baseline,threshold,MI,6000,2000,100,20,13,18,94,1,random,mean,250
2026100929,2000,250,0.485416666667,0.30625,0.113753866446,0.95,0.012,baseline,threshold,MI,6000,2000,100,20,13,18,94,1,random,mean,250
2026100930,2000,250,0.71681875,0.116514583333,0.0703945140121,1,0.011,baseline,threshold,MI,6000,2000,100,20,13,18,94,1,random,mean,250
2026100931,2000,250,0.5640625,0.269270833333,0.0968453046241,1,0.018,baseline,threshold,MI,6000,2000,100,20,13,18,94,1,random,mean,250
2026100900,2250,250,0.501933333333,0.2104,0.121102361821,0.8548,0.0204444444444,baseline,threshold,MI,6000,2000,100,20,13,18,94,1,random,mean,250
2026100901,2250,250,0.494791666667,0.296875,0.105872844828,0.95,0.0244444444444,baseline,threshold,MI,6000,2000,100,20,13,18,94,1,random,mean,250
2026100902,2250,250,0.527604166667,0.305729166667,0.0972795868258,1,0.0213333333333,baseline,threshold,MI,6000,2000,100,20,13,18,94,1,random,mean,250
2026100903,2250,250,0.532233333333,0.258266666667,0.105666568279,0.9486,0.0271111111111,baseline,threshold,MI,6000,2000,100,20,13,18,94,1,random,mean,250
2026100904,2250,250,0.5224,0.239766666667,0.126895513815,0.9146,0.0253333333333,baseline,threshold,MI,6000,2000,100,20,13,18,94,1,random,mean,250
2026100905,2250,250,0.491475,0.337858333333,0.110192973156,0.9952,0.0111111111111,baseline,threshold,MI,6000,2000,100,20,13,18,94,1,random,mean,250
2026100906,2250,250,0.623927083333,0.20940625,0.0913140550715,1,0.0546666666667,baseline,threshold,MI,6000,2000,100,20,13,18,94,1,random,mean,250
2026100907,2250,250,0.497916666667,0.29375,0.117908347144,0.95,0.0137777777778,baseline,threshold,MI,6000,2000,100,20,13,18,94,1,random,mean,250
2026100908,2250,250,0.49375,0.297916666667,0.108356900452,0.95,0.0355555555556,baseline,threshold,MI,6000,2000,100,20,13,18,94,1,random,mean,250
2026100909,2250,250,0.541666666667,0.25,0.113807458467,0.95,0.0133333333333,baseline,threshold,MI,6000,2000,100,20,13,18,94,1,random,mean,250
2026100910,2250,250,0.534664583333,0.248002083333,0.113354861206,0.9392,0.0226666666667,baseline,threshold,MI,6000,2000,100,20,13,18,94,1,random,mean,250
2026100911,2250,250,0.546354166667,0.2453125,0.106590461057,0.95,0.0177777777778,baseline,threshold,MI,6000,2000,100,20,13,18,94,1,random,mean,250
2026100912,2250,250,0.6120625,0.179604166667,0.105001230598,0.95,0.0382222222222,baseline,threshold,MI,6000,2000,100,20,13,18,94,1,random,mean,250
2026100913,2250,250,0.613222916667,0.198610416667,0.0960296313621,0.9742,0.0528888888889,baseline,threshold,MI,6000,2000,100,20,13,18,94,1,random,mean,250
2026100914,2250,250,0.169791666667,-0.169791666667,0.250657894737,0,0.0195555555556,baseline,threshold,MI,6000,2000,100,20,13,18,94,1,random,mean,250
2026100915,2250,250,0.509554166667,0.323779166667,0.108597320571,1,0.044,baseline,threshold,MI,6000,2000,100,20,13,18,94,1,random,mean,250
2026100916,2250,250,0.561908333333,0.229758333333,0.098463673201,0.95,0.0257777777778,baseline,threshold,MI,6000,2000,100,20,13,18,94,1,random,mean,250
2026100917,2250,250,0.509895833333,0.281770833333,0.123619833351,0.95,0.032,baseline,threshold,MI,6000,2000,100,20,13,18,94,1,random,mean,250
2026100918,2250,250,0.3024625,-0.3024625,0.265564175792,0,0.00888888888889,baseline,threshold,MI,6000,2000,100,20,13,18,94,1,random,mean,250
2026100919,2250,250,0.1134125,-0.1134125,0.272345755677,0,0.0195555555556,baseline,threshold,MI,6000,2000,100,20,13,18,94,1,random,mean,250
2026100920,2250,250,0.500520833333,0.3328125,0.107167668269,1,0.016,baseline,threshold,MI,6000,2000,100,20,13,18,94,1,random,mean,250
2026100921,2250,250,0.5389,0.250433333333,0.106995321793,0.9472,0.0364444444444,baseline,threshold,MI,6000,2000,100,20,13,18,94,1,random,mean,250
2026100922,2250,250,0.44575,0.345916666667,0.144477895494,0.95,0.0128888888889,baseline,threshold,MI,6000,2000,100,20,13,18,94,1,random,mean,250
2026100923,2250,250,0.593829166667,0.209170833333,0.0973044364556,0.9636,0.0342222222222,baseline,threshold,MI,6000,2000,100,20,13,18,94,1,random,mean,250
2026100924,2250,250,0.641583333333,0.19175,0.0830936970555,1,0.0208888888889,baseline,threshold,MI,6000,2000,100,20,13,18,94,1,random,mean,250
2026100925,2250,250,0.574414583333,0.206252083333,0.104128894772,0.9368,0.0111111111111,baseline,threshold,MI,6000,2000,100,20,13,18,94,1,random,mean,250
2026100926,2250,250,0.575520833333,0.2578125,0.0897878329789,1,0.00622222222222,baseline,threshold,MI,6000,2000,100,20,13,18,94,1,random,mean,250
2026100927,2250,250,0.2296875,-0.2296875,0.257446316179,0,0.0106666666667,baseline,threshold,MI,6000,2000,100,20,13,18,94,1,random,mean,250
2026100928,2250,250,0.488552083333,0.220947916667,0.133059132806,0.8514,0.0382222222222,baseline,threshold,MI,6000,2000,100,20,13,18,94,1,random,mean,250
2026100929,2250,250,0.484541666667,0.301291666667,0.114547649705,0.943,0.0111111111111,baseline,threshold,MI,6000,2000,100,20,13,18,94,1,random,mean,250
2026100930,2250,250,0.722510416667,0.110822916667,0.0678925868763,1,0.0111111111111,baseline,threshold,MI,6000,2000,100,20,13,18,94,1,random,mean,250
2026100931,2250,250,0.567491666667,0.249175,0.100931768104,0.98,0.0173333333333,baseline,threshold,MI,6000,2000,100,20,13,18,94,1,random,mean,250
2026100900,2500,250,0.498958333333,0.292708333333,0.103489855244,0.95,0.0184,baseline,threshold,MI,6000,2000,100,20,13,18,94,1,random,mean,250
2026100901,2500,250,0.494791666667,0.296875,0.105872844828,0.95,0.0224,baseline,threshold,MI,6000,2000,100,20,13,18,94,1,random,mean,250
2026100902,2500,250,0.527604166667,0.305729166667,0.0972795868258,1,0.0192,baseline,threshold,MI,6000,2000,100,20,13,18,94,1,random,mean,250
2026100903,2500,250,0.532291666667,0.259375,0.105444269636,0.95,0.0244,baseline,threshold,MI,6000,2000,100,20,13,18,94,1,random,mean,250
2026100904,2500,250,0.534075,0.257591666667,0.114174662083,0.95,0.024,baseline,threshold,MI,6000,2000,100,20,13,18,94,1,random,mean,250
2026100905,2500,250,0.490625,0.342708333333,0.109764695111,1,0.01,baseline,threshold,MI,6000,2000,100,20,13,18,94,1,random,mean,250
2026100906,2500,250,0.637854166667,0.195479166667,0.0833283143032,1,0.0496,baseline,threshold,MI,6000,2000,100,20,13,18,94,1,random,mean,250
2026100907,2500,250,0.517741666667,0.273925,0.111589684157,0.95,0.0128,baseline,threshold,MI,6000,2000,100,20,13,18,94,1,random,mean,250
2026100908,2500,250,0.49375,0.297916666667,0.108356900452,0.95,0.032,baseline,threshold,MI,6000,2000,100,20,13,18,94,1,random,mean,250
2026100909,2500,250,0.57181875,0.259514583333,0.0916380595005,0.9976,0.014,baseline,threshold,MI,6000,2000,100,20,13,18,94,1,random,mean,250
2026100910,2500,250,0.560416666667,0.23125,0.109547486716,0.95,0.0204,baseline,threshold,MI,6000,2000,100,20,13,18,94,1,random,mean,250
2026100911,2500,250,0.546354166667,0.2453125,0.106590461057,0.95,0.016,baseline,threshold,MI,6000,2000,100,20,13,18,94,1,random,mean,250
2026100912,2500,250,0.618229166667,0.1734375,0.100517091782,0.95,0.0344,baseline,threshold,MI,6000,2000,100,20,13,18,94,1,random,mean,250
2026100913,2500,250,0.517233333333,0.2506,0.116051057094,0.9214,0.0492,baseline,threshold,MI,6000,2000,100,20,13,18,94,1,random,mean,250
2026100914,2500,250,0.169791666667,-0.169791666667,0.250657894737,0,0.0176,baseline,threshold,MI,6000,2000,100,20,13,18,94,1,random,mean,250
2026100915,2500,250,0.513275,0.320058333333,0.107728917419,1,0.0412,baseline,threshold,MI,6000,2000,100,20,13,18,94,1,random,mean,250
2026100916,2500,250,0.563020833333,0.228645833333,0.0980999093665,0.95,0.0232,baseline,threshold,MI,6000,2000,100,20,13,18,94,1,random,mean,250
2026100917,2500,250,0.509895833333,0.281770833333,0.123619833351,0.95,0.0288,baseline,threshold,MI,6000,2000,100,20,13,18,94,1,random,mean,250
2026100918,2500,250,0.302604166667,-0.302604166667,0.268941513095,0,0.0084,baseline,threshold,MI,6000,2000,100,20,13,18,94,1,random,mean,250
2026100919,2500,250,0.124479166667,-0.124479166667,0.269063812618,0,0.0176,baseline,threshold,MI,6000,2000,100,20,13,18,94,1,random,mean,250
2026100920,2500,250,0.500520833333,0.3328125,0.107167668269,1,0.0144,baseline,threshold,MI,6000,2000,100,20,13,18,94,1,random,mean,250
2026100921,2500,250,0.502945833333,0.325554166667,0.0954015470456,0.9942,0.0336,baseline,threshold,MI,6000,2000,100,20,13,18,94,1,random,mean,250
2026100922,2500,250,0.47739375,0.314272916667,0.139599808454,0.95,0.012,baseline,threshold,MI,6000,2000,100,20,13,18,94,1,random,mean,250
2026100923,2500,250,0.605172916667,0.22199375,0.0895382171196,0.9926,0.0316,baseline,threshold,MI,6000,2000,100,20,13,18,94,1,random,mean,250
2026100924,2500,250,0.621875,0.211458333333,0.0887025650937,1,0.0212,baseline,threshold,MI,6000,2000,100,20,13,18,94,1,random,mean,250
2026100925,2500,250,0.570366666667,0.2573,0.0967018016295,0.9932,0.0104,baseline,threshold,MI,6000,2000,100,20,13,18,94,1,random,mean,250
2026100926,2500,250,0.575520833333,0.2578125,0.0897878329789,1,0.0056,baseline,threshold,MI,6000,2000,100,20,13,18,94,1,random,mean,250
2026100927,2500,250,0.233625,-0.233625,0.257488389798,0,0.01,baseline,threshold,MI,6000,2000,100,20,13,18,94,1,random,mean,250
2026100928,2500,250,0.488541666667,0.294791666667,0.117951390736,0.94,0.0348,baseline,threshold,MI,6000,2000,100,20,13,18,94,1,random,mean,250
2026100929,2500,250,0.479166666667,0.270833333333,0.119423746867,0.9,0.01,baseline,threshold,MI,6000,2000,100,20,13,18,94,1,random,mean,250
2026100930,2500,250,0.68489375,0.135272916667,0.0806197046339,0.9842,0.0132,baseline,threshold,MI,6000,2000,100,20,13,18,94,1,random,mean,250
2026100931,2500,250,0.5679375,0.265395833333,0.0989111619825,1,0.016,baseline,threshold,MI,6000,2000,100,20,13,18,94,1,random,mean,250
2026100900,2750,250,0.498989583333,0.30284375,0.10093546778,0.9622,0.0174545454545,baseline,threshold,MI,6000,2000,100,20,13,18,94,1,random,mean,250
2026100901,2750,250,0.494791666667,0.296875,0.105872844828,0.95,0.0203636363636,baseline,threshold,MI,6000,2000,100,20,13,18,94,1,random,mean,250
2026100902,2750,250,0.527604166667,0.305729166667,0.0972795868258,1,0.0174545454545,baseline,threshold,MI,6000,2000,100,20,13,18,94,1,random,mean,250
2026100903,2750,250,0.532291666667,0.259375,0.105444269636,0.95,0.0221818181818,baseline,threshold,MI,6000,2000,100,20,13,18,94,1,random,mean,250
2026100904,2750,250,0.533854166667,0.2578125,0.114145954521,0.95,0.0218181818182,baseline,threshold,MI,6000,2000,100,20,13,18,94,1,random,mean,250
2026100905,2750,250,0.490625,0.342708333333,0.109764695111,1,0.00909090909091,baseline,threshold,MI,6000,2000,100,20,13,18,94,1,random,mean,250
2026100906,2750,250,0.6421875,0.191145833333,0.0806903127384,1,0.0450909090909,baseline,threshold,MI,6000,2000,100,20,13,18,94,1,random,mean,250
2026100907,2750,250,0.509158333333,0.282508333333,0.10957345702,0.95,0.0123636363636,baseline,threshold,MI,6000,2000,100,20,13,18,94,1,random,mean,250
2026100908,2750,250,0.49375,0.297916666667,0.108356900452,0.95,0.0290909090909,baseline,threshold,MI,6000,2000,100,20,13,18,94,1,random,mean,250
2026100909,2750,250,0.59203125,0.241302083333,0.0832594693215,1,0.0130909090909,baseline,threshold,MI,6000,2000,100,20,13,18,94,1,random,mean,250
2026100910,2750,250,0.548725,0.222608333333,0.117310066973,0.9256,0.0189090909091,baseline,threshold,MI,6000,2000,100,20,13,18,94,1,random,mean,250
2026100911,2750,250,0.546354166667,0.2453125,0.106590461057,0.95,0.0145454545455,baseline,threshold,MI,6000,2000,100,20,13,18,94,1,random,mean,250
2026100912,2750,250,0.618229166667,0.1734375,0.100517091782,0.95,0.0312727272727,baseline,threshold,MI,6000,2000,100,20,13,18,94,1,random,mean,250
2026100913,2750,250,0.502779166667,0.2888875,0.111097704662,0.95,0.0450909090909,baseline,threshold,MI,6000,2000,100,20,13,18,94,1,random,mean,250
2026100914,2750,250,0.169791666667,-0.169791666667,0.250657894737,0,0.0163636363636,baseline,threshold,MI,6000,2000,100,20,13,18,94,1,random,mean,250
2026100915,2750,250,0.52189375,0.30210625,0.111139926598,0.9888,0.0385454545455,baseline,threshold,MI,6000,2000,100,20,13,18,94,1,random,mean,250
2026100916,2750,250,0.563020833333,0.228645833333,0.0980999093665,0.95,0.0210909090909,baseline,threshold,MI,6000,2000,100,20,13,18,94,1,random,mean,250
2026100917,2750,250,0.509895833333,0.281770833333,0.123619833351,0.95,0.0261818181818,baseline,threshold,MI,6000,2000,100,20,13,18,94,1,random,mean,250
2026100918,2750,250,0.304027083333,-0.304027083333,0.269673484251,0,0.00872727272727,baseline,threshold,MI,6000,2000,100,20,13,18,94,1,random,mean,250
2026100919,2750,250,0.118852083333,-0.118852083333,0.271760472047,0,0.0167272727273,baseline,threshold,MI,6000,2000,100,20,13,18,94,1,random,mean,250
2026100920,2750,250,0.50055,0.332783333333,0.107187087624,1,0.0138181818182,baseline,threshold,MI,6000,2000,100,20,13,18,94,1,random,mean,250
2026100921,2750,250,0.5015625,0.331770833333,0.0941565898013,1,0.0305454545455,baseline,threshold,MI,6000,2000,100,20,13,18,94,1,random,mean,250
2026100922,2750,250,0.4734375,0.318229166667,0.13096160945,0.95,0.0109090909091,baseline,threshold,MI,6000,2000,100,20,13,18,94,1,random,mean,250
2026100923,2750,250,0.606575,0.213758333333,0.0907325050504,0.9844,0.0294545454545,baseline,threshold,MI,6000,2000,100,20,13,18,94,1,random,mean,250
2026100924,2750,250,0.637495833333,0.1958375,0.0840457357136,1,0.0196363636364,baseline,threshold,MI,6000,2000,100,20,13,18,94,1,random,mean,250
2026100925,2750,250,0.553264583333,0.243235416667,0.110522446984,0.9558,0.0101818181818,baseline,threshold,MI,6000,2000,100,20,13,18,94,1,random,mean,250
2026100926,2750,250,0.575520833333,0.2578125,0.0897878329789,1,0.00509090909091,baseline,threshold,MI,6000,2000,100,20,13,18,94,1,random,mean,250
2026100927,2750,250,0.2401875,-0.2401875,0.257842530066,0,0.00945454545455,baseline,threshold,MI,6000,2000,100,20,13,18,94,1,random,mean,250
2026100928,2750,250,0.483635416667,0.264697916667,0.126823976897,0.898,0.0327272727273,baseline,threshold,MI,6000,2000,100,20,13,18,94,1,random,mean,250
2026100929,2750,250,0.480497916667,0.281335416667,0.116617870402,0.9142,0.00945454545455,baseline,threshold,MI,6000,2000,100,20,13,18,94,1,random,mean,250
2026100930,2750,250,0.483329166667,0.2083375,0.15110245043,0.83,0.0134545454545,baseline,threshold,MI,6000,2000,100,20,13,18,94,1,random,mean,250
2026100931,2750,250,0.575766666667,0.257566666667,0.0960346637701,1,0.0152727272727,baseline,threshold,MI,6000,2000,100,20,13,18,94,1,random,mean,250
2026100900,3000,250,0.500108333333,0.333225,0.0943241018701,1,0.0166666666667,baseline,threshold,MI,6000,2000,100,20,13,18,94,1,random,mean,250
2026100901,3000,250,0.494879166667,0.2967875,0.105959233212,0.95,0.019,baseline,threshold,MI,6000,2000,100,20,13,18,94,1,random,mean,250
2026100902,3000,250,0.527604166667,0.305729166667,0.0972795868258,1,0.0163333333333,baseline,threshold,MI,6000,2000,100,20,13,18,94,1,random,mean,250
2026100903,3000,250,0.532291666667,0.259375,0.105444269636,0.95,0.0203333333333,baseline,threshold,MI,6000,2000,100,20,13,18,94,1,random,mean,250
2026100904,3000,250,0.533854166667,0.2578125,0.114145954521,0.95,0.02,baseline,threshold,MI,6000,2000,100,20,13,18,94,1,random,mean,250
2026100905,3000,250,0.491610416667,0.341722916667,0.109790149115,1,0.009,baseline,threshold,MI,6000,2000,100,20,13,18,94,1,random,mean,250
2026100906,3000,250,0.650733333333,0.1826,0.0796095314021,1,0.042,baseline,threshold,MI,6000,2000,100,20,13,18,94,1,random,mean,250
2026100907,3000,250,0.506570833333,0.267095833333,0.115572055628,0.9284,0.0123333333333,baseline,threshold,MI,6000,2000,100,20,13,18,94,1,random,mean,250
2026100908,3000,250,0.49375,0.297916666667,0.108356900452,0.95,0.0266666666667,baseline,threshold,MI,6000,2000,100,20,13,18,94,1,random,mean,250
2026100909,3000,250,0.57820625,0.25179375,0.0879292266175,0.996,0.0133333333333,baseline,threshold,MI,6000,2000,100,20,13,18,94,1,random,mean,250
2026100910,3000,250,0.556716666667,0.238616666667,0.105455689521,0.9544,0.018,baseline,threshold,MI,6000,2000,100,20,13,18,94,1,random,mean,250
2026100911,3000,250,0.535177083333,0.256489583333,0.11250014824,0.95,0.0136666666667,baseline,threshold,MI,6000,2000,100,20,13,18,94,1,random,mean,250
2026100912,3000,250,0.618229166667,0.1734375,0.100517091782,0.95,0.0286666666667,baseline,threshold,MI,6000,2000,100,20,13,18,94,1,random,mean,250
2026100913,3000,250,0.503645833333,0.288020833333,0.111620734908,0.95,0.0413333333333,baseline,threshold,MI,6000,2000,100,20,13,18,94,1,random,mean,250
2026100914,3000,250,0.169791666667,-0.169791666667,0.250657894737,0,0.015,baseline,threshold,MI,6000,2000,100,20,13,18,94,1,random,mean,250
2026100915,3000,250,0.5140625,0.319270833333,0.107854330709,1,0.0353333333333,baseline,threshold,MI,6000,2000,100,20,13,18,94,1,random,mean,250
2026100916,3000,250,0.563020833333,0.228645833333,0.0980999093665,0.95,0.0193333333333,baseline,threshold,MI,6000,2000,100,20,13,18,94,1,random,mean,250
2026100917,3000,250,0.509895833333,0.281770833333,0.123619833351,0.95,0.024,baseline,threshold,MI,6000,2000,100,20,13,18,94,1,random,mean,250
2026100918,3000,250,0.301235416667,-0.301235416667,0.26916803538,0,0.00866666666667,baseline,threshold,MI,6000,2000,100,20,13,18,94,1,random,mean,250
2026100919,3000,250,0.12275,-0.12275,0.271328266421,0,0.0156666666667,baseline,threshold,MI,6000,2000,100,20,13,18,94,1,random,mean,250
2026100920,3000,250,0.506291666667,0.327041666667,0.107935058602,1,0.013,baseline,threshold,MI,6000,2000,100,20,13,18,94,1,random,mean,250
2026100921,3000,250,0.5015625,0.331770833333,0.0941565898013,1,0.028,baseline,threshold,MI,6000,2000,100,20,13,18,94,1,random,mean,250
2026100922,3000,250,0.4734375,0.318229166667,0.13096160945,0.95,0.01,baseline,threshold,MI,6000,2000,100,20,13,18,94,1,random,mean,250
2026100923,3000,250,0.602604166667,0.1890625,0.0962886628134,0.95,0.027,baseline,threshold,MI,6000,2000,100,20,13,18,94,1,random,mean,250
2026100924,3000,250,0.638020833333,0.1953125,0.0839935064935,1,0.0183333333333,baseline,threshold,MI,6000,2000,100,20,13,18,94,1,random,mean,250
2026100925,3000,250,0.5561,0.255566666667,0.104285618813,0.974,0.01,baseline,threshold,MI,6000,2000,100,20,13,18,94,1,random,mean,250
2026100926,3000,250,0.575520833333,0.2578125,0.0897878329789,1,0.00466666666667,baseline,threshold,MI,6000,2000,100,20,13,18,94,1,random,mean,250
2026100927,3000,250,0.240104166667,-0.240104166667,0.257895738204,0,0.00866666666667,baseline,threshold,MI,6000,2000,100,20,13,18,94,1,random,mean,250
2026100928,3000,250,0.486979166667,0.263020833333,0.12748458869,0.9,0.03,baseline,threshold,MI,6000,2000,100,20,13,18,94,1,random,mean,250
2026100929,3000,250,0.483854166667,0.3078125,0.109543900158,0.95,0.00866666666667,baseline,threshold,MI,6000,2000,100,20,13,18,94,1,random,mean,250
2026100930,3000,250,0.4956875,0.2913125,0.124873199698,0.9444,0.0133333333333,baseline,threshold,MI,6000,2000,100,20,13,18,94,1,random,mean,250
2026100931,3000,250,0.564983333333,0.266683333333,0.0968755967172,0.998,0.016,baseline,threshold,MI,6000,2000,100,20,13,18,94,1,random,mean,250
2026100900,3250,250,0.500439583333,0.33289375,0.0942879121555,1,0.0156923076923,baseline,threshold,MI,6000,2000,100,20,13,18,94,1,random,mean,250
2026100901,3250,250,0.4953125,0.296354166667,0.106387061404,0.95,0.0175384615385,baseline,threshold,MI,6000,2000,100,20,13,18,94,1,random,mean,250
2026100902,3250,250,0.527604166667,0.305729166667,0.0972795868258,1,0.0150769230769,baseline,threshold,MI,6000,2000,100,20,13,18,94,1,random,mean,250
2026100903,3250,250,0.532291666667,0.259375,0.105444269636,0.95,0.0187692307692,baseline,threshold,MI,6000,2000,100,20,13,18,94,1,random,mean,250
2026100904,3250,250,0.533854166667,0.2578125,0.114145954521,0.95,0.0184615384615,baseline,threshold,MI,6000,2000,100,20,13,18,94,1,random,mean,250
2026100905,3250,250,0.493295833333,0.3360375,0.108279883015,0.9952,0.00892307692308,baseline,threshold,MI,6000,2000,100,20,13,18,94,1,random,mean,250
2026100906,3250,250,0.644575,0.188758333333,0.080587147364,1,0.0390769230769,baseline,threshold,MI,6000,2000,100,20,13,18,94,1,random,mean,250
2026100907,3250,250,0.502475,0.289191666667,0.112001073869,0.95,0.012,baseline,threshold,MI,6000,2000,100,20,13,18,94,1,random,mean,250
2026100908,3250,250,0.49375,0.297916666667,0.108356900452,0.95,0.0246153846154,baseline,threshold,MI,6000,2000,100,20,13,18,94,1,random,mean,250
2026100909,3250,250,0.578125,0.255208333333,0.0859439036885,1,0.0123076923077,baseline,threshold,MI,6000,2000,100,20,13,18,94,1,random,mean,250
2026100910,3250,250,0.57395,0.259383333333,0.088911446281,1,0.0169230769231,baseline,threshold,MI,6000,2000,100,20,13,18,94,1,random,mean,250
2026100911,3250,250,0.550341666667,0.241325,0.113064578383,0.95,0.0135384615385,baseline,threshold,MI,6000,2000,100,20,13,18,94,1,random,mean,250
2026100912,3250,250,0.618229166667,0.1734375,0.100517091782,0.95,0.0264615384615,baseline,threshold,MI,6000,2000,100,20,13,18,94,1,random,mean,250
2026100913,3250,250,0.503645833333,0.288020833333,0.111620734908,0.95,0.0381538461538,baseline,threshold,MI,6000,2000,100,20,13,18,94,1,random,mean,250
2026100914,3250,250,0.169791666667,-0.169791666667,0.250657894737,0,0.0141538461538,baseline,threshold,MI,6000,2000,100,20,13,18,94,1,random,mean,250
2026100915,3250,250,0.506314583333,0.32701875,0.108725493762,1,0.0332307692308,baseline,threshold,MI,6000,2000,100,20,13,18,94,1,random,mean,250
2026100916,3250,250,0.563020833333,0.228645833333,0.0980999093665,0.95,0.0178461538462,baseline,threshold,MI,6000,2000,100,20,13,18,94,1,random,mean,250
2026100917,3250,250,0.515810416667,0.248689583333,0.125956451273,0.9174,0.0227692307692,baseline,threshold,MI,6000,2000,100,20,13,18,94,1,random,mean,250
2026100918,3250,250,0.296875,-0.296875,0.264401622718,0,0.008,baseline,threshold,MI,6000,2000,100,20,13,18,94,1,random,mean,250
2026100919,3250,250,0.208216666667,-0.10955,0.254433226802,0.1184,0.0153846153846,baseline,threshold,MI,6000,2000,100,20,13,18,94,1,random,mean,250
2026100920,3250,250,0.511979166667,0.321354166667,0.108390726086,1,0.012,baseline,threshold,MI,6000,2000,100,20,13,18,94,1,random,mean,250
2026100921,3250,250,0.5015625,0.331770833333,0.0941565898013,1,0.0258461538462,baseline,threshold,MI,6000,2000,100,20,13,18,94,1,random,mean,250
2026100922,3250,250,0.4734375,0.318229166667,0.13096160945,0.95,0.00923076923077,baseline,threshold,MI,6000,2000,100,20,13,18,94,1,random,mean,250
2026100923,3250,250,0.611666666667,0.209,0.0904338942909,0.9848,0.0252307692308,baseline,threshold,MI,6000,2000,100,20,13,18,94,1,random,mean,250
2026100924,3250,250,0.638020833333,0.1953125,0.0839935064935,1,0.0169230769231,baseline,threshold,MI,6000,2000,100,20,13,18,94,1,random,mean,250
2026100925,3250,250,0.560716666667,0.265283333333,0.100276329411,0.9912,0.0113846153846,baseline,threshold,MI,6000,2000,100,20,13,18,94,1,random,mean,250
2026100926,3250,250,0.575520833333,0.2578125,0.0897878329789,1,0.00461538461538,baseline,threshold,MI,6000,2000,100,20,13,18,94,1,random,mean,250
2026100927,3250,250,0.245770833333,-0.245770833333,0.254139763051,0,0.00830769230769,baseline,threshold,MI,6000,2000,100,20,13,18,94,1,random,mean,250
2026100928,3250,250,0.476920833333,0.248245833333,0.134498793093,0.8702,0.0283076923077,baseline,threshold,MI,6000,2000,100,20,13,18,94,1,random,mean,250
2026100929,3250,250,0.483491666667,0.308175,0.109442262062,0.95,0.00830769230769,baseline,threshold,MI,6000,2000,100,20,13,18,94,1,random,mean,250
2026100930,3250,250,0.493204166667,0.263629166667,0.116136160477,0.9082,0.0126153846154,baseline,threshold,MI,6000,2000,100,20,13,18,94,1,random,mean,250
2026100931,3250,250,0.563516666667,0.269816666667,0.0960765366358,1,0.0150769230769,baseline,threshold,MI,6000,2000,100,20,13,18,94,1,random,mean,250
2026100900,3500,250,0.500520833333,0.3328125,0.0942790354331,1,0.0148571428571,baseline,threshold,MI,6000,2000,100,20,13,18,94,1,random,mean,250
2026100901,3500,250,0.4953125,0.296354166667,0.106387061404,0.95,0.0162857142857,baseline,threshold,MI,6000,2000,100,20,13,18,94,1,random,mean,250
2026100902,3500,250,0.527604166667,0.305729166667,0.0972795868258,1,0.014,baseline,threshold,MI,6000,2000,100,20,13,18,94,1,random,mean,250
2026100903,3500,250,0.532291666667,0.259375,0.105444269636,0.95,0.0174285714286,baseline,threshold,MI,6000,2000,100,20,13,18,94,1,random,mean,250
2026100904,3500,250,0.53423125,0.257435416667,0.114398535473,0.95,0.0177142857143,baseline,threshold,MI,6000,2000,100,20,13,18,94,1,random,mean,250
2026100905,3500,250,0.488875,0.329458333333,0.110280956891,0.982,0.00857142857143,baseline,threshold,MI,6000,2000,100,20,13,18,94,1,random,mean,250
2026100906,3500,250,0.643566666667,0.189766666667,0.0807528073059,1,0.0365714285714,baseline,threshold,MI,6000,2000,100,20,13,18,94,1,random,mean,250
2026100907,3500,250,0.50926875,0.0980645833333,0.143836180944,0.7288,0.014,baseline,threshold,MI,6000,2000,100,20,13,18,94,1,random,mean,250
2026100908,3500,250,0.49375,0.297916666667,0.108356900452,0.95,0.0228571428571,baseline,threshold,MI,6000,2000,100,20,13,18,94,1,random,mean,250
2026100909,3500,250,0.578125,0.255208333333,0.0859439036885,1,0.0114285714286,baseline,threshold,MI,6000,2000,100,20,13,18,94,1,random,mean,250
2026100910,3500,250,0.577758333333,0.255575,0.0867434947658,1,0.0162857142857,baseline,threshold,MI,6000,2000,100,20,13,18,94,1,random,mean,250
2026100911,3500,250,0.543060416667,0.24810625,0.111458454098,0.9494,0.0128571428571,baseline,threshold,MI,6000,2000,100,20,13,18,94,1,random,mean,250
2026100912,3500,250,0.618229166667,0.1734375,0.100517091782,0.95,0.0245714285714,baseline,threshold,MI,6000,2000,100,20,13,18,94,1,random,mean,250
2026100913,3500,250,0.503645833333,0.288020833333,0.111620734908,0.95,0.0354285714286,baseline,threshold,MI,6000,2000,100,20,13,18,94,1,random,mean,250
2026100914,3500,250,0.165708333333,-0.165708333333,0.251565438596,0,0.0134285714286,baseline,threshold,MI,6000,2000,100,20,13,18,94,1,random,mean,250
2026100915,3500,250,0.501575,0.331758333333,0.109482299704,1,0.0314285714286,baseline,threshold,MI,6000,2000,100,20,13,18,94,1,random,mean,250
2026100916,3500,250,0.563020833333,0.228645833333,0.0980999093665,0.95,0.0165714285714,baseline,threshold,MI,6000,2000,100,20,13,18,94,1,random,mean,250
2026100917,3500,250,0.52278125,0.310552083333,0.109552686049,1,0.0214285714286,baseline,threshold,MI,6000,2000,100,20,13,18,94,1,random,mean,250
2026100918,3500,250,0.254952083333,-0.254952083333,0.258180113033,0,0.00914285714286,baseline,threshold,MI,6000,2000,100,20,13,18,94,1,random,mean,250
2026100919,3500,250,0.147916666667,-0.147916666667,0.277236134198,0,0.0142857142857,baseline,threshold,MI,6000,2000,100,20,13,18,94,1,random,mean,250
2026100920,3500,250,0.506791666667,0.326541666667,0.108864211718,1,0.0114285714286,baseline,threshold,MI,6000,2000,100,20,13,18,94,1,random,mean,250
2026100921,3500,250,0.502045833333,0.3312875,0.0944703421822,1,0.0245714285714,baseline,threshold,MI,6000,2000,100,20,13,18,94,1,random,mean,250
2026100922,3500,250,0.4734375,0.318229166667,0.13096160945,0.95,0.00857142857143,baseline,threshold,MI,6000,2000,100,20,13,18,94,1,random,mean,250
2026100923,3500,250,0.603422916667,0.229910416667,0.082762194027,1,0.024,baseline,threshold,MI,6000,2000,100,20,13,18,94,1,random,mean,250
2026100924,3500,250,0.632591666667,0.200741666667,0.0841288471633,1,0.0162857142857,baseline,threshold,MI,6000,2000,100,20,13,18,94,1,random,mean,250
2026100925,3500,250,0.555935416667,0.277397916667,0.100758664496,1,0.0111428571429,baseline,threshold,MI,6000,2000,100,20,13,18,94,1,random,mean,250
2026100926,3500,250,0.575520833333,0.2578125,0.0897878329789,1,0.00428571428571,baseline,threshold,MI,6000,2000,100,20,13,18,94,1,random,mean,250
2026100927,3500,250,0.231789583333,-0.231789583333,0.260662464662,0,0.00857142857143,baseline,threshold,MI,6000,2000,100,20,13,18,94,1,random,mean,250
2026100928,3500,250,0.468229166667,0.281770833333,0.129595998759,0.9,0.0262857142857,baseline,threshold,MI,6000,2000,100,20,13,18,94,1,random,mean,250
2026100929,3500,250,0.484372916667,0.253627083333,0.122679717524,0.8856,0.00828571428571,baseline,threshold,MI,6000,2000,100,20,13,18,94,1,random,mean,250
2026100930,3500,250,0.491666666667,0.258333333333,0.116404478458,0.9,0.0117142857143,baseline,threshold,MI,6000,2000,100,20,13,18,94,1,random,mean,250
2026100931,3500,250,0.572158333333,0.261175,0.09497971064,1,0.0145714285714,baseline,threshold,MI,6000,2000,100,20,13,18,94,1,random,mean,250
2026100900,3750,250,0.500520833333,0.3328125,0.0942790354331,1,0.0144,baseline,threshold,MI,6000,2000,100,20,13,18,94,1,random,mean,250
2026100901,3750,250,0.4953125,0.296354166667,0.106387061404,0.95,0.0152,baseline,threshold,MI,6000,2000,100,20,13,18,94,1,random,mean,250
2026100902,3750,250,0.527229166667,0.306104166667,0.0975755479683,1,0.0133333333333,baseline,threshold,MI,6000,2000,100,20,13,18,94,1,random,mean,250
2026100903,3750,250,0.532291666667,0.259375,0.105444269636,0.95,0.0165333333333,baseline,threshold,MI,6000,2000,100,20,13,18,94,1,random,mean,250
2026100904,3750,250,0.534375,0.257291666667,0.114494823238,0.95,0.0165333333333,baseline,threshold,MI,6000,2000,100,20,13,18,94,1,random,mean,250
2026100905,3750,250,0.488541666667,0.303125,0.115720474236,0.95,0.008,baseline,threshold,MI,6000,2000,100,20,13,18,94,1,random,mean,250
2026100906,3750,250,0.644610416667,0.188722916667,0.080521114943,1,0.0344,baseline,threshold,MI,6000,2000,100,20,13,18,94,1,random,mean,250
2026100907,3750,250,0.528295833333,0.105204166667,0.163156736073,0.7602,0.0210666666667,baseline,threshold,MI,6000,2000,100,20,13,18,94,1,random,mean,250
2026100908,3750,250,0.49375,0.297916666667,0.108356900452,0.95,0.0213333333333,baseline,threshold,MI,6000,2000,100,20,13,18,94,1,random,mean,250
2026100909,3750,250,0.577952083333,0.25538125,0.0862512937657,1,0.0112,baseline,threshold,MI,6000,2000,100,20,13,18,94,1,random,mean,250
2026100910,3750,250,0.58046875,0.252864583333,0.0855169077135,1,0.0154666666667,baseline,threshold,MI,6000,2000,100,20,13,18,94,1,random,mean,250
2026100911,3750,250,0.529166666667,0.220833333333,0.123338215517,0.9,0.012,baseline,threshold,MI,6000,2000,100,20,13,18,94,1,random,mean,250
2026100912,3750,250,0.618229166667,0.1734375,0.100517091782,0.95,0.0229333333333,baseline,threshold,MI,6000,2000,100,20,13,18,94,1,random,mean,250
2026100913,3750,250,0.503645833333,0.288020833333,0.111620734908,0.95,0.0330666666667,baseline,threshold,MI,6000,2000,100,20,13,18,94,1,random,mean,250
2026100914,3750,250,0.164583333333,-0.164583333333,0.25181547619,0,0.0125333333333,baseline,threshold,MI,6000,2000,100,20,13,18,94,1,random,mean,250
2026100915,3750,250,0.501635416667,0.331697916667,0.109625298525,1,0.0296,baseline,threshold,MI,6000,2000,100,20,13,18,94,1,random,mean,250
2026100916,3750,250,0.563020833333,0.228645833333,0.0980999093665,0.95,0.0154666666667,baseline,threshold,MI,6000,2000,100,20,13,18,94,1,random,mean,250
2026100917,3750,250,0.512591666667,0.319075,0.1116452084,0.998,0.0208,baseline,threshold,MI,6000,2000,100,20,13,18,94,1,random,mean,250
2026100918,3750,250,0.247639583333,-0.247639583333,0.251576229077,0,0.00933333333333,baseline,threshold,MI,6000,2000,100,20,13,18,94,1,random,mean,250
2026100919,3750,250,0.136447916667,-0.136447916667,0.271754092709,0,0.0141333333333,baseline,threshold,MI,6000,2000,100,20,13,18,94,1,random,mean,250
2026100920,3750,250,0.501475,0.324191666667,0.111872204825,0.9908,0.0114666666667,baseline,threshold,MI,6000,2000,100,20,13,18,94,1,random,mean,250
2026100921,3750,250,0.501633333333,0.3137,0.0974616978053,0.9784,0.0232,baseline,threshold,MI,6000,2000,100,20,13,18,94,1,random,mean,250
2026100922,3750,250,0.4734375,0.318229166667,0.13096160945,0.95,0.008,baseline,threshold,MI,6000,2000,100,20,13,18,94,1,random,mean,250
2026100923,3750,250,0.57331875,0.254847916667,0.0925986724863,0.9938,0.0229333333333,baseline,threshold,MI,6000,2000,100,20,13,18,94,1,random,mean,250
2026100924,3750,250,0.577589583333,0.25574375,0.08951988135,1,0.016,baseline,threshold,MI,6000,2000,100,20,13,18,94,1,random,mean,250
2026100925,3750,250,0.559466666667,0.266866666667,0.098275705562,0.9916,0.0114666666667,baseline,threshold,MI,6000,2000,100,20,13,18,94,1,random,mean,250
2026100926,3750,250,0.5570875,0.2499125,0.0986866284668,0.9684,0.00426666666667,baseline,threshold,MI,6000,2000,100,20,13,18,94,1,random,mean,250
2026100927,3750,250,0.2200625,-0.2200625,0.263882785635,0,0.00853333333333,baseline,threshold,MI,6000,2000,100,20,13,18,94,1,random,mean,250
2026100928,3750,250,0.468229166667,0.281770833333,0.129595998759,0.9,0.0245333333333,baseline,threshold,MI,6000,2000,100,20,13,18,94,1,random,mean,250
2026100929,3750,250,0.4828125,0.225520833333,0.128803992294,0.85,0.00773333333333,baseline,threshold,MI,6000,2000,100,20,13,18,94,1,random,mean,250
2026100930,3750,250,0.491666666667,0.258333333333,0.116404478458,0.9,0.0112,baseline,threshold,MI,6000,2000,100,20,13,18,94,1,random,mean,250
2026100931,3750,250,0.572395833333,0.2609375,0.0949231085803,1,0.0136,baseline,threshold,MI,6000,2000,100,20,13,18,94,1,random,mean,250
2026100900,4000,250,0.500520833333,0.3328125,0.0942790354331,1,0.0135,baseline,threshold,MI,6000,2000,100,20,13,18,94,1,random,mean,250
2026100901,4000,250,0.4953125,0.296354166667,0.106387061404,0.95,0.01425,baseline,threshold,MI,6000,2000,100,20,13,18,94,1,random,mean,250
2026100902,4000,250,0.527083333333,0.30625,0.0976906439682,1,0.0125,baseline,threshold,MI,6000,2000,100,20,13,18,94,1,random,mean,250
2026100903,4000,250,0.532291666667,0.259375,0.105444269636,0.95,0.0155,baseline,threshold,MI,6000,2000,100,20,13,18,94,1,random,mean,250
2026100904,4000,250,0.534375,0.257291666667,0.114494823238,0.95,0.0155,baseline,threshold,MI,6000,2000,100,20,13,18,94,1,random,mean,250
2026100905,4000,250,0.488779166667,0.3028875,0.115694728036,0.95,0.00775,baseline,threshold,MI,6000,2000,100,20,13,18,94,1,random,mean,250
2026100906,4000,250,0.647395833333,0.1859375,0.0798350272806,1,0.03225,baseline,threshold,MI,6000,2000,100,20,13,18,94,1,random,mean,250
2026100907,4000,250,0.305310416667,-0.18214375,0.272382703539,0.1478,0.029,baseline,threshold,MI,6000,2000,100,20,13,18,94,1,random,mean,250
2026100908,4000,250,0.49375,0.297916666667,0.108356900452,0.95,0.02,baseline,threshold,MI,6000,2000,100,20,13,18,94,1,random,mean,250
2026100909,4000,250,0.576870833333,0.250295833333,0.0893680270703,0.9926,0.01075,baseline,threshold,MI,6000,2000,100,20,13,18,94,1,random,mean,250
2026100910,4000,250,0.580697916667,0.252635416667,0.0856829047619,1,0.015,baseline,threshold,MI,6000,2000,100,20,13,18,94,1,random,mean,250
2026100911,4000,250,0.529297916667,0.22186875,0.122896898837,0.9014,0.0115,baseline,threshold,MI,6000,2000,100,20,13,18,94,1,random,mean,250
2026100912,4000,250,0.618229166667,0.1734375,0.100517091782,0.95,0.0215,baseline,threshold,MI,6000,2000,100,20,13,18,94,1,random,mean,250
2026100913,4000,250,0.497320833333,0.294345833333,0.111832580425,0.95,0.0315,baseline,threshold,MI,6000,2000,100,20,13,18,94,1,random,mean,250
2026100914,4000,250,0.1646,-0.1646,0.254002170884,0,0.0125,baseline,threshold,MI,6000,2000,100,20,13,18,94,1,random,mean,250
2026100915,4000,250,0.5049875,0.328345833333,0.109925670246,1,0.0285,baseline,threshold,MI,6000,2000,100,20,13,18,94,1,random,mean,250
2026100916,4000,250,0.563020833333,0.228645833333,0.0980999093665,0.95,0.0145,baseline,threshold,MI,6000,2000,100,20,13,18,94,1,random,mean,250
2026100917,4000,250,0.50155625,0.293610416667,0.108831982831,0.9542,0.02025,baseline,threshold,MI,6000,2000,100,20,13,18,94,1,random,mean,250
2026100918,4000,250,0.249166666667,-0.249166666667,0.25318031918,0,0.00925,baseline,threshold,MI,6000,2000,100,20,13,18,94,1,random,mean,250
2026100919,4000,250,0.125520833333,-0.125520833333,0.264308259889,0,0.01325,baseline,threshold,MI,6000,2000,100,20,13,18,94,1,random,mean,250
2026100920,4000,250,0.4991125,0.334220833333,0.111017936233,1,0.011,baseline,threshold,MI,6000,2000,100,20,13,18,94,1,random,mean,250
2026100921,4000,250,0.501041666667,0.307125,0.0982990060252,0.9698,0.02225,baseline,threshold,MI,6000,2000,100,20,13,18,94,1,random,mean,250
2026100922,4000,250,0.4713,0.320366666667,0.132179825699,0.95,0.00775,baseline,threshold,MI,6000,2000,100,20,13,18,94,1,random,mean,250
2026100923,4000,250,0.56875,0.222916666667,0.0976850187143,0.95,0.0215,baseline,threshold,MI,6000,2000,100,20,13,18,94,1,random,mean,250
2026100924,4000,250,0.5786875,0.219645833333,0.0985162701711,0.958,0.01525,baseline,threshold,MI,6000,2000,100,20,13,18,94,1,random,mean,250
2026100925,4000,250,0.563108333333,0.239225,0.104292027053,0.9628,0.01125,baseline,threshold,MI,6000,2000,100,20,13,18,94,1,random,mean,250
2026100926,4000,250,0.5406875,0.228479166667,0.109614642036,0.923,0.00525,baseline,threshold,MI,6000,2000,100,20,13,18,94,1,random,mean,250
2026100927,4000,250,0.2296875,-0.2296875,0.258131247686,0,0.00825,baseline,threshold,MI,6000,2000,100,20,13,18,94,1,random,mean,250
2026100928,4000,250,0.468229166667,0.281770833333,0.129595998759,0.9,0.023,baseline,threshold,MI,6000,2000,100,20,13,18,94,1,random,mean,250
2026100929,4000,250,0.4828125,0.225520833333,0.128803992294,0.85,0.00725,baseline,threshold,MI,6000,2000,100,20,13,18,94,1,random,mean,250
2026100930,4000,250,0.491860416667,0.258139583333,0.116599716553,0.9,0.01075,baseline,threshold,MI,6000,2000,100,20,13,18,94,1,random,mean,250
2026100931,4000,250,0.572489583333,0.26084375,0.0948700678236,1,0.013,baseline,threshold,MI,6000,2000,100,20,13,18,94,1,random,mean,250
2026100900,4250,250,0.500520833333,0.3328125,0.0942790354331,1,0.0127058823529,baseline,threshold,MI,6000,2000,100,20,13,18,94,1,random,mean,250
2026100901,4250,250,0.4953125,0.296354166667,0.106387061404,0.95,0.0134117647059,baseline,threshold,MI,6000,2000,100,20,13,18,94,1,random,mean,250
2026100902,4250,250,0.527083333333,0.30625,0.0976906439682,1,0.0117647058824,baseline,threshold,MI,6000,2000,100,20,13,18,94,1,random,mean,250
2026100903,4250,250,0.54140625,0.250260416667,0.102999766195,0.95,0.0148235294118,baseline,threshold,MI,6000,2000,100,20,13,18,94,1,random,mean,250
2026100904,4250,250,0.5342,0.257466666667,0.11429034551,0.95,0.0148235294118,baseline,threshold,MI,6000,2000,100,20,13,18,94,1,random,mean,250
2026100905,4250,250,0.501389583333,0.300277083333,0.107063869936,0.962,0.008,baseline,threshold,MI,6000,2000,100,20,13,18,94,1,random,mean,250
2026100906,4250,250,0.64678125,0.186552083333,0.0799171645037,1,0.0305882352941,baseline,threshold,MI,6000,2000,100,20,13,18,94,1,random,mean,250
2026100907,4250,250,0.373310416667,-0.218477083333,0.257838440471,0.1858,0.0324705882353,baseline,threshold,MI,6000,2000,100,20,13,18,94,1,random,mean,250
2026100908,4250,250,0.49375,0.297916666667,0.108356900452,0.95,0.0188235294118,baseline,threshold,MI,6000,2000,100,20,13,18,94,1,random,mean,250
2026100909,4250,250,0.5789625,0.2380375,0.0907279786773,0.9804,0.0105882352941,baseline,threshold,MI,6000,2000,100,20,13,18,94,1,random,mean,250
2026100910,4250,250,0.569054166667,0.264279166667,0.0914451660361,1,0.0148235294118,baseline,threshold,MI,6000,2000,100,20,13,18,94,1,random,mean,250
2026100911,4250,250,0.533854166667,0.2578125,0.107576905523,0.95,0.0108235294118,baseline,threshold,MI,6000,2000,100,20,13,18,94,1,random,mean,250
2026100912,4250,250,0.618229166667,0.1734375,0.100517091782,0.95,0.0202352941176,baseline,threshold,MI,6000,2000,100,20,13,18,94,1,random,mean,250
2026100913,4250,250,0.491670833333,0.299995833333,0.111925675169,0.95,0.0298823529412,baseline,threshold,MI,6000,2000,100,20,13,18,94,1,random,mean,250
2026100914,4250,250,0.153125,-0.153125,0.263432874713,0,0.0117647058824,baseline,threshold,MI,6000,2000,100,20,13,18,94,1,random,mean,250
2026100915,4250,250,0.5028625,0.330470833333,0.111607731242,1,0.0270588235294,baseline,threshold,MI,6000,2000,100,20,13,18,94,1,random,mean,250
2026100916,4250,250,0.563020833333,0.228645833333,0.0980999093665,0.95,0.0136470588235,baseline,threshold,MI,6000,2000,100,20,13,18,94,1,random,mean,250
2026100917,4250,250,0.502072916667,0.28959375,0.106273769114,0.95,0.0197647058824,baseline,threshold,MI,6000,2000,100,20,13,18,94,1,random,mean,250
2026100918,4250,250,0.244164583333,-0.244164583333,0.257697070342,0,0.00941176470588,baseline,threshold,MI,6000,2000,100,20,13,18,94,1,random,mean,250
2026100919,4250,250,0.142295833333,-0.120295833333,0.260458357464,0.0264,0.0127058823529,baseline,threshold,MI,6000,2000,100,20,13,18,94,1,random,mean,250
2026100920,4250,250,0.498958333333,0.334375,0.110964543269,1,0.0103529411765,baseline,threshold,MI,6000,2000,100,20,13,18,94,1,random,mean,250
2026100921,4250,250,0.501297916667,0.332035416667,0.0937915539683,1,0.0214117647059,baseline,threshold,MI,6000,2000,100,20,13,18,94,1,random,mean,250
2026100922,4250,250,0.432345833333,0.323820833333,0.155317424852,0.9074,0.00752941176471,baseline,threshold,MI,6000,2000,100,20,13,18,94,1,random,mean,250
2026100923,4250,250,0.566616666667,0.22505,0.0963220226351,0.95,0.0204705882353,baseline,threshold,MI,6000,2000,100,20,13,18,94,1,random,mean,250
2026100924,4250,250,0.577604166667,0.2140625,0.10049467002,0.95,0.0143529411765,baseline,threshold,MI,6000,2000,100,20,13,18,94,1,random,mean,250
2026100925,4250,250,0.5734375,0.259895833333,0.0929960760599,1,0.0108235294118,baseline,threshold,MI,6000,2000,100,20,13,18,94,1,random,mean,250
2026100926,4250,250,0.487539583333,0.199960416667,0.129689784215,0.825,0.00588235294118,baseline,threshold,MI,6000,2000,100,20,13,18,94,1,random,mean,250
2026100927,4250,250,0.229566666667,-0.229566666667,0.258204257682,0,0.008,baseline,threshold,MI,6000,2000,100,20,13,18,94,1,random,mean,250
2026100928,4250,250,0.468229166667,0.281770833333,0.129595998759,0.9,0.0216470588235,baseline,threshold,MI,6000,2000,100,20,13,18,94,1,random,mean,250
2026100929,4250,250,0.487166666667,0.290833333333,0.115014859083,0.9336,0.00705882352941,baseline,threshold,MI,6000,2000,100,20,13,18,94,1,random,mean,250
2026100930,4250,250,0.4921875,0.2578125,0.116929312047,0.9,0.0101176470588,baseline,threshold,MI,6000,2000,100,20,13,18,94,1,random,mean,250
2026100931,4250,250,0.595833333333,0.2375,0.0816629194051,1,0.0122352941176,baseline,threshold,MI,6000,2000,100,20,13,18,94,1,random,mean,250
2026100900,4500,250,0.500520833333,0.3328125,0.0942790354331,1,0.012,baseline,threshold,MI,6000,2000,100,20,13,18,94,1,random,mean,250
2026100901,4500,250,0.494972916667,0.29669375,0.106332826679,0.95,0.0128888888889,baseline,threshold,MI,6000,2000,100,20,13,18,94,1,random,mean,250
2026100902,4500,250,0.527083333333,0.30625,0.0976906439682,1,0.0111111111111,baseline,threshold,MI,6000,2000,100,20,13,18,94,1,random,mean,250
2026100903,4500,250,0.5486875,0.242979166667,0.0997622314958,0.95,0.0142222222222,baseline,threshold,MI,6000,2000,100,20,13,18,94,1,random,mean,250
2026100904,4500,250,0.530316666667,0.26135,0.110814690797,0.95,0.0142222222222,baseline,threshold,MI,6000,2000,100,20,13,18,94,1,random,mean,250
2026100905,4500,250,0.498783333333,0.292883333333,0.106428514423,0.95,0.00777777777778,baseline,threshold,MI,6000,2000,100,20,13,18,94,1,random,mean,250
2026100906,4500,250,0.6451875,0.188145833333,0.0803907472881,1,0.0293333333333,baseline,threshold,MI,6000,2000,100,20,13,18,94,1,random,mean,250
2026100907,4500,250,0.511910416667,0.105089583333,0.155571660845,0.7404,0.034,baseline,threshold,MI,6000,2000,100,20,13,18,94,1,random,mean,250
2026100908,4500,250,0.49375,0.297916666667,0.108356900452,0.95,0.0177777777778,baseline,threshold,MI,6000,2000,100,20,13,18,94,1,random,mean,250
2026100909,4500,250,0.579166666667,0.254166666667,0.0864303377367,1,0.01,baseline,threshold,MI,6000,2000,100,20,13,18,94,1,random,mean,250
2026100910,4500,250,0.575883333333,0.25745,0.0878486180731,1,0.0144444444444,baseline,threshold,MI,6000,2000,100,20,13,18,94,1,random,mean,250
2026100911,4500,250,0.537285416667,0.25438125,0.106711576646,0.95,0.0104444444444,baseline,threshold,MI,6000,2000,100,20,13,18,94,1,random,mean,250
2026100912,4500,250,0.618229166667,0.1734375,0.100517091782,0.95,0.0191111111111,baseline,threshold,MI,6000,2000,100,20,13,18,94,1,random,mean,250
2026100913,4500,250,0.491139583333,0.300527083333,0.111771525045,0.95,0.0284444444444,baseline,threshold,MI,6000,2000,100,20,13,18,94,1,random,mean,250
2026100914,4500,250,0.153125,-0.153125,0.263432874713,0,0.0111111111111,baseline,threshold,MI,6000,2000,100,20,13,18,94,1,random,mean,250
2026100915,4500,250,0.513008333333,0.307658333333,0.103881388783,0.9848,0.0262222222222,baseline,threshold,MI,6000,2000,100,20,13,18,94,1,random,mean,250
2026100916,4500,250,0.5602625,0.272070833333,0.0909101311922,0.9988,0.0135555555556,baseline,threshold,MI,6000,2000,100,20,13,18,94,1,random,mean,250
2026100917,4500,250,0.507375,0.266958333333,0.105215091892,0.9292,0.0197777777778,baseline,threshold,MI,6000,2000,100,20,13,18,94,1,random,mean,250
2026100918,4500,250,0.240604166667,-0.240604166667,0.260315449011,0,0.00933333333333,baseline,threshold,MI,6000,2000,100,20,13,18,94,1,random,mean,250
2026100919,4500,250,0.131239583333,-0.123739583333,0.262989067089,0.009,0.0122222222222,baseline,threshold,MI,6000,2000,100,20,13,18,94,1,random,mean,250
2026100920,4500,250,0.498958333333,0.334375,0.110964543269,1,0.00977777777778,baseline,threshold,MI,6000,2000,100,20,13,18,94,1,random,mean,250
2026100921,4500,250,0.501541666667,0.331791666667,0.0935650396825,1,0.0204444444444,baseline,threshold,MI,6000,2000,100,20,13,18,94,1,random,mean,250
2026100922,4500,250,0.441345833333,0.308654166667,0.152018229978,0.9,0.00755555555556,baseline,threshold,MI,6000,2000,100,20,13,18,94,1,random,mean,250
2026100923,4500,250,0.561797916667,0.22986875,0.0985588933872,0.95,0.0195555555556,baseline,threshold,MI,6000,2000,100,20,13,18,94,1,random,mean,250
2026100924,4500,250,0.578679166667,0.227320833333,0.0969798139904,0.9672,0.014,baseline,threshold,MI,6000,2000,100,20,13,18,94,1,random,mean,250
2026100925,4500,250,0.565108333333,0.254058333333,0.0984956733355,0.983,0.0111111111111,baseline,threshold,MI,6000,2000,100,20,13,18,94,1,random,mean,250
2026100926,4500,250,0.489845833333,0.2544875,0.120473690198,0.8932,0.00577777777778,baseline,threshold,MI,6000,2000,100,20,13,18,94,1,random,mean,250
2026100927,4500,250,0.229166666667,-0.229166666667,0.258445945946,0,0.00755555555556,baseline,threshold,MI,6000,2000,100,20,13,18,94,1,random,mean,250
2026100928,4500,250,0.466941666667,0.283058333333,0.134561848231,0.9,0.0206666666667,baseline,threshold,MI,6000,2000,100,20,13,18,94,1,random,mean,250
2026100929,4500,250,0.487727083333,0.303939583333,0.113824630906,0.95,0.00688888888889,baseline,threshold,MI,6000,2000,100,20,13,18,94,1,random,mean,250
2026100930,4500,250,0.492129166667,0.257870833333,0.116871449144,0.9,0.00977777777778,baseline,threshold,MI,6000,2000,100,20,13,18,94,1,random,mean,250
2026100931,4500,250,0.595833333333,0.2375,0.0816629194051,1,0.0115555555556,baseline,threshold,MI,6000,2000,100,20,13,18,94,1,random,mean,250
2026100900,4750,250,0.500520833333,0.3328125,0.0942790354331,1,0.0113684210526,baseline,threshold,MI,6000,2000,100,20,13,18,94,1,random,mean,250
2026100901,4750,250,0.494322916667,0.29734375,0.105850197253,0.95,0.0124210526316,baseline,threshold,MI,6000,2000,100,20,13,18,94,1,random,mean,250
2026100902,4750,250,0.527083333333,0.30625,0.0976906439682,1,0.0105263157895,baseline,threshold,MI,6000,2000,100,20,13,18,94,1,random,mean,250
2026100903,4750,250,0.553125,0.238541666667,0.0968829311987,0.95,0.0134736842105,baseline,threshold,MI,6000,2000,100,20,13,18,94,1,random,mean,250
2026100904,4750,250,0.5296875,0.261979166667,0.111699063077,0.95,0.0134736842105,baseline,threshold,MI,6000,2000,100,20,13,18,94,1,random,mean,250
2026100905,4750,250,0.50455,0.30745,0.0995616062992,0.9744,0.00757894736842,baseline,threshold,MI,6000,2000,100,20,13,18,94,1,random,mean,250
2026100906,4750,250,0.6519375,0.181395833333,0.0798522270139,1,0.028,baseline,threshold,MI,6000,2000,100,20,13,18,94,1,random,mean,250
2026100907,4750,250,0.46378125,0.0823854166667,0.184607461677,0.6554,0.0370526315789,baseline,threshold,MI,6000,2000,100,20,13,18,94,1,random,mean,250
2026100908,4750,250,0.49375,0.29375,0.109266219201,0.945,0.0172631578947,baseline,threshold,MI,6000,2000,100,20,13,18,94,1,random,mean,250
2026100909,4750,250,0.579166666667,0.254166666667,0.0864303377367,1,0.00947368421053,baseline,threshold,MI,6000,2000,100,20,13,18,94,1,random,mean,250
2026100910,4750,250,0.580729166667,0.252604166667,0.0852889229539,1,0.0138947368421,baseline,threshold,MI,6000,2000,100,20,13,18,94,1,random,mean,250
2026100911,4750,250,0.547916666667,0.24375,0.104030475697,0.95,0.00989473684211,baseline,threshold,MI,6000,2000,100,20,13,18,94,1,random,mean,250
2026100912,4750,250,0.65653125,0.172302083333,0.0800965965771,0.9946,0.0189473684211,baseline,threshold,MI,6000,2000,100,20,13,18,94,1,random,mean,250
2026100913,4750,250,0.490625,0.301041666667,0.111629025045,0.95,0.0269473684211,baseline,threshold,MI,6000,2000,100,20,13,18,94,1,random,mean,250
2026100914,4750,250,0.153125,-0.153125,0.263432874713,0,0.0105263157895,baseline,threshold,MI,6000,2000,100,20,13,18,94,1,random,mean,250
2026100915,4750,250,0.507708333333,0.283958333333,0.102157257054,0.95,0.0252631578947,baseline,threshold,MI,6000,2000,100,20,13,18,94,1,random,mean,250
2026100916,4750,250,0.555208333333,0.278125,0.0940331737161,1,0.0128421052632,baseline,threshold,MI,6000,2000,100,20,13,18,94,1,random,mean,250
2026100917,4750,250,0.509685416667,0.28198125,0.0998291310233,0.95,0.0191578947368,baseline,threshold,MI,6000,2000,100,20,13,18,94,1,random,mean,250
2026100918,4750,250,0.240104166667,-0.240104166667,0.259941019787,0,0.00884210526316,baseline,threshold,MI,6000,2000,100,20,13,18,94,1,random,mean,250
2026100919,4750,250,0.134272916667,-0.134272916667,0.264695420419,0,0.012,baseline,threshold,MI,6000,2000,100,20,13,18,94,1,random,mean,250
2026100920,4750,250,0.498958333333,0.334375,0.110964543269,1,0.00926315789474,baseline,threshold,MI,6000,2000,100,20,13,18,94,1,random,mean,250
2026100921,4750,250,0.5015625,0.331770833333,0.0935625,1,0.0193684210526,baseline,threshold,MI,6000,2000,100,20,13,18,94,1,random,mean,250
2026100922,4750,250,0.499479166667,0.250520833333,0.122116134002,0.9,0.00715789473684,baseline,threshold,MI,6000,2000,100,20,13,18,94,1,random,mean,250
2026100923,4750,250,0.5605,0.231166666667,0.0998314763257,0.95,0.0187368421053,baseline,threshold,MI,6000,2000,100,20,13,18,94,1,random,mean,250
2026100924,4750,250,0.586554166667,0.2406125,0.0882895775993,0.9926,0.0143157894737,baseline,threshold,MI,6000,2000,100,20,13,18,94,1,random,mean,250
2026100925,4750,250,0.55106875,0.276764583333,0.100075345561,0.9934,0.0111578947368,baseline,threshold,MI,6000,2000,100,20,13,18,94,1,random,mean,250
2026100926,4750,250,0.490625,0.259375,0.118686365087,0.9,0.00547368421053,baseline,threshold,MI,6000,2000,100,20,13,18,94,1,random,mean,250
2026100927,4750,250,0.229166666667,-0.229166666667,0.258445945946,0,0.00715789473684,baseline,threshold,MI,6000,2000,100,20,13,18,94,1,random,mean,250
2026100928,4750,250,0.467947916667,0.282052083333,0.130680771702,0.9,0.0197894736842,baseline,threshold,MI,6000,2000,100,20,13,18,94,1,random,mean,250
2026100929,4750,250,0.49569375,0.295972916667,0.110955237724,0.95,0.00673684210526,baseline,threshold,MI,6000,2000,100,20,13,18,94,1,random,mean,250
2026100930,4750,250,0.49239375,0.25760625,0.115613327339,0.9,0.00968421052632,baseline,threshold,MI,6000,2000,100,20,13,18,94,1,random,mean,250
2026100931,4750,250,0.595833333333,0.2375,0.0816629194051,1,0.0109473684211,baseline,threshold,MI,6000,2000,100,20,13,18,94,1,random,mean,250
2026100900,5000,250,0.500520833333,0.3328125,0.0942790354331,1,0.0108,baseline,threshold,MI,6000,2000,100,20,13,18,94,1,random,mean,250
2026100901,5000,250,0.494270833333,0.297395833333,0.105799788136,0.95,0.0118,baseline,threshold,MI,6000,2000,100,20,13,18,94,1,random,mean,250
2026100902,5000,250,0.525333333333,0.308,0.0973453620418,1,0.0102,baseline,threshold,MI,6000,2000,100,20,13,18,94,1,random,mean,250
2026100903,5000,250,0.55446875,0.237197916667,0.0973651747211,0.95,0.013,baseline,threshold,MI,6000,2000,100,20,13,18,94,1,random,mean,250
2026100904,5000,250,0.5296875,0.261979166667,0.111699063077,0.95,0.0128,baseline,threshold,MI,6000,2000,100,20,13,18,94,1,random,mean,250
2026100905,5000,250,0.510416666667,0.322916666667,0.0925196850394,1,0.0072,baseline,threshold,MI,6000,2000,100,20,13,18,94,1,random,mean,250
2026100906,5000,250,0.6609375,0.172395833333,0.0748870489731,1,0.0266,baseline,threshold,MI,6000,2000,100,20,13,18,94,1,random,mean,250
2026100907,5000,250,0.359497916667,-0.09283125,0.238157789835,0.32,0.0388,baseline,threshold,MI,6000,2000,100,20,13,18,94,1,random,mean,250
2026100908,5000,250,0.495291666667,0.296375,0.107158215508,0.95,0.0166,baseline,threshold,MI,6000,2000,100,20,13,18,94,1,random,mean,250
2026100909,5000,250,0.578970833333,0.2543625,0.086902306549,1,0.0098,baseline,threshold,MI,6000,2000,100,20,13,18,94,1,random,mean,250
2026100910,5000,250,0.580729166667,0.252604166667,0.0852889229539,1,0.0132,baseline,threshold,MI,6000,2000,100,20,13,18,94,1,random,mean,250
2026100911,5000,250,0.547916666667,0.24375,0.104030475697,0.95,0.0094,baseline,threshold,MI,6000,2000,100,20,13,18,94,1,random,mean,250
2026100912,5000,250,0.66799375,0.165339583333,0.0737728211791,1,0.0184,baseline,threshold,MI,6000,2000,100,20,13,18,94,1,random,mean,250
2026100913,5000,250,0.489452083333,0.302214583333,0.110646081613,0.95,0.026,baseline,threshold,MI,6000,2000,100,20,13,18,94,1,random,mean,250
2026100914,5000,250,0.152375,-0.152375,0.263451066728,0,0.0102,baseline,threshold,MI,6000,2000,100,20,13,18,94,1,random,mean,250
2026100915,5000,250,0.510416666667,0.28125,0.101667716535,0.95,0.0242,baseline,threshold,MI,6000,2000,100,20,13,18,94,1,random,mean,250
2026100916,5000,250,0.555602083333,0.27773125,0.0940454580735,1,0.0132,baseline,threshold,MI,6000,2000,100,20,13,18,94,1,random,mean,250
2026100917,5000,250,0.50525625,0.30174375,0.097669082903,0.9684,0.019,baseline,threshold,MI,6000,2000,100,20,13,18,94,1,random,mean,250
2026100918,5000,250,0.239141666667,-0.239141666667,0.259695692953,0,0.0086,baseline,threshold,MI,6000,2000,100,20,13,18,94,1,random,mean,250
2026100919,5000,250,0.141904166667,-0.141904166667,0.26098630708,0,0.0118,baseline,threshold,MI,6000,2000,100,20,13,18,94,1,random,mean,250
2026100920,5000,250,0.498925,0.333741666667,0.111124385049,0.9992,0.0094,baseline,threshold,MI,6000,2000,100,20,13,18,94,1,random,mean,250
2026100921,5000,250,0.50019375,0.333139583333,0.09424003125,1,0.0186,baseline,threshold,MI,6000,2000,100,20,13,18,94,1,random,mean,250
2026100922,5000,250,0.499479166667,0.250520833333,0.122116134002,0.9,0.0068,baseline,threshold,MI,6000,2000,100,20,13,18,94,1,random,mean,250
2026100923,5000,250,0.559625,0.232041666667,0.100192112286,0.95,0.0182,baseline,threshold,MI,6000,2000,100,20,13,18,94,1,random,mean,250
2026100924,5000,250,0.559075,0.269258333333,0.0970414672554,0.994,0.0146,baseline,threshold,MI,6000,2000,100,20,13,18,94,1,random,mean,250
2026100925,5000,250,0.555604166667,0.277729166667,0.0988397577446,1,0.0108,baseline,threshold,MI,6000,2000,100,20,13,18,94,1,random,mean,250
2026100926,5000,250,0.4878,0.299866666667,0.112946300473,0.9452,0.0054,baseline,threshold,MI,6000,2000,100,20,13,18,94,1,random,mean,250
2026100927,5000,250,0.229166666667,-0.229166666667,0.258445945946,0,0.0068,baseline,threshold,MI,6000,2000,100,20,13,18,94,1,random,mean,250
2026100928,5000,250,0.468229166667,0.281770833333,0.129595998759,0.9,0.0188,baseline,threshold,MI,6000,2000,100,20,13,18,94,1,random,mean,250
2026100929,5000,250,0.490508333333,0.301158333333,0.110929407262,0.95,0.0066,baseline,threshold,MI,6000,2000,100,20,13,18,94,1,random,mean,250
2026100930,5000,250,0.493420833333,0.2719125,0.113260884354,0.9184,0.0094,baseline,threshold,MI,6000,2000,100,20,13,18,94,1,random,mean,250
2026100931,5000,250,0.595833333333,0.2375,0.0816629194051,1,0.0104,baseline,threshold,MI,6000,2000,100,20,13,18,94,1,random,mean,250
2026100900,5250,250,0.500520833333,0.322479166667,0.0964271430357,0.9876,0.0104761904762,baseline,threshold,MI,6000,2000,100,20,13,18,94,1,random,mean,250
2026100901,5250,250,0.494270833333,0.297395833333,0.105799788136,0.95,0.0112380952381,baseline,threshold,MI,6000,2000,100,20,13,18,94,1,random,mean,250
2026100902,5250,250,0.523958333333,0.309375,0.0970740690996,1,0.00971428571429,baseline,threshold,MI,6000,2000,100,20,13,18,94,1,random,mean,250
2026100903,5250,250,0.5511,0.240566666667,0.0991063810237,0.95,0.0125714285714,baseline,threshold,MI,6000,2000,100,20,13,18,94,1,random,mean,250
2026100904,5250,250,0.5296875,0.261979166667,0.111699063077,0.95,0.0121904761905,baseline,threshold,MI,6000,2000,100,20,13,18,94,1,random,mean,250
2026100905,5250,250,0.510416666667,0.322916666667,0.0925196850394,1,0.00704761904762,baseline,threshold,MI,6000,2000,100,20,13,18,94,1,random,mean,250
2026100906,5250,250,0.6609375,0.172395833333,0.0748870489731,1,0.0253333333333,baseline,threshold,MI,6000,2000,100,20,13,18,94,1,random,mean,250
2026100907,5250,250,0.46836875,-0.0725354166667,0.219142748132,0.475,0.044,baseline,threshold,MI,6000,2000,100,20,13,18,94,1,random,mean,250
2026100908,5250,250,0.495833333333,0.295833333333,0.106490358374,0.95,0.016,baseline,threshold,MI,6000,2000,100,20,13,18,94,1,random,mean,250
2026100909,5250,250,0.584375,0.248958333333,0.0844537815126,1,0.00933333333333,baseline,threshold,MI,6000,2000,100,20,13,18,94,1,random,mean,250
2026100910,5250,250,0.580252083333,0.25308125,0.0851544777926,1,0.0127619047619,baseline,threshold,MI,6000,2000,100,20,13,18,94,1,random,mean,250
2026100911,5250,250,0.547916666667,0.24375,0.104030475697,0.95,0.00895238095238,baseline,threshold,MI,6000,2000,100,20,13,18,94,1,random,mean,250
2026100912,5250,250,0.663310416667,0.170022916667,0.0764577243109,1,0.0180952380952,baseline,threshold,MI,6000,2000,100,20,13,18,94,1,random,mean,250
2026100913,5250,250,0.493570833333,0.298095833333,0.106656753941,0.95,0.0249523809524,baseline,threshold,MI,6000,2000,100,20,13,18,94,1,random,mean,250
2026100914,5250,250,0.254916666667,-0.00158333333333,0.222941743826,0.304,0.00990476190476,baseline,threshold,MI,6000,2000,100,20,13,18,94,1,random,mean,250
2026100915,5250,250,0.510416666667,0.28125,0.101667716535,0.95,0.0230476190476,baseline,threshold,MI,6000,2000,100,20,13,18,94,1,random,mean,250
2026100916,5250,250,0.555208333333,0.278125,0.0940331737161,1,0.0125714285714,baseline,threshold,MI,6000,2000,100,20,13,18,94,1,random,mean,250
2026100917,5250,250,0.500727083333,0.296439583333,0.0991916420422,0.9566,0.0182857142857,baseline,threshold,MI,6000,2000,100,20,13,18,94,1,random,mean,250
2026100918,5250,250,0.231954166667,-0.231954166667,0.259529938048,0,0.00838095238095,baseline,threshold,MI,6000,2000,100,20,13,18,94,1,random,mean,250
2026100919,5250,250,0.144270833333,-0.144270833333,0.259320707548,0,0.0112380952381,baseline,threshold,MI,6000,2000,100,20,13,18,94,1,random,mean,250
2026100920,5250,250,0.498958333333,0.334375,0.110964543269,1,0.00895238095238,baseline,threshold,MI,6000,2000,100,20,13,18,94,1,random,mean,250
2026100921,5250,250,0.5,0.333333333333,0.0943359375,1,0.0177142857143,baseline,threshold,MI,6000,2000,100,20,13,18,94,1,random,mean,250
2026100922,5250,250,0.499479166667,0.250520833333,0.122116134002,0.9,0.00647619047619,baseline,threshold,MI,6000,2000,100,20,13,18,94,1,random,mean,250
2026100923,5250,250,0.5609375,0.230729166667,0.0996511583454,0.95,0.0173333333333,baseline,threshold,MI,6000,2000,100,20,13,18,94,1,random,mean,250
2026100924,5250,250,0.565577083333,0.26775625,0.0923438130097,1,0.0146666666667,baseline,threshold,MI,6000,2000,100,20,13,18,94,1,random,mean,250
2026100925,5250,250,0.5693625,0.263970833333,0.0949747897783,1,0.0104761904762,baseline,threshold,MI,6000,2000,100,20,13,18,94,1,random,mean,250
2026100926,5250,250,0.4875,0.304166666667,0.112336736089,0.95,0.00514285714286,baseline,threshold,MI,6000,2000,100,20,13,18,94,1,random,mean,250
2026100927,5250,250,0.229166666667,-0.229166666667,0.258445945946,0,0.00666666666667,baseline,threshold,MI,6000,2000,100,20,13,18,94,1,random,mean,250
2026100928,5250,250,0.484245833333,0.265754166667,0.124927236549,0.9,0.0180952380952,baseline,threshold,MI,6000,2000,100,20,13,18,94,1,random,mean,250
2026100929,5250,250,0.4875,0.304166666667,0.111284722222,0.95,0.00628571428571,baseline,threshold,MI,6000,2000,100,20,13,18,94,1,random,mean,250
2026100930,5250,250,0.49375,0.297916666667,0.108645833333,0.95,0.00895238095238,baseline,threshold,MI,6000,2000,100,20,13,18,94,1,random,mean,250
2026100931,5250,250,0.595833333333,0.2375,0.0816629194051,1,0.00990476190476,baseline,threshold,MI,6000,2000,100,20,13,18,94,1,random,mean,250
2026100900,5500,250,0.500520833333,0.3303125,0.0949837782554,0.997,0.0101818181818,baseline,threshold,MI,6000,2000,100,20,13,18,94,1,random,mean,250
2026100901,5500,250,0.494783333333,0.296883333333,0.10587293711,0.95,0.0109090909091,baseline,threshold,MI,6000,2000,100,20,13,18,94,1,random,mean,250
2026100902,5500,250,0.523958333333,0.309375,0.0970740690996,1,0.00927272727273,baseline,threshold,MI,6000,2000,100,20,13,18,94,1,random,mean,250
2026100903,5500,250,0.54375,0.247916666667,0.102512891502,0.95,0.012,baseline,threshold,MI,6000,2000,100,20,13,18,94,1,random,mean,250
2026100904,5500,250,0.5296875,0.261979166667,0.111699063077,0.95,0.0116363636364,baseline,threshold,MI,6000,2000,100,20,13,18,94,1,random,mean,250
2026100905,5500,250,0.5174,0.315933333333,0.0888231106854,1,0.00727272727273,baseline,threshold,MI,6000,2000,100,20,13,18,94,1,random,mean,250
2026100906,5500,250,0.6609375,0.172395833333,0.0748870489731,1,0.0241818181818,baseline,threshold,MI,6000,2000,100,20,13,18,94,1,random,mean,250
2026100907,5500,250,0.508079166667,0.1090875,0.169678740196,0.7406,0.0463636363636,baseline,threshold,MI,6000,2000,100,20,13,18,94,1,random,mean,250
2026100908,5500,250,0.495833333333,0.295833333333,0.105956367453,0.95,0.0152727272727,baseline,threshold,MI,6000,2000,100,20,13,18,94,1,random,mean,250
2026100909,5500,250,0.584375,0.248958333333,0.0844537815126,1,0.00890909090909,baseline,threshold,MI,6000,2000,100,20,13,18,94,1,random,mean,250
2026100910,5500,250,0.5805625,0.252770833333,0.0849663438823,1,0.0123636363636,baseline,threshold,MI,6000,2000,100,20,13,18,94,1,random,mean,250
2026100911,5500,250,0.547916666667,0.24375,0.104030475697,0.95,0.00854545454545,baseline,threshold,MI,6000,2000,100,20,13,18,94,1,random,mean,250
2026100912,5500,250,0.66875,0.164583333333,0.073330026455,1,0.0172727272727,baseline,threshold,MI,6000,2000,100,20,13,18,94,1,random,mean,250
2026100913,5500,250,0.4953125,0.296354166667,0.105705180921,0.95,0.0238181818182,baseline,threshold,MI,6000,2000,100,20,13,18,94,1,random,mean,250
2026100914,5500,250,0.491435416667,0.28473125,0.139454413954,0.9314,0.01,baseline,threshold,MI,6000,2000,100,20,13,18,94,1,random,mean,250
2026100915,5500,250,0.510416666667,0.28125,0.101667716535,0.95,0.022,baseline,threshold,MI,6000,2000,100,20,13,18,94,1,random,mean,250
2026100916,5500,250,0.555208333333,0.278125,0.0940331737161,1,0.012,baseline,threshold,MI,6000,2000,100,20,13,18,94,1,random,mean,250
2026100917,5500,250,0.503058333333,0.330275,0.0935872337997,1,0.0178181818182,baseline,threshold,MI,6000,2000,100,20,13,18,94,1,random,mean,250
2026100918,5500,250,0.210270833333,-0.210270833333,0.271979879339,0,0.00836363636364,baseline,threshold,MI,6000,2000,100,20,13,18,94,1,random,mean,250
2026100919,5500,250,0.144270833333,-0.144270833333,0.259320707548,0,0.0107272727273,baseline,threshold,MI,6000,2000,100,20,13,18,94,1,random,mean,250
2026100920,5500,250,0.495689583333,0.308310416667,0.117839975487,0.9648,0.00963636363636,baseline,threshold,MI,6000,2000,100,20,13,18,94,1,random,mean,250
2026100921,5500,250,0.500929166667,0.332404166667,0.0942336185516,1,0.0170909090909,baseline,threshold,MI,6000,2000,100,20,13,18,94,1,random,mean,250
2026100922,5500,250,0.499479166667,0.250520833333,0.122116134002,0.9,0.00618181818182,baseline,threshold,MI,6000,2000,100,20,13,18,94,1,random,mean,250
2026100923,5500,250,0.561554166667,0.242445833333,0.0983777955446,0.9648,0.0167272727273,baseline,threshold,MI,6000,2000,100,20,13,18,94,1,random,mean,250
2026100924,5500,250,0.57994375,0.253389583333,0.0855231308366,1,0.0143636363636,baseline,threshold,MI,6000,2000,100,20,13,18,94,1,random,mean,250
2026100925,5500,250,0.576525,0.256808333333,0.0913149742237,1,0.0105454545455,baseline,threshold,MI,6000,2000,100,20,13,18,94,1,random,mean,250
2026100926,5500,250,0.478277083333,0.27455625,0.12133092403,0.9034,0.00509090909091,baseline,threshold,MI,6000,2000,100,20,13,18,94,1,random,mean,250
2026100927,5500,250,0.229166666667,-0.229166666667,0.258445945946,0,0.00636363636364,baseline,threshold,MI,6000,2000,100,20,13,18,94,1,random,mean,250
2026100928,5500,250,0.484375,0.265625,0.124889585241,0.9,0.0172727272727,baseline,threshold,MI,6000,2000,100,20,13,18,94,1,random,mean,250
2026100929,5500,250,0.4875,0.304166666667,0.111284722222,0.95,0.006,baseline,threshold,MI,6000,2000,100,20,13,18,94,1,random,mean,250
2026100930,5500,250,0.49375,0.297916666667,0.108645833333,0.95,0.00854545454545,baseline,threshold,MI,6000,2000,100,20,13,18,94,1,random,mean,250
2026100931,5500,250,0.595833333333,0.2375,0.0816629194051,1,0.00945454545455,baseline,threshold,MI,6000,2000,100,20,13,18,94,1,random,mean,250
2026100900,5750,250,0.503108333333,0.330225,0.0936620941978,1,0.00991304347826,baseline,threshold,MI,6000,2000,100,20,13,18,94,1,random,mean,250
2026100901,5750,250,0.4953125,0.296354166667,0.105948464912,0.95,0.0104347826087,baseline,threshold,MI,6000,2000,100,20,13,18,94,1,random,mean,250
2026100902,5750,250,0.523958333333,0.309375,0.0970740690996,1,0.00886956521739,baseline,threshold,MI,6000,2000,100,20,13,18,94,1,random,mean,250
2026100903,5750,250,0.54375,0.247916666667,0.102512891502,0.95,0.0114782608696,baseline,threshold,MI,6000,2000,100,20,13,18,94,1,random,mean,250
2026100904,5750,250,0.5296875,0.261979166667,0.111699063077,0.95,0.0111304347826,baseline,threshold,MI,6000,2000,100,20,13,18,94,1,random,mean,250
2026100905,5750,250,0.500485416667,0.332847916667,0.0977705339567,1,0.00747826086957,baseline,threshold,MI,6000,2000,100,20,13,18,94,1,random,mean,250
2026100906,5750,250,0.659041666667,0.174291666667,0.0762406767317,1,0.0233043478261,baseline,threshold,MI,6000,2000,100,20,13,18,94,1,random,mean,250
2026100907,5750,250,0.510416666667,0.28125,0.132421777172,0.95,0.044347826087,baseline,threshold,MI,6000,2000,100,20,13,18,94,1,random,mean,250
2026100908,5750,250,0.496016666667,0.29565,0.105726874806,0.95,0.0147826086957,baseline,threshold,MI,6000,2000,100,20,13,18,94,1,random,mean,250
2026100909,5750,250,0.562275,0.271058333333,0.0948123029045,1,0.00886956521739,baseline,threshold,MI,6000,2000,100,20,13,18,94,1,random,mean,250
2026100910,5750,250,0.581883333333,0.25145,0.0846088935715,1,0.012,baseline,threshold,MI,6000,2000,100,20,13,18,94,1,random,mean,250
2026100911,5750,250,0.547916666667,0.24375,0.104030475697,0.95,0.00817391304348,baseline,threshold,MI,6000,2000,100,20,13,18,94,1,random,mean,250
2026100912,5750,250,0.668535416667,0.164797916667,0.0732632913096,1,0.0166956521739,baseline,threshold,MI,6000,2000,100,20,13,18,94,1,random,mean,250
2026100913,5750,250,0.4953125,0.296354166667,0.105705180921,0.95,0.0227826086957,baseline,threshold,MI,6000,2000,100,20,13,18,94,1,random,mean,250
2026100914,5750,250,0.498485416667,0.19818125,0.151207888029,0.836,0.0104347826087,baseline,threshold,MI,6000,2000,100,20,13,18,94,1,random,mean,250
2026100915,5750,250,0.510170833333,0.281495833333,0.101505138758,0.95,0.0212173913043,baseline,threshold,MI,6000,2000,100,20,13,18,94,1,random,mean,250
2026100916,5750,250,0.555208333333,0.278125,0.0940331737161,1,0.0114782608696,baseline,threshold,MI,6000,2000,100,20,13,18,94,1,random,mean,250
2026100917,5750,250,0.504166666667,0.329166666667,0.0930103875187,1,0.0170434782609,baseline,threshold,MI,6000,2000,100,20,13,18,94,1,random,mean,250
2026100918,5750,250,0.210416666667,-0.210416666667,0.272196947849,0,0.008,baseline,threshold,MI,6000,2000,100,20,13,18,94,1,random,mean,250
2026100919,5750,250,0.144270833333,-0.144270833333,0.259320707548,0,0.0104347826087,baseline,threshold,MI,6000,2000,100,20,13,18,94,1,random,mean,250
2026100920,5750,250,0.490627083333,0.30120625,0.119415423403,0.9502,0.00939130434783,baseline,threshold,MI,6000,2000,100,20,13,18,94,1,random,mean,250
2026100921,5750,250,0.501041666667,0.332291666667,0.0942212301587,1,0.016347826087,baseline,threshold,MI,6000,2000,100,20,13,18,94,1,random,mean,250
2026100922,5750,250,0.499479166667,0.250520833333,0.122116134002,0.9,0.00591304347826,baseline,threshold,MI,6000,2000,100,20,13,18,94,1,random,mean,250
2026100923,5750,250,0.562995833333,0.2698375,0.0954008798077,0.9994,0.0161739130435,baseline,threshold,MI,6000,2000,100,20,13,18,94,1,random,mean,250
2026100924,5750,250,0.580208333333,0.253125,0.0853174603175,1,0.0139130434783,baseline,threshold,MI,6000,2000,100,20,13,18,94,1,random,mean,250
2026100925,5750,250,0.575520833333,0.2578125,0.0909950024723,1,0.0100869565217,baseline,threshold,MI,6000,2000,100,20,13,18,94,1,random,mean,250
2026100926,5750,250,0.479445833333,0.259220833333,0.124372279415,0.8864,0.00504347826087,baseline,threshold,MI,6000,2000,100,20,13,18,94,1,random,mean,250
2026100927,5750,250,0.227289583333,-0.227289583333,0.259635183183,0,0.00626086956522,baseline,threshold,MI,6000,2000,100,20,13,18,94,1,random,mean,250
2026100928,5750,250,0.484375,0.265625,0.124889585241,0.9,0.0165217391304,baseline,threshold,MI,6000,2000,100,20,13,18,94,1,random,mean,250
2026100929,5750,250,0.487035416667,0.267464583333,0.117798370181,0.9054,0.00591304347826,baseline,threshold,MI,6000,2000,100,20,13,18,94,1,random,mean,250
2026100930,5750,250,0.49375,0.297916666667,0.108645833333,0.95,0.00834782608696,baseline,threshold,MI,6000,2000,100,20,13,18,94,1,random,mean,250
2026100931,5750,250,0.595833333333,0.2375,0.0816629194051,1,0.00904347826087,baseline,threshold,MI,6000,2000,100,20,13,18,94,1,random,mean,250
2026100900,6000,250,0.503645833333,0.3296875,0.0934930456951,1,0.0095,baseline,threshold,MI,6000,2000,100,20,13,18,94,1,random,mean,250
2026100901,6000,250,0.4953125,0.296354166667,0.105948464912,0.95,0.01,baseline,threshold,MI,6000,2000,100,20,13,18,94,1,random,mean,250
2026100902,6000,250,0.523958333333,0.309375,0.0970740690996,1,0.0085,baseline,threshold,MI,6000,2000,100,20,13,18,94,1,random,mean,250
2026100903,6000,250,0.54375,0.247916666667,0.102512891502,0.95,0.011,baseline,threshold,MI,6000,2000,100,20,13,18,94,1,random,mean,250
2026100904,6000,250,0.5336875,0.257979166667,0.113234394269,0.95,0.0108333333333,baseline,threshold,MI,6000,2000,100,20,13,18,94,1,random,mean,250
2026100905,6000,250,0.500439583333,0.33289375,0.0977413016732,1,0.00733333333333,baseline,threshold,MI,6000,2000,100,20,13,18,94,1,random,mean,250
2026100906,6000,250,0.659441666667,0.173891666667,0.0760336346241,1,0.0225,baseline,threshold,MI,6000,2000,100,20,13,18,94,1,random,mean,250
2026100907,6000,250,0.510416666667,0.28125,0.132421777172,0.95,0.0425,baseline,threshold,MI,6000,2000,100,20,13,18,94,1,random,mean,250
2026100908,6000,250,0.502866666667,0.273466666667,0.108460056196,0.9316,0.0145,baseline,threshold,MI,6000,2000,100,20,13,18,94,1,random,mean,250
2026100909,6000,250,0.574575,0.258758333333,0.0889313314128,1,0.009,baseline,threshold,MI,6000,2000,100,20,13,18,94,1,random,mean,250
2026100910,6000,250,0.583120833333,0.2502125,0.0847539090084,1,0.0116666666667,baseline,threshold,MI,6000,2000,100,20,13,18,94,1,random,mean,250
2026100911,6000,250,0.547916666667,0.24375,0.104030475697,0.95,0.00783333333333,baseline,threshold,MI,6000,2000,100,20,13,18,94,1,random,mean,250
2026100912,6000,250,0.668229166667,0.165104166667,0.0731680479468,1,0.016,baseline,threshold,MI,6000,2000,100,20,13,18,94,1,random,mean,250
2026100913,6000,250,0.495329166667,0.2963375,0.105721722274,0.95,0.022,baseline,threshold,MI,6000,2000,100,20,13,18,94,1,random,mean,250
2026100914,6000,250,0.527229166667,0.2934375,0.105819889945,0.9848,0.0106666666667,baseline,threshold,MI,6000,2000,100,20,13,18,94,1,random,mean,250
2026100915,6000,250,0.509895833333,0.281770833333,0.101323272091,0.95,0.0203333333333,baseline,threshold,MI,6000,2000,100,20,13,18,94,1,random,mean,250
2026100916,6000,250,0.540316666667,0.293016666667,0.0897212601237,1,0.0113333333333,baseline,threshold,MI,6000,2000,100,20,13,18,94,1,random,mean,250
2026100917,6000,250,0.506033333333,0.289966666667,0.101827653861,0.9552,0.0165,baseline,threshold,MI,6000,2000,100,20,13,18,94,1,random,mean,250
2026100918,6000,250,0.210416666667,-0.210416666667,0.272196947849,0,0.00766666666667,baseline,threshold,MI,6000,2000,100,20,13,18,94,1,random,mean,250
2026100919,6000,250,0.144270833333,-0.144270833333,0.259320707548,0,0.01,baseline,threshold,MI,6000,2000,100,20,13,18,94,1,random,mean,250
2026100920,6000,250,0.49428125,0.30921875,0.115893359247,0.9642,0.0095,baseline,threshold,MI,6000,2000,100,20,13,18,94,1,random,mean,250
2026100921,6000,250,0.501041666667,0.332291666667,0.0942212301587,1,0.0156666666667,baseline,threshold,MI,6000,2000,100,20,13,18,94,1,random,mean,250
2026100922,6000,250,0.499479166667,0.250520833333,0.122116134002,0.9,0.00566666666667,baseline,threshold,MI,6000,2000,100,20,13,18,94,1,random,mean,250
2026100923,6000,250,0.5609375,0.230729166667,0.0996511583454,0.95,0.0156666666667,baseline,threshold,MI,6000,2000,100,20,13,18,94,1,random,mean,250
2026100924,6000,250,0.580208333333,0.253125,0.0853174603175,1,0.0133333333333,baseline,threshold,MI,6000,2000,100,20,13,18,94,1,random,mean,250
2026100925,6000,250,0.575520833333,0.2578125,0.0909950024723,1,0.00966666666667,baseline,threshold,MI,6000,2000,100,20,13,18,94,1,random,mean,250
2026100926,6000,250,0.484979166667,0.284354166667,0.114795611756,0.9232,0.00516666666667,baseline,threshold,MI,6000,2000,100,20,13,18,94,1,random,mean,250
2026100927,6000,250,0.229279166667,-0.229279166667,0.258182338113,0,0.00633333333333,baseline,threshold,MI,6000,2000,100,20,13,18,94,1,random,mean,250
2026100928,6000,250,0.49970625,0.287460416667,0.113234720228,0.9446,0.016,baseline,threshold,MI,6000,2000,100,20,13,18,94,1,random,mean,250
2026100929,6000,250,0.487866666667,0.262133333333,0.118219653018,0.9,0.006,baseline,threshold,MI,6000,2000,100,20,13,18,94,1,random,mean,250
2026100930,6000,250,0.494135416667,0.29753125,0.108734690886,0.95,0.00833333333333,baseline,threshold,MI,6000,2000,100,20,13,18,94,1,random,mean,250
2026100931,6000,250,0.595833333333,0.2375,0.0816629194051,1,0.00866666666667,baseline,threshold,MI,6000,2000,100,20,13,18,94,1,random,mean,250
