seed,step,window_steps,group_relative_contribution,surplus,gini,success,acceptance_rate,experiment,game,treatment,steps,burn_in,thin,rounds,levels,beta,gamma,selection,initial,signal,diagnostic_every
2026090900,250,250,0.469785416667,0.914809166667,0.108496060486,,0.352,longer,linear,MI,12000,8000,100,20,13,0,14,1,random,mean,250
2026090901,250,250,0.506308333333,0.956935833333,0.0983468496564,,0.364,longer,linear,MI,12000,8000,100,20,13,0,14,1,random,mean,250
2026090902,250,250,0.469054166667,0.911784166667,0.110675980176,,0.292,longer,linear,MI,12000,8000,100,20,13,0,14,1,random,mean,250
2026090903,250,250,0.467447916667,0.911021666667,0.110951532526,,0.308,longer,linear,MI,12000,8000,100,20,13,0,14,1,random,mean,250
2026090904,250,250,0.509264583333,0.974763333333,0.0976822305082,,0.3,longer,linear,MI,12000,8000,100,20,13,0,14,1,random,mean,250
2026090905,250,250,0.514495833333,1.00469833333,0.0973509035796,,0.212,longer,linear,MI,12000,8000,100,20,13,0,14,1,random,mean,250
2026090906,250,250,0.499260416667,0.955314166667,0.09236418437,,0.288,longer,linear,MI,12000,8000,100,20,13,0,14,1,random,mean,250
2026090907,250,250,0.490075,0.949455,0.106728248563,,0.272,longer,linear,MI,12000,8000,100,20,13,0,14,1,random,mean,250
2026090908,250,250,0.529491666667,1.00925166667,0.0915963538502,,0.336,longer,linear,MI,12000,8000,100,20,13,0,14,1,random,mean,250
2026090909,250,250,0.534854166667,1.00572416667,0.0881795636804,,0.408,longer,linear,MI,12000,8000,100,20,13,0,14,1,random,mean,250
2026090910,250,250,0.491120833333,0.942023333333,0.100191305666,,0.324,longer,linear,MI,12000,8000,100,20,13,0,14,1,random,mean,250
2026090911,250,250,0.482879166667,0.926574166667,0.105748378881,,0.328,longer,linear,MI,12000,8000,100,20,13,0,14,1,random,mean,250
2026090912,250,250,0.490502083333,0.947478333333,0.104110783853,,0.32,longer,linear,MI,12000,8000,100,20,13,0,14,1,random,mean,250
2026090913,250,250,0.484175,0.927415,0.100922337415,,0.32,longer,linear,MI,12000,8000,100,20,13,0,14,1,random,mean,250
2026090914,250,250,0.460722916667,0.890474166667,0.109784088678,,0.248,longer,linear,MI,12000,8000,100,20,13,0,14,1,random,mean,250
2026090915,250,250,0.488364583333,0.932738333333,0.100784510943,,0.296,longer,linear,MI,12000,8000,100,20,13,0,14,1,random,mean,250
2026090900,500,250,0.497464583333,0.952968333333,0.101139639183,,0.312,longer,linear,MI,12000,8000,100,20,13,0,14,1,random,mean,250
2026090901,500,250,0.606647916667,1.15584666667,0.0712921686558,,0.306,longer,linear,MI,12000,8000,100,20,13,0,14,1,random,mean,250
2026090902,500,250,0.4962,0.9545675,0.0978010964214,,0.276,longer,linear,MI,12000,8000,100,20,13,0,14,1,random,mean,250
2026090903,500,250,0.521666666667,1.00417416667,0.0943098701916,,0.268,longer,linear,MI,12000,8000,100,20,13,0,14,1,random,mean,250
2026090904,500,250,0.48409375,0.930595,0.101705456048,,0.278,longer,linear,MI,12000,8000,100,20,13,0,14,1,random,mean,250
2026090905,500,250,0.517822916667,0.990019166667,0.0943774168664,,0.172,longer,linear,MI,12000,8000,100,20,13,0,14,1,random,mean,250
2026090906,500,250,0.50564375,0.9594,0.0948501042059,,0.296,longer,linear,MI,12000,8000,100,20,13,0,14,1,random,mean,250
2026090907,500,250,0.494170833333,0.949495833333,0.100253763807,,0.286,longer,linear,MI,12000,8000,100,20,13,0,14,1,random,mean,250
2026090908,500,250,0.7125,1.396875,0.0514595558513,,0.17,longer,linear,MI,12000,8000,100,20,13,0,14,1,random,mean,250
2026090909,500,250,0.549333333333,1.06100333333,0.0927256495969,,0.304,longer,linear,MI,12000,8000,100,20,13,0,14,1,random,mean,250
2026090910,500,250,0.493308333333,0.938838333333,0.0955164595033,,0.344,longer,linear,MI,12000,8000,100,20,13,0,14,1,random,mean,250
2026090911,500,250,0.50593125,0.9688575,0.0954589563886,,0.296,longer,linear,MI,12000,8000,100,20,13,0,14,1,random,mean,250
2026090912,500,250,0.557879166667,1.06250166667,0.0853577468465,,0.286,longer,linear,MI,12000,8000,100,20,13,0,14,1,random,mean,250
2026090913,500,250,0.520791666667,1.00598166667,0.0969048082879,,0.272,longer,linear,MI,12000,8000,100,20,13,0,14,1,random,mean,250
2026090914,500,250,0.524591666667,1.00624916667,0.0966389142845,,0.29,longer,linear,MI,12000,8000,100,20,13,0,14,1,random,mean,250
2026090915,500,250,0.488179166667,0.946411666667,0.103082203669,,0.334,longer,linear,MI,12000,8000,100,20,13,0,14,1,random,mean,250
2026090900,750,250,0.471464583333,0.904123333333,0.100116177148,,0.293333333333,longer,linear,MI,12000,8000,100,20,13,0,14,1,random,mean,250
2026090901,750,250,0.494925,0.948675,0.100663114823,,0.329333333333,longer,linear,MI,12000,8000,100,20,13,0,14,1,random,mean,250
2026090902,750,250,0.499783333333,0.956413333333,0.0989321108675,,0.278666666667,longer,linear,MI,12000,8000,100,20,13,0,14,1,random,mean,250
2026090903,750,250,0.510302083333,0.969160833333,0.092116046454,,0.273333333333,longer,linear,MI,12000,8000,100,20,13,0,14,1,random,mean,250
2026090904,750,250,0.600522916667,1.15005666667,0.0721826108235,,0.233333333333,longer,linear,MI,12000,8000,100,20,13,0,14,1,random,mean,250
2026090905,750,250,0.530422916667,1.00754916667,0.0883176322126,,0.204,longer,linear,MI,12000,8000,100,20,13,0,14,1,random,mean,250
2026090906,750,250,0.563891666667,1.05717916667,0.0746686057689,,0.264,longer,linear,MI,12000,8000,100,20,13,0,14,1,random,mean,250
2026090907,750,250,0.520027083333,0.986658333333,0.0936051093399,,0.274666666667,longer,linear,MI,12000,8000,100,20,13,0,14,1,random,mean,250
2026090908,750,250,0.59920625,1.1578575,0.0786330826811,,0.188,longer,linear,MI,12000,8000,100,20,13,0,14,1,random,mean,250
2026090909,750,250,0.534004166667,1.02006916667,0.0873687156282,,0.32,longer,linear,MI,12000,8000,100,20,13,0,14,1,random,mean,250
2026090910,750,250,0.540616666667,1.05553166667,0.0941644262318,,0.312,longer,linear,MI,12000,8000,100,20,13,0,14,1,random,mean,250
2026090911,750,250,0.501125,0.974555,0.100461215634,,0.28,longer,linear,MI,12000,8000,100,20,13,0,14,1,random,mean,250
2026090912,750,250,0.525214583333,0.997948333333,0.0889108171264,,0.268,longer,linear,MI,12000,8000,100,20,13,0,14,1,random,mean,250
2026090913,750,250,0.6716125,1.318595,0.066916155312,,0.192,longer,linear,MI,12000,8000,100,20,13,0,14,1,random,mean,250
2026090914,750,250,0.5244875,1.0131,0.0930145519981,,0.3,longer,linear,MI,12000,8000,100,20,13,0,14,1,random,mean,250
2026090915,750,250,0.503558333333,0.975128333333,0.0986710551441,,0.28,longer,linear,MI,12000,8000,100,20,13,0,14,1,random,mean,250
2026090900,1000,250,0.552975,1.0570775,0.0870258736737,,0.277,longer,linear,MI,12000,8000,100,20,13,0,14,1,random,mean,250
2026090901,1000,250,0.47385625,0.9278475,0.111534826918,,0.313,longer,linear,MI,12000,8000,100,20,13,0,14,1,random,mean,250
2026090902,1000,250,0.805379166667,1.53044416667,0.0338666097219,,0.22,longer,linear,MI,12000,8000,100,20,13,0,14,1,random,mean,250
2026090903,1000,250,0.5456625,1.05138,0.0898114243989,,0.287,longer,linear,MI,12000,8000,100,20,13,0,14,1,random,mean,250
2026090904,1000,250,0.476566666667,0.932534166667,0.108271994014,,0.216,longer,linear,MI,12000,8000,100,20,13,0,14,1,random,mean,250
2026090905,1000,250,0.474004166667,0.894339166667,0.10122325899,,0.223,longer,linear,MI,12000,8000,100,20,13,0,14,1,random,mean,250
2026090906,1000,250,0.5094375,0.98829,0.0997992270052,,0.264,longer,linear,MI,12000,8000,100,20,13,0,14,1,random,mean,250
2026090907,1000,250,0.5203875,0.995755,0.09303679483,,0.278,longer,linear,MI,12000,8000,100,20,13,0,14,1,random,mean,250
2026090908,1000,250,0.555597916667,1.06236666667,0.0880214738749,,0.206,longer,linear,MI,12000,8000,100,20,13,0,14,1,random,mean,250
2026090909,1000,250,0.520270833333,0.993540833333,0.0921744532322,,0.311,longer,linear,MI,12000,8000,100,20,13,0,14,1,random,mean,250
2026090910,1000,250,0.625739583333,1.22923333333,0.0684544558861,,0.235,longer,linear,MI,12000,8000,100,20,13,0,14,1,random,mean,250
2026090911,1000,250,0.462945833333,0.904308333333,0.111954692878,,0.275,longer,linear,MI,12000,8000,100,20,13,0,14,1,random,mean,250
2026090912,1000,250,0.7747,1.4924575,0.0418593493852,,0.215,longer,linear,MI,12000,8000,100,20,13,0,14,1,random,mean,250
2026090913,1000,250,0.453527083333,0.879355833333,0.113374969421,,0.214,longer,linear,MI,12000,8000,100,20,13,0,14,1,random,mean,250
2026090914,1000,250,0.488197916667,0.943804166667,0.103666275334,,0.316,longer,linear,MI,12000,8000,100,20,13,0,14,1,random,mean,250
2026090915,1000,250,0.478714583333,0.935840833333,0.105749698854,,0.269,longer,linear,MI,12000,8000,100,20,13,0,14,1,random,mean,250
2026090900,1250,250,0.510602083333,0.980575833333,0.0944818455611,,0.268,longer,linear,MI,12000,8000,100,20,13,0,14,1,random,mean,250
2026090901,1250,250,0.48263125,0.9224275,0.0983253976572,,0.3024,longer,linear,MI,12000,8000,100,20,13,0,14,1,random,mean,250
2026090902,1250,250,0.865625,1.6425,0.020511513773,,0.176,longer,linear,MI,12000,8000,100,20,13,0,14,1,random,mean,250
2026090903,1250,250,0.512845833333,0.983745833333,0.0930499622128,,0.2848,longer,linear,MI,12000,8000,100,20,13,0,14,1,random,mean,250
2026090904,1250,250,0.58396875,1.1399725,0.0760034170702,,0.1904,longer,linear,MI,12000,8000,100,20,13,0,14,1,random,mean,250
2026090905,1250,250,0.512889583333,0.988830833333,0.0952809134385,,0.2416,longer,linear,MI,12000,8000,100,20,13,0,14,1,random,mean,250
2026090906,1250,250,0.592616666667,1.12243666667,0.0687526145451,,0.2504,longer,linear,MI,12000,8000,100,20,13,0,14,1,random,mean,250
2026090907,1250,250,0.509733333333,0.982905833333,0.0959974881782,,0.2824,longer,linear,MI,12000,8000,100,20,13,0,14,1,random,mean,250
2026090908,1250,250,0.469866666667,0.888926666667,0.105196616059,,0.2312,longer,linear,MI,12000,8000,100,20,13,0,14,1,random,mean,250
2026090909,1250,250,0.599664583333,1.12334833333,0.0685043043122,,0.2832,longer,linear,MI,12000,8000,100,20,13,0,14,1,random,mean,250
2026090910,1250,250,0.5953125,1.145625,0.0738421655861,,0.188,longer,linear,MI,12000,8000,100,20,13,0,14,1,random,mean,250
2026090911,1250,250,0.48179375,0.9321975,0.098931912921,,0.2704,longer,linear,MI,12000,8000,100,20,13,0,14,1,random,mean,250
2026090912,1250,250,0.563489583333,1.08399083333,0.0799882673319,,0.2184,longer,linear,MI,12000,8000,100,20,13,0,14,1,random,mean,250
2026090913,1250,250,0.515375,0.978485,0.0896381661312,,0.2256,longer,linear,MI,12000,8000,100,20,13,0,14,1,random,mean,250
2026090914,1250,250,0.491427083333,0.943598333333,0.100433972114,,0.316,longer,linear,MI,12000,8000,100,20,13,0,14,1,random,mean,250
2026090915,1250,250,0.45618125,0.8702575,0.108285059307,,0.2816,longer,linear,MI,12000,8000,100,20,13,0,14,1,random,mean,250
2026090900,1500,250,0.491710416667,0.938949166667,0.0971722107956,,0.279333333333,longer,linear,MI,12000,8000,100,20,13,0,14,1,random,mean,250
2026090901,1500,250,0.44633125,0.8754425,0.117430605024,,0.312,longer,linear,MI,12000,8000,100,20,13,0,14,1,random,mean,250
2026090902,1500,250,0.624095833333,1.19034083333,0.0717857013522,,0.18,longer,linear,MI,12000,8000,100,20,13,0,14,1,random,mean,250
2026090903,1500,250,0.63249375,1.2111475,0.0619314185514,,0.255333333333,longer,linear,MI,12000,8000,100,20,13,0,14,1,random,mean,250
2026090904,1500,250,0.501235416667,0.954786666667,0.0983739979474,,0.217333333333,longer,linear,MI,12000,8000,100,20,13,0,14,1,random,mean,250
2026090905,1500,250,0.445279166667,0.858496666667,0.108479404691,,0.25,longer,linear,MI,12000,8000,100,20,13,0,14,1,random,mean,250
2026090906,1500,250,0.66426875,1.26396,0.0437286097012,,0.211333333333,longer,linear,MI,12000,8000,100,20,13,0,14,1,random,mean,250
2026090907,1500,250,0.551216666667,1.05379416667,0.0872283886743,,0.272666666667,longer,linear,MI,12000,8000,100,20,13,0,14,1,random,mean,250
2026090908,1500,250,0.506497916667,0.973351666667,0.0992734964584,,0.251333333333,longer,linear,MI,12000,8000,100,20,13,0,14,1,random,mean,250
2026090909,1500,250,0.540795833333,1.04673583333,0.0957158208289,,0.272666666667,longer,linear,MI,12000,8000,100,20,13,0,14,1,random,mean,250
2026090910,1500,250,0.53970625,1.0350025,0.0884451074731,,0.199333333333,longer,linear,MI,12000,8000,100,20,13,0,14,1,random,mean,250
2026090911,1500,250,0.60749375,1.1420325,0.0577807859792,,0.25,longer,linear,MI,12000,8000,100,20,13,0,14,1,random,mean,250
2026090912,1500,250,0.497133333333,0.960265833333,0.104636153327,,0.228666666667,longer,linear,MI,12000,8000,100,20,13,0,14,1,random,mean,250
2026090913,1500,250,0.535441666667,1.03697916667,0.0934333561939,,0.232,longer,linear,MI,12000,8000,100,20,13,0,14,1,random,mean,250
2026090914,1500,250,0.809172916667,1.52184416667,0.0329992408651,,0.271333333333,longer,linear,MI,12000,8000,100,20,13,0,14,1,random,mean,250
2026090915,1500,250,0.510108333333,0.987648333333,0.0979338558663,,0.288666666667,longer,linear,MI,12000,8000,100,20,13,0,14,1,random,mean,250
2026090900,1750,250,0.8080125,1.50694,0.0329473592043,,0.247428571429,longer,linear,MI,12000,8000,100,20,13,0,14,1,random,mean,250
2026090901,1750,250,0.47575,0.92019,0.108725710008,,0.308,longer,linear,MI,12000,8000,100,20,13,0,14,1,random,mean,250
2026090902,1750,250,0.53210625,1.013495,0.0939352474742,,0.194857142857,longer,linear,MI,12000,8000,100,20,13,0,14,1,random,mean,250
2026090903,1750,250,0.535772916667,1.02624416667,0.0909388419966,,0.247428571429,longer,linear,MI,12000,8000,100,20,13,0,14,1,random,mean,250
2026090904,1750,250,0.50035,0.9749025,0.106944309462,,0.236,longer,linear,MI,12000,8000,100,20,13,0,14,1,random,mean,250
2026090905,1750,250,0.543927083333,1.04612083333,0.0916109918852,,0.26,longer,linear,MI,12000,8000,100,20,13,0,14,1,random,mean,250
2026090906,1750,250,0.7222125,1.400765,0.0449609412545,,0.184,longer,linear,MI,12000,8000,100,20,13,0,14,1,random,mean,250
2026090907,1750,250,0.540189583333,1.03186583333,0.0913507677994,,0.282285714286,longer,linear,MI,12000,8000,100,20,13,0,14,1,random,mean,250
2026090908,1750,250,0.480595833333,0.927700833333,0.104574485632,,0.270857142857,longer,linear,MI,12000,8000,100,20,13,0,14,1,random,mean,250
2026090909,1750,250,0.65181875,1.23202,0.0645338782349,,0.250857142857,longer,linear,MI,12000,8000,100,20,13,0,14,1,random,mean,250
2026090910,1750,250,0.499120833333,0.976960833333,0.101912545098,,0.205714285714,longer,linear,MI,12000,8000,100,20,13,0,14,1,random,mean,250
2026090911,1750,250,0.69441875,1.339895,0.0557091166914,,0.226857142857,longer,linear,MI,12000,8000,100,20,13,0,14,1,random,mean,250
2026090912,1750,250,0.432064583333,0.822533333333,0.107260345367,,0.235428571429,longer,linear,MI,12000,8000,100,20,13,0,14,1,random,mean,250
2026090913,1750,250,0.57009375,1.1019275,0.0807262535348,,0.225142857143,longer,linear,MI,12000,8000,100,20,13,0,14,1,random,mean,250
2026090914,1750,250,0.506433333333,0.987935833333,0.104057480917,,0.250285714286,longer,linear,MI,12000,8000,100,20,13,0,14,1,random,mean,250
2026090915,1750,250,0.5253125,1.0147625,0.087956997718,,0.268,longer,linear,MI,12000,8000,100,20,13,0,14,1,random,mean,250
2026090900,2000,250,0.848804166667,1.58229166667,0.0284305266021,,0.2175,longer,linear,MI,12000,8000,100,20,13,0,14,1,random,mean,250
2026090901,2000,250,0.495008333333,0.973678333333,0.103211051518,,0.29,longer,linear,MI,12000,8000,100,20,13,0,14,1,random,mean,250
2026090902,2000,250,0.551489583333,1.05407083333,0.0880701928434,,0.191,longer,linear,MI,12000,8000,100,20,13,0,14,1,random,mean,250
2026090903,2000,250,0.5632375,1.0731575,0.0812178244333,,0.255,longer,linear,MI,12000,8000,100,20,13,0,14,1,random,mean,250
2026090904,2000,250,0.502445833333,0.955640833333,0.0947032785759,,0.252,longer,linear,MI,12000,8000,100,20,13,0,14,1,random,mean,250
2026090905,2000,250,0.489960416667,0.953196666667,0.108387041943,,0.267,longer,linear,MI,12000,8000,100,20,13,0,14,1,random,mean,250
2026090906,2000,250,0.692414583333,1.35062083333,0.0577629629739,,0.173,longer,linear,MI,12000,8000,100,20,13,0,14,1,random,mean,250
2026090907,2000,250,0.490647916667,0.928236666667,0.0975810520965,,0.283,longer,linear,MI,12000,8000,100,20,13,0,14,1,random,mean,250
2026090908,2000,250,0.69073125,1.3209775,0.0605341489069,,0.2515,longer,linear,MI,12000,8000,100,20,13,0,14,1,random,mean,250
2026090909,2000,250,0.515825,1.0100525,0.0936134441941,,0.2445,longer,linear,MI,12000,8000,100,20,13,0,14,1,random,mean,250
2026090910,2000,250,0.676125,1.2986025,0.05434968256,,0.183,longer,linear,MI,12000,8000,100,20,13,0,14,1,random,mean,250
2026090911,2000,250,0.71875,1.3975,0.0491432306388,,0.1985,longer,linear,MI,12000,8000,100,20,13,0,14,1,random,mean,250
2026090912,2000,250,0.557852083333,1.06748583333,0.0872608103079,,0.247,longer,linear,MI,12000,8000,100,20,13,0,14,1,random,mean,250
2026090913,2000,250,0.491920833333,0.934318333333,0.098319340703,,0.234,longer,linear,MI,12000,8000,100,20,13,0,14,1,random,mean,250
2026090914,2000,250,0.535402083333,1.02929833333,0.0884041163079,,0.246,longer,linear,MI,12000,8000,100,20,13,0,14,1,random,mean,250
2026090915,2000,250,0.509177083333,0.971523333333,0.0948552451086,,0.269,longer,linear,MI,12000,8000,100,20,13,0,14,1,random,mean,250
2026090900,2250,250,0.540045833333,1.02024083333,0.089471604244,,0.222666666667,longer,linear,MI,12000,8000,100,20,13,0,14,1,random,mean,250
2026090901,2250,250,0.546239583333,1.06519083333,0.0964733147577,,0.287555555556,longer,linear,MI,12000,8000,100,20,13,0,14,1,random,mean,250
2026090902,2250,250,0.447229166667,0.864884166667,0.112956126151,,0.201333333333,longer,linear,MI,12000,8000,100,20,13,0,14,1,random,mean,250
2026090903,2250,250,0.499785416667,0.964439166667,0.0978615744446,,0.256,longer,linear,MI,12000,8000,100,20,13,0,14,1,random,mean,250
2026090904,2250,250,0.539570833333,1.03244083333,0.0903728187049,,0.250666666667,longer,linear,MI,12000,8000,100,20,13,0,14,1,random,mean,250
2026090905,2250,250,0.569147916667,1.08015416667,0.0814121308172,,0.270666666667,longer,linear,MI,12000,8000,100,20,13,0,14,1,random,mean,250
2026090906,2250,250,0.6033,1.15711,0.0793523261575,,0.177777777778,longer,linear,MI,12000,8000,100,20,13,0,14,1,random,mean,250
2026090907,2250,250,0.56163125,1.0671075,0.085833639135,,0.285333333333,longer,linear,MI,12000,8000,100,20,13,0,14,1,random,mean,250
2026090908,2250,250,0.524470833333,1.03662833333,0.102008207324,,0.243555555556,longer,linear,MI,12000,8000,100,20,13,0,14,1,random,mean,250
2026090909,2250,250,0.46440625,0.9018225,0.111306019337,,0.251555555556,longer,linear,MI,12000,8000,100,20,13,0,14,1,random,mean,250
2026090910,2250,250,0.688541666667,1.32291666667,0.0513985532652,,0.162666666667,longer,linear,MI,12000,8000,100,20,13,0,14,1,random,mean,250
2026090911,2250,250,0.637210416667,1.23109666667,0.0706337309385,,0.194666666667,longer,linear,MI,12000,8000,100,20,13,0,14,1,random,mean,250
2026090912,2250,250,0.539883333333,1.03752333333,0.0900292541516,,0.257777777778,longer,linear,MI,12000,8000,100,20,13,0,14,1,random,mean,250
2026090913,2250,250,0.488133333333,0.940043333333,0.102602561377,,0.224,longer,linear,MI,12000,8000,100,20,13,0,14,1,random,mean,250
2026090914,2250,250,0.469379166667,0.885136666667,0.09994988866,,0.247111111111,longer,linear,MI,12000,8000,100,20,13,0,14,1,random,mean,250
2026090915,2250,250,0.49294375,0.94902,0.101234881082,,0.268888888889,longer,linear,MI,12000,8000,100,20,13,0,14,1,random,mean,250
2026090900,2500,250,0.499670833333,0.968063333333,0.100259609044,,0.232,longer,linear,MI,12000,8000,100,20,13,0,14,1,random,mean,250
2026090901,2500,250,0.542929166667,1.04159916667,0.0898714438675,,0.288,longer,linear,MI,12000,8000,100,20,13,0,14,1,random,mean,250
2026090902,2500,250,0.512870833333,0.978155833333,0.0953286843711,,0.2112,longer,linear,MI,12000,8000,100,20,13,0,14,1,random,mean,250
2026090903,2500,250,0.489841666667,0.949739166667,0.103003158161,,0.2608,longer,linear,MI,12000,8000,100,20,13,0,14,1,random,mean,250
2026090904,2500,250,0.5262125,0.9927625,0.0955080130389,,0.2528,longer,linear,MI,12000,8000,100,20,13,0,14,1,random,mean,250
2026090905,2500,250,0.841145833333,1.59020833333,0.0206779950116,,0.2436,longer,linear,MI,12000,8000,100,20,13,0,14,1,random,mean,250
2026090906,2500,250,0.582797916667,1.11141416667,0.0780469844974,,0.184,longer,linear,MI,12000,8000,100,20,13,0,14,1,random,mean,250
2026090907,2500,250,0.6986375,1.35015,0.059818605596,,0.2656,longer,linear,MI,12000,8000,100,20,13,0,14,1,random,mean,250
2026090908,2500,250,0.549447916667,1.05783166667,0.0899878056763,,0.2396,longer,linear,MI,12000,8000,100,20,13,0,14,1,random,mean,250
2026090909,2500,250,0.589877083333,1.14313333333,0.0802885258505,,0.2472,longer,linear,MI,12000,8000,100,20,13,0,14,1,random,mean,250
2026090910,2500,250,0.688541666667,1.32291666667,0.0513985532652,,0.1464,longer,linear,MI,12000,8000,100,20,13,0,14,1,random,mean,250
2026090911,2500,250,0.579729166667,1.11039916667,0.076543986442,,0.1968,longer,linear,MI,12000,8000,100,20,13,0,14,1,random,mean,250
2026090912,2500,250,0.51573125,0.984785,0.092831581902,,0.2616,longer,linear,MI,12000,8000,100,20,13,0,14,1,random,mean,250
2026090913,2500,250,0.468370833333,0.911248333333,0.108710953177,,0.228,longer,linear,MI,12000,8000,100,20,13,0,14,1,random,mean,250
2026090914,2500,250,0.598452083333,1.14208833333,0.0808281993558,,0.248,longer,linear,MI,12000,8000,100,20,13,0,14,1,random,mean,250
2026090915,2500,250,0.491104166667,0.943971666667,0.0984388152305,,0.2668,longer,linear,MI,12000,8000,100,20,13,0,14,1,random,mean,250
2026090900,2750,250,0.567283333333,1.06998083333,0.0766938326015,,0.234181818182,longer,linear,MI,12000,8000,100,20,13,0,14,1,random,mean,250
2026090901,2750,250,0.614977083333,1.18159333333,0.0734004175165,,0.268,longer,linear,MI,12000,8000,100,20,13,0,14,1,random,mean,250
2026090902,2750,250,0.527954166667,1.01011166667,0.091528281495,,0.221818181818,longer,linear,MI,12000,8000,100,20,13,0,14,1,random,mean,250
2026090903,2750,250,0.438691666667,0.844026666667,0.11519675109,,0.266909090909,longer,linear,MI,12000,8000,100,20,13,0,14,1,random,mean,250
2026090904,2750,250,0.49464375,0.98123,0.108470209197,,0.250909090909,longer,linear,MI,12000,8000,100,20,13,0,14,1,random,mean,250
2026090905,2750,250,0.845045833333,1.60190833333,0.0205512178976,,0.221818181818,longer,linear,MI,12000,8000,100,20,13,0,14,1,random,mean,250
2026090906,2750,250,0.504235416667,0.969934166667,0.0957941325465,,0.185090909091,longer,linear,MI,12000,8000,100,20,13,0,14,1,random,mean,250
2026090907,2750,250,0.819229166667,1.54413916667,0.0279681778977,,0.248727272727,longer,linear,MI,12000,8000,100,20,13,0,14,1,random,mean,250
2026090908,2750,250,0.59960625,1.1438875,0.0771901422662,,0.240727272727,longer,linear,MI,12000,8000,100,20,13,0,14,1,random,mean,250
2026090909,2750,250,0.510616666667,0.959384166667,0.0862021112008,,0.242545454545,longer,linear,MI,12000,8000,100,20,13,0,14,1,random,mean,250
2026090910,2750,250,0.688541666667,1.32291666667,0.0513985532652,,0.133090909091,longer,linear,MI,12000,8000,100,20,13,0,14,1,random,mean,250
2026090911,2750,250,0.532739583333,1.02633083333,0.0872921818762,,0.191272727273,longer,linear,MI,12000,8000,100,20,13,0,14,1,random,mean,250
2026090912,2750,250,0.5003125,0.9632275,0.0960838400315,,0.261090909091,longer,linear,MI,12000,8000,100,20,13,0,14,1,random,mean,250
2026090913,2750,250,0.43918125,0.8447225,0.108939743335,,0.234181818182,longer,linear,MI,12000,8000,100,20,13,0,14,1,random,mean,250
2026090914,2750,250,0.509439583333,0.973588333333,0.0942583754104,,0.253090909091,longer,linear,MI,12000,8000,100,20,13,0,14,1,random,mean,250
2026090915,2750,250,0.456397916667,0.877789166667,0.110934345796,,0.274545454545,longer,linear,MI,12000,8000,100,20,13,0,14,1,random,mean,250
2026090900,3000,250,0.493585416667,0.941621666667,0.100177829543,,0.240666666667,longer,linear,MI,12000,8000,100,20,13,0,14,1,random,mean,250
2026090901,3000,250,0.54529375,1.029945,0.0875023662195,,0.253666666667,longer,linear,MI,12000,8000,100,20,13,0,14,1,random,mean,250
2026090902,3000,250,0.53260625,1.023235,0.0962373322114,,0.227666666667,longer,linear,MI,12000,8000,100,20,13,0,14,1,random,mean,250
2026090903,3000,250,0.503014583333,0.964643333333,0.100136757074,,0.276333333333,longer,linear,MI,12000,8000,100,20,13,0,14,1,random,mean,250
2026090904,3000,250,0.48573125,0.9366175,0.105001721954,,0.252666666667,longer,linear,MI,12000,8000,100,20,13,0,14,1,random,mean,250
2026090905,3000,250,0.80934375,1.54907,0.0295232399705,,0.205333333333,longer,linear,MI,12000,8000,100,20,13,0,14,1,random,mean,250
2026090906,3000,250,0.59265625,1.130085,0.0787740100247,,0.191,longer,linear,MI,12000,8000,100,20,13,0,14,1,random,mean,250
2026090907,3000,250,0.5564875,1.073915,0.0862203292177,,0.246666666667,longer,linear,MI,12000,8000,100,20,13,0,14,1,random,mean,250
2026090908,3000,250,0.576758333333,1.10669583333,0.080739292034,,0.245666666667,longer,linear,MI,12000,8000,100,20,13,0,14,1,random,mean,250
2026090909,3000,250,0.427241666667,0.834634166667,0.119383299487,,0.241666666667,longer,linear,MI,12000,8000,100,20,13,0,14,1,random,mean,250
2026090910,3000,250,0.688541666667,1.32291666667,0.0513985532652,,0.122,longer,linear,MI,12000,8000,100,20,13,0,14,1,random,mean,250
2026090911,3000,250,0.5274875,1.0090725,0.0896566551769,,0.195333333333,longer,linear,MI,12000,8000,100,20,13,0,14,1,random,mean,250
2026090912,3000,250,0.537072916667,1.03073166667,0.0871061733979,,0.263,longer,linear,MI,12000,8000,100,20,13,0,14,1,random,mean,250
2026090913,3000,250,0.543289583333,1.03725083333,0.0877226091223,,0.233666666667,longer,linear,MI,12000,8000,100,20,13,0,14,1,random,mean,250
2026090914,3000,250,0.510679166667,0.966269166667,0.0945897936599,,0.253,longer,linear,MI,12000,8000,100,20,13,0,14,1,random,mean,250
2026090915,3000,250,0.509952083333,0.984848333333,0.0976828144999,,0.273,longer,linear,MI,12000,8000,100,20,13,0,14,1,random,mean,250
2026090900,3250,250,0.496183333333,0.956515833333,0.0985826505323,,0.245538461538,longer,linear,MI,12000,8000,100,20,13,0,14,1,random,mean,250
2026090901,3250,250,0.47686875,0.90808,0.101669177633,,0.261538461538,longer,linear,MI,12000,8000,100,20,13,0,14,1,random,mean,250
2026090902,3250,250,0.53504375,1.0218825,0.0889412213585,,0.231076923077,longer,linear,MI,12000,8000,100,20,13,0,14,1,random,mean,250
2026090903,3250,250,0.59836875,1.14615,0.0750123075113,,0.269846153846,longer,linear,MI,12000,8000,100,20,13,0,14,1,random,mean,250
2026090904,3250,250,0.501083333333,0.953718333333,0.099270534233,,0.256923076923,longer,linear,MI,12000,8000,100,20,13,0,14,1,random,mean,250
2026090905,3250,250,0.7703125,1.485625,0.0358463746404,,0.189538461538,longer,linear,MI,12000,8000,100,20,13,0,14,1,random,mean,250
2026090906,3250,250,0.749479166667,1.39729166667,0.0259205324006,,0.176307692308,longer,linear,MI,12000,8000,100,20,13,0,14,1,random,mean,250
2026090907,3250,250,0.563852083333,1.08130083333,0.0832104449243,,0.243384615385,longer,linear,MI,12000,8000,100,20,13,0,14,1,random,mean,250
2026090908,3250,250,0.66144375,1.25417,0.0536599208877,,0.233230769231,longer,linear,MI,12000,8000,100,20,13,0,14,1,random,mean,250
2026090909,3250,250,0.532641666667,1.02492666667,0.0901763169705,,0.242153846154,longer,linear,MI,12000,8000,100,20,13,0,14,1,random,mean,250
2026090910,3250,250,0.679197916667,1.30555166667,0.0524183055281,,0.112923076923,longer,linear,MI,12000,8000,100,20,13,0,14,1,random,mean,250
2026090911,3250,250,0.505185416667,0.988914166667,0.105239769561,,0.208615384615,longer,linear,MI,12000,8000,100,20,13,0,14,1,random,mean,250
2026090912,3250,250,0.53205625,1.009865,0.0928480051537,,0.263692307692,longer,linear,MI,12000,8000,100,20,13,0,14,1,random,mean,250
2026090913,3250,250,0.47360625,0.921805,0.106705347129,,0.234769230769,longer,linear,MI,12000,8000,100,20,13,0,14,1,random,mean,250
2026090914,3250,250,0.506627083333,0.979703333333,0.101843345253,,0.250769230769,longer,linear,MI,12000,8000,100,20,13,0,14,1,random,mean,250
2026090915,3250,250,0.498535416667,0.958684166667,0.0987696075889,,0.277846153846,longer,linear,MI,12000,8000,100,20,13,0,14,1,random,mean,250
2026090900,3500,250,0.619947916667,1.20706666667,0.0759752676851,,0.235142857143,longer,linear,MI,12000,8000,100,20,13,0,14,1,random,mean,250
2026090901,3500,250,0.52760625,1.0439425,0.0958290355628,,0.256285714286,longer,linear,MI,12000,8000,100,20,13,0,14,1,random,mean,250
2026090902,3500,250,0.503985416667,0.964221666667,0.0924035699686,,0.231142857143,longer,linear,MI,12000,8000,100,20,13,0,14,1,random,mean,250
2026090903,3500,250,0.587777083333,1.11928833333,0.0731151011003,,0.265428571429,longer,linear,MI,12000,8000,100,20,13,0,14,1,random,mean,250
2026090904,3500,250,0.559652083333,1.07993833333,0.0870176545106,,0.254571428571,longer,linear,MI,12000,8000,100,20,13,0,14,1,random,mean,250
2026090905,3500,250,0.7703125,1.485625,0.0358463746404,,0.176,longer,linear,MI,12000,8000,100,20,13,0,14,1,random,mean,250
2026090906,3500,250,0.4743,0.9332925,0.110230508922,,0.184285714286,longer,linear,MI,12000,8000,100,20,13,0,14,1,random,mean,250
2026090907,3500,250,0.507735416667,0.968101666667,0.0952023934513,,0.249428571429,longer,linear,MI,12000,8000,100,20,13,0,14,1,random,mean,250
2026090908,3500,250,0.639377083333,1.21190833333,0.0581563482192,,0.227714285714,longer,linear,MI,12000,8000,100,20,13,0,14,1,random,mean,250
2026090909,3500,250,0.521033333333,0.995583333333,0.0880072658643,,0.238571428571,longer,linear,MI,12000,8000,100,20,13,0,14,1,random,mean,250
2026090910,3500,250,0.653033333333,1.25461333333,0.0583306186001,,0.105428571429,longer,linear,MI,12000,8000,100,20,13,0,14,1,random,mean,250
2026090911,3500,250,0.497304166667,0.973864166667,0.0999587397261,,0.207428571429,longer,linear,MI,12000,8000,100,20,13,0,14,1,random,mean,250
2026090912,3500,250,0.502002083333,0.947080833333,0.0943816650913,,0.264571428571,longer,linear,MI,12000,8000,100,20,13,0,14,1,random,mean,250
2026090913,3500,250,0.482116666667,0.928171666667,0.104587430381,,0.234285714286,longer,linear,MI,12000,8000,100,20,13,0,14,1,random,mean,250
2026090914,3500,250,0.53594375,1.02749,0.0921629355142,,0.248571428571,longer,linear,MI,12000,8000,100,20,13,0,14,1,random,mean,250
2026090915,3500,250,0.524304166667,0.991644166667,0.0905457720298,,0.275714285714,longer,linear,MI,12000,8000,100,20,13,0,14,1,random,mean,250
2026090900,3750,250,0.520097916667,0.997779166667,0.098096251537,,0.24,longer,linear,MI,12000,8000,100,20,13,0,14,1,random,mean,250
2026090901,3750,250,0.49610625,0.9495825,0.0975008811319,,0.245866666667,longer,linear,MI,12000,8000,100,20,13,0,14,1,random,mean,250
2026090902,3750,250,0.543595833333,1.04295333333,0.0889557775643,,0.234933333333,longer,linear,MI,12000,8000,100,20,13,0,14,1,random,mean,250
2026090903,3750,250,0.5182875,0.98759,0.0967809248306,,0.266933333333,longer,linear,MI,12000,8000,100,20,13,0,14,1,random,mean,250
2026090904,3750,250,0.535508333333,1.02078833333,0.0920496492862,,0.260266666667,longer,linear,MI,12000,8000,100,20,13,0,14,1,random,mean,250
2026090905,3750,250,0.8443125,1.612065,0.030348207195,,0.165066666667,longer,linear,MI,12000,8000,100,20,13,0,14,1,random,mean,250
2026090906,3750,250,0.553154166667,1.06199166667,0.0928524650228,,0.186933333333,longer,linear,MI,12000,8000,100,20,13,0,14,1,random,mean,250
2026090907,3750,250,0.48775,0.9077525,0.0916165095543,,0.253066666667,longer,linear,MI,12000,8000,100,20,13,0,14,1,random,mean,250
2026090908,3750,250,0.535260416667,1.03057416667,0.0944617083234,,0.231466666667,longer,linear,MI,12000,8000,100,20,13,0,14,1,random,mean,250
2026090909,3750,250,0.539033333333,1.02356833333,0.0903402411359,,0.237866666667,longer,linear,MI,12000,8000,100,20,13,0,14,1,random,mean,250
2026090910,3750,250,0.761979166667,1.45666666667,0.0338227489234,,0.0984,longer,linear,MI,12000,8000,100,20,13,0,14,1,random,mean,250
2026090911,3750,250,0.50674375,0.9762225,0.100867755951,,0.216533333333,longer,linear,MI,12000,8000,100,20,13,0,14,1,random,mean,250
2026090912,3750,250,0.520522916667,0.988679166667,0.0952855577093,,0.266666666667,longer,linear,MI,12000,8000,100,20,13,0,14,1,random,mean,250
2026090913,3750,250,0.5024875,0.9703525,0.102763081258,,0.230133333333,longer,linear,MI,12000,8000,100,20,13,0,14,1,random,mean,250
2026090914,3750,250,0.55171875,1.058095,0.0893186838426,,0.248533333333,longer,linear,MI,12000,8000,100,20,13,0,14,1,random,mean,250
2026090915,3750,250,0.505389583333,0.968348333333,0.095695950053,,0.2808,longer,linear,MI,12000,8000,100,20,13,0,14,1,random,mean,250
2026090900,4000,250,0.49356875,0.9530225,0.101379060433,,0.247,longer,linear,MI,12000,8000,100,20,13,0,14,1,random,mean,250
2026090901,4000,250,0.542954166667,1.04424166667,0.0827345749332,,0.24125,longer,linear,MI,12000,8000,100,20,13,0,14,1,random,mean,250
2026090902,4000,250,0.506152083333,0.966060833333,0.096431894367,,0.23725,longer,linear,MI,12000,8000,100,20,13,0,14,1,random,mean,250
2026090903,4000,250,0.495120833333,0.951470833333,0.098013247529,,0.27,longer,linear,MI,12000,8000,100,20,13,0,14,1,random,mean,250
2026090904,4000,250,0.492047916667,0.950131666667,0.0989053347602,,0.26325,longer,linear,MI,12000,8000,100,20,13,0,14,1,random,mean,250
2026090905,4000,250,0.66374375,1.27678,0.0632778426889,,0.16575,longer,linear,MI,12000,8000,100,20,13,0,14,1,random,mean,250
2026090906,4000,250,0.56689375,1.07999,0.0853651985236,,0.19225,longer,linear,MI,12000,8000,100,20,13,0,14,1,random,mean,250
2026090907,4000,250,0.501952083333,0.967218333333,0.102638978698,,0.2575,longer,linear,MI,12000,8000,100,20,13,0,14,1,random,mean,250
2026090908,4000,250,0.522564583333,1.00530833333,0.0928626354077,,0.2335,longer,linear,MI,12000,8000,100,20,13,0,14,1,random,mean,250
2026090909,4000,250,0.558358333333,1.06160083333,0.0854159588557,,0.23875,longer,linear,MI,12000,8000,100,20,13,0,14,1,random,mean,250
2026090910,4000,250,0.761979166667,1.45666666667,0.0338227489234,,0.09225,longer,linear,MI,12000,8000,100,20,13,0,14,1,random,mean,250
2026090911,4000,250,0.50454375,0.955765,0.0965990118698,,0.2225,longer,linear,MI,12000,8000,100,20,13,0,14,1,random,mean,250
2026090912,4000,250,0.549316666667,1.05697416667,0.088480589079,,0.26575,longer,linear,MI,12000,8000,100,20,13,0,14,1,random,mean,250
2026090913,4000,250,0.531054166667,1.01661916667,0.0899150834923,,0.233,longer,linear,MI,12000,8000,100,20,13,0,14,1,random,mean,250
2026090914,4000,250,0.4691125,0.8961525,0.108038352841,,0.2545,longer,linear,MI,12000,8000,100,20,13,0,14,1,random,mean,250
2026090915,4000,250,0.487514583333,0.940358333333,0.10308721738,,0.282,longer,linear,MI,12000,8000,100,20,13,0,14,1,random,mean,250
2026090900,4250,250,0.656597916667,1.24556916667,0.0619584030234,,0.244,longer,linear,MI,12000,8000,100,20,13,0,14,1,random,mean,250
2026090901,4250,250,0.543154166667,1.03852916667,0.0887264852336,,0.245647058824,longer,linear,MI,12000,8000,100,20,13,0,14,1,random,mean,250
2026090902,4250,250,0.597091666667,1.13441916667,0.0762182348156,,0.240470588235,longer,linear,MI,12000,8000,100,20,13,0,14,1,random,mean,250
2026090903,4250,250,0.435997916667,0.838831666667,0.113494037982,,0.270352941176,longer,linear,MI,12000,8000,100,20,13,0,14,1,random,mean,250
2026090904,4250,250,0.515208333333,0.984975833333,0.0961379650264,,0.262117647059,longer,linear,MI,12000,8000,100,20,13,0,14,1,random,mean,250
2026090905,4250,250,0.582435416667,1.10949416667,0.0754681190988,,0.171058823529,longer,linear,MI,12000,8000,100,20,13,0,14,1,random,mean,250
2026090906,4250,250,0.507945833333,0.963460833333,0.0938465507097,,0.198352941176,longer,linear,MI,12000,8000,100,20,13,0,14,1,random,mean,250
2026090907,4250,250,0.500466666667,0.977931666667,0.104326816947,,0.257411764706,longer,linear,MI,12000,8000,100,20,13,0,14,1,random,mean,250
2026090908,4250,250,0.58556875,1.1260025,0.0790060256225,,0.228705882353,longer,linear,MI,12000,8000,100,20,13,0,14,1,random,mean,250
2026090909,4250,250,0.512904166667,0.986429166667,0.0964531235996,,0.238352941176,longer,linear,MI,12000,8000,100,20,13,0,14,1,random,mean,250
2026090910,4250,250,0.790433333333,1.50632333333,0.0279400854493,,0.0872941176471,longer,linear,MI,12000,8000,100,20,13,0,14,1,random,mean,250
2026090911,4250,250,0.512533333333,0.984510833333,0.0971276900933,,0.226352941176,longer,linear,MI,12000,8000,100,20,13,0,14,1,random,mean,250
2026090912,4250,250,0.490879166667,0.937696666667,0.104519003182,,0.269647058824,longer,linear,MI,12000,8000,100,20,13,0,14,1,random,mean,250
2026090913,4250,250,0.54095,1.02498,0.0855122921463,,0.232235294118,longer,linear,MI,12000,8000,100,20,13,0,14,1,random,mean,250
2026090914,4250,250,0.511729166667,0.972629166667,0.0964529552888,,0.254588235294,longer,linear,MI,12000,8000,100,20,13,0,14,1,random,mean,250
2026090915,4250,250,0.526764583333,1.00160333333,0.0926068060095,,0.288,longer,linear,MI,12000,8000,100,20,13,0,14,1,random,mean,250
2026090900,4500,250,0.740395833333,1.42953583333,0.0423196158275,,0.232,longer,linear,MI,12000,8000,100,20,13,0,14,1,random,mean,250
2026090901,4500,250,0.5250875,1.0215975,0.0966757570362,,0.246,longer,linear,MI,12000,8000,100,20,13,0,14,1,random,mean,250
2026090902,4500,250,0.532420833333,1.02919583333,0.095444052942,,0.244,longer,linear,MI,12000,8000,100,20,13,0,14,1,random,mean,250
2026090903,4500,250,0.559702083333,1.06827833333,0.0887651597024,,0.269555555556,longer,linear,MI,12000,8000,100,20,13,0,14,1,random,mean,250
2026090904,4500,250,0.614514583333,1.17158583333,0.0768502010853,,0.258888888889,longer,linear,MI,12000,8000,100,20,13,0,14,1,random,mean,250
2026090905,4500,250,0.487045833333,0.927620833333,0.100531929099,,0.180444444444,longer,linear,MI,12000,8000,100,20,13,0,14,1,random,mean,250
2026090906,4500,250,0.544847916667,1.04359916667,0.0853373496907,,0.199777777778,longer,linear,MI,12000,8000,100,20,13,0,14,1,random,mean,250
2026090907,4500,250,0.500977083333,0.969130833333,0.104501701447,,0.26,longer,linear,MI,12000,8000,100,20,13,0,14,1,random,mean,250
2026090908,4500,250,0.583689583333,1.11587333333,0.0809106878779,,0.224444444444,longer,linear,MI,12000,8000,100,20,13,0,14,1,random,mean,250
2026090909,4500,250,0.463875,0.9141475,0.108002581714,,0.241333333333,longer,linear,MI,12000,8000,100,20,13,0,14,1,random,mean,250
2026090910,4500,250,0.775308333333,1.48509833333,0.034267234994,,0.0826666666667,longer,linear,MI,12000,8000,100,20,13,0,14,1,random,mean,250
2026090911,4500,250,0.481427083333,0.923503333333,0.103831767012,,0.229777777778,longer,linear,MI,12000,8000,100,20,13,0,14,1,random,mean,250
2026090912,4500,250,0.474060416667,0.910416666667,0.103984311976,,0.272,longer,linear,MI,12000,8000,100,20,13,0,14,1,random,mean,250
2026090913,4500,250,0.549789583333,1.05749333333,0.0869755670728,,0.228,longer,linear,MI,12000,8000,100,20,13,0,14,1,random,mean,250
2026090914,4500,250,0.489725,0.9367475,0.103183054032,,0.259333333333,longer,linear,MI,12000,8000,100,20,13,0,14,1,random,mean,250
2026090915,4500,250,0.5013875,0.968975,0.0979512335542,,0.289555555556,longer,linear,MI,12000,8000,100,20,13,0,14,1,random,mean,250
2026090900,4750,250,0.7094375,1.3269275,0.0511502250671,,0.225684210526,longer,linear,MI,12000,8000,100,20,13,0,14,1,random,mean,250
2026090901,4750,250,0.565616666667,1.06863416667,0.0860673689294,,0.249894736842,longer,linear,MI,12000,8000,100,20,13,0,14,1,random,mean,250
2026090902,4750,250,0.498197916667,0.947746666667,0.099117565289,,0.251157894737,longer,linear,MI,12000,8000,100,20,13,0,14,1,random,mean,250
2026090903,4750,250,0.4781625,0.9424275,0.111330237809,,0.265263157895,longer,linear,MI,12000,8000,100,20,13,0,14,1,random,mean,250
2026090904,4750,250,0.635229166667,1.20251416667,0.068992910116,,0.250526315789,longer,linear,MI,12000,8000,100,20,13,0,14,1,random,mean,250
2026090905,4750,250,0.505689583333,0.966503333333,0.0971015744615,,0.188421052632,longer,linear,MI,12000,8000,100,20,13,0,14,1,random,mean,250
2026090906,4750,250,0.736377083333,1.40962833333,0.0452879610895,,0.190526315789,longer,linear,MI,12000,8000,100,20,13,0,14,1,random,mean,250
2026090907,4750,250,0.50201875,0.96245,0.0988785044833,,0.261684210526,longer,linear,MI,12000,8000,100,20,13,0,14,1,random,mean,250
2026090908,4750,250,0.483872916667,0.927519166667,0.100542580278,,0.227789473684,longer,linear,MI,12000,8000,100,20,13,0,14,1,random,mean,250
2026090909,4750,250,0.510054166667,0.991906666667,0.100235996948,,0.241894736842,longer,linear,MI,12000,8000,100,20,13,0,14,1,random,mean,250
2026090910,4750,250,0.7625,1.469375,0.0405410597205,,0.0783157894737,longer,linear,MI,12000,8000,100,20,13,0,14,1,random,mean,250
2026090911,4750,250,0.580060416667,1.09940416667,0.0791222256562,,0.228210526316,longer,linear,MI,12000,8000,100,20,13,0,14,1,random,mean,250
2026090912,4750,250,0.5381625,1.050615,0.0936160280441,,0.267157894737,longer,linear,MI,12000,8000,100,20,13,0,14,1,random,mean,250
2026090913,4750,250,0.708691666667,1.35895916667,0.052339920728,,0.221263157895,longer,linear,MI,12000,8000,100,20,13,0,14,1,random,mean,250
2026090914,4750,250,0.660416666667,1.23666666667,0.0646446506889,,0.245894736842,longer,linear,MI,12000,8000,100,20,13,0,14,1,random,mean,250
2026090915,4750,250,0.48313125,0.93424,0.104256564206,,0.289894736842,longer,linear,MI,12000,8000,100,20,13,0,14,1,random,mean,250
2026090900,5000,250,0.6193125,1.1776725,0.0766030997712,,0.2216,longer,linear,MI,12000,8000,100,20,13,0,14,1,random,mean,250
2026090901,5000,250,0.5806,1.0954475,0.0760432516046,,0.2482,longer,linear,MI,12000,8000,100,20,13,0,14,1,random,mean,250
2026090902,5000,250,0.57383125,1.1028875,0.0769799299043,,0.2466,longer,linear,MI,12000,8000,100,20,13,0,14,1,random,mean,250
2026090903,5000,250,0.470239583333,0.916663333333,0.109797062442,,0.267,longer,linear,MI,12000,8000,100,20,13,0,14,1,random,mean,250
2026090904,5000,250,0.57095625,1.09343,0.0889577947912,,0.242,longer,linear,MI,12000,8000,100,20,13,0,14,1,random,mean,250
2026090905,5000,250,0.547327083333,1.03814083333,0.0924439407893,,0.1948,longer,linear,MI,12000,8000,100,20,13,0,14,1,random,mean,250
2026090906,5000,250,0.49486875,0.9411625,0.0996627539016,,0.1966,longer,linear,MI,12000,8000,100,20,13,0,14,1,random,mean,250
2026090907,5000,250,0.539464583333,1.04279083333,0.086185869899,,0.2542,longer,linear,MI,12000,8000,100,20,13,0,14,1,random,mean,250
2026090908,5000,250,0.512754166667,0.987939166667,0.0947312083544,,0.2308,longer,linear,MI,12000,8000,100,20,13,0,14,1,random,mean,250
2026090909,5000,250,0.599195833333,1.18559333333,0.0750735399281,,0.23,longer,linear,MI,12000,8000,100,20,13,0,14,1,random,mean,250
2026090910,5000,250,0.485610416667,0.925511666667,0.0989572956398,,0.0894,longer,linear,MI,12000,8000,100,20,13,0,14,1,random,mean,250
2026090911,5000,250,0.601145833333,1.15680333333,0.0741370900163,,0.2226,longer,linear,MI,12000,8000,100,20,13,0,14,1,random,mean,250
2026090912,5000,250,0.501810416667,0.948021666667,0.0993320073155,,0.2706,longer,linear,MI,12000,8000,100,20,13,0,14,1,random,mean,250
2026090913,5000,250,0.541233333333,1.03436083333,0.0890306946472,,0.2222,longer,linear,MI,12000,8000,100,20,13,0,14,1,random,mean,250
2026090914,5000,250,0.55350625,1.0435425,0.0898157146307,,0.2428,longer,linear,MI,12000,8000,100,20,13,0,14,1,random,mean,250
2026090915,5000,250,0.580283333333,1.11262083333,0.0879045729145,,0.2912,longer,linear,MI,12000,8000,100,20,13,0,14,1,random,mean,250
2026090900,5250,250,0.603195833333,1.14745333333,0.0737049351548,,0.221333333333,longer,linear,MI,12000,8000,100,20,13,0,14,1,random,mean,250
2026090901,5250,250,0.52700625,1.0103925,0.0949617801639,,0.249142857143,longer,linear,MI,12000,8000,100,20,13,0,14,1,random,mean,250
2026090902,5250,250,0.6254375,1.2121675,0.0710189226204,,0.241333333333,longer,linear,MI,12000,8000,100,20,13,0,14,1,random,mean,250
2026090903,5250,250,0.529416666667,1.01740166667,0.0915409147617,,0.265904761905,longer,linear,MI,12000,8000,100,20,13,0,14,1,random,mean,250
2026090904,5250,250,0.471697916667,0.914314166667,0.109204001831,,0.244,longer,linear,MI,12000,8000,100,20,13,0,14,1,random,mean,250
2026090905,5250,250,0.483833333333,0.926365833333,0.102214445137,,0.203428571429,longer,linear,MI,12000,8000,100,20,13,0,14,1,random,mean,250
2026090906,5250,250,0.49311875,0.9377275,0.099002227492,,0.205142857143,longer,linear,MI,12000,8000,100,20,13,0,14,1,random,mean,250
2026090907,5250,250,0.549070833333,1.05616833333,0.0834770512827,,0.254666666667,longer,linear,MI,12000,8000,100,20,13,0,14,1,random,mean,250
2026090908,5250,250,0.49348125,0.941215,0.102343736695,,0.238476190476,longer,linear,MI,12000,8000,100,20,13,0,14,1,random,mean,250
2026090909,5250,250,0.600177083333,1.18090833333,0.070931894104,,0.219428571429,longer,linear,MI,12000,8000,100,20,13,0,14,1,random,mean,250
2026090910,5250,250,0.565804166667,1.09613916667,0.0858158471753,,0.0979047619048,longer,linear,MI,12000,8000,100,20,13,0,14,1,random,mean,250
2026090911,5250,250,0.697504166667,1.33479166667,0.0515668837252,,0.212571428571,longer,linear,MI,12000,8000,100,20,13,0,14,1,random,mean,250
2026090912,5250,250,0.52673125,1.0144075,0.0929050145202,,0.269523809524,longer,linear,MI,12000,8000,100,20,13,0,14,1,random,mean,250
2026090913,5250,250,0.49033125,0.939645,0.103100328176,,0.225714285714,longer,linear,MI,12000,8000,100,20,13,0,14,1,random,mean,250
2026090914,5250,250,0.53375,1.01281,0.0887339749417,,0.24,longer,linear,MI,12000,8000,100,20,13,0,14,1,random,mean,250
2026090915,5250,250,0.489904166667,0.942701666667,0.096833742553,,0.292952380952,longer,linear,MI,12000,8000,100,20,13,0,14,1,random,mean,250
2026090900,5500,250,0.469745833333,0.891133333333,0.104711255712,,0.226909090909,longer,linear,MI,12000,8000,100,20,13,0,14,1,random,mean,250
2026090901,5500,250,0.50433125,0.9652425,0.0936747243733,,0.250545454545,longer,linear,MI,12000,8000,100,20,13,0,14,1,random,mean,250
2026090902,5500,250,0.5737375,1.104455,0.0894394408114,,0.242363636364,longer,linear,MI,12000,8000,100,20,13,0,14,1,random,mean,250
2026090903,5500,250,0.486308333333,0.942153333333,0.101014701645,,0.267090909091,longer,linear,MI,12000,8000,100,20,13,0,14,1,random,mean,250
2026090904,5500,250,0.649797916667,1.30429166667,0.073763849252,,0.233454545455,longer,linear,MI,12000,8000,100,20,13,0,14,1,random,mean,250
2026090905,5500,250,0.63006875,1.21872,0.0742094944796,,0.202,longer,linear,MI,12000,8000,100,20,13,0,14,1,random,mean,250
2026090906,5500,250,0.5275125,1.010385,0.0921829253589,,0.207818181818,longer,linear,MI,12000,8000,100,20,13,0,14,1,random,mean,250
2026090907,5500,250,0.51549375,1.0013075,0.10033102078,,0.257636363636,longer,linear,MI,12000,8000,100,20,13,0,14,1,random,mean,250
2026090908,5500,250,0.551877083333,1.05368083333,0.0861428752054,,0.239272727273,longer,linear,MI,12000,8000,100,20,13,0,14,1,random,mean,250
2026090909,5500,250,0.605208333333,1.18770833333,0.0683299362839,,0.209454545455,longer,linear,MI,12000,8000,100,20,13,0,14,1,random,mean,250
2026090910,5500,250,0.51545,0.992525,0.102326160942,,0.102181818182,longer,linear,MI,12000,8000,100,20,13,0,14,1,random,mean,250
2026090911,5500,250,0.738020833333,1.40770833333,0.039014205311,,0.202909090909,longer,linear,MI,12000,8000,100,20,13,0,14,1,random,mean,250
2026090912,5500,250,0.482170833333,0.918530833333,0.100931951755,,0.272909090909,longer,linear,MI,12000,8000,100,20,13,0,14,1,random,mean,250
2026090913,5500,250,0.5309125,1.01304,0.0931478062134,,0.230545454545,longer,linear,MI,12000,8000,100,20,13,0,14,1,random,mean,250
2026090914,5500,250,0.5087875,0.955305,0.0947443143682,,0.239818181818,longer,linear,MI,12000,8000,100,20,13,0,14,1,random,mean,250
2026090915,5500,250,0.4719625,0.9079275,0.107142503251,,0.292727272727,longer,linear,MI,12000,8000,100,20,13,0,14,1,random,mean,250
2026090900,5750,250,0.52338125,1.00196,0.094483289746,,0.225043478261,longer,linear,MI,12000,8000,100,20,13,0,14,1,random,mean,250
2026090901,5750,250,0.645039583333,1.24528333333,0.0656506142082,,0.244869565217,longer,linear,MI,12000,8000,100,20,13,0,14,1,random,mean,250
2026090902,5750,250,0.514735416667,0.986251666667,0.0950134373934,,0.242260869565,longer,linear,MI,12000,8000,100,20,13,0,14,1,random,mean,250
2026090903,5750,250,0.548114583333,1.05679833333,0.0863883977279,,0.266956521739,longer,linear,MI,12000,8000,100,20,13,0,14,1,random,mean,250
2026090904,5750,250,0.667708333333,1.34270833333,0.0729252967168,,0.223652173913,longer,linear,MI,12000,8000,100,20,13,0,14,1,random,mean,250
2026090905,5750,250,0.491475,0.94643,0.100167153859,,0.205739130435,longer,linear,MI,12000,8000,100,20,13,0,14,1,random,mean,250
2026090906,5750,250,0.575025,1.1259675,0.0876235717365,,0.203130434783,longer,linear,MI,12000,8000,100,20,13,0,14,1,random,mean,250
2026090907,5750,250,0.50949375,0.96702,0.095246029845,,0.261739130435,longer,linear,MI,12000,8000,100,20,13,0,14,1,random,mean,250
2026090908,5750,250,0.754270833333,1.45457083333,0.0501018577713,,0.229043478261,longer,linear,MI,12000,8000,100,20,13,0,14,1,random,mean,250
2026090909,5750,250,0.605208333333,1.18770833333,0.0683299362839,,0.200347826087,longer,linear,MI,12000,8000,100,20,13,0,14,1,random,mean,250
2026090910,5750,250,0.532764583333,1.01817583333,0.0899466280451,,0.110956521739,longer,linear,MI,12000,8000,100,20,13,0,14,1,random,mean,250
2026090911,5750,250,0.7367375,1.407415,0.0400093526652,,0.194260869565,longer,linear,MI,12000,8000,100,20,13,0,14,1,random,mean,250
2026090912,5750,250,0.621245833333,1.21162083333,0.0809747556654,,0.269043478261,longer,linear,MI,12000,8000,100,20,13,0,14,1,random,mean,250
2026090913,5750,250,0.538266666667,1.03473916667,0.0903786523118,,0.226782608696,longer,linear,MI,12000,8000,100,20,13,0,14,1,random,mean,250
2026090914,5750,250,0.563389583333,1.07704583333,0.0814537991324,,0.238260869565,longer,linear,MI,12000,8000,100,20,13,0,14,1,random,mean,250
2026090915,5750,250,0.535516666667,1.03554666667,0.0902050234758,,0.284869565217,longer,linear,MI,12000,8000,100,20,13,0,14,1,random,mean,250
2026090900,6000,250,0.469033333333,0.889778333333,0.101934399208,,0.227333333333,longer,linear,MI,12000,8000,100,20,13,0,14,1,random,mean,250
2026090901,6000,250,0.686304166667,1.33775166667,0.0600716392447,,0.235666666667,longer,linear,MI,12000,8000,100,20,13,0,14,1,random,mean,250
2026090902,6000,250,0.525214583333,1.00900333333,0.0827223932556,,0.2375,longer,linear,MI,12000,8000,100,20,13,0,14,1,random,mean,250
2026090903,6000,250,0.502175,0.96478,0.0958667471098,,0.2685,longer,linear,MI,12000,8000,100,20,13,0,14,1,random,mean,250
2026090904,6000,250,0.595595833333,1.17868333333,0.0834716864211,,0.221333333333,longer,linear,MI,12000,8000,100,20,13,0,14,1,random,mean,250
2026090905,6000,250,0.499364583333,0.950950833333,0.101411122013,,0.210166666667,longer,linear,MI,12000,8000,100,20,13,0,14,1,random,mean,250
2026090906,6000,250,0.6474875,1.257825,0.0759028181701,,0.195,longer,linear,MI,12000,8000,100,20,13,0,14,1,random,mean,250
2026090907,6000,250,0.517177083333,0.985840833333,0.0951148578714,,0.264,longer,linear,MI,12000,8000,100,20,13,0,14,1,random,mean,250
2026090908,6000,250,0.51225625,0.97605,0.0909357890806,,0.229333333333,longer,linear,MI,12000,8000,100,20,13,0,14,1,random,mean,250
2026090909,6000,250,0.605208333333,1.18770833333,0.0683299362839,,0.192,longer,linear,MI,12000,8000,100,20,13,0,14,1,random,mean,250
2026090910,6000,250,0.696345833333,1.28930833333,0.0440241705728,,0.1065,longer,linear,MI,12000,8000,100,20,13,0,14,1,random,mean,250
2026090911,6000,250,0.57349375,1.1143875,0.0841912419666,,0.195166666667,longer,linear,MI,12000,8000,100,20,13,0,14,1,random,mean,250
2026090912,6000,250,0.4961,0.9584025,0.0998678331741,,0.271166666667,longer,linear,MI,12000,8000,100,20,13,0,14,1,random,mean,250
2026090913,6000,250,0.549795833333,1.04175083333,0.0827659305343,,0.228,longer,linear,MI,12000,8000,100,20,13,0,14,1,random,mean,250
2026090914,6000,250,0.470002083333,0.906635833333,0.110382618997,,0.24,longer,linear,MI,12000,8000,100,20,13,0,14,1,random,mean,250
2026090915,6000,250,0.537141666667,1.04444166667,0.094793331007,,0.282666666667,longer,linear,MI,12000,8000,100,20,13,0,14,1,random,mean,250
2026090900,6250,250,0.495285416667,0.957541666667,0.10295108226,,0.22896,longer,linear,MI,12000,8000,100,20,13,0,14,1,random,mean,250
2026090901,6250,250,0.467527083333,0.876993333333,0.099198140683,,0.24016,longer,linear,MI,12000,8000,100,20,13,0,14,1,random,mean,250
2026090902,6250,250,0.658529166667,1.23670916667,0.0630891174209,,0.23568,longer,linear,MI,12000,8000,100,20,13,0,14,1,random,mean,250
2026090903,6250,250,0.518664583333,1.02548083333,0.0912399981742,,0.26304,longer,linear,MI,12000,8000,100,20,13,0,14,1,random,mean,250
2026090904,6250,250,0.512327083333,0.994793333333,0.100058902766,,0.22288,longer,linear,MI,12000,8000,100,20,13,0,14,1,random,mean,250
2026090905,6250,250,0.535160416667,1.03894666667,0.0909858503673,,0.20896,longer,linear,MI,12000,8000,100,20,13,0,14,1,random,mean,250
2026090906,6250,250,0.542904166667,1.05402916667,0.0928755091383,,0.19488,longer,linear,MI,12000,8000,100,20,13,0,14,1,random,mean,250
2026090907,6250,250,0.54395625,1.0381725,0.0878095501351,,0.26464,longer,linear,MI,12000,8000,100,20,13,0,14,1,random,mean,250
2026090908,6250,250,0.54485625,1.050365,0.0918676558004,,0.23008,longer,linear,MI,12000,8000,100,20,13,0,14,1,random,mean,250
2026090909,6250,250,0.714108333333,1.36739333333,0.0529697805823,,0.18448,longer,linear,MI,12000,8000,100,20,13,0,14,1,random,mean,250
2026090910,6250,250,0.584083333333,1.09543833333,0.074489975992,,0.1072,longer,linear,MI,12000,8000,100,20,13,0,14,1,random,mean,250
2026090911,6250,250,0.457516666667,0.891906666667,0.112208936957,,0.20256,longer,linear,MI,12000,8000,100,20,13,0,14,1,random,mean,250
2026090912,6250,250,0.57451875,1.107875,0.0868870197203,,0.2712,longer,linear,MI,12000,8000,100,20,13,0,14,1,random,mean,250
2026090913,6250,250,0.492266666667,0.945611666667,0.102973457692,,0.23056,longer,linear,MI,12000,8000,100,20,13,0,14,1,random,mean,250
2026090914,6250,250,0.466620833333,0.900650833333,0.107520215381,,0.24336,longer,linear,MI,12000,8000,100,20,13,0,14,1,random,mean,250
2026090915,6250,250,0.56180625,1.0794475,0.0904334359712,,0.28272,longer,linear,MI,12000,8000,100,20,13,0,14,1,random,mean,250
2026090900,6500,250,0.489089583333,0.935478333333,0.100207257982,,0.229692307692,longer,linear,MI,12000,8000,100,20,13,0,14,1,random,mean,250
2026090901,6500,250,0.745939583333,1.40690833333,0.0349612935669,,0.233538461538,longer,linear,MI,12000,8000,100,20,13,0,14,1,random,mean,250
2026090902,6500,250,0.52173125,1.0056525,0.0936863585486,,0.239384615385,longer,linear,MI,12000,8000,100,20,13,0,14,1,random,mean,250
2026090903,6500,250,0.544964583333,1.04900333333,0.091040589204,,0.264769230769,longer,linear,MI,12000,8000,100,20,13,0,14,1,random,mean,250
2026090904,6500,250,0.561239583333,1.07654833333,0.0822270831928,,0.222153846154,longer,linear,MI,12000,8000,100,20,13,0,14,1,random,mean,250
2026090905,6500,250,0.462375,0.90034,0.10681474978,,0.21,longer,linear,MI,12000,8000,100,20,13,0,14,1,random,mean,250
2026090906,6500,250,0.463,0.8766075,0.104728457579,,0.197384615385,longer,linear,MI,12000,8000,100,20,13,0,14,1,random,mean,250
2026090907,6500,250,0.502391666667,0.965824166667,0.100961314164,,0.266461538462,longer,linear,MI,12000,8000,100,20,13,0,14,1,random,mean,250
2026090908,6500,250,0.480066666667,0.941911666667,0.105591370645,,0.228307692308,longer,linear,MI,12000,8000,100,20,13,0,14,1,random,mean,250
2026090909,6500,250,0.742708333333,1.41458333333,0.0489358002971,,0.177384615385,longer,linear,MI,12000,8000,100,20,13,0,14,1,random,mean,250
2026090910,6500,250,0.515470833333,0.992240833333,0.0975411921878,,0.112615384615,longer,linear,MI,12000,8000,100,20,13,0,14,1,random,mean,250
2026090911,6500,250,0.462241666667,0.884199166667,0.10701980391,,0.204461538462,longer,linear,MI,12000,8000,100,20,13,0,14,1,random,mean,250
2026090912,6500,250,0.51544375,0.98261,0.0921155302038,,0.270461538462,longer,linear,MI,12000,8000,100,20,13,0,14,1,random,mean,250
2026090913,6500,250,0.550247916667,1.05394666667,0.0918248811345,,0.229538461538,longer,linear,MI,12000,8000,100,20,13,0,14,1,random,mean,250
2026090914,6500,250,0.508435416667,0.978811666667,0.10100610313,,0.246153846154,longer,linear,MI,12000,8000,100,20,13,0,14,1,random,mean,250
2026090915,6500,250,0.815258333333,1.58490833333,0.0361635659262,,0.272307692308,longer,linear,MI,12000,8000,100,20,13,0,14,1,random,mean,250
2026090900,6750,250,0.5452625,1.0585,0.0871777790108,,0.229185185185,longer,linear,MI,12000,8000,100,20,13,0,14,1,random,mean,250
2026090901,6750,250,0.789120833333,1.48759333333,0.0219433557339,,0.225037037037,longer,linear,MI,12000,8000,100,20,13,0,14,1,random,mean,250
2026090902,6750,250,0.520610416667,1.00197166667,0.0939122870158,,0.239407407407,longer,linear,MI,12000,8000,100,20,13,0,14,1,random,mean,250
2026090903,6750,250,0.56061875,1.102195,0.0852193256972,,0.256888888889,longer,linear,MI,12000,8000,100,20,13,0,14,1,random,mean,250
2026090904,6750,250,0.434779166667,0.843234166667,0.114937616834,,0.223111111111,longer,linear,MI,12000,8000,100,20,13,0,14,1,random,mean,250
2026090905,6750,250,0.470022916667,0.930724166667,0.112451485601,,0.210962962963,longer,linear,MI,12000,8000,100,20,13,0,14,1,random,mean,250
2026090906,6750,250,0.49114375,0.954995,0.104018841502,,0.199111111111,longer,linear,MI,12000,8000,100,20,13,0,14,1,random,mean,250
2026090907,6750,250,0.503958333333,0.961745833333,0.0989997393318,,0.269777777778,longer,linear,MI,12000,8000,100,20,13,0,14,1,random,mean,250
2026090908,6750,250,0.631583333333,1.21627083333,0.0545008200572,,0.220296296296,longer,linear,MI,12000,8000,100,20,13,0,14,1,random,mean,250
2026090909,6750,250,0.742708333333,1.41458333333,0.0489358002971,,0.170814814815,longer,linear,MI,12000,8000,100,20,13,0,14,1,random,mean,250
2026090910,6750,250,0.519252083333,1.00716583333,0.0916149950812,,0.116444444444,longer,linear,MI,12000,8000,100,20,13,0,14,1,random,mean,250
2026090911,6750,250,0.520027083333,1.00999833333,0.0972675827374,,0.203851851852,longer,linear,MI,12000,8000,100,20,13,0,14,1,random,mean,250
2026090912,6750,250,0.584277083333,1.10794583333,0.0804941271413,,0.267703703704,longer,linear,MI,12000,8000,100,20,13,0,14,1,random,mean,250
2026090913,6750,250,0.586514583333,1.12672333333,0.0829564204158,,0.228888888889,longer,linear,MI,12000,8000,100,20,13,0,14,1,random,mean,250
2026090914,6750,250,0.50789375,0.987025,0.0991296210793,,0.248,longer,linear,MI,12000,8000,100,20,13,0,14,1,random,mean,250
2026090915,6750,250,0.825,1.59875,0.0323285803165,,0.262222222222,longer,linear,MI,12000,8000,100,20,13,0,14,1,random,mean,250
2026090900,7000,250,0.477120833333,0.927208333333,0.106307979227,,0.23,longer,linear,MI,12000,8000,100,20,13,0,14,1,random,mean,250
2026090901,7000,250,0.805472916667,1.52571416667,0.0244045872818,,0.218142857143,longer,linear,MI,12000,8000,100,20,13,0,14,1,random,mean,250
2026090902,7000,250,0.489941666667,0.948069166667,0.10208768481,,0.244142857143,longer,linear,MI,12000,8000,100,20,13,0,14,1,random,mean,250
2026090903,7000,250,0.540647916667,1.04883416667,0.091747296202,,0.255142857143,longer,linear,MI,12000,8000,100,20,13,0,14,1,random,mean,250
2026090904,7000,250,0.484033333333,0.917508333333,0.0993967170565,,0.228428571429,longer,linear,MI,12000,8000,100,20,13,0,14,1,random,mean,250
2026090905,7000,250,0.463608333333,0.906195833333,0.111410715533,,0.212285714286,longer,linear,MI,12000,8000,100,20,13,0,14,1,random,mean,250
2026090906,7000,250,0.5237875,1.01482,0.103942747157,,0.198571428571,longer,linear,MI,12000,8000,100,20,13,0,14,1,random,mean,250
2026090907,7000,250,0.473691666667,0.909641666667,0.104725886429,,0.270571428571,longer,linear,MI,12000,8000,100,20,13,0,14,1,random,mean,250
2026090908,7000,250,0.537920833333,1.03712333333,0.0895824129951,,0.221428571429,longer,linear,MI,12000,8000,100,20,13,0,14,1,random,mean,250
2026090909,7000,250,0.742708333333,1.41458333333,0.0489358002971,,0.164714285714,longer,linear,MI,12000,8000,100,20,13,0,14,1,random,mean,250
2026090910,7000,250,0.457697916667,0.894831666667,0.112378875312,,0.122142857143,longer,linear,MI,12000,8000,100,20,13,0,14,1,random,mean,250
2026090911,7000,250,0.572039583333,1.10767583333,0.0856057920687,,0.204571428571,longer,linear,MI,12000,8000,100,20,13,0,14,1,random,mean,250
2026090912,7000,250,0.556945833333,1.06836583333,0.0860292514513,,0.270857142857,longer,linear,MI,12000,8000,100,20,13,0,14,1,random,mean,250
2026090913,7000,250,0.493416666667,0.944124166667,0.102534839404,,0.232571428571,longer,linear,MI,12000,8000,100,20,13,0,14,1,random,mean,250
2026090914,7000,250,0.5123,1.0005975,0.099054309527,,0.249142857143,longer,linear,MI,12000,8000,100,20,13,0,14,1,random,mean,250
2026090915,7000,250,0.825,1.59875,0.0323285803165,,0.252857142857,longer,linear,MI,12000,8000,100,20,13,0,14,1,random,mean,250
2026090900,7250,250,0.563633333333,1.08506333333,0.0873358930611,,0.231172413793,longer,linear,MI,12000,8000,100,20,13,0,14,1,random,mean,250
2026090901,7250,250,0.71763125,1.397345,0.0428910362499,,0.210896551724,longer,linear,MI,12000,8000,100,20,13,0,14,1,random,mean,250
2026090902,7250,250,0.58861875,1.1066125,0.0686930791719,,0.243034482759,longer,linear,MI,12000,8000,100,20,13,0,14,1,random,mean,250
2026090903,7250,250,0.492495833333,0.934793333333,0.100519773281,,0.257655172414,longer,linear,MI,12000,8000,100,20,13,0,14,1,random,mean,250
2026090904,7250,250,0.5162,0.9773375,0.0923911688607,,0.230206896552,longer,linear,MI,12000,8000,100,20,13,0,14,1,random,mean,250
2026090905,7250,250,0.643775,1.25489,0.0723045798416,,0.209103448276,longer,linear,MI,12000,8000,100,20,13,0,14,1,random,mean,250
2026090906,7250,250,0.479883333333,0.917720833333,0.102428697604,,0.201103448276,longer,linear,MI,12000,8000,100,20,13,0,14,1,random,mean,250
2026090907,7250,250,0.501916666667,0.953146666667,0.097239473172,,0.273103448276,longer,linear,MI,12000,8000,100,20,13,0,14,1,random,mean,250
2026090908,7250,250,0.506954166667,0.975274166667,0.0986655482863,,0.22675862069,longer,linear,MI,12000,8000,100,20,13,0,14,1,random,mean,250
2026090909,7250,250,0.742708333333,1.41458333333,0.0489358002971,,0.159034482759,longer,linear,MI,12000,8000,100,20,13,0,14,1,random,mean,250
2026090910,7250,250,0.472258333333,0.910815833333,0.106468737842,,0.127586206897,longer,linear,MI,12000,8000,100,20,13,0,14,1,random,mean,250
2026090911,7250,250,0.51200625,0.97904,0.095853854948,,0.204,longer,linear,MI,12000,8000,100,20,13,0,14,1,random,mean,250
2026090912,7250,250,0.478366666667,0.916899166667,0.103859836755,,0.274206896552,longer,linear,MI,12000,8000,100,20,13,0,14,1,random,mean,250
2026090913,7250,250,0.452552083333,0.868918333333,0.110149498831,,0.236275862069,longer,linear,MI,12000,8000,100,20,13,0,14,1,random,mean,250
2026090914,7250,250,0.565766666667,1.09542166667,0.0832715681378,,0.247862068966,longer,linear,MI,12000,8000,100,20,13,0,14,1,random,mean,250
2026090915,7250,250,0.790983333333,1.53786333333,0.0423845711338,,0.244413793103,longer,linear,MI,12000,8000,100,20,13,0,14,1,random,mean,250
2026090900,7500,250,0.46161875,0.881225,0.105329912955,,0.2336,longer,linear,MI,12000,8000,100,20,13,0,14,1,random,mean,250
2026090901,7500,250,0.715083333333,1.39258833333,0.0433002080491,,0.2044,longer,linear,MI,12000,8000,100,20,13,0,14,1,random,mean,250
2026090902,7500,250,0.489864583333,0.955585833333,0.105663497765,,0.242133333333,longer,linear,MI,12000,8000,100,20,13,0,14,1,random,mean,250
2026090903,7500,250,0.539635416667,1.03442916667,0.0915499462167,,0.256533333333,longer,linear,MI,12000,8000,100,20,13,0,14,1,random,mean,250
2026090904,7500,250,0.57425625,1.0916925,0.0800690701959,,0.2304,longer,linear,MI,12000,8000,100,20,13,0,14,1,random,mean,250
2026090905,7500,250,0.55268125,1.056515,0.0869364152593,,0.212,longer,linear,MI,12000,8000,100,20,13,0,14,1,random,mean,250
2026090906,7500,250,0.543725,1.04668,0.091259872639,,0.2056,longer,linear,MI,12000,8000,100,20,13,0,14,1,random,mean,250
2026090907,7500,250,0.53323125,1.02053,0.0921923654748,,0.274933333333,longer,linear,MI,12000,8000,100,20,13,0,14,1,random,mean,250
2026090908,7500,250,0.510658333333,0.966203333333,0.0939003105174,,0.2288,longer,linear,MI,12000,8000,100,20,13,0,14,1,random,mean,250
2026090909,7500,250,0.6392625,1.245155,0.0660641964533,,0.154133333333,longer,linear,MI,12000,8000,100,20,13,0,14,1,random,mean,250
2026090910,7500,250,0.488354166667,0.928054166667,0.0989359437676,,0.134933333333,longer,linear,MI,12000,8000,100,20,13,0,14,1,random,mean,250
2026090911,7500,250,0.547377083333,1.05119833333,0.0920506919845,,0.204666666667,longer,linear,MI,12000,8000,100,20,13,0,14,1,random,mean,250
2026090912,7500,250,0.45561875,0.879285,0.109609707874,,0.276533333333,longer,linear,MI,12000,8000,100,20,13,0,14,1,random,mean,250
2026090913,7500,250,0.520747916667,1.01399666667,0.0932909210935,,0.235466666667,longer,linear,MI,12000,8000,100,20,13,0,14,1,random,mean,250
2026090914,7500,250,0.492602083333,0.963030833333,0.103207786762,,0.25,longer,linear,MI,12000,8000,100,20,13,0,14,1,random,mean,250
2026090915,7500,250,0.473125,0.9071625,0.103203901617,,0.246533333333,longer,linear,MI,12000,8000,100,20,13,0,14,1,random,mean,250
2026090900,7750,250,0.48900625,0.9467125,0.102168040258,,0.233806451613,longer,linear,MI,12000,8000,100,20,13,0,14,1,random,mean,250
2026090901,7750,250,0.468477083333,0.898243333333,0.105200754474,,0.205548387097,longer,linear,MI,12000,8000,100,20,13,0,14,1,random,mean,250
2026090902,7750,250,0.566222916667,1.07204916667,0.0804147583596,,0.241419354839,longer,linear,MI,12000,8000,100,20,13,0,14,1,random,mean,250
2026090903,7750,250,0.494725,0.94659,0.101394451691,,0.259225806452,longer,linear,MI,12000,8000,100,20,13,0,14,1,random,mean,250
2026090904,7750,250,0.591489583333,1.13436083333,0.076347527259,,0.228129032258,longer,linear,MI,12000,8000,100,20,13,0,14,1,random,mean,250
2026090905,7750,250,0.530591666667,1.01983416667,0.0914093313703,,0.217290322581,longer,linear,MI,12000,8000,100,20,13,0,14,1,random,mean,250
2026090906,7750,250,0.51908125,0.99917,0.0936748933875,,0.20864516129,longer,linear,MI,12000,8000,100,20,13,0,14,1,random,mean,250
2026090907,7750,250,0.602120833333,1.18268333333,0.0724372458428,,0.269161290323,longer,linear,MI,12000,8000,100,20,13,0,14,1,random,mean,250
2026090908,7750,250,0.5500375,1.0642425,0.0877034916179,,0.229032258065,longer,linear,MI,12000,8000,100,20,13,0,14,1,random,mean,250
2026090909,7750,250,0.60198125,1.180715,0.074874633489,,0.150580645161,longer,linear,MI,12000,8000,100,20,13,0,14,1,random,mean,250
2026090910,7750,250,0.496922916667,0.947184166667,0.102404615146,,0.139741935484,longer,linear,MI,12000,8000,100,20,13,0,14,1,random,mean,250
2026090911,7750,250,0.489635416667,0.962844166667,0.102998760562,,0.203612903226,longer,linear,MI,12000,8000,100,20,13,0,14,1,random,mean,250
2026090912,7750,250,0.51965,1.003165,0.0932375670071,,0.276,longer,linear,MI,12000,8000,100,20,13,0,14,1,random,mean,250
2026090913,7750,250,0.598860416667,1.16658416667,0.0809117946054,,0.232516129032,longer,linear,MI,12000,8000,100,20,13,0,14,1,random,mean,250
2026090914,7750,250,0.512145833333,0.978200833333,0.0889333315657,,0.249806451613,longer,linear,MI,12000,8000,100,20,13,0,14,1,random,mean,250
2026090915,7750,250,0.454820833333,0.880443333333,0.115350706066,,0.246451612903,longer,linear,MI,12000,8000,100,20,13,0,14,1,random,mean,250
2026090900,8000,250,0.49615,0.9735825,0.10658093761,,0.23425,longer,linear,MI,12000,8000,100,20,13,0,14,1,random,mean,250
2026090901,8000,250,0.4636,0.8801025,0.103572675056,,0.21,longer,linear,MI,12000,8000,100,20,13,0,14,1,random,mean,250
2026090902,8000,250,0.505485416667,0.959224166667,0.0986958885086,,0.244625,longer,linear,MI,12000,8000,100,20,13,0,14,1,random,mean,250
2026090903,8000,250,0.481779166667,0.942676666667,0.108413988612,,0.25675,longer,linear,MI,12000,8000,100,20,13,0,14,1,random,mean,250
2026090904,8000,250,0.526510416667,1.00212416667,0.0888151715372,,0.229375,longer,linear,MI,12000,8000,100,20,13,0,14,1,random,mean,250
2026090905,8000,250,0.592052083333,1.15594583333,0.063480418813,,0.21075,longer,linear,MI,12000,8000,100,20,13,0,14,1,random,mean,250
2026090906,8000,250,0.639883333333,1.21136333333,0.0697667572631,,0.206625,longer,linear,MI,12000,8000,100,20,13,0,14,1,random,mean,250
2026090907,8000,250,0.623533333333,1.21650333333,0.0651684850688,,0.261,longer,linear,MI,12000,8000,100,20,13,0,14,1,random,mean,250
2026090908,8000,250,0.483772916667,0.950626666667,0.106463669665,,0.228,longer,linear,MI,12000,8000,100,20,13,0,14,1,random,mean,250
2026090909,8000,250,0.555264583333,1.06093083333,0.0897238965391,,0.15475,longer,linear,MI,12000,8000,100,20,13,0,14,1,random,mean,250
2026090910,8000,250,0.498,0.9507725,0.101277442984,,0.145875,longer,linear,MI,12000,8000,100,20,13,0,14,1,random,mean,250
2026090911,8000,250,0.502797916667,0.960276666667,0.0960423330837,,0.206125,longer,linear,MI,12000,8000,100,20,13,0,14,1,random,mean,250
2026090912,8000,250,0.54598125,1.030915,0.0872587151859,,0.27475,longer,linear,MI,12000,8000,100,20,13,0,14,1,random,mean,250
2026090913,8000,250,0.502064583333,0.954088333333,0.0916495278505,,0.234875,longer,linear,MI,12000,8000,100,20,13,0,14,1,random,mean,250
2026090914,8000,250,0.513116666667,0.979881666667,0.0992200904547,,0.251,longer,linear,MI,12000,8000,100,20,13,0,14,1,random,mean,250
2026090915,8000,250,0.574835416667,1.08818416667,0.0870352730576,,0.246375,longer,linear,MI,12000,8000,100,20,13,0,14,1,random,mean,250
2026090900,8250,250,0.492747916667,0.940606666667,0.102033787458,,0.237575757576,longer,linear,MI,12000,8000,100,20,13,0,14,1,random,mean,250
2026090901,8250,250,0.389714583333,0.771033333333,0.132102942796,,0.209575757576,longer,linear,MI,12000,8000,100,20,13,0,14,1,random,mean,250
2026090902,8250,250,0.440835416667,0.848604166667,0.113395852568,,0.246181818182,longer,linear,MI,12000,8000,100,20,13,0,14,1,random,mean,250
2026090903,8250,250,0.5422875,1.046165,0.0924677348422,,0.255878787879,longer,linear,MI,12000,8000,100,20,13,0,14,1,random,mean,250
2026090904,8250,250,0.568052083333,1.09781833333,0.0855768063099,,0.228,longer,linear,MI,12000,8000,100,20,13,0,14,1,random,mean,250
2026090905,8250,250,0.588558333333,1.15636833333,0.0697107073568,,0.20496969697,longer,linear,MI,12000,8000,100,20,13,0,14,1,random,mean,250
2026090906,8250,250,0.5323625,1.01499,0.0927799190013,,0.209090909091,longer,linear,MI,12000,8000,100,20,13,0,14,1,random,mean,250
2026090907,8250,250,0.612116666667,1.19470416667,0.0673758446299,,0.253818181818,longer,linear,MI,12000,8000,100,20,13,0,14,1,random,mean,250
2026090908,8250,250,0.48034375,0.932645,0.108377754622,,0.231878787879,longer,linear,MI,12000,8000,100,20,13,0,14,1,random,mean,250
2026090909,8250,250,0.521983333333,0.996385833333,0.0959651463731,,0.16,longer,linear,MI,12000,8000,100,20,13,0,14,1,random,mean,250
2026090910,8250,250,0.493670833333,0.945240833333,0.0980362986611,,0.149696969697,longer,linear,MI,12000,8000,100,20,13,0,14,1,random,mean,250
2026090911,8250,250,0.484035416667,0.928404166667,0.101081970601,,0.209212121212,longer,linear,MI,12000,8000,100,20,13,0,14,1,random,mean,250
2026090912,8250,250,0.628933333333,1.16961583333,0.0464729429797,,0.267272727273,longer,linear,MI,12000,8000,100,20,13,0,14,1,random,mean,250
2026090913,8250,250,0.586435416667,1.12275166667,0.079074230999,,0.233212121212,longer,linear,MI,12000,8000,100,20,13,0,14,1,random,mean,250
2026090914,8250,250,0.491120833333,0.941913333333,0.0950325236733,,0.249696969697,longer,linear,MI,12000,8000,100,20,13,0,14,1,random,mean,250
2026090915,8250,250,0.5298625,1.0075425,0.0911410534836,,0.247515151515,longer,linear,MI,12000,8000,100,20,13,0,14,1,random,mean,250
2026090900,8500,250,0.510383333333,0.968908333333,0.0945144446637,,0.238588235294,longer,linear,MI,12000,8000,100,20,13,0,14,1,random,mean,250
2026090901,8500,250,0.484308333333,0.938338333333,0.100854627935,,0.208588235294,longer,linear,MI,12000,8000,100,20,13,0,14,1,random,mean,250
2026090902,8500,250,0.503691666667,0.966414166667,0.100183273162,,0.248117647059,longer,linear,MI,12000,8000,100,20,13,0,14,1,random,mean,250
2026090903,8500,250,0.52739375,1.0029,0.0876954024767,,0.257058823529,longer,linear,MI,12000,8000,100,20,13,0,14,1,random,mean,250
2026090904,8500,250,0.554541666667,1.04723666667,0.0826065551686,,0.228705882353,longer,linear,MI,12000,8000,100,20,13,0,14,1,random,mean,250
2026090905,8500,250,0.51821875,0.9978,0.0903172711716,,0.205176470588,longer,linear,MI,12000,8000,100,20,13,0,14,1,random,mean,250
2026090906,8500,250,0.504875,0.9730225,0.101703791595,,0.213294117647,longer,linear,MI,12000,8000,100,20,13,0,14,1,random,mean,250
2026090907,8500,250,0.583839583333,1.10666083333,0.071304931781,,0.250588235294,longer,linear,MI,12000,8000,100,20,13,0,14,1,random,mean,250
2026090908,8500,250,0.55069375,1.0732325,0.0882288562596,,0.230941176471,longer,linear,MI,12000,8000,100,20,13,0,14,1,random,mean,250
2026090909,8500,250,0.47605625,0.92489,0.106238414192,,0.162941176471,longer,linear,MI,12000,8000,100,20,13,0,14,1,random,mean,250
2026090910,8500,250,0.58596875,1.15937,0.0872236472066,,0.147764705882,longer,linear,MI,12000,8000,100,20,13,0,14,1,random,mean,250
2026090911,8500,250,0.523139583333,0.998818333333,0.0900409919508,,0.210117647059,longer,linear,MI,12000,8000,100,20,13,0,14,1,random,mean,250
2026090912,8500,250,0.601402083333,1.13493833333,0.0634589429926,,0.263529411765,longer,linear,MI,12000,8000,100,20,13,0,14,1,random,mean,250
2026090913,8500,250,0.588516666667,1.12505916667,0.0774431576123,,0.231294117647,longer,linear,MI,12000,8000,100,20,13,0,14,1,random,mean,250
2026090914,8500,250,0.523075,0.9994675,0.09058095749,,0.248470588235,longer,linear,MI,12000,8000,100,20,13,0,14,1,random,mean,250
2026090915,8500,250,0.514983333333,1.00099583333,0.101909405991,,0.247764705882,longer,linear,MI,12000,8000,100,20,13,0,14,1,random,mean,250
2026090900,8750,250,0.51853125,1.00708,0.0990624370918,,0.237828571429,longer,linear,MI,12000,8000,100,20,13,0,14,1,random,mean,250
2026090901,8750,250,0.539879166667,1.08007916667,0.0918193106199,,0.205257142857,longer,linear,MI,12000,8000,100,20,13,0,14,1,random,mean,250
2026090902,8750,250,0.506302083333,0.976590833333,0.0972531190862,,0.249371428571,longer,linear,MI,12000,8000,100,20,13,0,14,1,random,mean,250
2026090903,8750,250,0.71241875,1.351345,0.0466575303511,,0.252342857143,longer,linear,MI,12000,8000,100,20,13,0,14,1,random,mean,250
2026090904,8750,250,0.5177125,1.0040275,0.0943256340522,,0.227885714286,longer,linear,MI,12000,8000,100,20,13,0,14,1,random,mean,250
2026090905,8750,250,0.509641666667,0.983104166667,0.0936170033273,,0.206285714286,longer,linear,MI,12000,8000,100,20,13,0,14,1,random,mean,250
2026090906,8750,250,0.464404166667,0.893491666667,0.105875957532,,0.216914285714,longer,linear,MI,12000,8000,100,20,13,0,14,1,random,mean,250
2026090907,8750,250,0.53365625,1.026775,0.0920594113024,,0.251885714286,longer,linear,MI,12000,8000,100,20,13,0,14,1,random,mean,250
2026090908,8750,250,0.564885416667,1.07786666667,0.0834481027705,,0.2312,longer,linear,MI,12000,8000,100,20,13,0,14,1,random,mean,250
2026090909,8750,250,0.6581375,1.27164,0.0608539144669,,0.1624,longer,linear,MI,12000,8000,100,20,13,0,14,1,random,mean,250
2026090910,8750,250,0.554347916667,1.05764416667,0.0861084060114,,0.150628571429,longer,linear,MI,12000,8000,100,20,13,0,14,1,random,mean,250
2026090911,8750,250,0.52571875,1.0106375,0.0966418246496,,0.209942857143,longer,linear,MI,12000,8000,100,20,13,0,14,1,random,mean,250
2026090912,8750,250,0.446447916667,0.866076666667,0.113186519745,,0.264571428571,longer,linear,MI,12000,8000,100,20,13,0,14,1,random,mean,250
2026090913,8750,250,0.501954166667,0.977159166667,0.0983322368232,,0.228114285714,longer,linear,MI,12000,8000,100,20,13,0,14,1,random,mean,250
2026090914,8750,250,0.600079166667,1.16141666667,0.0821600262025,,0.248571428571,longer,linear,MI,12000,8000,100,20,13,0,14,1,random,mean,250
2026090915,8750,250,0.492260416667,0.943364166667,0.101881925397,,0.249028571429,longer,linear,MI,12000,8000,100,20,13,0,14,1,random,mean,250
2026090900,9000,250,0.496179166667,0.940916666667,0.10219229426,,0.240444444444,longer,linear,MI,12000,8000,100,20,13,0,14,1,random,mean,250
2026090901,9000,250,0.600066666667,1.20243416667,0.0784427963407,,0.200666666667,longer,linear,MI,12000,8000,100,20,13,0,14,1,random,mean,250
2026090902,9000,250,0.539652083333,1.03618833333,0.0862003278548,,0.246555555556,longer,linear,MI,12000,8000,100,20,13,0,14,1,random,mean,250
2026090903,9000,250,0.761022916667,1.45230166667,0.0379200762796,,0.245888888889,longer,linear,MI,12000,8000,100,20,13,0,14,1,random,mean,250
2026090904,9000,250,0.60835625,1.1484575,0.0766282656191,,0.224222222222,longer,linear,MI,12000,8000,100,20,13,0,14,1,random,mean,250
2026090905,9000,250,0.466514583333,0.892508333333,0.10814217514,,0.211,longer,linear,MI,12000,8000,100,20,13,0,14,1,random,mean,250
2026090906,9000,250,0.475008333333,0.927370833333,0.108179146647,,0.216111111111,longer,linear,MI,12000,8000,100,20,13,0,14,1,random,mean,250
2026090907,9000,250,0.508489583333,0.997040833333,0.101579422303,,0.250555555556,longer,linear,MI,12000,8000,100,20,13,0,14,1,random,mean,250
2026090908,9000,250,0.579339583333,1.12398083333,0.0841186285505,,0.231222222222,longer,linear,MI,12000,8000,100,20,13,0,14,1,random,mean,250
2026090909,9000,250,0.5767,1.12205,0.084046944845,,0.163222222222,longer,linear,MI,12000,8000,100,20,13,0,14,1,random,mean,250
2026090910,9000,250,0.7978625,1.51752,0.0445852375436,,0.147111111111,longer,linear,MI,12000,8000,100,20,13,0,14,1,random,mean,250
2026090911,9000,250,0.514245833333,0.995870833333,0.0964376633156,,0.210888888889,longer,linear,MI,12000,8000,100,20,13,0,14,1,random,mean,250
2026090912,9000,250,0.474722916667,0.916534166667,0.108127888228,,0.266666666667,longer,linear,MI,12000,8000,100,20,13,0,14,1,random,mean,250
2026090913,9000,250,0.6616125,1.29605,0.075018261122,,0.224111111111,longer,linear,MI,12000,8000,100,20,13,0,14,1,random,mean,250
2026090914,9000,250,0.511858333333,0.978820833333,0.0922259257063,,0.248777777778,longer,linear,MI,12000,8000,100,20,13,0,14,1,random,mean,250
2026090915,9000,250,0.440197916667,0.880584166667,0.115425302918,,0.247666666667,longer,linear,MI,12000,8000,100,20,13,0,14,1,random,mean,250
2026090900,9250,250,0.518083333333,0.986808333333,0.0962997431054,,0.241513513514,longer,linear,MI,12000,8000,100,20,13,0,14,1,random,mean,250
2026090901,9250,250,0.5801625,1.121005,0.0865231206497,,0.199567567568,longer,linear,MI,12000,8000,100,20,13,0,14,1,random,mean,250
2026090902,9250,250,0.6757875,1.322565,0.0609748250261,,0.24,longer,linear,MI,12000,8000,100,20,13,0,14,1,random,mean,250
2026090903,9250,250,0.724085416667,1.35736166667,0.0487056224566,,0.243567567568,longer,linear,MI,12000,8000,100,20,13,0,14,1,random,mean,250
2026090904,9250,250,0.628235416667,1.18235166667,0.0622849159838,,0.221405405405,longer,linear,MI,12000,8000,100,20,13,0,14,1,random,mean,250
2026090905,9250,250,0.492533333333,0.930110833333,0.0949622252387,,0.215675675676,longer,linear,MI,12000,8000,100,20,13,0,14,1,random,mean,250
2026090906,9250,250,0.552008333333,1.04400833333,0.0851952942908,,0.218810810811,longer,linear,MI,12000,8000,100,20,13,0,14,1,random,mean,250
2026090907,9250,250,0.631902083333,1.23500333333,0.0725067913352,,0.247783783784,longer,linear,MI,12000,8000,100,20,13,0,14,1,random,mean,250
2026090908,9250,250,0.46751875,0.8892475,0.102464204789,,0.231891891892,longer,linear,MI,12000,8000,100,20,13,0,14,1,random,mean,250
2026090909,9250,250,0.512766666667,0.967769166667,0.086306011952,,0.166702702703,longer,linear,MI,12000,8000,100,20,13,0,14,1,random,mean,250
2026090910,9250,250,0.8051125,1.5504975,0.0400677711763,,0.143567567568,longer,linear,MI,12000,8000,100,20,13,0,14,1,random,mean,250
2026090911,9250,250,0.481379166667,0.922019166667,0.102539977369,,0.212324324324,longer,linear,MI,12000,8000,100,20,13,0,14,1,random,mean,250
2026090912,9250,250,0.5378875,1.0475475,0.0931358803606,,0.266486486486,longer,linear,MI,12000,8000,100,20,13,0,14,1,random,mean,250
2026090913,9250,250,0.644558333333,1.25876083333,0.0778419410324,,0.219675675676,longer,linear,MI,12000,8000,100,20,13,0,14,1,random,mean,250
2026090914,9250,250,0.492533333333,0.934440833333,0.0989599511199,,0.251891891892,longer,linear,MI,12000,8000,100,20,13,0,14,1,random,mean,250
2026090915,9250,250,0.52743125,1.012745,0.0924825842443,,0.249189189189,longer,linear,MI,12000,8000,100,20,13,0,14,1,random,mean,250
2026090900,9500,250,0.623075,1.195975,0.0861626218909,,0.237578947368,longer,linear,MI,12000,8000,100,20,13,0,14,1,random,mean,250
2026090901,9500,250,0.495752083333,0.938813333333,0.0962016778763,,0.203473684211,longer,linear,MI,12000,8000,100,20,13,0,14,1,random,mean,250
2026090902,9500,250,0.788675,1.516025,0.0434914933757,,0.234,longer,linear,MI,12000,8000,100,20,13,0,14,1,random,mean,250
2026090903,9500,250,0.825520833333,1.53708333333,0.0253655309724,,0.237157894737,longer,linear,MI,12000,8000,100,20,13,0,14,1,random,mean,250
2026090904,9500,250,0.577760416667,1.08133916667,0.0774488352993,,0.219894736842,longer,linear,MI,12000,8000,100,20,13,0,14,1,random,mean,250
2026090905,9500,250,0.5322,1.0227175,0.0943470570481,,0.218421052632,longer,linear,MI,12000,8000,100,20,13,0,14,1,random,mean,250
2026090906,9500,250,0.46414375,0.88631,0.105216267876,,0.222315789474,longer,linear,MI,12000,8000,100,20,13,0,14,1,random,mean,250
2026090907,9500,250,0.542508333333,1.02554583333,0.0832809976558,,0.248421052632,longer,linear,MI,12000,8000,100,20,13,0,14,1,random,mean,250
2026090908,9500,250,0.546822916667,1.07291166667,0.0884788777515,,0.226842105263,longer,linear,MI,12000,8000,100,20,13,0,14,1,random,mean,250
2026090909,9500,250,0.622283333333,1.21979583333,0.077284119088,,0.165789473684,longer,linear,MI,12000,8000,100,20,13,0,14,1,random,mean,250
2026090910,9500,250,0.83284375,1.6176525,0.0347075775759,,0.140315789474,longer,linear,MI,12000,8000,100,20,13,0,14,1,random,mean,250
2026090911,9500,250,0.472366666667,0.911176666667,0.105330327474,,0.214315789474,longer,linear,MI,12000,8000,100,20,13,0,14,1,random,mean,250
2026090912,9500,250,0.635958333333,1.25023833333,0.0709228083072,,0.259578947368,longer,linear,MI,12000,8000,100,20,13,0,14,1,random,mean,250
2026090913,9500,250,0.460214583333,0.865040833333,0.104426241915,,0.222947368421,longer,linear,MI,12000,8000,100,20,13,0,14,1,random,mean,250
2026090914,9500,250,0.487829166667,0.930806666667,0.0975696760454,,0.253894736842,longer,linear,MI,12000,8000,100,20,13,0,14,1,random,mean,250
2026090915,9500,250,0.616591666667,1.19440166667,0.0786399842838,,0.248,longer,linear,MI,12000,8000,100,20,13,0,14,1,random,mean,250
2026090900,9750,250,0.700252083333,1.37545583333,0.0589620589221,,0.232512820513,longer,linear,MI,12000,8000,100,20,13,0,14,1,random,mean,250
2026090901,9750,250,0.514716666667,0.995126666667,0.0977739532359,,0.205538461538,longer,linear,MI,12000,8000,100,20,13,0,14,1,random,mean,250
2026090902,9750,250,0.604379166667,1.15336666667,0.0752859749899,,0.231794871795,longer,linear,MI,12000,8000,100,20,13,0,14,1,random,mean,250
2026090903,9750,250,0.685141666667,1.29633666667,0.058041126621,,0.234666666667,longer,linear,MI,12000,8000,100,20,13,0,14,1,random,mean,250
2026090904,9750,250,0.5178,0.9891025,0.0965404475068,,0.222358974359,longer,linear,MI,12000,8000,100,20,13,0,14,1,random,mean,250
2026090905,9750,250,0.51336875,0.9874125,0.096297237131,,0.218871794872,longer,linear,MI,12000,8000,100,20,13,0,14,1,random,mean,250
2026090906,9750,250,0.496847916667,0.947234166667,0.0986801295053,,0.224820512821,longer,linear,MI,12000,8000,100,20,13,0,14,1,random,mean,250
2026090907,9750,250,0.493883333333,0.968730833333,0.105913205704,,0.246974358974,longer,linear,MI,12000,8000,100,20,13,0,14,1,random,mean,250
2026090908,9750,250,0.605208333333,1.20583333333,0.0787050241261,,0.221025641026,longer,linear,MI,12000,8000,100,20,13,0,14,1,random,mean,250
2026090909,9750,250,0.686329166667,1.34037166667,0.0595609874937,,0.161641025641,longer,linear,MI,12000,8000,100,20,13,0,14,1,random,mean,250
2026090910,9750,250,0.846327083333,1.63423333333,0.0299305540506,,0.137230769231,longer,linear,MI,12000,8000,100,20,13,0,14,1,random,mean,250
2026090911,9750,250,0.515289583333,0.988605833333,0.094850960966,,0.216512820513,longer,linear,MI,12000,8000,100,20,13,0,14,1,random,mean,250
2026090912,9750,250,0.592622916667,1.16537166667,0.0847185564015,,0.256,longer,linear,MI,12000,8000,100,20,13,0,14,1,random,mean,250
2026090913,9750,250,0.639010416667,1.23033916667,0.0748086537236,,0.220102564103,longer,linear,MI,12000,8000,100,20,13,0,14,1,random,mean,250
2026090914,9750,250,0.4866625,0.9434325,0.104981707694,,0.255897435897,longer,linear,MI,12000,8000,100,20,13,0,14,1,random,mean,250
2026090915,9750,250,0.561914583333,1.08393333333,0.0864025605797,,0.246666666667,longer,linear,MI,12000,8000,100,20,13,0,14,1,random,mean,250
2026090900,10000,250,0.575885416667,1.14019166667,0.0820282525821,,0.2274,longer,linear,MI,12000,8000,100,20,13,0,14,1,random,mean,250
2026090901,10000,250,0.484527083333,0.910440833333,0.0941795104254,,0.2052,longer,linear,MI,12000,8000,100,20,13,0,14,1,random,mean,250
2026090902,10000,250,0.633708333333,1.18772083333,0.0666074208059,,0.231,longer,linear,MI,12000,8000,100,20,13,0,14,1,random,mean,250
2026090903,10000,250,0.5659625,1.09389,0.0861653309366,,0.2348,longer,linear,MI,12000,8000,100,20,13,0,14,1,random,mean,250
2026090904,10000,250,0.64363125,1.233685,0.0702456535614,,0.2239,longer,linear,MI,12000,8000,100,20,13,0,14,1,random,mean,250
2026090905,10000,250,0.602614583333,1.15290583333,0.0757653574433,,0.2184,longer,linear,MI,12000,8000,100,20,13,0,14,1,random,mean,250
2026090906,10000,250,0.49371875,0.9464125,0.0994618762022,,0.2269,longer,linear,MI,12000,8000,100,20,13,0,14,1,random,mean,250
2026090907,10000,250,0.4859,0.93873,0.102314584019,,0.2483,longer,linear,MI,12000,8000,100,20,13,0,14,1,random,mean,250
2026090908,10000,250,0.535733333333,1.02782333333,0.092463713305,,0.2224,longer,linear,MI,12000,8000,100,20,13,0,14,1,random,mean,250
2026090909,10000,250,0.686979166667,1.33979166667,0.0588046969707,,0.1576,longer,linear,MI,12000,8000,100,20,13,0,14,1,random,mean,250
2026090910,10000,250,0.754397916667,1.49145666667,0.0524661360733,,0.1341,longer,linear,MI,12000,8000,100,20,13,0,14,1,random,mean,250
2026090911,10000,250,0.5805875,1.1100475,0.0796986651878,,0.2165,longer,linear,MI,12000,8000,100,20,13,0,14,1,random,mean,250
2026090912,10000,250,0.478591666667,0.920584166667,0.106592217817,,0.258,longer,linear,MI,12000,8000,100,20,13,0,14,1,random,mean,250
2026090913,10000,250,0.558427083333,1.07742333333,0.0877609615948,,0.2207,longer,linear,MI,12000,8000,100,20,13,0,14,1,random,mean,250
2026090914,10000,250,0.52281875,1.01702,0.0971973684238,,0.2545,longer,linear,MI,12000,8000,100,20,13,0,14,1,random,mean,250
2026090915,10000,250,0.528114583333,1.01734333333,0.0898965112572,,0.2474,longer,linear,MI,12000,8000,100,20,13,0,14,1,random,mean,250
2026090900,10250,250,0.59555,1.143815,0.0767960017775,,0.225756097561,longer,linear,MI,12000,8000,100,20,13,0,14,1,random,mean,250
2026090901,10250,250,0.489877083333,0.926428333333,0.0954109093081,,0.207414634146,longer,linear,MI,12000,8000,100,20,13,0,14,1,random,mean,250
2026090902,10250,250,0.7856,1.48208,0.0353613700607,,0.225463414634,longer,linear,MI,12000,8000,100,20,13,0,14,1,random,mean,250
2026090903,10250,250,0.592008333333,1.14523833333,0.0855025771221,,0.233658536585,longer,linear,MI,12000,8000,100,20,13,0,14,1,random,mean,250
2026090904,10250,250,0.764758333333,1.47028333333,0.0426096949474,,0.219707317073,longer,linear,MI,12000,8000,100,20,13,0,14,1,random,mean,250
2026090905,10250,250,0.462966666667,0.907881666667,0.110732778319,,0.221170731707,longer,linear,MI,12000,8000,100,20,13,0,14,1,random,mean,250
2026090906,10250,250,0.507366666667,0.984774166667,0.0961680200095,,0.225268292683,longer,linear,MI,12000,8000,100,20,13,0,14,1,random,mean,250
2026090907,10250,250,0.459727083333,0.896973333333,0.113483807111,,0.249658536585,longer,linear,MI,12000,8000,100,20,13,0,14,1,random,mean,250
2026090908,10250,250,0.493997916667,0.943914166667,0.0986077711545,,0.225658536585,longer,linear,MI,12000,8000,100,20,13,0,14,1,random,mean,250
2026090909,10250,250,0.610652083333,1.18197583333,0.0754701972527,,0.157268292683,longer,linear,MI,12000,8000,100,20,13,0,14,1,random,mean,250
2026090910,10250,250,0.783954166667,1.54531166667,0.0446427404332,,0.130926829268,longer,linear,MI,12000,8000,100,20,13,0,14,1,random,mean,250
2026090911,10250,250,0.576314583333,1.09456583333,0.0739605144804,,0.214829268293,longer,linear,MI,12000,8000,100,20,13,0,14,1,random,mean,250
2026090912,10250,250,0.468464583333,0.889448333333,0.102828981902,,0.259609756098,longer,linear,MI,12000,8000,100,20,13,0,14,1,random,mean,250
2026090913,10250,250,0.639177083333,1.23553083333,0.0745934614265,,0.220292682927,longer,linear,MI,12000,8000,100,20,13,0,14,1,random,mean,250
2026090914,10250,250,0.578914583333,1.10788833333,0.078470416069,,0.253268292683,longer,linear,MI,12000,8000,100,20,13,0,14,1,random,mean,250
2026090915,10250,250,0.525575,1.0133575,0.0941271227825,,0.245853658537,longer,linear,MI,12000,8000,100,20,13,0,14,1,random,mean,250
2026090900,10500,250,0.560202083333,1.07252083333,0.0879307372287,,0.225904761905,longer,linear,MI,12000,8000,100,20,13,0,14,1,random,mean,250
2026090901,10500,250,0.50056875,0.9745675,0.0994178857901,,0.209047619048,longer,linear,MI,12000,8000,100,20,13,0,14,1,random,mean,250
2026090902,10500,250,0.79539375,1.5105375,0.0344903798287,,0.220476190476,longer,linear,MI,12000,8000,100,20,13,0,14,1,random,mean,250
2026090903,10500,250,0.5109875,0.9740625,0.0964372671039,,0.235714285714,longer,linear,MI,12000,8000,100,20,13,0,14,1,random,mean,250
2026090904,10500,250,0.5668875,1.0829625,0.0836816280847,,0.220571428571,longer,linear,MI,12000,8000,100,20,13,0,14,1,random,mean,250
2026090905,10500,250,0.484922916667,0.942936666667,0.10616305342,,0.224857142857,longer,linear,MI,12000,8000,100,20,13,0,14,1,random,mean,250
2026090906,10500,250,0.544495833333,1.05371583333,0.087522927917,,0.224857142857,longer,linear,MI,12000,8000,100,20,13,0,14,1,random,mean,250
2026090907,10500,250,0.470597916667,0.916566666667,0.111906363101,,0.250380952381,longer,linear,MI,12000,8000,100,20,13,0,14,1,random,mean,250
2026090908,10500,250,0.587964583333,1.12615333333,0.0742396390899,,0.224095238095,longer,linear,MI,12000,8000,100,20,13,0,14,1,random,mean,250
2026090909,10500,250,0.49219375,0.9510825,0.100740635928,,0.161238095238,longer,linear,MI,12000,8000,100,20,13,0,14,1,random,mean,250
2026090910,10500,250,0.731360416667,1.41904916667,0.0509254468449,,0.129333333333,longer,linear,MI,12000,8000,100,20,13,0,14,1,random,mean,250
2026090911,10500,250,0.4927375,0.94669,0.100751638141,,0.217333333333,longer,linear,MI,12000,8000,100,20,13,0,14,1,random,mean,250
2026090912,10500,250,0.566908333333,1.09421833333,0.0854133792531,,0.258380952381,longer,linear,MI,12000,8000,100,20,13,0,14,1,random,mean,250
2026090913,10500,250,0.607964583333,1.15742833333,0.0756212926626,,0.218952380952,longer,linear,MI,12000,8000,100,20,13,0,14,1,random,mean,250
2026090914,10500,250,0.6271875,1.1832475,0.0669986224396,,0.251047619048,longer,linear,MI,12000,8000,100,20,13,0,14,1,random,mean,250
2026090915,10500,250,0.518975,0.98564,0.0794507655732,,0.243238095238,longer,linear,MI,12000,8000,100,20,13,0,14,1,random,mean,250
2026090900,10750,250,0.455258333333,0.877418333333,0.107584768639,,0.227255813953,longer,linear,MI,12000,8000,100,20,13,0,14,1,random,mean,250
2026090901,10750,250,0.53666875,1.029755,0.0940624511475,,0.21088372093,longer,linear,MI,12000,8000,100,20,13,0,14,1,random,mean,250
2026090902,10750,250,0.591602083333,1.13898583333,0.0787917471384,,0.220093023256,longer,linear,MI,12000,8000,100,20,13,0,14,1,random,mean,250
2026090903,10750,250,0.4849375,0.9323325,0.102368482145,,0.236651162791,longer,linear,MI,12000,8000,100,20,13,0,14,1,random,mean,250
2026090904,10750,250,0.562820833333,1.06205833333,0.0811298486515,,0.221860465116,longer,linear,MI,12000,8000,100,20,13,0,14,1,random,mean,250
2026090905,10750,250,0.477029166667,0.918671666667,0.104449070973,,0.226790697674,longer,linear,MI,12000,8000,100,20,13,0,14,1,random,mean,250
2026090906,10750,250,0.49669375,0.9505075,0.0990316133764,,0.227255813953,longer,linear,MI,12000,8000,100,20,13,0,14,1,random,mean,250
2026090907,10750,250,0.514539583333,1.00854083333,0.100985223157,,0.248465116279,longer,linear,MI,12000,8000,100,20,13,0,14,1,random,mean,250
2026090908,10750,250,0.60353125,1.156935,0.0693600363575,,0.222418604651,longer,linear,MI,12000,8000,100,20,13,0,14,1,random,mean,250
2026090909,10750,250,0.51964375,0.9926025,0.094814166173,,0.16223255814,longer,linear,MI,12000,8000,100,20,13,0,14,1,random,mean,250
2026090910,10750,250,0.481689583333,0.926068333333,0.104640035835,,0.132930232558,longer,linear,MI,12000,8000,100,20,13,0,14,1,random,mean,250
2026090911,10750,250,0.54119375,1.0392125,0.0934762474421,,0.21776744186,longer,linear,MI,12000,8000,100,20,13,0,14,1,random,mean,250
2026090912,10750,250,0.618989583333,1.17957083333,0.0610805750484,,0.254511627907,longer,linear,MI,12000,8000,100,20,13,0,14,1,random,mean,250
2026090913,10750,250,0.460889583333,0.886713333333,0.108271692095,,0.222139534884,longer,linear,MI,12000,8000,100,20,13,0,14,1,random,mean,250
2026090914,10750,250,0.431779166667,0.826074166667,0.108083731455,,0.250511627907,longer,linear,MI,12000,8000,100,20,13,0,14,1,random,mean,250
2026090915,10750,250,0.54023125,1.01312,0.0799186799332,,0.24111627907,longer,linear,MI,12000,8000,100,20,13,0,14,1,random,mean,250
2026090900,11000,250,0.536139583333,1.02317083333,0.0877674525665,,0.228636363636,longer,linear,MI,12000,8000,100,20,13,0,14,1,random,mean,250
2026090901,11000,250,0.551347916667,1.07054416667,0.0943989559809,,0.211636363636,longer,linear,MI,12000,8000,100,20,13,0,14,1,random,mean,250
2026090902,11000,250,0.525558333333,1.00897333333,0.0911672838705,,0.221727272727,longer,linear,MI,12000,8000,100,20,13,0,14,1,random,mean,250
2026090903,11000,250,0.551383333333,1.06306083333,0.0894564983746,,0.237,longer,linear,MI,12000,8000,100,20,13,0,14,1,random,mean,250
2026090904,11000,250,0.535370833333,1.01784583333,0.0890108462154,,0.221454545455,longer,linear,MI,12000,8000,100,20,13,0,14,1,random,mean,250
2026090905,11000,250,0.500264583333,0.966985833333,0.101268188669,,0.226,longer,linear,MI,12000,8000,100,20,13,0,14,1,random,mean,250
2026090906,11000,250,0.500858333333,0.968043333333,0.103388191216,,0.229181818182,longer,linear,MI,12000,8000,100,20,13,0,14,1,random,mean,250
2026090907,11000,250,0.56429375,1.1021225,0.0860752143991,,0.245818181818,longer,linear,MI,12000,8000,100,20,13,0,14,1,random,mean,250
2026090908,11000,250,0.511458333333,0.982240833333,0.09779451747,,0.222545454545,longer,linear,MI,12000,8000,100,20,13,0,14,1,random,mean,250
2026090909,11000,250,0.58945,1.1247625,0.0799620035761,,0.163363636364,longer,linear,MI,12000,8000,100,20,13,0,14,1,random,mean,250
2026090910,11000,250,0.442404166667,0.854881666667,0.114751590051,,0.138363636364,longer,linear,MI,12000,8000,100,20,13,0,14,1,random,mean,250
2026090911,11000,250,0.513275,0.9988025,0.099158463677,,0.219909090909,longer,linear,MI,12000,8000,100,20,13,0,14,1,random,mean,250
2026090912,11000,250,0.45069375,0.8552375,0.109038631289,,0.256818181818,longer,linear,MI,12000,8000,100,20,13,0,14,1,random,mean,250
2026090913,11000,250,0.505935416667,0.960749166667,0.0824557980616,,0.219545454545,longer,linear,MI,12000,8000,100,20,13,0,14,1,random,mean,250
2026090914,11000,250,0.604502083333,1.15371333333,0.080851505017,,0.249363636364,longer,linear,MI,12000,8000,100,20,13,0,14,1,random,mean,250
2026090915,11000,250,0.58541875,1.1037025,0.0640733280324,,0.239,longer,linear,MI,12000,8000,100,20,13,0,14,1,random,mean,250
2026090900,11250,250,0.50226875,0.99546,0.104720793733,,0.225333333333,longer,linear,MI,12000,8000,100,20,13,0,14,1,random,mean,250
2026090901,11250,250,0.596533333333,1.11555083333,0.0683610148008,,0.210933333333,longer,linear,MI,12000,8000,100,20,13,0,14,1,random,mean,250
2026090902,11250,250,0.522189583333,1.01099333333,0.0976988757218,,0.223377777778,longer,linear,MI,12000,8000,100,20,13,0,14,1,random,mean,250
2026090903,11250,250,0.6738875,1.307555,0.0622721829258,,0.234577777778,longer,linear,MI,12000,8000,100,20,13,0,14,1,random,mean,250
2026090904,11250,250,0.508770833333,0.972890833333,0.0960540389201,,0.222666666667,longer,linear,MI,12000,8000,100,20,13,0,14,1,random,mean,250
2026090905,11250,250,0.547552083333,1.05786333333,0.0882122676023,,0.225866666667,longer,linear,MI,12000,8000,100,20,13,0,14,1,random,mean,250
2026090906,11250,250,0.496202083333,0.961053333333,0.101874757393,,0.229333333333,longer,linear,MI,12000,8000,100,20,13,0,14,1,random,mean,250
2026090907,11250,250,0.614252083333,1.18802583333,0.0667477906307,,0.241422222222,longer,linear,MI,12000,8000,100,20,13,0,14,1,random,mean,250
2026090908,11250,250,0.49501875,0.9440175,0.0991452194711,,0.222044444444,longer,linear,MI,12000,8000,100,20,13,0,14,1,random,mean,250
2026090909,11250,250,0.587141666667,1.11685166667,0.079282638771,,0.165777777778,longer,linear,MI,12000,8000,100,20,13,0,14,1,random,mean,250
2026090910,11250,250,0.499533333333,0.969098333333,0.102959100948,,0.139911111111,longer,linear,MI,12000,8000,100,20,13,0,14,1,random,mean,250
2026090911,11250,250,0.484208333333,0.935470833333,0.101210688137,,0.222844444444,longer,linear,MI,12000,8000,100,20,13,0,14,1,random,mean,250
2026090912,11250,250,0.485760416667,0.933164166667,0.0989699837266,,0.257955555556,longer,linear,MI,12000,8000,100,20,13,0,14,1,random,mean,250
2026090913,11250,250,0.505075,0.9604575,0.083940636206,,0.218844444444,longer,linear,MI,12000,8000,100,20,13,0,14,1,random,mean,250
2026090914,11250,250,0.502820833333,0.964373333333,0.0974379363098,,0.250311111111,longer,linear,MI,12000,8000,100,20,13,0,14,1,random,mean,250
2026090915,11250,250,0.519189583333,0.977078333333,0.0878914361095,,0.238933333333,longer,linear,MI,12000,8000,100,20,13,0,14,1,random,mean,250
2026090900,11500,250,0.496114583333,0.976703333333,0.0987312059364,,0.224,longer,linear,MI,12000,8000,100,20,13,0,14,1,random,mean,250
2026090901,11500,250,0.54078125,1.040655,0.0923589945981,,0.211391304348,longer,linear,MI,12000,8000,100,20,13,0,14,1,random,mean,250
2026090902,11500,250,0.60315625,1.1699075,0.0758813533028,,0.221130434783,longer,linear,MI,12000,8000,100,20,13,0,14,1,random,mean,250
2026090903,11500,250,0.5437875,1.03144,0.0852425575431,,0.235739130435,longer,linear,MI,12000,8000,100,20,13,0,14,1,random,mean,250
2026090904,11500,250,0.52608125,1.00147,0.0942012443382,,0.223652173913,longer,linear,MI,12000,8000,100,20,13,0,14,1,random,mean,250
2026090905,11500,250,0.587295833333,1.14965083333,0.0873752594744,,0.224260869565,longer,linear,MI,12000,8000,100,20,13,0,14,1,random,mean,250
2026090906,11500,250,0.49576875,0.9418075,0.0959553420998,,0.23052173913,longer,linear,MI,12000,8000,100,20,13,0,14,1,random,mean,250
2026090907,11500,250,0.604841666667,1.15802916667,0.0684006818071,,0.238260869565,longer,linear,MI,12000,8000,100,20,13,0,14,1,random,mean,250
2026090908,11500,250,0.510220833333,0.971465833333,0.0964320086261,,0.22252173913,longer,linear,MI,12000,8000,100,20,13,0,14,1,random,mean,250
2026090909,11500,250,0.52384375,0.9947775,0.0903514639911,,0.168086956522,longer,linear,MI,12000,8000,100,20,13,0,14,1,random,mean,250
2026090910,11500,250,0.4658125,0.8989975,0.109569481042,,0.142434782609,longer,linear,MI,12000,8000,100,20,13,0,14,1,random,mean,250
2026090911,11500,250,0.580925,1.12409,0.0804435441327,,0.220782608696,longer,linear,MI,12000,8000,100,20,13,0,14,1,random,mean,250
2026090912,11500,250,0.504977083333,0.961100833333,0.0971037884732,,0.257826086957,longer,linear,MI,12000,8000,100,20,13,0,14,1,random,mean,250
2026090913,11500,250,0.4527625,0.8601425,0.111386946565,,0.219826086957,longer,linear,MI,12000,8000,100,20,13,0,14,1,random,mean,250
2026090914,11500,250,0.512283333333,1.02456083333,0.10362908307,,0.248608695652,longer,linear,MI,12000,8000,100,20,13,0,14,1,random,mean,250
2026090915,11500,250,0.47724375,0.9169325,0.101742722174,,0.239130434783,longer,linear,MI,12000,8000,100,20,13,0,14,1,random,mean,250
2026090900,11750,250,0.49330625,0.94579,0.100467943763,,0.226553191489,longer,linear,MI,12000,8000,100,20,13,0,14,1,random,mean,250
2026090901,11750,250,0.56975,1.119005,0.0907949922695,,0.208595744681,longer,linear,MI,12000,8000,100,20,13,0,14,1,random,mean,250
2026090902,11750,250,0.563422916667,1.06136416667,0.0864310884081,,0.219744680851,longer,linear,MI,12000,8000,100,20,13,0,14,1,random,mean,250
2026090903,11750,250,0.701041666667,1.36916666667,0.0618629838267,,0.230723404255,longer,linear,MI,12000,8000,100,20,13,0,14,1,random,mean,250
2026090904,11750,250,0.579397916667,1.11531166667,0.0835588618421,,0.222553191489,longer,linear,MI,12000,8000,100,20,13,0,14,1,random,mean,250
2026090905,11750,250,0.564247916667,1.09116416667,0.0896633223573,,0.223234042553,longer,linear,MI,12000,8000,100,20,13,0,14,1,random,mean,250
2026090906,11750,250,0.496120833333,0.953998333333,0.100044879777,,0.232765957447,longer,linear,MI,12000,8000,100,20,13,0,14,1,random,mean,250
2026090907,11750,250,0.5603875,1.0903925,0.091158789972,,0.239234042553,longer,linear,MI,12000,8000,100,20,13,0,14,1,random,mean,250
2026090908,11750,250,0.455047916667,0.877936666667,0.112747419546,,0.224680851064,longer,linear,MI,12000,8000,100,20,13,0,14,1,random,mean,250
2026090909,11750,250,0.48605625,0.9355675,0.0972829038848,,0.170723404255,longer,linear,MI,12000,8000,100,20,13,0,14,1,random,mean,250
2026090910,11750,250,0.4747875,0.91513,0.10519370966,,0.142042553191,longer,linear,MI,12000,8000,100,20,13,0,14,1,random,mean,250
2026090911,11750,250,0.671079166667,1.28859666667,0.0626425368695,,0.219234042553,longer,linear,MI,12000,8000,100,20,13,0,14,1,random,mean,250
2026090912,11750,250,0.5071875,0.96979,0.0950666542693,,0.259319148936,longer,linear,MI,12000,8000,100,20,13,0,14,1,random,mean,250
2026090913,11750,250,0.494508333333,0.959140833333,0.104569289517,,0.220595744681,longer,linear,MI,12000,8000,100,20,13,0,14,1,random,mean,250
2026090914,11750,250,0.51474375,0.9866025,0.095600083602,,0.250212765957,longer,linear,MI,12000,8000,100,20,13,0,14,1,random,mean,250
2026090915,11750,250,0.486322916667,0.921304166667,0.102773912475,,0.242553191489,longer,linear,MI,12000,8000,100,20,13,0,14,1,random,mean,250
2026090900,12000,250,0.496327083333,0.954825833333,0.102172694417,,0.228833333333,longer,linear,MI,12000,8000,100,20,13,0,14,1,random,mean,250
2026090901,12000,250,0.626604166667,1.19162666667,0.0656134419687,,0.207083333333,longer,linear,MI,12000,8000,100,20,13,0,14,1,random,mean,250
2026090902,12000,250,0.596664583333,1.12739583333,0.0762091992833,,0.220666666667,longer,linear,MI,12000,8000,100,20,13,0,14,1,random,mean,250
2026090903,12000,250,0.6663875,1.2991025,0.0687340193825,,0.227583333333,longer,linear,MI,12000,8000,100,20,13,0,14,1,random,mean,250
2026090904,12000,250,0.68103125,1.322875,0.0614325056173,,0.219333333333,longer,linear,MI,12000,8000,100,20,13,0,14,1,random,mean,250
2026090905,12000,250,0.596466666667,1.14374916667,0.0825573749051,,0.222916666667,longer,linear,MI,12000,8000,100,20,13,0,14,1,random,mean,250
2026090906,12000,250,0.536802083333,1.03428083333,0.0964711573343,,0.23325,longer,linear,MI,12000,8000,100,20,13,0,14,1,random,mean,250
2026090907,12000,250,0.481979166667,0.929716666667,0.103299108853,,0.24025,longer,linear,MI,12000,8000,100,20,13,0,14,1,random,mean,250
2026090908,12000,250,0.589758333333,1.13071333333,0.0732807643866,,0.223166666667,longer,linear,MI,12000,8000,100,20,13,0,14,1,random,mean,250
2026090909,12000,250,0.489354166667,0.944296666667,0.101684044566,,0.173333333333,longer,linear,MI,12000,8000,100,20,13,0,14,1,random,mean,250
2026090910,12000,250,0.506579166667,1.01342166667,0.102935174774,,0.140416666667,longer,linear,MI,12000,8000,100,20,13,0,14,1,random,mean,250
2026090911,12000,250,0.463139583333,0.881330833333,0.105609239731,,0.220666666667,longer,linear,MI,12000,8000,100,20,13,0,14,1,random,mean,250
2026090912,12000,250,0.580627083333,1.11850333333,0.0828640445373,,0.2595,longer,linear,MI,12000,8000,100,20,13,0,14,1,random,mean,250
2026090913,12000,250,0.5163125,0.982655,0.0957574413292,,0.222,longer,linear,MI,12000,8000,100,20,13,0,14,1,random,mean,250
2026090914,12000,250,0.55580625,1.0801775,0.0826576243558,,0.247666666667,longer,linear,MI,12000,8000,100,20,13,0,14,1,random,mean,250
2026090915,12000,250,0.488716666667,0.941999166667,0.101763721046,,0.244583333333,longer,linear,MI,12000,8000,100,20,13,0,14,1,random,mean,250
