seed,step,window_steps,group_relative_contribution,surplus,gini,success,acceptance_rate,experiment,game,treatment,steps,burn_in,thin,rounds,levels,beta,gamma,selection,initial,signal,diagnostic_every
2026100800,250,250,0.4431375,-0.1206375,0.233527554381,0.387,0.132,baseline,threshold,AI,6000,2000,100,20,13,18,94,1,random,mean,250
2026100801,250,250,0.506602083333,0.06173125,0.168911282232,0.682,0.096,baseline,threshold,AI,6000,2000,100,20,13,18,94,1,random,mean,250
2026100802,250,250,0.505329166667,0.0388375,0.172850893911,0.653,0.076,baseline,threshold,AI,6000,2000,100,20,13,18,94,1,random,mean,250
2026100803,250,250,0.389858333333,-0.122358333333,0.249893152326,0.321,0.188,baseline,threshold,AI,6000,2000,100,20,13,18,94,1,random,mean,250
2026100804,250,250,0.349916666667,-0.166916666667,0.28213862471,0.2196,0.152,baseline,threshold,AI,6000,2000,100,20,13,18,94,1,random,mean,250
2026100805,250,250,0.413458333333,-0.249125,0.263097254165,0.1972,0.14,baseline,threshold,AI,6000,2000,100,20,13,18,94,1,random,mean,250
2026100806,250,250,0.663472916667,0.0343604166667,0.121405323127,0.8374,0.032,baseline,threshold,AI,6000,2000,100,20,13,18,94,1,random,mean,250
2026100807,250,250,0.444845833333,-0.138845833333,0.222465710449,0.3672,0.136,baseline,threshold,AI,6000,2000,100,20,13,18,94,1,random,mean,250
2026100808,250,250,0.39466875,-0.170835416667,0.265866052448,0.2686,0.184,baseline,threshold,AI,6000,2000,100,20,13,18,94,1,random,mean,250
2026100809,250,250,0.611960416667,0.158872916667,0.121349574311,0.925,0.052,baseline,threshold,AI,6000,2000,100,20,13,18,94,1,random,mean,250
2026100810,250,250,0.501483333333,0.0950166666667,0.155519783958,0.7158,0.104,baseline,threshold,AI,6000,2000,100,20,13,18,94,1,random,mean,250
2026100811,250,250,0.335939583333,-0.21110625,0.254148416341,0.1498,0.064,baseline,threshold,AI,6000,2000,100,20,13,18,94,1,random,mean,250
2026100812,250,250,0.57656875,-0.01056875,0.152957691515,0.6792,0.124,baseline,threshold,AI,6000,2000,100,20,13,18,94,1,random,mean,250
2026100813,250,250,0.55679375,0.210872916667,0.127195875439,0.9212,0.04,baseline,threshold,AI,6000,2000,100,20,13,18,94,1,random,mean,250
2026100814,250,250,0.23455,-0.18705,0.256338647722,0.057,0.036,baseline,threshold,AI,6000,2000,100,20,13,18,94,1,random,mean,250
2026100815,250,250,0.525685416667,0.19548125,0.1085909075,0.8654,0.06,baseline,threshold,AI,6000,2000,100,20,13,18,94,1,random,mean,250
2026100816,250,250,0.46959375,-0.175927083333,0.231546172589,0.3524,0.092,baseline,threshold,AI,6000,2000,100,20,13,18,94,1,random,mean,250
2026100817,250,250,0.423766666667,-0.0897666666667,0.233889299723,0.4008,0.176,baseline,threshold,AI,6000,2000,100,20,13,18,94,1,random,mean,250
2026100818,250,250,0.331641666667,-0.191808333333,0.254218506072,0.1678,0.136,baseline,threshold,AI,6000,2000,100,20,13,18,94,1,random,mean,250
2026100819,250,250,0.237741666667,-0.118741666667,0.27682743389,0.1428,0.052,baseline,threshold,AI,6000,2000,100,20,13,18,94,1,random,mean,250
2026100820,250,250,0.620577083333,0.145589583333,0.119850476129,0.9194,0.06,baseline,threshold,AI,6000,2000,100,20,13,18,94,1,random,mean,250
2026100821,250,250,0.448252083333,-0.11841875,0.251683573113,0.3958,0.144,baseline,threshold,AI,6000,2000,100,20,13,18,94,1,random,mean,250
2026100822,250,250,0.421747916667,-0.128414583333,0.239636399555,0.352,0.108,baseline,threshold,AI,6000,2000,100,20,13,18,94,1,random,mean,250
2026100823,250,250,0.536645833333,0.0255208333333,0.179662132707,0.6746,0.252,baseline,threshold,AI,6000,2000,100,20,13,18,94,1,random,mean,250
2026100824,250,250,0.28568125,-0.268514583333,0.259454892673,0.0206,0.016,baseline,threshold,AI,6000,2000,100,20,13,18,94,1,random,mean,250
2026100825,250,250,0.45835,-0.0756833333333,0.224590314084,0.4592,0.16,baseline,threshold,AI,6000,2000,100,20,13,18,94,1,random,mean,250
2026100826,250,250,0.333870833333,-0.156204166667,0.270703116179,0.2132,0.128,baseline,threshold,AI,6000,2000,100,20,13,18,94,1,random,mean,250
2026100827,250,250,0.4192375,-0.1807375,0.24251836131,0.2862,0.092,baseline,threshold,AI,6000,2000,100,20,13,18,94,1,random,mean,250
2026100828,250,250,0.369789583333,-0.254789583333,0.242873470097,0.138,0.048,baseline,threshold,AI,6000,2000,100,20,13,18,94,1,random,mean,250
2026100829,250,250,0.167885416667,-0.148052083333,0.296636012392,0.0238,0.02,baseline,threshold,AI,6000,2000,100,20,13,18,94,1,random,mean,250
2026100830,250,250,0.556433333333,0.126566666667,0.13844384465,0.8196,0.096,baseline,threshold,AI,6000,2000,100,20,13,18,94,1,random,mean,250
2026100831,250,250,0.444575,-0.0242416666667,0.211346282695,0.5044,0.052,baseline,threshold,AI,6000,2000,100,20,13,18,94,1,random,mean,250
2026100800,500,250,0.395989583333,-0.165989583333,0.231034840737,0.276,0.072,baseline,threshold,AI,6000,2000,100,20,13,18,94,1,random,mean,250
2026100801,500,250,0.378233333333,-0.2919,0.2800508675,0.1036,0.078,baseline,threshold,AI,6000,2000,100,20,13,18,94,1,random,mean,250
2026100802,500,250,0.5516875,0.274979166667,0.0865100772301,0.992,0.042,baseline,threshold,AI,6000,2000,100,20,13,18,94,1,random,mean,250
2026100803,500,250,0.305577083333,-0.156410416667,0.271211823178,0.179,0.136,baseline,threshold,AI,6000,2000,100,20,13,18,94,1,random,mean,250
2026100804,500,250,0.46043125,0.107735416667,0.181767352702,0.6818,0.102,baseline,threshold,AI,6000,2000,100,20,13,18,94,1,random,mean,250
2026100805,500,250,0.300358333333,-0.300358333333,0.298647739574,0,0.074,baseline,threshold,AI,6000,2000,100,20,13,18,94,1,random,mean,250
2026100806,500,250,0.699539583333,0.05479375,0.0919376265128,0.9052,0.024,baseline,threshold,AI,6000,2000,100,20,13,18,94,1,random,mean,250
2026100807,500,250,0.38218125,-0.138514583333,0.211395584023,0.2924,0.074,baseline,threshold,AI,6000,2000,100,20,13,18,94,1,random,mean,250
2026100808,500,250,0.2887875,-0.266120833333,0.28886699961,0.0272,0.112,baseline,threshold,AI,6000,2000,100,20,13,18,94,1,random,mean,250
2026100809,500,250,0.615625,0.176041666667,0.103978377907,0.95,0.028,baseline,threshold,AI,6000,2000,100,20,13,18,94,1,random,mean,250
2026100810,500,250,0.505729166667,0.2859375,0.0932475444194,0.95,0.052,baseline,threshold,AI,6000,2000,100,20,13,18,94,1,random,mean,250
2026100811,500,250,0.274260416667,-0.231260416667,0.277476741527,0.0516,0.06,baseline,threshold,AI,6000,2000,100,20,13,18,94,1,random,mean,250
2026100812,500,250,0.742479166667,0.0823541666667,0.0951897394071,0.9898,0.088,baseline,threshold,AI,6000,2000,100,20,13,18,94,1,random,mean,250
2026100813,500,250,0.5143875,0.198279166667,0.129699302852,0.8552,0.022,baseline,threshold,AI,6000,2000,100,20,13,18,94,1,random,mean,250
2026100814,500,250,0.372708333333,-0.0965416666667,0.235239853517,0.3314,0.07,baseline,threshold,AI,6000,2000,100,20,13,18,94,1,random,mean,250
2026100815,500,250,0.522627083333,0.291872916667,0.103968210369,0.9774,0.038,baseline,threshold,AI,6000,2000,100,20,13,18,94,1,random,mean,250
2026100816,500,250,0.629547916667,0.127785416667,0.134739375069,0.9088,0.058,baseline,threshold,AI,6000,2000,100,20,13,18,94,1,random,mean,250
2026100817,500,250,0.239152083333,-0.194652083333,0.279307241338,0.0534,0.096,baseline,threshold,AI,6000,2000,100,20,13,18,94,1,random,mean,250
2026100818,500,250,0.270664583333,-0.22733125,0.245356759045,0.052,0.078,baseline,threshold,AI,6000,2000,100,20,13,18,94,1,random,mean,250
2026100819,500,250,0.234102083333,-0.219935416667,0.27889964888,0.017,0.038,baseline,threshold,AI,6000,2000,100,20,13,18,94,1,random,mean,250
2026100820,500,250,0.5705125,0.262820833333,0.0953671323446,1,0.036,baseline,threshold,AI,6000,2000,100,20,13,18,94,1,random,mean,250
2026100821,500,250,0.433927083333,-0.0797604166667,0.23022003035,0.425,0.11,baseline,threshold,AI,6000,2000,100,20,13,18,94,1,random,mean,250
2026100822,500,250,0.217129166667,-0.158295833333,0.279250954703,0.0706,0.064,baseline,threshold,AI,6000,2000,100,20,13,18,94,1,random,mean,250
2026100823,500,250,0.556402083333,0.17843125,0.133299281303,0.8818,0.148,baseline,threshold,AI,6000,2000,100,20,13,18,94,1,random,mean,250
2026100824,500,250,0.278645833333,-0.278645833333,0.260385584355,0,0.008,baseline,threshold,AI,6000,2000,100,20,13,18,94,1,random,mean,250
2026100825,500,250,0.500610416667,0.0462229166667,0.17424859849,0.6562,0.122,baseline,threshold,AI,6000,2000,100,20,13,18,94,1,random,mean,250
2026100826,500,250,0.31021875,-0.226552083333,0.229775969252,0.1004,0.096,baseline,threshold,AI,6000,2000,100,20,13,18,94,1,random,mean,250
2026100827,500,250,0.3391125,-0.247779166667,0.275060423761,0.1096,0.048,baseline,threshold,AI,6000,2000,100,20,13,18,94,1,random,mean,250
2026100828,500,250,0.35954375,-0.321877083333,0.246689275349,0.0452,0.032,baseline,threshold,AI,6000,2000,100,20,13,18,94,1,random,mean,250
2026100829,500,250,0.439733333333,-0.0912333333333,0.230350582914,0.4182,0.082,baseline,threshold,AI,6000,2000,100,20,13,18,94,1,random,mean,250
2026100830,500,250,0.551945833333,0.236054166667,0.0959388110767,0.9456,0.056,baseline,threshold,AI,6000,2000,100,20,13,18,94,1,random,mean,250
2026100831,500,250,0.474364583333,-0.0428645833333,0.198876096627,0.5178,0.086,baseline,threshold,AI,6000,2000,100,20,13,18,94,1,random,mean,250
2026100800,750,250,0.482,0.126333333333,0.151163022637,0.73,0.0626666666667,baseline,threshold,AI,6000,2000,100,20,13,18,94,1,random,mean,250
2026100801,750,250,0.3737625,-0.1207625,0.25271155659,0.3036,0.0693333333333,baseline,threshold,AI,6000,2000,100,20,13,18,94,1,random,mean,250
2026100802,750,250,0.5546875,0.278645833333,0.0821327683616,1,0.028,baseline,threshold,AI,6000,2000,100,20,13,18,94,1,random,mean,250
2026100803,750,250,0.346108333333,-0.184275,0.25897506798,0.1942,0.1,baseline,threshold,AI,6000,2000,100,20,13,18,94,1,random,mean,250
2026100804,750,250,0.519614583333,0.272052083333,0.134075167752,0.95,0.0706666666667,baseline,threshold,AI,6000,2000,100,20,13,18,94,1,random,mean,250
2026100805,750,250,0.36309375,-0.28659375,0.274475199582,0.0918,0.0746666666667,baseline,threshold,AI,6000,2000,100,20,13,18,94,1,random,mean,250
2026100806,750,250,0.727352083333,0.0996479166667,0.0725746412884,0.9924,0.0173333333333,baseline,threshold,AI,6000,2000,100,20,13,18,94,1,random,mean,250
2026100807,750,250,0.490327083333,0.09900625,0.184240078808,0.7072,0.0693333333333,baseline,threshold,AI,6000,2000,100,20,13,18,94,1,random,mean,250
2026100808,750,250,0.24534375,-0.21784375,0.261060810397,0.033,0.0773333333333,baseline,threshold,AI,6000,2000,100,20,13,18,94,1,random,mean,250
2026100809,750,250,0.615625,0.176041666667,0.103978377907,0.95,0.0186666666667,baseline,threshold,AI,6000,2000,100,20,13,18,94,1,random,mean,250
2026100810,750,250,0.505579166667,0.2860875,0.0929760292679,0.95,0.036,baseline,threshold,AI,6000,2000,100,20,13,18,94,1,random,mean,250
2026100811,750,250,0.220066666667,-0.220066666667,0.263038497653,0,0.0426666666667,baseline,threshold,AI,6000,2000,100,20,13,18,94,1,random,mean,250
2026100812,750,250,0.533733333333,-0.00456666666667,0.195440311516,0.635,0.092,baseline,threshold,AI,6000,2000,100,20,13,18,94,1,random,mean,250
2026100813,750,250,0.5140625,0.194270833333,0.129683011491,0.85,0.0146666666667,baseline,threshold,AI,6000,2000,100,20,13,18,94,1,random,mean,250
2026100814,750,250,0.3915,-0.103833333333,0.210469027255,0.3452,0.0706666666667,baseline,threshold,AI,6000,2000,100,20,13,18,94,1,random,mean,250
2026100815,750,250,0.5125875,0.320745833333,0.0978662665734,1,0.0266666666667,baseline,threshold,AI,6000,2000,100,20,13,18,94,1,random,mean,250
2026100816,750,250,0.661085416667,0.17208125,0.0825673103984,0.9998,0.0426666666667,baseline,threshold,AI,6000,2000,100,20,13,18,94,1,random,mean,250
2026100817,750,250,0.33190625,-0.18790625,0.262361487763,0.1728,0.104,baseline,threshold,AI,6000,2000,100,20,13,18,94,1,random,mean,250
2026100818,750,250,0.261979166667,-0.2203125,0.242190175514,0.05,0.052,baseline,threshold,AI,6000,2000,100,20,13,18,94,1,random,mean,250
2026100819,750,250,0.249029166667,-0.249029166667,0.292759388642,0,0.032,baseline,threshold,AI,6000,2000,100,20,13,18,94,1,random,mean,250
2026100820,750,250,0.554616666667,0.278716666667,0.0959656236917,1,0.0266666666667,baseline,threshold,AI,6000,2000,100,20,13,18,94,1,random,mean,250
2026100821,750,250,0.5757,0.2208,0.121043951853,0.9558,0.0813333333333,baseline,threshold,AI,6000,2000,100,20,13,18,94,1,random,mean,250
2026100822,750,250,0.22004375,-0.14754375,0.273967126713,0.087,0.0533333333333,baseline,threshold,AI,6000,2000,100,20,13,18,94,1,random,mean,250
2026100823,750,250,0.543929166667,0.200904166667,0.120707339524,0.8938,0.105333333333,baseline,threshold,AI,6000,2000,100,20,13,18,94,1,random,mean,250
2026100824,750,250,0.278645833333,-0.278645833333,0.260385584355,0,0.00533333333333,baseline,threshold,AI,6000,2000,100,20,13,18,94,1,random,mean,250
2026100825,750,250,0.533972916667,0.299360416667,0.0982186302812,1,0.0866666666667,baseline,threshold,AI,6000,2000,100,20,13,18,94,1,random,mean,250
2026100826,750,250,0.383175,-0.158675,0.257855979982,0.2694,0.110666666667,baseline,threshold,AI,6000,2000,100,20,13,18,94,1,random,mean,250
2026100827,750,250,0.446029166667,-0.0306958333333,0.21262310613,0.4984,0.0733333333333,baseline,threshold,AI,6000,2000,100,20,13,18,94,1,random,mean,250
2026100828,750,250,0.3426375,-0.3426375,0.256313014942,0,0.0253333333333,baseline,threshold,AI,6000,2000,100,20,13,18,94,1,random,mean,250
2026100829,750,250,0.28234375,-0.18784375,0.277627925666,0.1134,0.0626666666667,baseline,threshold,AI,6000,2000,100,20,13,18,94,1,random,mean,250
2026100830,750,250,0.548839583333,0.23699375,0.102458368568,0.943,0.0453333333333,baseline,threshold,AI,6000,2000,100,20,13,18,94,1,random,mean,250
2026100831,750,250,0.534414583333,0.129585416667,0.144073534691,0.7968,0.0653333333333,baseline,threshold,AI,6000,2000,100,20,13,18,94,1,random,mean,250
2026100800,1000,250,0.550327083333,0.240339583333,0.110421422131,0.9488,0.056,baseline,threshold,AI,6000,2000,100,20,13,18,94,1,random,mean,250
2026100801,1000,250,0.41216875,-0.0653354166667,0.224468928658,0.4162,0.084,baseline,threshold,AI,6000,2000,100,20,13,18,94,1,random,mean,250
2026100802,1000,250,0.5364,0.2456,0.110299203632,0.9384,0.023,baseline,threshold,AI,6000,2000,100,20,13,18,94,1,random,mean,250
2026100803,1000,250,0.34111875,-0.0534520833333,0.22432692524,0.3452,0.08,baseline,threshold,AI,6000,2000,100,20,13,18,94,1,random,mean,250
2026100804,1000,250,0.51901875,0.272647916667,0.133739386929,0.95,0.055,baseline,threshold,AI,6000,2000,100,20,13,18,94,1,random,mean,250
2026100805,1000,250,0.298733333333,-0.134566666667,0.280507574267,0.197,0.074,baseline,threshold,AI,6000,2000,100,20,13,18,94,1,random,mean,250
2026100806,1000,250,0.72785625,0.104977083333,0.0715255644594,0.9994,0.014,baseline,threshold,AI,6000,2000,100,20,13,18,94,1,random,mean,250
2026100807,1000,250,0.491997916667,0.318835416667,0.0781190064855,0.973,0.058,baseline,threshold,AI,6000,2000,100,20,13,18,94,1,random,mean,250
2026100808,1000,250,0.233208333333,-0.201541666667,0.266569454995,0.038,0.059,baseline,threshold,AI,6000,2000,100,20,13,18,94,1,random,mean,250
2026100809,1000,250,0.615625,0.176041666667,0.103978377907,0.95,0.014,baseline,threshold,AI,6000,2000,100,20,13,18,94,1,random,mean,250
2026100810,1000,250,0.485704166667,0.0351291666667,0.188751594955,0.625,0.041,baseline,threshold,AI,6000,2000,100,20,13,18,94,1,random,mean,250
2026100811,1000,250,0.219791666667,-0.219791666667,0.262666666667,0,0.032,baseline,threshold,AI,6000,2000,100,20,13,18,94,1,random,mean,250
2026100812,1000,250,0.253941666667,-0.182775,0.256355108768,0.0854,0.079,baseline,threshold,AI,6000,2000,100,20,13,18,94,1,random,mean,250
2026100813,1000,250,0.5140625,0.194270833333,0.129683011491,0.85,0.011,baseline,threshold,AI,6000,2000,100,20,13,18,94,1,random,mean,250
2026100814,1000,250,0.532154166667,0.2745125,0.10840645747,0.968,0.059,baseline,threshold,AI,6000,2000,100,20,13,18,94,1,random,mean,250
2026100815,1000,250,0.456408333333,0.067925,0.182988319016,0.6292,0.044,baseline,threshold,AI,6000,2000,100,20,13,18,94,1,random,mean,250
2026100816,1000,250,0.636235416667,0.194097916667,0.088621039357,0.9964,0.034,baseline,threshold,AI,6000,2000,100,20,13,18,94,1,random,mean,250
2026100817,1000,250,0.2713375,-0.1428375,0.247056341727,0.1542,0.086,baseline,threshold,AI,6000,2000,100,20,13,18,94,1,random,mean,250
2026100818,1000,250,0.302435416667,-0.203102083333,0.246580590248,0.1192,0.051,baseline,threshold,AI,6000,2000,100,20,13,18,94,1,random,mean,250
2026100819,1000,250,0.326289583333,-0.17595625,0.26629288028,0.1804,0.046,baseline,threshold,AI,6000,2000,100,20,13,18,94,1,random,mean,250
2026100820,1000,250,0.552604166667,0.280729166667,0.0956700653072,1,0.021,baseline,threshold,AI,6000,2000,100,20,13,18,94,1,random,mean,250
2026100821,1000,250,0.588752083333,0.24458125,0.101398665653,1,0.063,baseline,threshold,AI,6000,2000,100,20,13,18,94,1,random,mean,250
2026100822,1000,250,0.5808875,0.209779166667,0.125621554757,0.9488,0.042,baseline,threshold,AI,6000,2000,100,20,13,18,94,1,random,mean,250
2026100823,1000,250,0.57491875,0.257414583333,0.0906850139357,0.9988,0.085,baseline,threshold,AI,6000,2000,100,20,13,18,94,1,random,mean,250
2026100824,1000,250,0.32935625,-0.22985625,0.254505618035,0.1194,0.021,baseline,threshold,AI,6000,2000,100,20,13,18,94,1,random,mean,250
2026100825,1000,250,0.530783333333,0.294383333333,0.10093206726,0.9902,0.07,baseline,threshold,AI,6000,2000,100,20,13,18,94,1,random,mean,250
2026100826,1000,250,0.210889583333,-0.16505625,0.279486381919,0.055,0.104,baseline,threshold,AI,6000,2000,100,20,13,18,94,1,random,mean,250
2026100827,1000,250,0.389583333333,0.0270833333333,0.170837356625,0.5,0.055,baseline,threshold,AI,6000,2000,100,20,13,18,94,1,random,mean,250
2026100828,1000,250,0.338235416667,-0.338235416667,0.254679240189,0,0.022,baseline,threshold,AI,6000,2000,100,20,13,18,94,1,random,mean,250
2026100829,1000,250,0.245833333333,-0.245833333333,0.284939485496,0,0.047,baseline,threshold,AI,6000,2000,100,20,13,18,94,1,random,mean,250
2026100830,1000,250,0.51875,0.272916666667,0.120285714286,0.95,0.034,baseline,threshold,AI,6000,2000,100,20,13,18,94,1,random,mean,250
2026100831,1000,250,0.5486875,0.173145833333,0.128061315312,0.8662,0.051,baseline,threshold,AI,6000,2000,100,20,13,18,94,1,random,mean,250
2026100800,1250,250,0.559070833333,0.2462625,0.0972913941157,0.9664,0.048,baseline,threshold,AI,6000,2000,100,20,13,18,94,1,random,mean,250
2026100801,1250,250,0.543502083333,0.21433125,0.147975903464,0.9094,0.0688,baseline,threshold,AI,6000,2000,100,20,13,18,94,1,random,mean,250
2026100802,1250,250,0.547502083333,0.23683125,0.107500984729,0.9412,0.02,baseline,threshold,AI,6000,2000,100,20,13,18,94,1,random,mean,250
2026100803,1250,250,0.292872916667,-0.23870625,0.27972437171,0.065,0.0696,baseline,threshold,AI,6000,2000,100,20,13,18,94,1,random,mean,250
2026100804,1250,250,0.519697916667,0.27196875,0.133828013686,0.95,0.0456,baseline,threshold,AI,6000,2000,100,20,13,18,94,1,random,mean,250
2026100805,1250,250,0.222954166667,-0.2037875,0.267923308534,0.023,0.068,baseline,threshold,AI,6000,2000,100,20,13,18,94,1,random,mean,250
2026100806,1250,250,0.563358333333,0.232975,0.106488083578,0.9556,0.0184,baseline,threshold,AI,6000,2000,100,20,13,18,94,1,random,mean,250
2026100807,1250,250,0.477739583333,0.150927083333,0.149974130467,0.7544,0.064,baseline,threshold,AI,6000,2000,100,20,13,18,94,1,random,mean,250
2026100808,1250,250,0.25425,-0.23775,0.263374670674,0.0198,0.0504,baseline,threshold,AI,6000,2000,100,20,13,18,94,1,random,mean,250
2026100809,1250,250,0.615625,0.176041666667,0.103978377907,0.95,0.0112,baseline,threshold,AI,6000,2000,100,20,13,18,94,1,random,mean,250
2026100810,1250,250,0.581797916667,0.205202083333,0.113418538936,0.9444,0.0376,baseline,threshold,AI,6000,2000,100,20,13,18,94,1,random,mean,250
2026100811,1250,250,0.217058333333,-0.217058333333,0.262612,0,0.0264,baseline,threshold,AI,6000,2000,100,20,13,18,94,1,random,mean,250
2026100812,1250,250,0.19073125,-0.166897916667,0.270236000073,0.0286,0.0656,baseline,threshold,AI,6000,2000,100,20,13,18,94,1,random,mean,250
2026100813,1250,250,0.514729166667,0.200270833333,0.127945379094,0.858,0.0096,baseline,threshold,AI,6000,2000,100,20,13,18,94,1,random,mean,250
2026100814,1250,250,0.525,0.308333333333,0.101829432338,1,0.0472,baseline,threshold,AI,6000,2000,100,20,13,18,94,1,random,mean,250
2026100815,1250,250,0.4277125,-0.0158791666667,0.220448980261,0.4942,0.0576,baseline,threshold,AI,6000,2000,100,20,13,18,94,1,random,mean,250
2026100816,1250,250,0.6140625,0.1359375,0.119580930249,0.9,0.028,baseline,threshold,AI,6000,2000,100,20,13,18,94,1,random,mean,250
2026100817,1250,250,0.478070833333,0.0819291666667,0.138444483079,0.672,0.072,baseline,threshold,AI,6000,2000,100,20,13,18,94,1,random,mean,250
2026100818,1250,250,0.306570833333,-0.2432375,0.249176539449,0.076,0.0464,baseline,threshold,AI,6000,2000,100,20,13,18,94,1,random,mean,250
2026100819,1250,250,0.298266666667,-0.233766666667,0.249903254712,0.0774,0.0496,baseline,threshold,AI,6000,2000,100,20,13,18,94,1,random,mean,250
2026100820,1250,250,0.557629166667,0.275704166667,0.0946338190679,1,0.0184,baseline,threshold,AI,6000,2000,100,20,13,18,94,1,random,mean,250
2026100821,1250,250,0.568416666667,0.264916666667,0.105861346353,1,0.0512,baseline,threshold,AI,6000,2000,100,20,13,18,94,1,random,mean,250
2026100822,1250,250,0.56913125,0.181035416667,0.140038293656,0.9002,0.0352,baseline,threshold,AI,6000,2000,100,20,13,18,94,1,random,mean,250
2026100823,1250,250,0.558277083333,0.26105625,0.0891417956576,0.9832,0.0696,baseline,threshold,AI,6000,2000,100,20,13,18,94,1,random,mean,250
2026100824,1250,250,0.491125,0.057875,0.182088999941,0.6588,0.0392,baseline,threshold,AI,6000,2000,100,20,13,18,94,1,random,mean,250
2026100825,1250,250,0.534375,0.298958333333,0.0867476792674,1,0.056,baseline,threshold,AI,6000,2000,100,20,13,18,94,1,random,mean,250
2026100826,1250,250,0.152566666667,-0.152566666667,0.278509240702,0,0.0864,baseline,threshold,AI,6000,2000,100,20,13,18,94,1,random,mean,250
2026100827,1250,250,0.447016666667,0.00765,0.183766606245,0.5456,0.0456,baseline,threshold,AI,6000,2000,100,20,13,18,94,1,random,mean,250
2026100828,1250,250,0.294079166667,-0.289745833333,0.259200374681,0.0052,0.02,baseline,threshold,AI,6000,2000,100,20,13,18,94,1,random,mean,250
2026100829,1250,250,0.261045833333,-0.261045833333,0.285198626278,0,0.0392,baseline,threshold,AI,6000,2000,100,20,13,18,94,1,random,mean,250
2026100830,1250,250,0.51875,0.272916666667,0.120285714286,0.95,0.028,baseline,threshold,AI,6000,2000,100,20,13,18,94,1,random,mean,250
2026100831,1250,250,0.55885,0.18815,0.117273321914,0.8964,0.0416,baseline,threshold,AI,6000,2000,100,20,13,18,94,1,random,mean,250
2026100800,1500,250,0.546616666667,0.239383333333,0.108200090707,0.9432,0.044,baseline,threshold,AI,6000,2000,100,20,13,18,94,1,random,mean,250
2026100801,1500,250,0.556770833333,0.234895833333,0.129679650452,0.95,0.0573333333333,baseline,threshold,AI,6000,2000,100,20,13,18,94,1,random,mean,250
2026100802,1500,250,0.552604166667,0.2390625,0.103008780992,0.95,0.0166666666667,baseline,threshold,AI,6000,2000,100,20,13,18,94,1,random,mean,250
2026100803,1500,250,0.330735416667,-0.148735416667,0.240592205469,0.2184,0.0693333333333,baseline,threshold,AI,6000,2000,100,20,13,18,94,1,random,mean,250
2026100804,1500,250,0.526572916667,0.26509375,0.131051415673,0.95,0.0393333333333,baseline,threshold,AI,6000,2000,100,20,13,18,94,1,random,mean,250
2026100805,1500,250,0.357916666667,-0.00358333333333,0.205848363269,0.4252,0.0626666666667,baseline,threshold,AI,6000,2000,100,20,13,18,94,1,random,mean,250
2026100806,1500,250,0.559570833333,0.262929166667,0.0935886935148,0.987,0.018,baseline,threshold,AI,6000,2000,100,20,13,18,94,1,random,mean,250
2026100807,1500,250,0.477391666667,0.0221083333333,0.18811426945,0.5994,0.064,baseline,threshold,AI,6000,2000,100,20,13,18,94,1,random,mean,250
2026100808,1500,250,0.270220833333,-0.2538875,0.248170305254,0.0196,0.0433333333333,baseline,threshold,AI,6000,2000,100,20,13,18,94,1,random,mean,250
2026100809,1500,250,0.617333333333,0.18,0.102096681244,0.9568,0.0106666666667,baseline,threshold,AI,6000,2000,100,20,13,18,94,1,random,mean,250
2026100810,1500,250,0.57915,0.254183333333,0.0932449093924,1,0.0333333333333,baseline,threshold,AI,6000,2000,100,20,13,18,94,1,random,mean,250
2026100811,1500,250,0.211485416667,-0.211485416667,0.262537681159,0,0.0226666666667,baseline,threshold,AI,6000,2000,100,20,13,18,94,1,random,mean,250
2026100812,1500,250,0.159325,-0.159325,0.276586763759,0,0.0553333333333,baseline,threshold,AI,6000,2000,100,20,13,18,94,1,random,mean,250
2026100813,1500,250,0.519091666667,0.230908333333,0.12268123063,0.9,0.00866666666667,baseline,threshold,AI,6000,2000,100,20,13,18,94,1,random,mean,250
2026100814,1500,250,0.526239583333,0.30709375,0.101489455878,1,0.04,baseline,threshold,AI,6000,2000,100,20,13,18,94,1,random,mean,250
2026100815,1500,250,0.293808333333,-0.274308333333,0.322142864786,0.0234,0.0526666666667,baseline,threshold,AI,6000,2000,100,20,13,18,94,1,random,mean,250
2026100816,1500,250,0.62446875,0.187197916667,0.0981302310293,0.974,0.026,baseline,threshold,AI,6000,2000,100,20,13,18,94,1,random,mean,250
2026100817,1500,250,0.538091666667,0.089075,0.14952501721,0.7526,0.0733333333333,baseline,threshold,AI,6000,2000,100,20,13,18,94,1,random,mean,250
2026100818,1500,250,0.50779375,0.0838729166667,0.149931950566,0.71,0.0513333333333,baseline,threshold,AI,6000,2000,100,20,13,18,94,1,random,mean,250
2026100819,1500,250,0.245783333333,-0.245783333333,0.257114819435,0,0.042,baseline,threshold,AI,6000,2000,100,20,13,18,94,1,random,mean,250
2026100820,1500,250,0.563614583333,0.26971875,0.0930729488651,1,0.0166666666667,baseline,threshold,AI,6000,2000,100,20,13,18,94,1,random,mean,250
2026100821,1500,250,0.55834375,0.274989583333,0.102984707209,1,0.0446666666667,baseline,threshold,AI,6000,2000,100,20,13,18,94,1,random,mean,250
2026100822,1500,250,0.538822916667,0.25284375,0.110936165269,0.95,0.0346666666667,baseline,threshold,AI,6000,2000,100,20,13,18,94,1,random,mean,250
2026100823,1500,250,0.54953125,0.242135416667,0.100801061668,0.95,0.0586666666667,baseline,threshold,AI,6000,2000,100,20,13,18,94,1,random,mean,250
2026100824,1500,250,0.541554166667,0.1851125,0.149890070003,0.872,0.048,baseline,threshold,AI,6000,2000,100,20,13,18,94,1,random,mean,250
2026100825,1500,250,0.5143125,0.283354166667,0.103207149412,0.9572,0.0473333333333,baseline,threshold,AI,6000,2000,100,20,13,18,94,1,random,mean,250
2026100826,1500,250,0.116214583333,-0.116214583333,0.274425344832,0,0.0753333333333,baseline,threshold,AI,6000,2000,100,20,13,18,94,1,random,mean,250
2026100827,1500,250,0.375847916667,-0.01968125,0.179115519147,0.4274,0.044,baseline,threshold,AI,6000,2000,100,20,13,18,94,1,random,mean,250
2026100828,1500,250,0.2671875,-0.2671875,0.269862539768,0,0.0166666666667,baseline,threshold,AI,6000,2000,100,20,13,18,94,1,random,mean,250
2026100829,1500,250,0.2630125,-0.2625125,0.28587980634,0.0006,0.0346666666667,baseline,threshold,AI,6000,2000,100,20,13,18,94,1,random,mean,250
2026100830,1500,250,0.51875,0.272916666667,0.120285714286,0.95,0.024,baseline,threshold,AI,6000,2000,100,20,13,18,94,1,random,mean,250
2026100831,1500,250,0.559375,0.190625,0.116031768102,0.9,0.0346666666667,baseline,threshold,AI,6000,2000,100,20,13,18,94,1,random,mean,250
2026100800,1750,250,0.570958333333,0.220708333333,0.101517077197,0.95,0.0394285714286,baseline,threshold,AI,6000,2000,100,20,13,18,94,1,random,mean,250
2026100801,1750,250,0.556770833333,0.234895833333,0.129679650452,0.95,0.0491428571429,baseline,threshold,AI,6000,2000,100,20,13,18,94,1,random,mean,250
2026100802,1750,250,0.540833333333,0.1755,0.127187219502,0.8596,0.0148571428571,baseline,threshold,AI,6000,2000,100,20,13,18,94,1,random,mean,250
2026100803,1750,250,0.509166666667,0.154166666667,0.143278156073,0.796,0.064,baseline,threshold,AI,6000,2000,100,20,13,18,94,1,random,mean,250
2026100804,1750,250,0.527285416667,0.26438125,0.130683028571,0.95,0.0354285714286,baseline,threshold,AI,6000,2000,100,20,13,18,94,1,random,mean,250
2026100805,1750,250,0.551822916667,0.139677083333,0.134448498632,0.8298,0.0554285714286,baseline,threshold,AI,6000,2000,100,20,13,18,94,1,random,mean,250
2026100806,1750,250,0.53305625,0.205110416667,0.115749243524,0.8858,0.0188571428571,baseline,threshold,AI,6000,2000,100,20,13,18,94,1,random,mean,250
2026100807,1750,250,0.515220833333,0.226945833333,0.118280929185,0.8906,0.0565714285714,baseline,threshold,AI,6000,2000,100,20,13,18,94,1,random,mean,250
2026100808,1750,250,0.262114583333,-0.262114583333,0.2504763642,0,0.0377142857143,baseline,threshold,AI,6000,2000,100,20,13,18,94,1,random,mean,250
2026100809,1750,250,0.657025,0.176308333333,0.0767069060969,1,0.00971428571429,baseline,threshold,AI,6000,2000,100,20,13,18,94,1,random,mean,250
2026100810,1750,250,0.5739125,0.259420833333,0.0878069321391,1,0.0291428571429,baseline,threshold,AI,6000,2000,100,20,13,18,94,1,random,mean,250
2026100811,1750,250,0.212497916667,-0.212497916667,0.262765636918,0,0.02,baseline,threshold,AI,6000,2000,100,20,13,18,94,1,random,mean,250
2026100812,1750,250,0.147583333333,-0.147583333333,0.2691412437,0,0.0491428571429,baseline,threshold,AI,6000,2000,100,20,13,18,94,1,random,mean,250
2026100813,1750,250,0.519254166667,0.2379125,0.122907555543,0.9086,0.008,baseline,threshold,AI,6000,2000,100,20,13,18,94,1,random,mean,250
2026100814,1750,250,0.519104166667,0.2890625,0.103789323168,0.9698,0.0354285714286,baseline,threshold,AI,6000,2000,100,20,13,18,94,1,random,mean,250
2026100815,1750,250,0.38825625,-0.160422916667,0.246908436463,0.2734,0.0645714285714,baseline,threshold,AI,6000,2000,100,20,13,18,94,1,random,mean,250
2026100816,1750,250,0.628125,0.205208333333,0.0922399250779,1,0.0228571428571,baseline,threshold,AI,6000,2000,100,20,13,18,94,1,random,mean,250
2026100817,1750,250,0.7603125,0.0396875,0.0667673954083,0.96,0.064,baseline,threshold,AI,6000,2000,100,20,13,18,94,1,random,mean,250
2026100818,1750,250,0.5656875,0.251645833333,0.113358102209,0.9808,0.0497142857143,baseline,threshold,AI,6000,2000,100,20,13,18,94,1,random,mean,250
2026100819,1750,250,0.2297375,-0.2297375,0.2680234385,0,0.0365714285714,baseline,threshold,AI,6000,2000,100,20,13,18,94,1,random,mean,250
2026100820,1750,250,0.585258333333,0.248075,0.0828252139903,1,0.0154285714286,baseline,threshold,AI,6000,2000,100,20,13,18,94,1,random,mean,250
2026100821,1750,250,0.559104166667,0.2625625,0.103772874111,0.986,0.0388571428571,baseline,threshold,AI,6000,2000,100,20,13,18,94,1,random,mean,250
2026100822,1750,250,0.5314,0.260266666667,0.111697409763,0.95,0.0302857142857,baseline,threshold,AI,6000,2000,100,20,13,18,94,1,random,mean,250
2026100823,1750,250,0.562622916667,0.251210416667,0.0963808251701,0.9766,0.0531428571429,baseline,threshold,AI,6000,2000,100,20,13,18,94,1,random,mean,250
2026100824,1750,250,0.515735416667,0.317597916667,0.115326508878,1,0.0422857142857,baseline,threshold,AI,6000,2000,100,20,13,18,94,1,random,mean,250
2026100825,1750,250,0.504952083333,0.286714583333,0.108825491487,0.95,0.0411428571429,baseline,threshold,AI,6000,2000,100,20,13,18,94,1,random,mean,250
2026100826,1750,250,0.10535,-0.10535,0.273503127785,0,0.0651428571429,baseline,threshold,AI,6000,2000,100,20,13,18,94,1,random,mean,250
2026100827,1750,250,0.5363125,0.188520833333,0.114970542913,0.8698,0.044,baseline,threshold,AI,6000,2000,100,20,13,18,94,1,random,mean,250
2026100828,1750,250,0.630529166667,0.202804166667,0.0906409364822,1,0.0154285714286,baseline,threshold,AI,6000,2000,100,20,13,18,94,1,random,mean,250
2026100829,1750,250,0.247566666667,-0.219566666667,0.276813720515,0.0336,0.0302857142857,baseline,threshold,AI,6000,2000,100,20,13,18,94,1,random,mean,250
2026100830,1750,250,0.525204166667,0.2664625,0.111981636125,0.95,0.0234285714286,baseline,threshold,AI,6000,2000,100,20,13,18,94,1,random,mean,250
2026100831,1750,250,0.5613,0.201533333333,0.111271918017,0.9154,0.0302857142857,baseline,threshold,AI,6000,2000,100,20,13,18,94,1,random,mean,250
2026100800,2000,250,0.577158333333,0.214508333333,0.0963349305118,0.95,0.0365,baseline,threshold,AI,6000,2000,100,20,13,18,94,1,random,mean,250
2026100801,2000,250,0.56105,0.229283333333,0.127554790044,0.9484,0.045,baseline,threshold,AI,6000,2000,100,20,13,18,94,1,random,mean,250
2026100802,2000,250,0.550014583333,0.231985416667,0.109616880549,0.9384,0.0145,baseline,threshold,AI,6000,2000,100,20,13,18,94,1,random,mean,250
2026100803,2000,250,0.611754166667,0.2089125,0.109353758349,0.9848,0.0575,baseline,threshold,AI,6000,2000,100,20,13,18,94,1,random,mean,250
2026100804,2000,250,0.547683333333,0.274983333333,0.110028235323,0.9872,0.0325,baseline,threshold,AI,6000,2000,100,20,13,18,94,1,random,mean,250
2026100805,2000,250,0.5613375,0.1156625,0.127139982766,0.8124,0.053,baseline,threshold,AI,6000,2000,100,20,13,18,94,1,random,mean,250
2026100806,2000,250,0.514604166667,0.2960625,0.106973717394,0.9728,0.02,baseline,threshold,AI,6000,2000,100,20,13,18,94,1,random,mean,250
2026100807,2000,250,0.500629166667,0.2660375,0.115335499635,0.92,0.052,baseline,threshold,AI,6000,2000,100,20,13,18,94,1,random,mean,250
2026100808,2000,250,0.235679166667,-0.235679166667,0.258020946111,0,0.036,baseline,threshold,AI,6000,2000,100,20,13,18,94,1,random,mean,250
2026100809,2000,250,0.667320833333,0.1660125,0.0731353778565,1,0.011,baseline,threshold,AI,6000,2000,100,20,13,18,94,1,random,mean,250
2026100810,2000,250,0.566391666667,0.266941666667,0.089493473187,1,0.026,baseline,threshold,AI,6000,2000,100,20,13,18,94,1,random,mean,250
2026100811,2000,250,0.21203125,-0.21203125,0.26306948894,0,0.019,baseline,threshold,AI,6000,2000,100,20,13,18,94,1,random,mean,250
2026100812,2000,250,0.142708333333,-0.142708333333,0.26622970682,0,0.043,baseline,threshold,AI,6000,2000,100,20,13,18,94,1,random,mean,250
2026100813,2000,250,0.5226625,0.280004166667,0.101941027617,0.9632,0.009,baseline,threshold,AI,6000,2000,100,20,13,18,94,1,random,mean,250
2026100814,2000,250,0.517516666667,0.27415,0.106109020828,0.95,0.0315,baseline,threshold,AI,6000,2000,100,20,13,18,94,1,random,mean,250
2026100815,2000,250,0.307245833333,-0.2754125,0.306072591007,0.0382,0.0605,baseline,threshold,AI,6000,2000,100,20,13,18,94,1,random,mean,250
2026100816,2000,250,0.635391666667,0.197941666667,0.0872462427034,1,0.0205,baseline,threshold,AI,6000,2000,100,20,13,18,94,1,random,mean,250
2026100817,2000,250,0.74155,0.07595,0.0670826343618,0.981,0.059,baseline,threshold,AI,6000,2000,100,20,13,18,94,1,random,mean,250
2026100818,2000,250,0.555485416667,0.232014583333,0.113199575019,0.945,0.0455,baseline,threshold,AI,6000,2000,100,20,13,18,94,1,random,mean,250
2026100819,2000,250,0.21848125,-0.21848125,0.256120501194,0,0.033,baseline,threshold,AI,6000,2000,100,20,13,18,94,1,random,mean,250
2026100820,2000,250,0.585058333333,0.248275,0.0824876179859,1,0.015,baseline,threshold,AI,6000,2000,100,20,13,18,94,1,random,mean,250
2026100821,2000,250,0.574479166667,0.2171875,0.109266439146,0.95,0.034,baseline,threshold,AI,6000,2000,100,20,13,18,94,1,random,mean,250
2026100822,2000,250,0.5375,0.254166666667,0.11336278785,0.95,0.0265,baseline,threshold,AI,6000,2000,100,20,13,18,94,1,random,mean,250
2026100823,2000,250,0.573729166667,0.259604166667,0.0875783703028,1,0.0475,baseline,threshold,AI,6000,2000,100,20,13,18,94,1,random,mean,250
2026100824,2000,250,0.5236375,0.309695833333,0.108677195997,1,0.038,baseline,threshold,AI,6000,2000,100,20,13,18,94,1,random,mean,250
2026100825,2000,250,0.504166666667,0.2875,0.109199402429,0.95,0.036,baseline,threshold,AI,6000,2000,100,20,13,18,94,1,random,mean,250
2026100826,2000,250,0.122041666667,-0.122041666667,0.27382806289,0,0.058,baseline,threshold,AI,6000,2000,100,20,13,18,94,1,random,mean,250
2026100827,2000,250,0.534314583333,0.223852083333,0.125443998822,0.9098,0.039,baseline,threshold,AI,6000,2000,100,20,13,18,94,1,random,mean,250
2026100828,2000,250,0.630708333333,0.202625,0.0918775475313,1,0.014,baseline,threshold,AI,6000,2000,100,20,13,18,94,1,random,mean,250
2026100829,2000,250,0.206025,-0.205525,0.285745543161,0.0006,0.028,baseline,threshold,AI,6000,2000,100,20,13,18,94,1,random,mean,250
2026100830,2000,250,0.54378125,0.247885416667,0.0879294039941,0.95,0.023,baseline,threshold,AI,6000,2000,100,20,13,18,94,1,random,mean,250
2026100831,2000,250,0.565625,0.226041666667,0.100577709387,0.95,0.0265,baseline,threshold,AI,6000,2000,100,20,13,18,94,1,random,mean,250
2026100800,2250,250,0.572247916667,0.21941875,0.098007057361,0.95,0.0337777777778,baseline,threshold,AI,6000,2000,100,20,13,18,94,1,random,mean,250
2026100801,2250,250,0.49708125,-0.0252479166667,0.211275865055,0.5662,0.0502222222222,baseline,threshold,AI,6000,2000,100,20,13,18,94,1,random,mean,250
2026100802,2250,250,0.5841875,0.248645833333,0.0854080498637,0.9994,0.0133333333333,baseline,threshold,AI,6000,2000,100,20,13,18,94,1,random,mean,250
2026100803,2250,250,0.641783333333,0.19155,0.105001249219,1,0.0524444444444,baseline,threshold,AI,6000,2000,100,20,13,18,94,1,random,mean,250
2026100804,2250,250,0.591085416667,0.242247916667,0.0861192517562,1,0.0302222222222,baseline,threshold,AI,6000,2000,100,20,13,18,94,1,random,mean,250
2026100805,2250,250,0.605579166667,0.0802541666667,0.129832450167,0.823,0.0586666666667,baseline,threshold,AI,6000,2000,100,20,13,18,94,1,random,mean,250
2026100806,2250,250,0.517875,0.315458333333,0.0958380514936,1,0.0186666666667,baseline,threshold,AI,6000,2000,100,20,13,18,94,1,random,mean,250
2026100807,2250,250,0.4953125,0.296354166667,0.107702850877,0.95,0.0466666666667,baseline,threshold,AI,6000,2000,100,20,13,18,94,1,random,mean,250
2026100808,2250,250,0.3002625,-0.1472625,0.233101337769,0.1836,0.0324444444444,baseline,threshold,AI,6000,2000,100,20,13,18,94,1,random,mean,250
2026100809,2250,250,0.658133333333,0.1752,0.0768851587324,1,0.0111111111111,baseline,threshold,AI,6000,2000,100,20,13,18,94,1,random,mean,250
2026100810,2250,250,0.573116666667,0.260216666667,0.0888008919763,1,0.024,baseline,threshold,AI,6000,2000,100,20,13,18,94,1,random,mean,250
2026100811,2250,250,0.220072916667,-0.220072916667,0.263512181747,0,0.0173333333333,baseline,threshold,AI,6000,2000,100,20,13,18,94,1,random,mean,250
2026100812,2250,250,0.142708333333,-0.142708333333,0.26622970682,0,0.0382222222222,baseline,threshold,AI,6000,2000,100,20,13,18,94,1,random,mean,250
2026100813,2250,250,0.525,0.266666666667,0.107816538441,0.95,0.008,baseline,threshold,AI,6000,2000,100,20,13,18,94,1,random,mean,250
2026100814,2250,250,0.517708333333,0.273958333333,0.107197670129,0.95,0.028,baseline,threshold,AI,6000,2000,100,20,13,18,94,1,random,mean,250
2026100815,2250,250,0.3398375,-0.2678375,0.274030378416,0.0864,0.0577777777778,baseline,threshold,AI,6000,2000,100,20,13,18,94,1,random,mean,250
2026100816,2250,250,0.645408333333,0.187925,0.0806683829957,1,0.0186666666667,baseline,threshold,AI,6000,2000,100,20,13,18,94,1,random,mean,250
2026100817,2250,250,0.678947916667,0.11271875,0.0853172036173,0.95,0.0533333333333,baseline,threshold,AI,6000,2000,100,20,13,18,94,1,random,mean,250
2026100818,2250,250,0.559895833333,0.231770833333,0.112708035637,0.95,0.0404444444444,baseline,threshold,AI,6000,2000,100,20,13,18,94,1,random,mean,250
2026100819,2250,250,0.215625,-0.215625,0.253086419753,0,0.0297777777778,baseline,threshold,AI,6000,2000,100,20,13,18,94,1,random,mean,250
2026100820,2250,250,0.585520833333,0.2478125,0.0825131921219,1,0.0137777777778,baseline,threshold,AI,6000,2000,100,20,13,18,94,1,random,mean,250
2026100821,2250,250,0.553895833333,0.2789375,0.0996620523534,0.9994,0.0306666666667,baseline,threshold,AI,6000,2000,100,20,13,18,94,1,random,mean,250
2026100822,2250,250,0.5375,0.254166666667,0.11336278785,0.95,0.0235555555556,baseline,threshold,AI,6000,2000,100,20,13,18,94,1,random,mean,250
2026100823,2250,250,0.583333333333,0.25,0.0799919265227,1,0.0422222222222,baseline,threshold,AI,6000,2000,100,20,13,18,94,1,random,mean,250
2026100824,2250,250,0.516154166667,0.317179166667,0.109665635416,1,0.0342222222222,baseline,threshold,AI,6000,2000,100,20,13,18,94,1,random,mean,250
2026100825,2250,250,0.504166666667,0.2875,0.109199402429,0.95,0.032,baseline,threshold,AI,6000,2000,100,20,13,18,94,1,random,mean,250
2026100826,2250,250,0.127083333333,-0.127083333333,0.268812020569,0,0.0515555555556,baseline,threshold,AI,6000,2000,100,20,13,18,94,1,random,mean,250
2026100827,2250,250,0.536458333333,0.213541666667,0.127507017544,0.9,0.0346666666667,baseline,threshold,AI,6000,2000,100,20,13,18,94,1,random,mean,250
2026100828,2250,250,0.63125,0.202083333333,0.0923854704004,1,0.0128888888889,baseline,threshold,AI,6000,2000,100,20,13,18,94,1,random,mean,250
2026100829,2250,250,0.416904166667,-0.104570833333,0.234273288488,0.3748,0.0351111111111,baseline,threshold,AI,6000,2000,100,20,13,18,94,1,random,mean,250
2026100830,2250,250,0.544091666667,0.247575,0.087333634519,0.95,0.0213333333333,baseline,threshold,AI,6000,2000,100,20,13,18,94,1,random,mean,250
2026100831,2250,250,0.5647625,0.2192375,0.102748974172,0.9408,0.024,baseline,threshold,AI,6000,2000,100,20,13,18,94,1,random,mean,250
2026100800,2500,250,0.555325,0.236341666667,0.106518281941,0.95,0.0308,baseline,threshold,AI,6000,2000,100,20,13,18,94,1,random,mean,250
2026100801,2500,250,0.621164583333,0.131835416667,0.114153908311,0.9036,0.048,baseline,threshold,AI,6000,2000,100,20,13,18,94,1,random,mean,250
2026100802,2500,250,0.5627,0.200633333333,0.116919817592,0.916,0.0136,baseline,threshold,AI,6000,2000,100,20,13,18,94,1,random,mean,250
2026100803,2500,250,0.539339583333,0.03349375,0.173923072233,0.6874,0.0572,baseline,threshold,AI,6000,2000,100,20,13,18,94,1,random,mean,250
2026100804,2500,250,0.587204166667,0.246129166667,0.0862545130261,1,0.0276,baseline,threshold,AI,6000,2000,100,20,13,18,94,1,random,mean,250
2026100805,2500,250,0.539245833333,0.174754166667,0.139833737594,0.8568,0.0604,baseline,threshold,AI,6000,2000,100,20,13,18,94,1,random,mean,250
2026100806,2500,250,0.51023125,0.323102083333,0.0966065208646,1,0.018,baseline,threshold,AI,6000,2000,100,20,13,18,94,1,random,mean,250
2026100807,2500,250,0.4953125,0.296354166667,0.107702850877,0.95,0.0428,baseline,threshold,AI,6000,2000,100,20,13,18,94,1,random,mean,250
2026100808,2500,250,0.596708333333,0.174958333333,0.119713196926,0.926,0.03,baseline,threshold,AI,6000,2000,100,20,13,18,94,1,random,mean,250
2026100809,2500,250,0.647833333333,0.1855,0.0785770679771,1,0.0108,baseline,threshold,AI,6000,2000,100,20,13,18,94,1,random,mean,250
2026100810,2500,250,0.576222916667,0.257110416667,0.0881511369281,1,0.0236,baseline,threshold,AI,6000,2000,100,20,13,18,94,1,random,mean,250
2026100811,2500,250,0.22575,-0.22575,0.266939925107,0,0.0164,baseline,threshold,AI,6000,2000,100,20,13,18,94,1,random,mean,250
2026100812,2500,250,0.14224375,-0.14224375,0.267257131921,0,0.0348,baseline,threshold,AI,6000,2000,100,20,13,18,94,1,random,mean,250
2026100813,2500,250,0.525,0.266666666667,0.107816538441,0.95,0.0072,baseline,threshold,AI,6000,2000,100,20,13,18,94,1,random,mean,250
2026100814,2500,250,0.514314583333,0.238185416667,0.118182394959,0.903,0.026,baseline,threshold,AI,6000,2000,100,20,13,18,94,1,random,mean,250
2026100815,2500,250,0.37551875,-0.22101875,0.274354172743,0.1854,0.0716,baseline,threshold,AI,6000,2000,100,20,13,18,94,1,random,mean,250
2026100816,2500,250,0.648958333333,0.184375,0.0799882674293,1,0.0168,baseline,threshold,AI,6000,2000,100,20,13,18,94,1,random,mean,250
2026100817,2500,250,0.678645833333,0.113020833333,0.0856079973725,0.95,0.048,baseline,threshold,AI,6000,2000,100,20,13,18,94,1,random,mean,250
2026100818,2500,250,0.559895833333,0.231770833333,0.112708035637,0.95,0.0364,baseline,threshold,AI,6000,2000,100,20,13,18,94,1,random,mean,250
2026100819,2500,250,0.215625,-0.215625,0.253086419753,0,0.0276,baseline,threshold,AI,6000,2000,100,20,13,18,94,1,random,mean,250
2026100820,2500,250,0.585095833333,0.2482375,0.0824896915645,1,0.0128,baseline,threshold,AI,6000,2000,100,20,13,18,94,1,random,mean,250
2026100821,2500,250,0.549539583333,0.24229375,0.113294637981,0.9502,0.0292,baseline,threshold,AI,6000,2000,100,20,13,18,94,1,random,mean,250
2026100822,2500,250,0.5530125,0.238654166667,0.106770008016,0.95,0.0216,baseline,threshold,AI,6000,2000,100,20,13,18,94,1,random,mean,250
2026100823,2500,250,0.585635416667,0.247697916667,0.080494909801,1,0.0384,baseline,threshold,AI,6000,2000,100,20,13,18,94,1,random,mean,250
2026100824,2500,250,0.5171875,0.316145833333,0.10929515604,1,0.0308,baseline,threshold,AI,6000,2000,100,20,13,18,94,1,random,mean,250
2026100825,2500,250,0.506729166667,0.2849375,0.111668624097,0.95,0.03,baseline,threshold,AI,6000,2000,100,20,13,18,94,1,random,mean,250
2026100826,2500,250,0.14335625,-0.14335625,0.264465971546,0,0.0468,baseline,threshold,AI,6000,2000,100,20,13,18,94,1,random,mean,250
2026100827,2500,250,0.52166875,0.266497916667,0.123759065183,0.9458,0.0316,baseline,threshold,AI,6000,2000,100,20,13,18,94,1,random,mean,250
2026100828,2500,250,0.63125,0.202083333333,0.0923854704004,1,0.0116,baseline,threshold,AI,6000,2000,100,20,13,18,94,1,random,mean,250
2026100829,2500,250,0.410385416667,-0.26821875,0.280586868257,0.1706,0.0428,baseline,threshold,AI,6000,2000,100,20,13,18,94,1,random,mean,250
2026100830,2500,250,0.542708333333,0.248958333333,0.0883684107002,0.95,0.0196,baseline,threshold,AI,6000,2000,100,20,13,18,94,1,random,mean,250
2026100831,2500,250,0.565495833333,0.205170833333,0.105379013034,0.9248,0.0224,baseline,threshold,AI,6000,2000,100,20,13,18,94,1,random,mean,250
2026100800,2750,250,0.546252083333,0.266247916667,0.102638066443,0.975,0.0287272727273,baseline,threshold,AI,6000,2000,100,20,13,18,94,1,random,mean,250
2026100801,2750,250,0.612141666667,0.169025,0.102893055939,0.9374,0.0447272727273,baseline,threshold,AI,6000,2000,100,20,13,18,94,1,random,mean,250
2026100802,2750,250,0.565370833333,0.226295833333,0.104786331589,0.95,0.0127272727273,baseline,threshold,AI,6000,2000,100,20,13,18,94,1,random,mean,250
2026100803,2750,250,0.287172916667,-0.28100625,0.291873742364,0.0074,0.0552727272727,baseline,threshold,AI,6000,2000,100,20,13,18,94,1,random,mean,250
2026100804,2750,250,0.577229166667,0.2319375,0.0955865969549,0.971,0.0258181818182,baseline,threshold,AI,6000,2000,100,20,13,18,94,1,random,mean,250
2026100805,2750,250,0.5189375,0.0917291666667,0.152859321387,0.7328,0.0581818181818,baseline,threshold,AI,6000,2000,100,20,13,18,94,1,random,mean,250
2026100806,2750,250,0.513325,0.320008333333,0.0971017688305,1,0.0167272727273,baseline,threshold,AI,6000,2000,100,20,13,18,94,1,random,mean,250
2026100807,2750,250,0.4953125,0.296354166667,0.107702850877,0.95,0.0389090909091,baseline,threshold,AI,6000,2000,100,20,13,18,94,1,random,mean,250
2026100808,2750,250,0.553945833333,0.229220833333,0.126735040601,0.9398,0.0298181818182,baseline,threshold,AI,6000,2000,100,20,13,18,94,1,random,mean,250
2026100809,2750,250,0.6561,0.177233333333,0.075553292111,1,0.0116363636364,baseline,threshold,AI,6000,2000,100,20,13,18,94,1,random,mean,250
2026100810,2750,250,0.583366666667,0.249966666667,0.0840192593103,1,0.0225454545455,baseline,threshold,AI,6000,2000,100,20,13,18,94,1,random,mean,250
2026100811,2750,250,0.223202083333,-0.223202083333,0.268013557342,0,0.016,baseline,threshold,AI,6000,2000,100,20,13,18,94,1,random,mean,250
2026100812,2750,250,0.1463125,-0.1463125,0.268858523879,0,0.032,baseline,threshold,AI,6000,2000,100,20,13,18,94,1,random,mean,250
2026100813,2750,250,0.52655,0.265116666667,0.105569296561,0.95,0.00690909090909,baseline,threshold,AI,6000,2000,100,20,13,18,94,1,random,mean,250
2026100814,2750,250,0.52638125,0.24361875,0.110265312589,0.924,0.0250909090909,baseline,threshold,AI,6000,2000,100,20,13,18,94,1,random,mean,250
2026100815,2750,250,0.439352083333,-0.11001875,0.239376174069,0.3952,0.0847272727273,baseline,threshold,AI,6000,2000,100,20,13,18,94,1,random,mean,250
2026100816,2750,250,0.648958333333,0.184375,0.0799882674293,1,0.0152727272727,baseline,threshold,AI,6000,2000,100,20,13,18,94,1,random,mean,250
2026100817,2750,250,0.6231875,0.0804791666667,0.117283642295,0.8444,0.0469090909091,baseline,threshold,AI,6000,2000,100,20,13,18,94,1,random,mean,250
2026100818,2750,250,0.561666666667,0.210166666667,0.117200675142,0.9262,0.0338181818182,baseline,threshold,AI,6000,2000,100,20,13,18,94,1,random,mean,250
2026100819,2750,250,0.21615,-0.21615,0.253126823793,0,0.0254545454545,baseline,threshold,AI,6000,2000,100,20,13,18,94,1,random,mean,250
2026100820,2750,250,0.585372916667,0.247960416667,0.0824354565666,1,0.0127272727273,baseline,threshold,AI,6000,2000,100,20,13,18,94,1,random,mean,250
2026100821,2750,250,0.568229166667,0.265104166667,0.0940932564126,1,0.0265454545455,baseline,threshold,AI,6000,2000,100,20,13,18,94,1,random,mean,250
2026100822,2750,250,0.555208333333,0.236458333333,0.105836783474,0.95,0.0196363636364,baseline,threshold,AI,6000,2000,100,20,13,18,94,1,random,mean,250
2026100823,2750,250,0.59265625,0.240677083333,0.082032361571,1,0.0363636363636,baseline,threshold,AI,6000,2000,100,20,13,18,94,1,random,mean,250
2026100824,2750,250,0.5171875,0.316145833333,0.10929515604,1,0.0283636363636,baseline,threshold,AI,6000,2000,100,20,13,18,94,1,random,mean,250
2026100825,2750,250,0.516145833333,0.275520833333,0.122170876477,0.95,0.0276363636364,baseline,threshold,AI,6000,2000,100,20,13,18,94,1,random,mean,250
2026100826,2750,250,0.137929166667,-0.137929166667,0.263026492793,0,0.0432727272727,baseline,threshold,AI,6000,2000,100,20,13,18,94,1,random,mean,250
2026100827,2750,250,0.50101875,0.248314583333,0.129300105495,0.8992,0.0298181818182,baseline,threshold,AI,6000,2000,100,20,13,18,94,1,random,mean,250
2026100828,2750,250,0.565779166667,0.1068875,0.136017412125,0.8072,0.0170909090909,baseline,threshold,AI,6000,2000,100,20,13,18,94,1,random,mean,250
2026100829,2750,250,0.33039375,-0.270727083333,0.275465612373,0.0716,0.0418181818182,baseline,threshold,AI,6000,2000,100,20,13,18,94,1,random,mean,250
2026100830,2750,250,0.5424125,0.249254166667,0.0878759913454,0.95,0.0181818181818,baseline,threshold,AI,6000,2000,100,20,13,18,94,1,random,mean,250
2026100831,2750,250,0.578922916667,0.252910416667,0.0871259153632,0.9982,0.0207272727273,baseline,threshold,AI,6000,2000,100,20,13,18,94,1,random,mean,250
2026100800,3000,250,0.5421875,0.291145833333,0.0979237575142,1,0.0263333333333,baseline,threshold,AI,6000,2000,100,20,13,18,94,1,random,mean,250
2026100801,3000,250,0.601041666667,0.190625,0.0986863623019,0.95,0.041,baseline,threshold,AI,6000,2000,100,20,13,18,94,1,random,mean,250
2026100802,3000,250,0.5558875,0.2171125,0.114252052435,0.9276,0.0123333333333,baseline,threshold,AI,6000,2000,100,20,13,18,94,1,random,mean,250
2026100803,3000,250,0.287810416667,-0.252977083333,0.27928767849,0.0418,0.0533333333333,baseline,threshold,AI,6000,2000,100,20,13,18,94,1,random,mean,250
2026100804,3000,250,0.569791666667,0.221875,0.102219975382,0.95,0.0236666666667,baseline,threshold,AI,6000,2000,100,20,13,18,94,1,random,mean,250
2026100805,3000,250,0.497058333333,0.005775,0.184684765651,0.6034,0.0626666666667,baseline,threshold,AI,6000,2000,100,20,13,18,94,1,random,mean,250
2026100806,3000,250,0.515054166667,0.318279166667,0.0979511055893,1,0.0156666666667,baseline,threshold,AI,6000,2000,100,20,13,18,94,1,random,mean,250
2026100807,3000,250,0.4953125,0.296354166667,0.107702850877,0.95,0.0356666666667,baseline,threshold,AI,6000,2000,100,20,13,18,94,1,random,mean,250
2026100808,3000,250,0.569475,0.222858333333,0.107501432067,0.9508,0.0283333333333,baseline,threshold,AI,6000,2000,100,20,13,18,94,1,random,mean,250
2026100809,3000,250,0.66853125,0.164802083333,0.0708981508463,1,0.011,baseline,threshold,AI,6000,2000,100,20,13,18,94,1,random,mean,250
2026100810,3000,250,0.583045833333,0.2502875,0.0842017384935,1,0.0213333333333,baseline,threshold,AI,6000,2000,100,20,13,18,94,1,random,mean,250
2026100811,3000,250,0.241483333333,-0.241483333333,0.257227894426,0,0.015,baseline,threshold,AI,6000,2000,100,20,13,18,94,1,random,mean,250
2026100812,3000,250,0.1804375,-0.1344375,0.262869444846,0.0552,0.0303333333333,baseline,threshold,AI,6000,2000,100,20,13,18,94,1,random,mean,250
2026100813,3000,250,0.53125,0.260416666667,0.0987550792491,0.95,0.00633333333333,baseline,threshold,AI,6000,2000,100,20,13,18,94,1,random,mean,250
2026100814,3000,250,0.507291666667,0.284375,0.109744505233,0.95,0.0233333333333,baseline,threshold,AI,6000,2000,100,20,13,18,94,1,random,mean,250
2026100815,3000,250,0.221654166667,-0.206654166667,0.28608799161,0.018,0.0796666666667,baseline,threshold,AI,6000,2000,100,20,13,18,94,1,random,mean,250
2026100816,3000,250,0.65015,0.183183333333,0.0805982299609,1,0.0143333333333,baseline,threshold,AI,6000,2000,100,20,13,18,94,1,random,mean,250
2026100817,3000,250,0.412847916667,-0.233347916667,0.264730694282,0.2154,0.0523333333333,baseline,threshold,AI,6000,2000,100,20,13,18,94,1,random,mean,250
2026100818,3000,250,0.562552083333,0.26928125,0.0931688680081,0.9982,0.0316666666667,baseline,threshold,AI,6000,2000,100,20,13,18,94,1,random,mean,250
2026100819,3000,250,0.217895833333,-0.217895833333,0.253208325561,0,0.024,baseline,threshold,AI,6000,2000,100,20,13,18,94,1,random,mean,250
2026100820,3000,250,0.585416666667,0.247916666667,0.0823994252874,1,0.0116666666667,baseline,threshold,AI,6000,2000,100,20,13,18,94,1,random,mean,250
2026100821,3000,250,0.568229166667,0.265104166667,0.0940932564126,1,0.0243333333333,baseline,threshold,AI,6000,2000,100,20,13,18,94,1,random,mean,250
2026100822,3000,250,0.539579166667,0.2520875,0.10726755648,0.95,0.0183333333333,baseline,threshold,AI,6000,2000,100,20,13,18,94,1,random,mean,250
2026100823,3000,250,0.592708333333,0.240625,0.082265657983,1,0.0333333333333,baseline,threshold,AI,6000,2000,100,20,13,18,94,1,random,mean,250
2026100824,3000,250,0.5171875,0.316145833333,0.10929515604,1,0.026,baseline,threshold,AI,6000,2000,100,20,13,18,94,1,random,mean,250
2026100825,3000,250,0.516145833333,0.275520833333,0.122170876477,0.95,0.0253333333333,baseline,threshold,AI,6000,2000,100,20,13,18,94,1,random,mean,250
2026100826,3000,250,0.1316125,-0.128445833333,0.261659876844,0.0038,0.0406666666667,baseline,threshold,AI,6000,2000,100,20,13,18,94,1,random,mean,250
2026100827,3000,250,0.498258333333,0.251741666667,0.127699411909,0.9,0.0283333333333,baseline,threshold,AI,6000,2000,100,20,13,18,94,1,random,mean,250
2026100828,3000,250,0.43469375,-0.0873604166667,0.22113461946,0.4168,0.028,baseline,threshold,AI,6000,2000,100,20,13,18,94,1,random,mean,250
2026100829,3000,250,0.442285416667,-0.14861875,0.228575430111,0.3524,0.0466666666667,baseline,threshold,AI,6000,2000,100,20,13,18,94,1,random,mean,250
2026100830,3000,250,0.541666666667,0.25,0.0866345397325,0.95,0.0166666666667,baseline,threshold,AI,6000,2000,100,20,13,18,94,1,random,mean,250
2026100831,3000,250,0.579166666667,0.254166666667,0.0864461358314,1,0.0193333333333,baseline,threshold,AI,6000,2000,100,20,13,18,94,1,random,mean,250
2026100800,3250,250,0.5421875,0.291145833333,0.0979237575142,1,0.0243076923077,baseline,threshold,AI,6000,2000,100,20,13,18,94,1,random,mean,250
2026100801,3250,250,0.601041666667,0.190625,0.0986863623019,0.95,0.0378461538462,baseline,threshold,AI,6000,2000,100,20,13,18,94,1,random,mean,250
2026100802,3250,250,0.550454166667,0.206879166667,0.124218519103,0.9088,0.0116923076923,baseline,threshold,AI,6000,2000,100,20,13,18,94,1,random,mean,250
2026100803,3250,250,0.216710416667,-0.132877083333,0.274899611607,0.1006,0.0572307692308,baseline,threshold,AI,6000,2000,100,20,13,18,94,1,random,mean,250
2026100804,3250,250,0.5605,0.231166666667,0.105022106037,0.95,0.0221538461538,baseline,threshold,AI,6000,2000,100,20,13,18,94,1,random,mean,250
2026100805,3250,250,0.362866666667,-0.128533333333,0.24473148127,0.2812,0.0633846153846,baseline,threshold,AI,6000,2000,100,20,13,18,94,1,random,mean,250
2026100806,3250,250,0.514925,0.318408333333,0.0978602754172,1,0.0153846153846,baseline,threshold,AI,6000,2000,100,20,13,18,94,1,random,mean,250
2026100807,3250,250,0.4956875,0.295979166667,0.10770119689,0.95,0.0332307692308,baseline,threshold,AI,6000,2000,100,20,13,18,94,1,random,mean,250
2026100808,3250,250,0.554508333333,0.278658333333,0.107311860518,0.9998,0.0273846153846,baseline,threshold,AI,6000,2000,100,20,13,18,94,1,random,mean,250
2026100809,3250,250,0.6671875,0.166145833333,0.0711229086229,1,0.0101538461538,baseline,threshold,AI,6000,2000,100,20,13,18,94,1,random,mean,250
2026100810,3250,250,0.583854166667,0.249479166667,0.0841036414566,1,0.02,baseline,threshold,AI,6000,2000,100,20,13,18,94,1,random,mean,250
2026100811,3250,250,0.241102083333,-0.241102083333,0.256538298283,0,0.0147692307692,baseline,threshold,AI,6000,2000,100,20,13,18,94,1,random,mean,250
2026100812,3250,250,0.15218125,-0.15218125,0.263624204438,0,0.0286153846154,baseline,threshold,AI,6000,2000,100,20,13,18,94,1,random,mean,250
2026100813,3250,250,0.53125,0.260416666667,0.0987550792491,0.95,0.00584615384615,baseline,threshold,AI,6000,2000,100,20,13,18,94,1,random,mean,250
2026100814,3250,250,0.507291666667,0.284375,0.108703125,0.95,0.0215384615385,baseline,threshold,AI,6000,2000,100,20,13,18,94,1,random,mean,250
2026100815,3250,250,0.197554166667,-0.197554166667,0.269399596614,0,0.0744615384615,baseline,threshold,AI,6000,2000,100,20,13,18,94,1,random,mean,250
2026100816,3250,250,0.651041666667,0.182291666667,0.0810546354915,1,0.0132307692308,baseline,threshold,AI,6000,2000,100,20,13,18,94,1,random,mean,250
2026100817,3250,250,0.5944875,0.2190125,0.104558042,0.9762,0.052,baseline,threshold,AI,6000,2000,100,20,13,18,94,1,random,mean,250
2026100818,3250,250,0.5609375,0.272395833333,0.092902773811,1,0.0292307692308,baseline,threshold,AI,6000,2000,100,20,13,18,94,1,random,mean,250
2026100819,3250,250,0.219270833333,-0.219270833333,0.252926522529,0,0.0221538461538,baseline,threshold,AI,6000,2000,100,20,13,18,94,1,random,mean,250
2026100820,3250,250,0.585391666667,0.247941666667,0.0824132473679,1,0.0110769230769,baseline,threshold,AI,6000,2000,100,20,13,18,94,1,random,mean,250
2026100821,3250,250,0.568229166667,0.265104166667,0.0938988903121,1,0.0227692307692,baseline,threshold,AI,6000,2000,100,20,13,18,94,1,random,mean,250
2026100822,3250,250,0.545916666667,0.284916666667,0.087784383755,0.997,0.0172307692308,baseline,threshold,AI,6000,2000,100,20,13,18,94,1,random,mean,250
2026100823,3250,250,0.592708333333,0.240625,0.082265657983,1,0.0310769230769,baseline,threshold,AI,6000,2000,100,20,13,18,94,1,random,mean,250
2026100824,3250,250,0.5171875,0.316145833333,0.10929515604,1,0.024,baseline,threshold,AI,6000,2000,100,20,13,18,94,1,random,mean,250
2026100825,3250,250,0.511704166667,0.2799625,0.11806529235,0.95,0.0236923076923,baseline,threshold,AI,6000,2000,100,20,13,18,94,1,random,mean,250
2026100826,3250,250,0.129166666667,-0.129166666667,0.26130952381,0,0.0375384615385,baseline,threshold,AI,6000,2000,100,20,13,18,94,1,random,mean,250
2026100827,3250,250,0.502604166667,0.247395833333,0.129526975684,0.9,0.0261538461538,baseline,threshold,AI,6000,2000,100,20,13,18,94,1,random,mean,250
2026100828,3250,250,0.512091666667,0.060575,0.174981916405,0.6872,0.0366153846154,baseline,threshold,AI,6000,2000,100,20,13,18,94,1,random,mean,250
2026100829,3250,250,0.527791666667,0.0420416666667,0.168469276693,0.6838,0.0449230769231,baseline,threshold,AI,6000,2000,100,20,13,18,94,1,random,mean,250
2026100830,3250,250,0.519439583333,0.217560416667,0.103903609826,0.8844,0.0169230769231,baseline,threshold,AI,6000,2000,100,20,13,18,94,1,random,mean,250
2026100831,3250,250,0.568083333333,0.239916666667,0.0953934909872,0.9696,0.0181538461538,baseline,threshold,AI,6000,2000,100,20,13,18,94,1,random,mean,250
2026100800,3500,250,0.5421875,0.291145833333,0.0979237575142,1,0.0225714285714,baseline,threshold,AI,6000,2000,100,20,13,18,94,1,random,mean,250
2026100801,3500,250,0.601041666667,0.190625,0.0986863623019,0.95,0.0351428571429,baseline,threshold,AI,6000,2000,100,20,13,18,94,1,random,mean,250
2026100802,3500,250,0.558733333333,0.232933333333,0.112439135059,0.95,0.0111428571429,baseline,threshold,AI,6000,2000,100,20,13,18,94,1,random,mean,250
2026100803,3500,250,0.0921875,-0.0921875,0.274112930609,0,0.0531428571429,baseline,threshold,AI,6000,2000,100,20,13,18,94,1,random,mean,250
2026100804,3500,250,0.559479166667,0.2321875,0.105243392405,0.95,0.0208571428571,baseline,threshold,AI,6000,2000,100,20,13,18,94,1,random,mean,250
2026100805,3500,250,0.291841666667,-0.203175,0.271930403706,0.1064,0.0634285714286,baseline,threshold,AI,6000,2000,100,20,13,18,94,1,random,mean,250
2026100806,3500,250,0.5140625,0.319270833333,0.0972585646057,1,0.0145714285714,baseline,threshold,AI,6000,2000,100,20,13,18,94,1,random,mean,250
2026100807,3500,250,0.495060416667,0.286939583333,0.109872999413,0.9384,0.0314285714286,baseline,threshold,AI,6000,2000,100,20,13,18,94,1,random,mean,250
2026100808,3500,250,0.577025,0.256308333333,0.0982226348271,1,0.0265714285714,baseline,threshold,AI,6000,2000,100,20,13,18,94,1,random,mean,250
2026100809,3500,250,0.6671875,0.166145833333,0.0711229086229,1,0.00942857142857,baseline,threshold,AI,6000,2000,100,20,13,18,94,1,random,mean,250
2026100810,3500,250,0.583854166667,0.249479166667,0.0841036414566,1,0.0188571428571,baseline,threshold,AI,6000,2000,100,20,13,18,94,1,random,mean,250
2026100811,3500,250,0.250520833333,-0.250520833333,0.25,0,0.0137142857143,baseline,threshold,AI,6000,2000,100,20,13,18,94,1,random,mean,250
2026100812,3500,250,0.219375,-0.095875,0.237666813275,0.1482,0.0274285714286,baseline,threshold,AI,6000,2000,100,20,13,18,94,1,random,mean,250
2026100813,3500,250,0.53125,0.260416666667,0.0987550792491,0.95,0.00542857142857,baseline,threshold,AI,6000,2000,100,20,13,18,94,1,random,mean,250
2026100814,3500,250,0.507291666667,0.284375,0.108703125,0.95,0.02,baseline,threshold,AI,6000,2000,100,20,13,18,94,1,random,mean,250
2026100815,3500,250,0.189254166667,-0.189254166667,0.250576274726,0,0.07,baseline,threshold,AI,6000,2000,100,20,13,18,94,1,random,mean,250
2026100816,3500,250,0.650191666667,0.183141666667,0.0806195573221,1,0.0128571428571,baseline,threshold,AI,6000,2000,100,20,13,18,94,1,random,mean,250
2026100817,3500,250,0.5173875,0.314779166667,0.101832618003,0.9986,0.05,baseline,threshold,AI,6000,2000,100,20,13,18,94,1,random,mean,250
2026100818,3500,250,0.5609375,0.272395833333,0.092902773811,1,0.0271428571429,baseline,threshold,AI,6000,2000,100,20,13,18,94,1,random,mean,250
2026100819,3500,250,0.2361,-0.2361,0.262945885925,0,0.0217142857143,baseline,threshold,AI,6000,2000,100,20,13,18,94,1,random,mean,250
2026100820,3500,250,0.583854166667,0.249479166667,0.0832633053221,1,0.0102857142857,baseline,threshold,AI,6000,2000,100,20,13,18,94,1,random,mean,250
2026100821,3500,250,0.568229166667,0.265104166667,0.0937194754502,1,0.0211428571429,baseline,threshold,AI,6000,2000,100,20,13,18,94,1,random,mean,250
2026100822,3500,250,0.5389875,0.259679166667,0.102608893802,0.9584,0.0162857142857,baseline,threshold,AI,6000,2000,100,20,13,18,94,1,random,mean,250
2026100823,3500,250,0.592708333333,0.240625,0.082265657983,1,0.0291428571429,baseline,threshold,AI,6000,2000,100,20,13,18,94,1,random,mean,250
2026100824,3500,250,0.516739583333,0.31659375,0.109364458889,1,0.0225714285714,baseline,threshold,AI,6000,2000,100,20,13,18,94,1,random,mean,250
2026100825,3500,250,0.492795833333,0.298870833333,0.114622721601,0.95,0.0222857142857,baseline,threshold,AI,6000,2000,100,20,13,18,94,1,random,mean,250
2026100826,3500,250,0.127114583333,-0.127114583333,0.262167776215,0,0.0357142857143,baseline,threshold,AI,6000,2000,100,20,13,18,94,1,random,mean,250
2026100827,3500,250,0.502604166667,0.247395833333,0.129526975684,0.9,0.0242857142857,baseline,threshold,AI,6000,2000,100,20,13,18,94,1,random,mean,250
2026100828,3500,250,0.559727083333,0.185939583333,0.112636781666,0.8948,0.0348571428571,baseline,threshold,AI,6000,2000,100,20,13,18,94,1,random,mean,250
2026100829,3500,250,0.566102083333,0.211897916667,0.117906622346,0.9336,0.0448571428571,baseline,threshold,AI,6000,2000,100,20,13,18,94,1,random,mean,250
2026100830,3500,250,0.496022916667,0.246477083333,0.124997983152,0.891,0.0171428571429,baseline,threshold,AI,6000,2000,100,20,13,18,94,1,random,mean,250
2026100831,3500,250,0.562372916667,0.22929375,0.10164098748,0.95,0.0171428571429,baseline,threshold,AI,6000,2000,100,20,13,18,94,1,random,mean,250
2026100800,3750,250,0.5428875,0.285779166667,0.0990861938961,0.9944,0.0213333333333,baseline,threshold,AI,6000,2000,100,20,13,18,94,1,random,mean,250
2026100801,3750,250,0.601041666667,0.190625,0.0986863623019,0.95,0.0328,baseline,threshold,AI,6000,2000,100,20,13,18,94,1,random,mean,250
2026100802,3750,250,0.558333333333,0.233333333333,0.111834830594,0.95,0.0104,baseline,threshold,AI,6000,2000,100,20,13,18,94,1,random,mean,250
2026100803,3750,250,0.12225,-0.0914166666667,0.255597648211,0.037,0.0498666666667,baseline,threshold,AI,6000,2000,100,20,13,18,94,1,random,mean,250
2026100804,3750,250,0.560266666667,0.2314,0.104192486472,0.95,0.0197333333333,baseline,threshold,AI,6000,2000,100,20,13,18,94,1,random,mean,250
2026100805,3750,250,0.335504166667,-0.1733375,0.263226218905,0.1946,0.0682666666667,baseline,threshold,AI,6000,2000,100,20,13,18,94,1,random,mean,250
2026100806,3750,250,0.512025,0.321308333333,0.0967158327235,1,0.0149333333333,baseline,threshold,AI,6000,2000,100,20,13,18,94,1,random,mean,250
2026100807,3750,250,0.48946875,0.302197916667,0.108673448413,0.95,0.0296,baseline,threshold,AI,6000,2000,100,20,13,18,94,1,random,mean,250
2026100808,3750,250,0.5648375,0.268495833333,0.0962219097433,1,0.0256,baseline,threshold,AI,6000,2000,100,20,13,18,94,1,random,mean,250
2026100809,3750,250,0.668466666667,0.164866666667,0.0706213042148,1,0.00933333333333,baseline,threshold,AI,6000,2000,100,20,13,18,94,1,random,mean,250
2026100810,3750,250,0.583854166667,0.249479166667,0.0841036414566,1,0.0178666666667,baseline,threshold,AI,6000,2000,100,20,13,18,94,1,random,mean,250
2026100811,3750,250,0.2509125,-0.2509125,0.250268571429,0,0.0130666666667,baseline,threshold,AI,6000,2000,100,20,13,18,94,1,random,mean,250
2026100812,3750,250,0.608854166667,0.1828125,0.0982964545752,0.95,0.0256,baseline,threshold,AI,6000,2000,100,20,13,18,94,1,random,mean,250
2026100813,3750,250,0.53125,0.260416666667,0.0987550792491,0.95,0.00506666666667,baseline,threshold,AI,6000,2000,100,20,13,18,94,1,random,mean,250
2026100814,3750,250,0.501645833333,0.264020833333,0.113992564857,0.9188,0.0194666666667,baseline,threshold,AI,6000,2000,100,20,13,18,94,1,random,mean,250
2026100815,3750,250,0.19154375,-0.19154375,0.244505534589,0,0.0658666666667,baseline,threshold,AI,6000,2000,100,20,13,18,94,1,random,mean,250
2026100816,3750,250,0.648958333333,0.184375,0.0799882674293,1,0.012,baseline,threshold,AI,6000,2000,100,20,13,18,94,1,random,mean,250
2026100817,3750,250,0.405947916667,0.03371875,0.197927873759,0.5276,0.0536,baseline,threshold,AI,6000,2000,100,20,13,18,94,1,random,mean,250
2026100818,3750,250,0.5609375,0.272395833333,0.092902773811,1,0.0256,baseline,threshold,AI,6000,2000,100,20,13,18,94,1,random,mean,250
2026100819,3750,250,0.233770833333,-0.233770833333,0.257630523352,0,0.0205333333333,baseline,threshold,AI,6000,2000,100,20,13,18,94,1,random,mean,250
2026100820,3750,250,0.583854166667,0.249479166667,0.0832633053221,1,0.0096,baseline,threshold,AI,6000,2000,100,20,13,18,94,1,random,mean,250
2026100821,3750,250,0.5765625,0.256770833333,0.0910555944616,1,0.0202666666667,baseline,threshold,AI,6000,2000,100,20,13,18,94,1,random,mean,250
2026100822,3750,250,0.5375,0.254166666667,0.105854027004,0.95,0.0152,baseline,threshold,AI,6000,2000,100,20,13,18,94,1,random,mean,250
2026100823,3750,250,0.592708333333,0.240625,0.082265657983,1,0.0274666666667,baseline,threshold,AI,6000,2000,100,20,13,18,94,1,random,mean,250
2026100824,3750,250,0.523958333333,0.309375,0.105949243964,1,0.0216,baseline,threshold,AI,6000,2000,100,20,13,18,94,1,random,mean,250
2026100825,3750,250,0.485770833333,0.305895833333,0.114124248608,0.95,0.0210666666667,baseline,threshold,AI,6000,2000,100,20,13,18,94,1,random,mean,250
2026100826,3750,250,0.15281875,-0.123652083333,0.266061956831,0.035,0.0349333333333,baseline,threshold,AI,6000,2000,100,20,13,18,94,1,random,mean,250
2026100827,3750,250,0.502604166667,0.247395833333,0.129526975684,0.9,0.0226666666667,baseline,threshold,AI,6000,2000,100,20,13,18,94,1,random,mean,250
2026100828,3750,250,0.570908333333,0.197091666667,0.100305662126,0.9216,0.0330666666667,baseline,threshold,AI,6000,2000,100,20,13,18,94,1,random,mean,250
2026100829,3750,250,0.548708333333,0.193625,0.119569966766,0.8908,0.0426666666667,baseline,threshold,AI,6000,2000,100,20,13,18,94,1,random,mean,250
2026100830,3750,250,0.497785416667,0.29388125,0.11695589869,0.95,0.0165333333333,baseline,threshold,AI,6000,2000,100,20,13,18,94,1,random,mean,250
2026100831,3750,250,0.5704125,0.249420833333,0.0934531573351,0.9838,0.0165333333333,baseline,threshold,AI,6000,2000,100,20,13,18,94,1,random,mean,250
2026100800,4000,250,0.5484375,0.243229166667,0.108302653781,0.95,0.02,baseline,threshold,AI,6000,2000,100,20,13,18,94,1,random,mean,250
2026100801,4000,250,0.594216666667,0.17145,0.109438881293,0.9188,0.031,baseline,threshold,AI,6000,2000,100,20,13,18,94,1,random,mean,250
2026100802,4000,250,0.558333333333,0.233333333333,0.111834830594,0.95,0.00975,baseline,threshold,AI,6000,2000,100,20,13,18,94,1,random,mean,250
2026100803,4000,250,0.1328125,-0.0911458333333,0.249092278719,0.05,0.04675,baseline,threshold,AI,6000,2000,100,20,13,18,94,1,random,mean,250
2026100804,4000,250,0.558854166667,0.2328125,0.104295689132,0.95,0.0185,baseline,threshold,AI,6000,2000,100,20,13,18,94,1,random,mean,250
2026100805,4000,250,0.260889583333,-0.25755625,0.268739011525,0.004,0.0655,baseline,threshold,AI,6000,2000,100,20,13,18,94,1,random,mean,250
2026100806,4000,250,0.515304166667,0.318029166667,0.0938165802165,1,0.0145,baseline,threshold,AI,6000,2000,100,20,13,18,94,1,random,mean,250
2026100807,4000,250,0.4890625,0.302604166667,0.108813888889,0.95,0.02775,baseline,threshold,AI,6000,2000,100,20,13,18,94,1,random,mean,250
2026100808,4000,250,0.554166666667,0.279166666667,0.095268839243,1,0.024,baseline,threshold,AI,6000,2000,100,20,13,18,94,1,random,mean,250
2026100809,4000,250,0.668835416667,0.164497916667,0.0702329822479,1,0.0095,baseline,threshold,AI,6000,2000,100,20,13,18,94,1,random,mean,250
2026100810,4000,250,0.582995833333,0.2503375,0.0840397857775,1,0.017,baseline,threshold,AI,6000,2000,100,20,13,18,94,1,random,mean,250
2026100811,4000,250,0.251041666667,-0.251041666667,0.250357142857,0,0.01225,baseline,threshold,AI,6000,2000,100,20,13,18,94,1,random,mean,250
2026100812,4000,250,0.608666666667,0.183,0.0981855654643,0.95,0.02425,baseline,threshold,AI,6000,2000,100,20,13,18,94,1,random,mean,250
2026100813,4000,250,0.529285416667,0.28188125,0.0964431568866,0.9734,0.00575,baseline,threshold,AI,6000,2000,100,20,13,18,94,1,random,mean,250
2026100814,4000,250,0.497395833333,0.294270833333,0.108103626179,0.95,0.01825,baseline,threshold,AI,6000,2000,100,20,13,18,94,1,random,mean,250
2026100815,4000,250,0.18560625,-0.18560625,0.244134947768,0,0.062,baseline,threshold,AI,6000,2000,100,20,13,18,94,1,random,mean,250
2026100816,4000,250,0.645677083333,0.18765625,0.080733322334,1,0.0115,baseline,threshold,AI,6000,2000,100,20,13,18,94,1,random,mean,250
2026100817,4000,250,0.4515,0.0866666666667,0.180504406485,0.6458,0.0535,baseline,threshold,AI,6000,2000,100,20,13,18,94,1,random,mean,250
2026100818,4000,250,0.55979375,0.273539583333,0.0925876054981,1,0.0245,baseline,threshold,AI,6000,2000,100,20,13,18,94,1,random,mean,250
2026100819,4000,250,0.229927083333,-0.229927083333,0.257256373303,0,0.02,baseline,threshold,AI,6000,2000,100,20,13,18,94,1,random,mean,250
2026100820,4000,250,0.583854166667,0.249479166667,0.0832633053221,1,0.009,baseline,threshold,AI,6000,2000,100,20,13,18,94,1,random,mean,250
2026100821,4000,250,0.579527083333,0.246639583333,0.0900282460043,0.9914,0.0195,baseline,threshold,AI,6000,2000,100,20,13,18,94,1,random,mean,250
2026100822,4000,250,0.5375,0.254166666667,0.105854027004,0.95,0.01425,baseline,threshold,AI,6000,2000,100,20,13,18,94,1,random,mean,250
2026100823,4000,250,0.592708333333,0.240625,0.082265657983,1,0.02575,baseline,threshold,AI,6000,2000,100,20,13,18,94,1,random,mean,250
2026100824,4000,250,0.529375,0.303958333333,0.102723870175,1,0.0205,baseline,threshold,AI,6000,2000,100,20,13,18,94,1,random,mean,250
2026100825,4000,250,0.4859375,0.305729166667,0.114159792012,0.95,0.01975,baseline,threshold,AI,6000,2000,100,20,13,18,94,1,random,mean,250
2026100826,4000,250,0.427160416667,0.17600625,0.159107451287,0.7238,0.03475,baseline,threshold,AI,6000,2000,100,20,13,18,94,1,random,mean,250
2026100827,4000,250,0.502604166667,0.247395833333,0.129526975684,0.9,0.02125,baseline,threshold,AI,6000,2000,100,20,13,18,94,1,random,mean,250
2026100828,4000,250,0.57784375,0.213822916667,0.0956628402766,0.95,0.03125,baseline,threshold,AI,6000,2000,100,20,13,18,94,1,random,mean,250
2026100829,4000,250,0.545070833333,0.218929166667,0.116724541544,0.9168,0.04075,baseline,threshold,AI,6000,2000,100,20,13,18,94,1,random,mean,250
2026100830,4000,250,0.495479166667,0.2961875,0.112497580068,0.95,0.01575,baseline,threshold,AI,6000,2000,100,20,13,18,94,1,random,mean,250
2026100831,4000,250,0.562714583333,0.228952083333,0.103943593316,0.95,0.01625,baseline,threshold,AI,6000,2000,100,20,13,18,94,1,random,mean,250
2026100800,4250,250,0.5484375,0.243229166667,0.108302653781,0.95,0.0188235294118,baseline,threshold,AI,6000,2000,100,20,13,18,94,1,random,mean,250
2026100801,4250,250,0.590104166667,0.159895833333,0.115917963249,0.9,0.0291764705882,baseline,threshold,AI,6000,2000,100,20,13,18,94,1,random,mean,250
2026100802,4250,250,0.558333333333,0.233333333333,0.111834830594,0.95,0.00917647058824,baseline,threshold,AI,6000,2000,100,20,13,18,94,1,random,mean,250
2026100803,4250,250,0.1328125,-0.0911458333333,0.249092278719,0.05,0.044,baseline,threshold,AI,6000,2000,100,20,13,18,94,1,random,mean,250
2026100804,4250,250,0.562004166667,0.2296625,0.105401532569,0.95,0.0178823529412,baseline,threshold,AI,6000,2000,100,20,13,18,94,1,random,mean,250
2026100805,4250,250,0.259375,-0.259375,0.251369863014,0,0.0616470588235,baseline,threshold,AI,6000,2000,100,20,13,18,94,1,random,mean,250
2026100806,4250,250,0.531145833333,0.2751875,0.0929957702585,0.9676,0.0141176470588,baseline,threshold,AI,6000,2000,100,20,13,18,94,1,random,mean,250
2026100807,4250,250,0.4909875,0.300679166667,0.108219522222,0.95,0.0263529411765,baseline,threshold,AI,6000,2000,100,20,13,18,94,1,random,mean,250
2026100808,4250,250,0.565241666667,0.268091666667,0.0918289355573,1,0.0232941176471,baseline,threshold,AI,6000,2000,100,20,13,18,94,1,random,mean,250
2026100809,4250,250,0.669002083333,0.16433125,0.0703520545913,1,0.00941176470588,baseline,threshold,AI,6000,2000,100,20,13,18,94,1,random,mean,250
2026100810,4250,250,0.582314583333,0.25101875,0.0846557734542,1,0.0164705882353,baseline,threshold,AI,6000,2000,100,20,13,18,94,1,random,mean,250
2026100811,4250,250,0.251041666667,-0.251041666667,0.250357142857,0,0.0115294117647,baseline,threshold,AI,6000,2000,100,20,13,18,94,1,random,mean,250
2026100812,4250,250,0.608333333333,0.183333333333,0.0979884292671,0.95,0.0228235294118,baseline,threshold,AI,6000,2000,100,20,13,18,94,1,random,mean,250
2026100813,4250,250,0.55986875,0.257297916667,0.0987249019305,0.9806,0.00658823529412,baseline,threshold,AI,6000,2000,100,20,13,18,94,1,random,mean,250
2026100814,4250,250,0.497395833333,0.294270833333,0.108103626179,0.95,0.0171764705882,baseline,threshold,AI,6000,2000,100,20,13,18,94,1,random,mean,250
2026100815,4250,250,0.186052083333,-0.186052083333,0.244527994228,0,0.0590588235294,baseline,threshold,AI,6000,2000,100,20,13,18,94,1,random,mean,250
2026100816,4250,250,0.64475625,0.188577083333,0.0810004186938,1,0.0110588235294,baseline,threshold,AI,6000,2000,100,20,13,18,94,1,random,mean,250
2026100817,4250,250,0.507266666667,0.139733333333,0.167124793726,0.7764,0.0527058823529,baseline,threshold,AI,6000,2000,100,20,13,18,94,1,random,mean,250
2026100818,4250,250,0.559375,0.273958333333,0.0924722160066,1,0.0230588235294,baseline,threshold,AI,6000,2000,100,20,13,18,94,1,random,mean,250
2026100819,4250,250,0.231366666667,-0.231366666667,0.259204284483,0,0.0192941176471,baseline,threshold,AI,6000,2000,100,20,13,18,94,1,random,mean,250
2026100820,4250,250,0.583854166667,0.249479166667,0.0832633053221,1,0.00894117647059,baseline,threshold,AI,6000,2000,100,20,13,18,94,1,random,mean,250
2026100821,4250,250,0.581364583333,0.210302083333,0.0960706899426,0.95,0.0185882352941,baseline,threshold,AI,6000,2000,100,20,13,18,94,1,random,mean,250
2026100822,4250,250,0.5375,0.254166666667,0.105854027004,0.95,0.0134117647059,baseline,threshold,AI,6000,2000,100,20,13,18,94,1,random,mean,250
2026100823,4250,250,0.587879166667,0.245454166667,0.0836902597801,1,0.0249411764706,baseline,threshold,AI,6000,2000,100,20,13,18,94,1,random,mean,250
2026100824,4250,250,0.56795,0.265383333333,0.0920522369375,1,0.0202352941176,baseline,threshold,AI,6000,2000,100,20,13,18,94,1,random,mean,250
2026100825,4250,250,0.486377083333,0.305289583333,0.113974704293,0.95,0.0188235294118,baseline,threshold,AI,6000,2000,100,20,13,18,94,1,random,mean,250
2026100826,4250,250,0.4890625,0.302604166667,0.119542828032,0.95,0.0327058823529,baseline,threshold,AI,6000,2000,100,20,13,18,94,1,random,mean,250
2026100827,4250,250,0.502604166667,0.247395833333,0.129526975684,0.9,0.02,baseline,threshold,AI,6000,2000,100,20,13,18,94,1,random,mean,250
2026100828,4250,250,0.57748125,0.214185416667,0.0955811252261,0.95,0.0296470588235,baseline,threshold,AI,6000,2000,100,20,13,18,94,1,random,mean,250
2026100829,4250,250,0.546875,0.286458333333,0.10251088952,1,0.0385882352941,baseline,threshold,AI,6000,2000,100,20,13,18,94,1,random,mean,250
2026100830,4250,250,0.49996875,0.268864583333,0.115239501443,0.9226,0.0152941176471,baseline,threshold,AI,6000,2000,100,20,13,18,94,1,random,mean,250
2026100831,4250,250,0.5578125,0.233854166667,0.104889679348,0.95,0.0152941176471,baseline,threshold,AI,6000,2000,100,20,13,18,94,1,random,mean,250
2026100800,4500,250,0.54900625,0.257827083333,0.104473431308,0.9682,0.018,baseline,threshold,AI,6000,2000,100,20,13,18,94,1,random,mean,250
2026100801,4500,250,0.590104166667,0.159895833333,0.115917963249,0.9,0.0275555555556,baseline,threshold,AI,6000,2000,100,20,13,18,94,1,random,mean,250
2026100802,4500,250,0.558333333333,0.233333333333,0.111834830594,0.95,0.00866666666667,baseline,threshold,AI,6000,2000,100,20,13,18,94,1,random,mean,250
2026100803,4500,250,0.1328125,-0.0911458333333,0.249092278719,0.05,0.0415555555556,baseline,threshold,AI,6000,2000,100,20,13,18,94,1,random,mean,250
2026100804,4500,250,0.568675,0.222991666667,0.10237481419,0.95,0.0173333333333,baseline,threshold,AI,6000,2000,100,20,13,18,94,1,random,mean,250
2026100805,4500,250,0.2596875,-0.2596875,0.251170171715,0,0.0584444444444,baseline,threshold,AI,6000,2000,100,20,13,18,94,1,random,mean,250
2026100806,4500,250,0.5302625,0.264070833333,0.09655428354,0.9532,0.0135555555556,baseline,threshold,AI,6000,2000,100,20,13,18,94,1,random,mean,250
2026100807,4500,250,0.496354166667,0.2953125,0.1065625,0.95,0.0248888888889,baseline,threshold,AI,6000,2000,100,20,13,18,94,1,random,mean,250
2026100808,4500,250,0.563641666667,0.269691666667,0.0926604286461,1,0.0231111111111,baseline,threshold,AI,6000,2000,100,20,13,18,94,1,random,mean,250
2026100809,4500,250,0.66875,0.164583333333,0.070171957672,1,0.00888888888889,baseline,threshold,AI,6000,2000,100,20,13,18,94,1,random,mean,250
2026100810,4500,250,0.580966666667,0.252366666667,0.0855184619302,1,0.0157777777778,baseline,threshold,AI,6000,2000,100,20,13,18,94,1,random,mean,250
2026100811,4500,250,0.251041666667,-0.251041666667,0.250357142857,0,0.0108888888889,baseline,threshold,AI,6000,2000,100,20,13,18,94,1,random,mean,250
2026100812,4500,250,0.608333333333,0.183333333333,0.0979884292671,0.95,0.0215555555556,baseline,threshold,AI,6000,2000,100,20,13,18,94,1,random,mean,250
2026100813,4500,250,0.578802083333,0.25453125,0.0901583222155,1,0.00644444444444,baseline,threshold,AI,6000,2000,100,20,13,18,94,1,random,mean,250
2026100814,4500,250,0.502514583333,0.289152083333,0.105638435459,0.95,0.0164444444444,baseline,threshold,AI,6000,2000,100,20,13,18,94,1,random,mean,250
2026100815,4500,250,0.1845625,-0.1845625,0.245592408436,0,0.0566666666667,baseline,threshold,AI,6000,2000,100,20,13,18,94,1,random,mean,250
2026100816,4500,250,0.644791666667,0.188541666667,0.08099660917,1,0.0104444444444,baseline,threshold,AI,6000,2000,100,20,13,18,94,1,random,mean,250
2026100817,4500,250,0.401545833333,-0.1277125,0.249560884126,0.3286,0.0575555555556,baseline,threshold,AI,6000,2000,100,20,13,18,94,1,random,mean,250
2026100818,4500,250,0.568225,0.265108333333,0.0880023991632,1,0.0222222222222,baseline,threshold,AI,6000,2000,100,20,13,18,94,1,random,mean,250
2026100819,4500,250,0.231929166667,-0.231929166667,0.255860309332,0,0.0188888888889,baseline,threshold,AI,6000,2000,100,20,13,18,94,1,random,mean,250
2026100820,4500,250,0.583854166667,0.249479166667,0.0832633053221,1,0.00844444444444,baseline,threshold,AI,6000,2000,100,20,13,18,94,1,random,mean,250
2026100821,4500,250,0.575520833333,0.216145833333,0.099606092437,0.95,0.0175555555556,baseline,threshold,AI,6000,2000,100,20,13,18,94,1,random,mean,250
2026100822,4500,250,0.5375,0.254166666667,0.105854027004,0.95,0.0126666666667,baseline,threshold,AI,6000,2000,100,20,13,18,94,1,random,mean,250
2026100823,4500,250,0.5828125,0.250520833333,0.084435261708,1,0.024,baseline,threshold,AI,6000,2000,100,20,13,18,94,1,random,mean,250
2026100824,4500,250,0.540622916667,0.292710416667,0.0943234085899,1,0.0195555555556,baseline,threshold,AI,6000,2000,100,20,13,18,94,1,random,mean,250
2026100825,4500,250,0.491166666667,0.3005,0.111786029518,0.95,0.018,baseline,threshold,AI,6000,2000,100,20,13,18,94,1,random,mean,250
2026100826,4500,250,0.484754166667,0.291245833333,0.12064566209,0.9312,0.0311111111111,baseline,threshold,AI,6000,2000,100,20,13,18,94,1,random,mean,250
2026100827,4500,250,0.502604166667,0.247395833333,0.129526975684,0.9,0.0188888888889,baseline,threshold,AI,6000,2000,100,20,13,18,94,1,random,mean,250
2026100828,4500,250,0.577016666667,0.21465,0.0954366673095,0.95,0.0286666666667,baseline,threshold,AI,6000,2000,100,20,13,18,94,1,random,mean,250
2026100829,4500,250,0.571335416667,0.261997916667,0.0926647813021,1,0.0366666666667,baseline,threshold,AI,6000,2000,100,20,13,18,94,1,random,mean,250
2026100830,4500,250,0.506672916667,0.274327083333,0.107991619587,0.9372,0.0148888888889,baseline,threshold,AI,6000,2000,100,20,13,18,94,1,random,mean,250
2026100831,4500,250,0.5578125,0.233854166667,0.104889679348,0.95,0.0144444444444,baseline,threshold,AI,6000,2000,100,20,13,18,94,1,random,mean,250
2026100800,4750,250,0.551583333333,0.28175,0.096646768063,1,0.0174736842105,baseline,threshold,AI,6000,2000,100,20,13,18,94,1,random,mean,250
2026100801,4750,250,0.590535416667,0.159464583333,0.11502898858,0.9,0.0263157894737,baseline,threshold,AI,6000,2000,100,20,13,18,94,1,random,mean,250
2026100802,4750,250,0.558333333333,0.233333333333,0.111834830594,0.95,0.00821052631579,baseline,threshold,AI,6000,2000,100,20,13,18,94,1,random,mean,250
2026100803,4750,250,0.13174375,-0.09974375,0.256242497985,0.0384,0.0397894736842,baseline,threshold,AI,6000,2000,100,20,13,18,94,1,random,mean,250
2026100804,4750,250,0.5640625,0.227604166667,0.10176971556,0.95,0.0164210526316,baseline,threshold,AI,6000,2000,100,20,13,18,94,1,random,mean,250
2026100805,4750,250,0.249204166667,-0.249204166667,0.251917070423,0,0.0555789473684,baseline,threshold,AI,6000,2000,100,20,13,18,94,1,random,mean,250
2026100806,4750,250,0.5234375,0.309895833333,0.093129895188,1,0.0128421052632,baseline,threshold,AI,6000,2000,100,20,13,18,94,1,random,mean,250
2026100807,4750,250,0.496354166667,0.2953125,0.1065625,0.95,0.0235789473684,baseline,threshold,AI,6000,2000,100,20,13,18,94,1,random,mean,250
2026100808,4750,250,0.553125,0.280208333333,0.0954007928509,1,0.0218947368421,baseline,threshold,AI,6000,2000,100,20,13,18,94,1,random,mean,250
2026100809,4750,250,0.667941666667,0.165391666667,0.0703709111208,1,0.00884210526316,baseline,threshold,AI,6000,2000,100,20,13,18,94,1,random,mean,250
2026100810,4750,250,0.583854166667,0.249479166667,0.0841036414566,1,0.0149473684211,baseline,threshold,AI,6000,2000,100,20,13,18,94,1,random,mean,250
2026100811,4750,250,0.241508333333,-0.241508333333,0.254972801573,0,0.0111578947368,baseline,threshold,AI,6000,2000,100,20,13,18,94,1,random,mean,250
2026100812,4750,250,0.608333333333,0.183333333333,0.0979884292671,0.95,0.0204210526316,baseline,threshold,AI,6000,2000,100,20,13,18,94,1,random,mean,250
2026100813,4750,250,0.57664375,0.25385625,0.0916801285201,0.9966,0.00673684210526,baseline,threshold,AI,6000,2000,100,20,13,18,94,1,random,mean,250
2026100814,4750,250,0.515241666667,0.276425,0.0995874901243,0.95,0.0157894736842,baseline,threshold,AI,6000,2000,100,20,13,18,94,1,random,mean,250
2026100815,4750,250,0.176175,-0.176175,0.250415540733,0,0.0543157894737,baseline,threshold,AI,6000,2000,100,20,13,18,94,1,random,mean,250
2026100816,4750,250,0.644791666667,0.188541666667,0.08099660917,1,0.00989473684211,baseline,threshold,AI,6000,2000,100,20,13,18,94,1,random,mean,250
2026100817,4750,250,0.538895833333,0.172104166667,0.143185999389,0.8532,0.0581052631579,baseline,threshold,AI,6000,2000,100,20,13,18,94,1,random,mean,250
2026100818,4750,250,0.56761875,0.265714583333,0.0884069880754,1,0.0214736842105,baseline,threshold,AI,6000,2000,100,20,13,18,94,1,random,mean,250
2026100819,4750,250,0.231083333333,-0.231083333333,0.255707753375,0,0.0183157894737,baseline,threshold,AI,6000,2000,100,20,13,18,94,1,random,mean,250
2026100820,4750,250,0.584060416667,0.249272916667,0.0833190025163,1,0.00821052631579,baseline,threshold,AI,6000,2000,100,20,13,18,94,1,random,mean,250
2026100821,4750,250,0.575520833333,0.216145833333,0.099606092437,0.95,0.0168421052632,baseline,threshold,AI,6000,2000,100,20,13,18,94,1,random,mean,250
2026100822,4750,250,0.5375,0.254166666667,0.105854027004,0.95,0.012,baseline,threshold,AI,6000,2000,100,20,13,18,94,1,random,mean,250
2026100823,4750,250,0.5828125,0.250520833333,0.084435261708,1,0.0227368421053,baseline,threshold,AI,6000,2000,100,20,13,18,94,1,random,mean,250
2026100824,4750,250,0.534947916667,0.298385416667,0.094866366109,1,0.0187368421053,baseline,threshold,AI,6000,2000,100,20,13,18,94,1,random,mean,250
2026100825,4750,250,0.496875,0.294791666667,0.109173979942,0.95,0.0170526315789,baseline,threshold,AI,6000,2000,100,20,13,18,94,1,random,mean,250
2026100826,4750,250,0.222922916667,-0.10325625,0.259221207668,0.1436,0.0311578947368,baseline,threshold,AI,6000,2000,100,20,13,18,94,1,random,mean,250
2026100827,4750,250,0.49703125,0.23996875,0.125693113384,0.8844,0.0191578947368,baseline,threshold,AI,6000,2000,100,20,13,18,94,1,random,mean,250
2026100828,4750,250,0.577083333333,0.214583333333,0.0955081967213,0.95,0.0271578947368,baseline,threshold,AI,6000,2000,100,20,13,18,94,1,random,mean,250
2026100829,4750,250,0.575895833333,0.2574375,0.0899038366474,1,0.0353684210526,baseline,threshold,AI,6000,2000,100,20,13,18,94,1,random,mean,250
2026100830,4750,250,0.50625,0.285416666667,0.103138157895,0.95,0.0141052631579,baseline,threshold,AI,6000,2000,100,20,13,18,94,1,random,mean,250
2026100831,4750,250,0.553495833333,0.238170833333,0.107380542292,0.95,0.0138947368421,baseline,threshold,AI,6000,2000,100,20,13,18,94,1,random,mean,250
2026100800,5000,250,0.5766375,0.256695833333,0.0893848789704,1,0.017,baseline,threshold,AI,6000,2000,100,20,13,18,94,1,random,mean,250
2026100801,5000,250,0.593670833333,0.1706625,0.111218468104,0.9172,0.0252,baseline,threshold,AI,6000,2000,100,20,13,18,94,1,random,mean,250
2026100802,5000,250,0.577870833333,0.235629166667,0.0967451711147,0.9762,0.009,baseline,threshold,AI,6000,2000,100,20,13,18,94,1,random,mean,250
2026100803,5000,250,0.1234375,-0.1234375,0.274574840122,0,0.0378,baseline,threshold,AI,6000,2000,100,20,13,18,94,1,random,mean,250
2026100804,5000,250,0.565922916667,0.22574375,0.101450714953,0.95,0.0158,baseline,threshold,AI,6000,2000,100,20,13,18,94,1,random,mean,250
2026100805,5000,250,0.247241666667,-0.247241666667,0.25331140825,0,0.0532,baseline,threshold,AI,6000,2000,100,20,13,18,94,1,random,mean,250
2026100806,5000,250,0.524045833333,0.3092875,0.0917382699406,1,0.0124,baseline,threshold,AI,6000,2000,100,20,13,18,94,1,random,mean,250
2026100807,5000,250,0.496904166667,0.2947625,0.106345581466,0.95,0.0226,baseline,threshold,AI,6000,2000,100,20,13,18,94,1,random,mean,250
2026100808,5000,250,0.553125,0.280208333333,0.0954007928509,1,0.0208,baseline,threshold,AI,6000,2000,100,20,13,18,94,1,random,mean,250
2026100809,5000,250,0.668229166667,0.165104166667,0.070494757536,1,0.0088,baseline,threshold,AI,6000,2000,100,20,13,18,94,1,random,mean,250
2026100810,5000,250,0.5821,0.251233333333,0.0846703007153,1,0.0146,baseline,threshold,AI,6000,2000,100,20,13,18,94,1,random,mean,250
2026100811,5000,250,0.223072916667,-0.223072916667,0.264242162197,0,0.0112,baseline,threshold,AI,6000,2000,100,20,13,18,94,1,random,mean,250
2026100812,5000,250,0.608333333333,0.183333333333,0.0979884292671,0.95,0.0194,baseline,threshold,AI,6000,2000,100,20,13,18,94,1,random,mean,250
2026100813,5000,250,0.565833333333,0.2675,0.0935811931546,1,0.0066,baseline,threshold,AI,6000,2000,100,20,13,18,94,1,random,mean,250
2026100814,5000,250,0.4984375,0.293229166667,0.108214613971,0.95,0.0152,baseline,threshold,AI,6000,2000,100,20,13,18,94,1,random,mean,250
2026100815,5000,250,0.137360416667,-0.137360416667,0.264599306335,0,0.052,baseline,threshold,AI,6000,2000,100,20,13,18,94,1,random,mean,250
2026100816,5000,250,0.644791666667,0.188541666667,0.08099660917,1,0.0096,baseline,threshold,AI,6000,2000,100,20,13,18,94,1,random,mean,250
2026100817,5000,250,0.505260416667,0.09640625,0.167566660827,0.722,0.0586,baseline,threshold,AI,6000,2000,100,20,13,18,94,1,random,mean,250
2026100818,5000,250,0.56548125,0.267852083333,0.0902758367255,1,0.0212,baseline,threshold,AI,6000,2000,100,20,13,18,94,1,random,mean,250
2026100819,5000,250,0.223889583333,-0.223889583333,0.26048275726,0,0.0176,baseline,threshold,AI,6000,2000,100,20,13,18,94,1,random,mean,250
2026100820,5000,250,0.584375,0.248958333333,0.0834039548023,1,0.0078,baseline,threshold,AI,6000,2000,100,20,13,18,94,1,random,mean,250
2026100821,5000,250,0.575520833333,0.216145833333,0.099606092437,0.95,0.016,baseline,threshold,AI,6000,2000,100,20,13,18,94,1,random,mean,250
2026100822,5000,250,0.5375,0.254166666667,0.105854027004,0.95,0.0114,baseline,threshold,AI,6000,2000,100,20,13,18,94,1,random,mean,250
2026100823,5000,250,0.5828125,0.250520833333,0.084435261708,1,0.0216,baseline,threshold,AI,6000,2000,100,20,13,18,94,1,random,mean,250
2026100824,5000,250,0.535229166667,0.298104166667,0.0950471095929,1,0.018,baseline,threshold,AI,6000,2000,100,20,13,18,94,1,random,mean,250
2026100825,5000,250,0.4899375,0.301729166667,0.113935215647,0.95,0.0164,baseline,threshold,AI,6000,2000,100,20,13,18,94,1,random,mean,250
2026100826,5000,250,0.327391666667,-0.0135583333333,0.210660718938,0.3766,0.0314,baseline,threshold,AI,6000,2000,100,20,13,18,94,1,random,mean,250
2026100827,5000,250,0.49536875,0.24863125,0.116764504652,0.8928,0.0188,baseline,threshold,AI,6000,2000,100,20,13,18,94,1,random,mean,250
2026100828,5000,250,0.577083333333,0.214583333333,0.0955081967213,0.95,0.0258,baseline,threshold,AI,6000,2000,100,20,13,18,94,1,random,mean,250
2026100829,5000,250,0.564270833333,0.2690625,0.0920425903182,1,0.0338,baseline,threshold,AI,6000,2000,100,20,13,18,94,1,random,mean,250
2026100830,5000,250,0.505147916667,0.28651875,0.103251507169,0.95,0.0138,baseline,threshold,AI,6000,2000,100,20,13,18,94,1,random,mean,250
2026100831,5000,250,0.551708333333,0.239958333333,0.108424691721,0.95,0.0134,baseline,threshold,AI,6000,2000,100,20,13,18,94,1,random,mean,250
2026100800,5250,250,0.570975,0.262358333333,0.0898602436502,1,0.0165714285714,baseline,threshold,AI,6000,2000,100,20,13,18,94,1,random,mean,250
2026100801,5250,250,0.60093125,0.201235416667,0.105106337631,0.9626,0.0241904761905,baseline,threshold,AI,6000,2000,100,20,13,18,94,1,random,mean,250
2026100802,5250,250,0.599852083333,0.232147916667,0.0815469744612,0.9984,0.00933333333333,baseline,threshold,AI,6000,2000,100,20,13,18,94,1,random,mean,250
2026100803,5250,250,0.104827083333,-0.104827083333,0.271635976627,0,0.036380952381,baseline,threshold,AI,6000,2000,100,20,13,18,94,1,random,mean,250
2026100804,5250,250,0.573564583333,0.218102083333,0.100302413553,0.95,0.0152380952381,baseline,threshold,AI,6000,2000,100,20,13,18,94,1,random,mean,250
2026100805,5250,250,0.248066666667,-0.248066666667,0.251512842105,0,0.0510476190476,baseline,threshold,AI,6000,2000,100,20,13,18,94,1,random,mean,250
2026100806,5250,250,0.526397916667,0.306935416667,0.0886209984505,1,0.0121904761905,baseline,threshold,AI,6000,2000,100,20,13,18,94,1,random,mean,250
2026100807,5250,250,0.49828125,0.290885416667,0.106493525537,0.947,0.0217142857143,baseline,threshold,AI,6000,2000,100,20,13,18,94,1,random,mean,250
2026100808,5250,250,0.55356875,0.279764583333,0.0956997599307,1,0.0201904761905,baseline,threshold,AI,6000,2000,100,20,13,18,94,1,random,mean,250
2026100809,5250,250,0.668620833333,0.1647125,0.0706001601864,1,0.00857142857143,baseline,threshold,AI,6000,2000,100,20,13,18,94,1,random,mean,250
2026100810,5250,250,0.5735625,0.259770833333,0.0893372602264,1,0.0140952380952,baseline,threshold,AI,6000,2000,100,20,13,18,94,1,random,mean,250
2026100811,5250,250,0.3271,-0.0516,0.210003811641,0.3306,0.0110476190476,baseline,threshold,AI,6000,2000,100,20,13,18,94,1,random,mean,250
2026100812,5250,250,0.608333333333,0.183333333333,0.0979884292671,0.95,0.0184761904762,baseline,threshold,AI,6000,2000,100,20,13,18,94,1,random,mean,250
2026100813,5250,250,0.564583333333,0.26875,0.0935459149673,1,0.00628571428571,baseline,threshold,AI,6000,2000,100,20,13,18,94,1,random,mean,250
2026100814,5250,250,0.506316666667,0.26385,0.105244681069,0.9242,0.0150476190476,baseline,threshold,AI,6000,2000,100,20,13,18,94,1,random,mean,250
2026100815,5250,250,0.132291666667,-0.132291666667,0.264107142857,0,0.0495238095238,baseline,threshold,AI,6000,2000,100,20,13,18,94,1,random,mean,250
2026100816,5250,250,0.644585416667,0.188747916667,0.0810187940439,1,0.00933333333333,baseline,threshold,AI,6000,2000,100,20,13,18,94,1,random,mean,250
2026100817,5250,250,0.3302125,-0.243045833333,0.279925320421,0.1046,0.0580952380952,baseline,threshold,AI,6000,2000,100,20,13,18,94,1,random,mean,250
2026100818,5250,250,0.568854166667,0.264479166667,0.0893989713012,1,0.020380952381,baseline,threshold,AI,6000,2000,100,20,13,18,94,1,random,mean,250
2026100819,5250,250,0.222583333333,-0.222583333333,0.261337839909,0,0.0175238095238,baseline,threshold,AI,6000,2000,100,20,13,18,94,1,random,mean,250
2026100820,5250,250,0.584375,0.248958333333,0.0834039548023,1,0.00742857142857,baseline,threshold,AI,6000,2000,100,20,13,18,94,1,random,mean,250
2026100821,5250,250,0.574504166667,0.2171625,0.0991299204806,0.95,0.0154285714286,baseline,threshold,AI,6000,2000,100,20,13,18,94,1,random,mean,250
2026100822,5250,250,0.5375,0.254166666667,0.105854027004,0.95,0.0108571428571,baseline,threshold,AI,6000,2000,100,20,13,18,94,1,random,mean,250
2026100823,5250,250,0.5828125,0.250520833333,0.084435261708,1,0.0207619047619,baseline,threshold,AI,6000,2000,100,20,13,18,94,1,random,mean,250
2026100824,5250,250,0.535416666667,0.297916666667,0.0951676052488,1,0.0171428571429,baseline,threshold,AI,6000,2000,100,20,13,18,94,1,random,mean,250
2026100825,5250,250,0.4890625,0.302604166667,0.114535731862,0.95,0.015619047619,baseline,threshold,AI,6000,2000,100,20,13,18,94,1,random,mean,250
2026100826,5250,250,0.559883333333,0.263283333333,0.089511652125,0.9878,0.0314285714286,baseline,threshold,AI,6000,2000,100,20,13,18,94,1,random,mean,250
2026100827,5250,250,0.4859375,0.2640625,0.113738914517,0.9,0.0179047619048,baseline,threshold,AI,6000,2000,100,20,13,18,94,1,random,mean,250
2026100828,5250,250,0.577366666667,0.2143,0.0956484357576,0.95,0.0247619047619,baseline,threshold,AI,6000,2000,100,20,13,18,94,1,random,mean,250
2026100829,5250,250,0.557464583333,0.27586875,0.0939827929434,1,0.032380952381,baseline,threshold,AI,6000,2000,100,20,13,18,94,1,random,mean,250
2026100830,5250,250,0.500202083333,0.26713125,0.107396647675,0.9208,0.0137142857143,baseline,threshold,AI,6000,2000,100,20,13,18,94,1,random,mean,250
2026100831,5250,250,0.5436125,0.248054166667,0.112734310064,0.95,0.0131428571429,baseline,threshold,AI,6000,2000,100,20,13,18,94,1,random,mean,250
2026100800,5500,250,0.557414583333,0.27591875,0.0964179145768,1,0.0161818181818,baseline,threshold,AI,6000,2000,100,20,13,18,94,1,random,mean,250
2026100801,5500,250,0.608854166667,0.224479166667,0.0941287509368,1,0.0232727272727,baseline,threshold,AI,6000,2000,100,20,13,18,94,1,random,mean,250
2026100802,5500,250,0.580214583333,0.211452083333,0.103121986863,0.95,0.00927272727273,baseline,threshold,AI,6000,2000,100,20,13,18,94,1,random,mean,250
2026100803,5500,250,0.0770833333333,-0.0770833333333,0.262307829499,0,0.0347272727273,baseline,threshold,AI,6000,2000,100,20,13,18,94,1,random,mean,250
2026100804,5500,250,0.5703625,0.221304166667,0.102258728619,0.95,0.0147272727273,baseline,threshold,AI,6000,2000,100,20,13,18,94,1,random,mean,250
2026100805,5500,250,0.248570833333,-0.248570833333,0.252542419651,0,0.0492727272727,baseline,threshold,AI,6000,2000,100,20,13,18,94,1,random,mean,250
2026100806,5500,250,0.526041666667,0.307291666667,0.0885153870187,1,0.0116363636364,baseline,threshold,AI,6000,2000,100,20,13,18,94,1,random,mean,250
2026100807,5500,250,0.49688125,0.27011875,0.113185856317,0.9204,0.0216363636364,baseline,threshold,AI,6000,2000,100,20,13,18,94,1,random,mean,250
2026100808,5500,250,0.566185416667,0.267147916667,0.0896265118195,1,0.0198181818182,baseline,threshold,AI,6000,2000,100,20,13,18,94,1,random,mean,250
2026100809,5500,250,0.662035416667,0.171297916667,0.0747442450813,1,0.00872727272727,baseline,threshold,AI,6000,2000,100,20,13,18,94,1,random,mean,250
2026100810,5500,250,0.583854166667,0.249479166667,0.0841036414566,1,0.0134545454545,baseline,threshold,AI,6000,2000,100,20,13,18,94,1,random,mean,250
2026100811,5500,250,0.507483333333,0.145683333333,0.151859910171,0.7838,0.014,baseline,threshold,AI,6000,2000,100,20,13,18,94,1,random,mean,250
2026100812,5500,250,0.608333333333,0.183333333333,0.0979884292671,0.95,0.0176363636364,baseline,threshold,AI,6000,2000,100,20,13,18,94,1,random,mean,250
2026100813,5500,250,0.55815,0.275183333333,0.100468221338,1,0.00672727272727,baseline,threshold,AI,6000,2000,100,20,13,18,94,1,random,mean,250
2026100814,5500,250,0.507747916667,0.28391875,0.103790318458,0.95,0.0149090909091,baseline,threshold,AI,6000,2000,100,20,13,18,94,1,random,mean,250
2026100815,5500,250,0.148258333333,-0.148258333333,0.255024329932,0,0.0478181818182,baseline,threshold,AI,6000,2000,100,20,13,18,94,1,random,mean,250
2026100816,5500,250,0.644270833333,0.1890625,0.0810526315789,1,0.00890909090909,baseline,threshold,AI,6000,2000,100,20,13,18,94,1,random,mean,250
2026100817,5500,250,0.278647916667,-0.276814583333,0.28742214354,0.0022,0.056,baseline,threshold,AI,6000,2000,100,20,13,18,94,1,random,mean,250
2026100818,5500,250,0.5703125,0.263020833333,0.0895552790788,1,0.0194545454545,baseline,threshold,AI,6000,2000,100,20,13,18,94,1,random,mean,250
2026100819,5500,250,0.228645833333,-0.228645833333,0.25737978238,0,0.0167272727273,baseline,threshold,AI,6000,2000,100,20,13,18,94,1,random,mean,250
2026100820,5500,250,0.584375,0.248958333333,0.0834039548023,1,0.00709090909091,baseline,threshold,AI,6000,2000,100,20,13,18,94,1,random,mean,250
2026100821,5500,250,0.574479166667,0.2171875,0.0991182113341,0.95,0.0147272727273,baseline,threshold,AI,6000,2000,100,20,13,18,94,1,random,mean,250
2026100822,5500,250,0.5375,0.254166666667,0.105854027004,0.95,0.0103636363636,baseline,threshold,AI,6000,2000,100,20,13,18,94,1,random,mean,250
2026100823,5500,250,0.5828125,0.250520833333,0.084435261708,1,0.0198181818182,baseline,threshold,AI,6000,2000,100,20,13,18,94,1,random,mean,250
2026100824,5500,250,0.535416666667,0.297916666667,0.0951676052488,1,0.0165454545455,baseline,threshold,AI,6000,2000,100,20,13,18,94,1,random,mean,250
2026100825,5500,250,0.4890625,0.302604166667,0.114535731862,0.95,0.0149090909091,baseline,threshold,AI,6000,2000,100,20,13,18,94,1,random,mean,250
2026100826,5500,250,0.553335416667,0.18483125,0.137869802423,0.8858,0.0327272727273,baseline,threshold,AI,6000,2000,100,20,13,18,94,1,random,mean,250
2026100827,5500,250,0.488604166667,0.2590625,0.115490630989,0.8972,0.0174545454545,baseline,threshold,AI,6000,2000,100,20,13,18,94,1,random,mean,250
2026100828,5500,250,0.5777625,0.242904166667,0.0892070832082,0.9848,0.0238181818182,baseline,threshold,AI,6000,2000,100,20,13,18,94,1,random,mean,250
2026100829,5500,250,0.563164583333,0.27016875,0.0912631336988,1,0.0310909090909,baseline,threshold,AI,6000,2000,100,20,13,18,94,1,random,mean,250
2026100830,5500,250,0.502604166667,0.2890625,0.100258238541,0.95,0.0130909090909,baseline,threshold,AI,6000,2000,100,20,13,18,94,1,random,mean,250
2026100831,5500,250,0.550520833333,0.241145833333,0.109097218105,0.95,0.0125454545455,baseline,threshold,AI,6000,2000,100,20,13,18,94,1,random,mean,250
2026100800,5750,250,0.545345833333,0.2879875,0.092030187854,1,0.0158260869565,baseline,threshold,AI,6000,2000,100,20,13,18,94,1,random,mean,250
2026100801,5750,250,0.608854166667,0.224479166667,0.0941287509368,1,0.0222608695652,baseline,threshold,AI,6000,2000,100,20,13,18,94,1,random,mean,250
2026100802,5750,250,0.579166666667,0.2125,0.106343549537,0.95,0.00886956521739,baseline,threshold,AI,6000,2000,100,20,13,18,94,1,random,mean,250
2026100803,5750,250,0.0770833333333,-0.0770833333333,0.262307829499,0,0.0332173913043,baseline,threshold,AI,6000,2000,100,20,13,18,94,1,random,mean,250
2026100804,5750,250,0.570833333333,0.220833333333,0.102830646986,0.95,0.0142608695652,baseline,threshold,AI,6000,2000,100,20,13,18,94,1,random,mean,250
2026100805,5750,250,0.248329166667,-0.248329166667,0.252364968669,0,0.0473043478261,baseline,threshold,AI,6000,2000,100,20,13,18,94,1,random,mean,250
2026100806,5750,250,0.526041666667,0.307291666667,0.0885153870187,1,0.0111304347826,baseline,threshold,AI,6000,2000,100,20,13,18,94,1,random,mean,250
2026100807,5750,250,0.499233333333,0.2796,0.110461869294,0.9346,0.0212173913043,baseline,threshold,AI,6000,2000,100,20,13,18,94,1,random,mean,250
2026100808,5750,250,0.5700125,0.263320833333,0.0891137853949,1,0.0193043478261,baseline,threshold,AI,6000,2000,100,20,13,18,94,1,random,mean,250
2026100809,5750,250,0.656472916667,0.176860416667,0.0778138116308,1,0.00852173913043,baseline,threshold,AI,6000,2000,100,20,13,18,94,1,random,mean,250
2026100810,5750,250,0.583854166667,0.249479166667,0.0841036414566,1,0.0130434782609,baseline,threshold,AI,6000,2000,100,20,13,18,94,1,random,mean,250
2026100811,5750,250,0.68359375,0.11640625,0.0985756489618,0.96,0.0153043478261,baseline,threshold,AI,6000,2000,100,20,13,18,94,1,random,mean,250
2026100812,5750,250,0.608333333333,0.183333333333,0.0979884292671,0.95,0.0168695652174,baseline,threshold,AI,6000,2000,100,20,13,18,94,1,random,mean,250
2026100813,5750,250,0.574552083333,0.25878125,0.0896388217381,1,0.00695652173913,baseline,threshold,AI,6000,2000,100,20,13,18,94,1,random,mean,250
2026100814,5750,250,0.5075875,0.284079166667,0.104004731266,0.95,0.0144347826087,baseline,threshold,AI,6000,2000,100,20,13,18,94,1,random,mean,250
2026100815,5750,250,0.153645833333,-0.153645833333,0.252434473972,0,0.0457391304348,baseline,threshold,AI,6000,2000,100,20,13,18,94,1,random,mean,250
2026100816,5750,250,0.61808125,0.17191875,0.1037549966,0.948,0.00886956521739,baseline,threshold,AI,6000,2000,100,20,13,18,94,1,random,mean,250
2026100817,5750,250,0.280697916667,-0.280697916667,0.280561060682,0,0.0537391304348,baseline,threshold,AI,6000,2000,100,20,13,18,94,1,random,mean,250
2026100818,5750,250,0.570177083333,0.26315625,0.0894592376756,1,0.0189565217391,baseline,threshold,AI,6000,2000,100,20,13,18,94,1,random,mean,250
2026100819,5750,250,0.339385416667,-0.0985520833333,0.223430126969,0.289,0.016347826087,baseline,threshold,AI,6000,2000,100,20,13,18,94,1,random,mean,250
2026100820,5750,250,0.584375,0.248958333333,0.0834039548023,1,0.00695652173913,baseline,threshold,AI,6000,2000,100,20,13,18,94,1,random,mean,250
2026100821,5750,250,0.574479166667,0.2171875,0.0991182113341,0.95,0.0140869565217,baseline,threshold,AI,6000,2000,100,20,13,18,94,1,random,mean,250
2026100822,5750,250,0.527675,0.230158333333,0.114682964664,0.9094,0.0107826086957,baseline,threshold,AI,6000,2000,100,20,13,18,94,1,random,mean,250
2026100823,5750,250,0.5828125,0.250520833333,0.084435261708,1,0.0189565217391,baseline,threshold,AI,6000,2000,100,20,13,18,94,1,random,mean,250
2026100824,5750,250,0.535416666667,0.297916666667,0.0951676052488,1,0.0161739130435,baseline,threshold,AI,6000,2000,100,20,13,18,94,1,random,mean,250
2026100825,5750,250,0.492416666667,0.29925,0.110626846783,0.95,0.0144347826087,baseline,threshold,AI,6000,2000,100,20,13,18,94,1,random,mean,250
2026100826,5750,250,0.551333333333,0.251166666667,0.107956180021,0.963,0.0314782608696,baseline,threshold,AI,6000,2000,100,20,13,18,94,1,random,mean,250
2026100827,5750,250,0.4928625,0.234470833333,0.125485913928,0.8728,0.0168695652174,baseline,threshold,AI,6000,2000,100,20,13,18,94,1,random,mean,250
2026100828,5750,250,0.577604166667,0.255729166667,0.0862296747967,1,0.0227826086957,baseline,threshold,AI,6000,2000,100,20,13,18,94,1,random,mean,250
2026100829,5750,250,0.559245833333,0.2740875,0.0932781943042,1,0.0300869565217,baseline,threshold,AI,6000,2000,100,20,13,18,94,1,random,mean,250
2026100830,5750,250,0.501566666667,0.312766666667,0.0968307994305,0.9772,0.0130434782609,baseline,threshold,AI,6000,2000,100,20,13,18,94,1,random,mean,250
2026100831,5750,250,0.550520833333,0.241145833333,0.109097218105,0.95,0.012,baseline,threshold,AI,6000,2000,100,20,13,18,94,1,random,mean,250
2026100800,6000,250,0.518875,0.276125,0.100463672041,0.954,0.0155,baseline,threshold,AI,6000,2000,100,20,13,18,94,1,random,mean,250
2026100801,6000,250,0.608854166667,0.224479166667,0.0941287509368,1,0.0213333333333,baseline,threshold,AI,6000,2000,100,20,13,18,94,1,random,mean,250
2026100802,6000,250,0.579166666667,0.2125,0.106343549537,0.95,0.0085,baseline,threshold,AI,6000,2000,100,20,13,18,94,1,random,mean,250
2026100803,6000,250,0.0770833333333,-0.0770833333333,0.262307829499,0,0.0318333333333,baseline,threshold,AI,6000,2000,100,20,13,18,94,1,random,mean,250
2026100804,6000,250,0.570314583333,0.221352083333,0.10301129961,0.95,0.0141666666667,baseline,threshold,AI,6000,2000,100,20,13,18,94,1,random,mean,250
2026100805,6000,250,0.247395833333,-0.247395833333,0.252597402597,0,0.0453333333333,baseline,threshold,AI,6000,2000,100,20,13,18,94,1,random,mean,250
2026100806,6000,250,0.51990625,0.313427083333,0.0919380368744,1,0.0111666666667,baseline,threshold,AI,6000,2000,100,20,13,18,94,1,random,mean,250
2026100807,6000,250,0.498135416667,0.29403125,0.104493605576,0.9506,0.0206666666667,baseline,threshold,AI,6000,2000,100,20,13,18,94,1,random,mean,250
2026100808,6000,250,0.563064583333,0.27026875,0.0903461649252,1,0.019,baseline,threshold,AI,6000,2000,100,20,13,18,94,1,random,mean,250
2026100809,6000,250,0.664572916667,0.168760416667,0.072838484582,1,0.0085,baseline,threshold,AI,6000,2000,100,20,13,18,94,1,random,mean,250
2026100810,6000,250,0.58385,0.249483333333,0.0841041414913,1,0.0128333333333,baseline,threshold,AI,6000,2000,100,20,13,18,94,1,random,mean,250
2026100811,6000,250,0.689016666667,0.144316666667,0.0882569689591,1,0.0151666666667,baseline,threshold,AI,6000,2000,100,20,13,18,94,1,random,mean,250
2026100812,6000,250,0.608333333333,0.183333333333,0.0979884292671,0.95,0.0161666666667,baseline,threshold,AI,6000,2000,100,20,13,18,94,1,random,mean,250
2026100813,6000,250,0.569270833333,0.2640625,0.0884493908858,1,0.00666666666667,baseline,threshold,AI,6000,2000,100,20,13,18,94,1,random,mean,250
2026100814,6000,250,0.5078125,0.283854166667,0.104239854634,0.95,0.0138333333333,baseline,threshold,AI,6000,2000,100,20,13,18,94,1,random,mean,250
2026100815,6000,250,0.1470375,-0.1470375,0.256007668518,0,0.044,baseline,threshold,AI,6000,2000,100,20,13,18,94,1,random,mean,250
2026100816,6000,250,0.6,0.15,0.113203367302,0.9,0.0085,baseline,threshold,AI,6000,2000,100,20,13,18,94,1,random,mean,250
2026100817,6000,250,0.363483333333,-0.190816666667,0.242160768702,0.2072,0.053,baseline,threshold,AI,6000,2000,100,20,13,18,94,1,random,mean,250
2026100818,6000,250,0.572864583333,0.26046875,0.0892749443794,1,0.0183333333333,baseline,threshold,AI,6000,2000,100,20,13,18,94,1,random,mean,250
2026100819,6000,250,0.234958333333,-0.234958333333,0.261788531793,0,0.0158333333333,baseline,threshold,AI,6000,2000,100,20,13,18,94,1,random,mean,250
2026100820,6000,250,0.584375,0.248958333333,0.0834039548023,1,0.00666666666667,baseline,threshold,AI,6000,2000,100,20,13,18,94,1,random,mean,250
2026100821,6000,250,0.574479166667,0.2171875,0.0991182113341,0.95,0.0135,baseline,threshold,AI,6000,2000,100,20,13,18,94,1,random,mean,250
2026100822,6000,250,0.508854166667,0.2828125,0.11271978497,0.95,0.0103333333333,baseline,threshold,AI,6000,2000,100,20,13,18,94,1,random,mean,250
2026100823,6000,250,0.5828125,0.250520833333,0.084435261708,1,0.0181666666667,baseline,threshold,AI,6000,2000,100,20,13,18,94,1,random,mean,250
2026100824,6000,250,0.536529166667,0.296804166667,0.095176133062,1,0.0158333333333,baseline,threshold,AI,6000,2000,100,20,13,18,94,1,random,mean,250
2026100825,6000,250,0.492708333333,0.298958333333,0.110286943733,0.95,0.0138333333333,baseline,threshold,AI,6000,2000,100,20,13,18,94,1,random,mean,250
2026100826,6000,250,0.552797916667,0.250535416667,0.105450342645,0.964,0.0306666666667,baseline,threshold,AI,6000,2000,100,20,13,18,94,1,random,mean,250
2026100827,6000,250,0.497295833333,0.2520375,0.12001843548,0.8992,0.0163333333333,baseline,threshold,AI,6000,2000,100,20,13,18,94,1,random,mean,250
2026100828,6000,250,0.581354166667,0.251979166667,0.0847773280044,1,0.0221666666667,baseline,threshold,AI,6000,2000,100,20,13,18,94,1,random,mean,250
2026100829,6000,250,0.570766666667,0.262566666667,0.0907405634991,1,0.029,baseline,threshold,AI,6000,2000,100,20,13,18,94,1,random,mean,250
2026100830,6000,250,0.5,0.333333333333,0.0937490462675,1,0.0125,baseline,threshold,AI,6000,2000,100,20,13,18,94,1,random,mean,250
2026100831,6000,250,0.55024375,0.241422916667,0.109113917321,0.95,0.0118333333333,baseline,threshold,AI,6000,2000,100,20,13,18,94,1,random,mean,250
