seed,step,window_steps,group_relative_contribution,surplus,gini,success,acceptance_rate,experiment,game,treatment,steps,burn_in,thin,rounds,levels,beta,gamma,selection,initial,signal,diagnostic_every
2026090700,250,250,0.476266666667,1.04778666667,0.0523587808585,,0.12,longer,linear,FE,12000,8000,100,20,13,0,14,1,random,mean,250
2026090701,250,250,0.6397,1.40734,0.049456224921,,0.088,longer,linear,FE,12000,8000,100,20,13,0,14,1,random,mean,250
2026090702,250,250,0.534995833333,1.17699083333,0.0557962349238,,0.272,longer,linear,FE,12000,8000,100,20,13,0,14,1,random,mean,250
2026090703,250,250,0.489239583333,1.07632708333,0.0505438626302,,0.196,longer,linear,FE,12000,8000,100,20,13,0,14,1,random,mean,250
2026090704,250,250,0.6106375,1.3434025,0.042842103817,,0.084,longer,linear,FE,12000,8000,100,20,13,0,14,1,random,mean,250
2026090705,250,250,0.463997916667,1.02079541667,0.0575152738929,,0.34,longer,linear,FE,12000,8000,100,20,13,0,14,1,random,mean,250
2026090706,250,250,0.62034375,1.36475625,0.0492721999112,,0.12,longer,linear,FE,12000,8000,100,20,13,0,14,1,random,mean,250
2026090707,250,250,0.6632875,1.4592325,0.0480697483242,,0.02,longer,linear,FE,12000,8000,100,20,13,0,14,1,random,mean,250
2026090708,250,250,0.494939583333,1.08886708333,0.0613706496643,,0.348,longer,linear,FE,12000,8000,100,20,13,0,14,1,random,mean,250
2026090709,250,250,0.577233333333,1.26991333333,0.0480633044615,,0.072,longer,linear,FE,12000,8000,100,20,13,0,14,1,random,mean,250
2026090710,250,250,0.5772125,1.2698675,0.0524950021482,,0.192,longer,linear,FE,12000,8000,100,20,13,0,14,1,random,mean,250
2026090711,250,250,0.506589583333,1.11449708333,0.0570934622861,,0.192,longer,linear,FE,12000,8000,100,20,13,0,14,1,random,mean,250
2026090712,250,250,0.553060416667,1.21673291667,0.0563364391646,,0.196,longer,linear,FE,12000,8000,100,20,13,0,14,1,random,mean,250
2026090713,250,250,0.489933333333,1.07785333333,0.0531429443189,,0.32,longer,linear,FE,12000,8000,100,20,13,0,14,1,random,mean,250
2026090714,250,250,0.5023625,1.1051975,0.0528966059074,,0.272,longer,linear,FE,12000,8000,100,20,13,0,14,1,random,mean,250
2026090715,250,250,0.56146875,1.23523125,0.0464675324644,,0.236,longer,linear,FE,12000,8000,100,20,13,0,14,1,random,mean,250
2026090700,500,250,0.703320833333,1.54730583333,0.0462339963183,,0.108,longer,linear,FE,12000,8000,100,20,13,0,14,1,random,mean,250
2026090701,500,250,0.561752083333,1.23585458333,0.0501573983334,,0.164,longer,linear,FE,12000,8000,100,20,13,0,14,1,random,mean,250
2026090702,500,250,0.495635416667,1.09039791667,0.056943768241,,0.218,longer,linear,FE,12000,8000,100,20,13,0,14,1,random,mean,250
2026090703,500,250,0.5308,1.16776,0.0493616951813,,0.152,longer,linear,FE,12000,8000,100,20,13,0,14,1,random,mean,250
2026090704,500,250,0.622875,1.370325,0.0339409141099,,0.07,longer,linear,FE,12000,8000,100,20,13,0,14,1,random,mean,250
2026090705,500,250,0.634014583333,1.39483208333,0.0585417255029,,0.226,longer,linear,FE,12000,8000,100,20,13,0,14,1,random,mean,250
2026090706,500,250,0.7078125,1.5571875,0.0440511849028,,0.06,longer,linear,FE,12000,8000,100,20,13,0,14,1,random,mean,250
2026090707,500,250,0.533739583333,1.17422708333,0.0567412451353,,0.136,longer,linear,FE,12000,8000,100,20,13,0,14,1,random,mean,250
2026090708,500,250,0.548879166667,1.20753416667,0.0567499402863,,0.286,longer,linear,FE,12000,8000,100,20,13,0,14,1,random,mean,250
2026090709,500,250,0.666835416667,1.46703791667,0.0221973974328,,0.042,longer,linear,FE,12000,8000,100,20,13,0,14,1,random,mean,250
2026090710,500,250,0.5849125,1.2868075,0.0373867735288,,0.13,longer,linear,FE,12000,8000,100,20,13,0,14,1,random,mean,250
2026090711,500,250,0.523339583333,1.15134708333,0.0550780575937,,0.212,longer,linear,FE,12000,8000,100,20,13,0,14,1,random,mean,250
2026090712,500,250,0.588622916667,1.29497041667,0.0446349618103,,0.194,longer,linear,FE,12000,8000,100,20,13,0,14,1,random,mean,250
2026090713,500,250,0.55231875,1.21510125,0.054442779001,,0.288,longer,linear,FE,12000,8000,100,20,13,0,14,1,random,mean,250
2026090714,500,250,0.674752083333,1.48445458333,0.0520714667975,,0.142,longer,linear,FE,12000,8000,100,20,13,0,14,1,random,mean,250
2026090715,500,250,0.62815625,1.38194375,0.0403352047118,,0.182,longer,linear,FE,12000,8000,100,20,13,0,14,1,random,mean,250
2026090700,750,250,0.8301125,1.8262475,0.0231897073827,,0.08,longer,linear,FE,12000,8000,100,20,13,0,14,1,random,mean,250
2026090701,750,250,0.54371875,1.19618125,0.0578263803734,,0.173333333333,longer,linear,FE,12000,8000,100,20,13,0,14,1,random,mean,250
2026090702,750,250,0.615470833333,1.35403583333,0.0448617065925,,0.196,longer,linear,FE,12000,8000,100,20,13,0,14,1,random,mean,250
2026090703,750,250,0.60054375,1.32119625,0.0573959211357,,0.164,longer,linear,FE,12000,8000,100,20,13,0,14,1,random,mean,250
2026090704,750,250,0.534035416667,1.17487791667,0.0582180148043,,0.152,longer,linear,FE,12000,8000,100,20,13,0,14,1,random,mean,250
2026090705,750,250,0.500654166667,1.10143916667,0.0577715443043,,0.216,longer,linear,FE,12000,8000,100,20,13,0,14,1,random,mean,250
2026090706,750,250,0.697045833333,1.53350083333,0.0411677449542,,0.0413333333333,longer,linear,FE,12000,8000,100,20,13,0,14,1,random,mean,250
2026090707,750,250,0.686564583333,1.51044208333,0.0243080691577,,0.101333333333,longer,linear,FE,12000,8000,100,20,13,0,14,1,random,mean,250
2026090708,750,250,0.593829166667,1.30642416667,0.0531031425401,,0.272,longer,linear,FE,12000,8000,100,20,13,0,14,1,random,mean,250
2026090709,750,250,0.632691666667,1.39192166667,0.0269239032355,,0.0466666666667,longer,linear,FE,12000,8000,100,20,13,0,14,1,random,mean,250
2026090710,750,250,0.680085416667,1.49618791667,0.0316957301091,,0.0946666666667,longer,linear,FE,12000,8000,100,20,13,0,14,1,random,mean,250
2026090711,750,250,0.566716666667,1.24677666667,0.0506233077048,,0.173333333333,longer,linear,FE,12000,8000,100,20,13,0,14,1,random,mean,250
2026090712,750,250,0.551189583333,1.21261708333,0.0480810635273,,0.181333333333,longer,linear,FE,12000,8000,100,20,13,0,14,1,random,mean,250
2026090713,750,250,0.541016666667,1.19023666667,0.0502436907144,,0.284,longer,linear,FE,12000,8000,100,20,13,0,14,1,random,mean,250
2026090714,750,250,0.5918,1.30196,0.0527086516578,,0.173333333333,longer,linear,FE,12000,8000,100,20,13,0,14,1,random,mean,250
2026090715,750,250,0.714297916667,1.57145541667,0.0253011509795,,0.122666666667,longer,linear,FE,12000,8000,100,20,13,0,14,1,random,mean,250
2026090700,1000,250,0.848475,1.866645,0.020425342353,,0.064,longer,linear,FE,12000,8000,100,20,13,0,14,1,random,mean,250
2026090701,1000,250,0.514283333333,1.13142333333,0.0518869990224,,0.215,longer,linear,FE,12000,8000,100,20,13,0,14,1,random,mean,250
2026090702,1000,250,0.581283333333,1.27882333333,0.0541805446476,,0.188,longer,linear,FE,12000,8000,100,20,13,0,14,1,random,mean,250
2026090703,1000,250,0.56234375,1.23715625,0.0501279393149,,0.176,longer,linear,FE,12000,8000,100,20,13,0,14,1,random,mean,250
2026090704,1000,250,0.543089583333,1.19479708333,0.0612709104307,,0.186,longer,linear,FE,12000,8000,100,20,13,0,14,1,random,mean,250
2026090705,1000,250,0.55485,1.22067,0.0596181664027,,0.215,longer,linear,FE,12000,8000,100,20,13,0,14,1,random,mean,250
2026090706,1000,250,0.672395833333,1.47927083333,0.034566185072,,0.031,longer,linear,FE,12000,8000,100,20,13,0,14,1,random,mean,250
2026090707,1000,250,0.731545833333,1.60940083333,0.0102285211348,,0.077,longer,linear,FE,12000,8000,100,20,13,0,14,1,random,mean,250
2026090708,1000,250,0.585460416667,1.28801291667,0.0457183811571,,0.261,longer,linear,FE,12000,8000,100,20,13,0,14,1,random,mean,250
2026090709,1000,250,0.51935625,1.14258375,0.0552295982228,,0.124,longer,linear,FE,12000,8000,100,20,13,0,14,1,random,mean,250
2026090710,1000,250,0.77365625,1.70204375,0.0256874833787,,0.081,longer,linear,FE,12000,8000,100,20,13,0,14,1,random,mean,250
2026090711,1000,250,0.660766666667,1.45368666667,0.043289597881,,0.137,longer,linear,FE,12000,8000,100,20,13,0,14,1,random,mean,250
2026090712,1000,250,0.679966666667,1.49592666667,0.0355943988145,,0.159,longer,linear,FE,12000,8000,100,20,13,0,14,1,random,mean,250
2026090713,1000,250,0.548422916667,1.20653041667,0.0505869522466,,0.288,longer,linear,FE,12000,8000,100,20,13,0,14,1,random,mean,250
2026090714,1000,250,0.565222916667,1.24349041667,0.0491867068939,,0.192,longer,linear,FE,12000,8000,100,20,13,0,14,1,random,mean,250
2026090715,1000,250,0.715625,1.574375,0.0248713337215,,0.092,longer,linear,FE,12000,8000,100,20,13,0,14,1,random,mean,250
2026090700,1250,250,0.871354166667,1.91697916667,0.0213801022722,,0.052,longer,linear,FE,12000,8000,100,20,13,0,14,1,random,mean,250
2026090701,1250,250,0.53215,1.17073,0.0494346332282,,0.2216,longer,linear,FE,12000,8000,100,20,13,0,14,1,random,mean,250
2026090702,1250,250,0.5289875,1.1637725,0.0553008197335,,0.2048,longer,linear,FE,12000,8000,100,20,13,0,14,1,random,mean,250
2026090703,1250,250,0.561045833333,1.23430083333,0.0504240239832,,0.1864,longer,linear,FE,12000,8000,100,20,13,0,14,1,random,mean,250
2026090704,1250,250,0.5828125,1.2821875,0.0557175117349,,0.204,longer,linear,FE,12000,8000,100,20,13,0,14,1,random,mean,250
2026090705,1250,250,0.5243625,1.1535975,0.052560669238,,0.2232,longer,linear,FE,12000,8000,100,20,13,0,14,1,random,mean,250
2026090706,1250,250,0.672395833333,1.47927083333,0.034566185072,,0.0248,longer,linear,FE,12000,8000,100,20,13,0,14,1,random,mean,250
2026090707,1250,250,0.7390125,1.6258275,0.0100445106624,,0.0624,longer,linear,FE,12000,8000,100,20,13,0,14,1,random,mean,250
2026090708,1250,250,0.69163125,1.52158875,0.0330961138319,,0.2312,longer,linear,FE,12000,8000,100,20,13,0,14,1,random,mean,250
2026090709,1250,250,0.6196125,1.3631475,0.0473931234222,,0.148,longer,linear,FE,12000,8000,100,20,13,0,14,1,random,mean,250
2026090710,1250,250,0.78876875,1.73529125,0.0246123611458,,0.0672,longer,linear,FE,12000,8000,100,20,13,0,14,1,random,mean,250
2026090711,1250,250,0.5573625,1.2261975,0.0542453898573,,0.1496,longer,linear,FE,12000,8000,100,20,13,0,14,1,random,mean,250
2026090712,1250,250,0.595758333333,1.31066833333,0.0542353473065,,0.16,longer,linear,FE,12000,8000,100,20,13,0,14,1,random,mean,250
2026090713,1250,250,0.7727,1.69994,0.0317572742387,,0.2312,longer,linear,FE,12000,8000,100,20,13,0,14,1,random,mean,250
2026090714,1250,250,0.63184375,1.39005625,0.0313566549782,,0.168,longer,linear,FE,12000,8000,100,20,13,0,14,1,random,mean,250
2026090715,1250,250,0.72175,1.58785,0.023331854817,,0.0744,longer,linear,FE,12000,8000,100,20,13,0,14,1,random,mean,250
2026090700,1500,250,0.847916666667,1.86541666667,0.0223941772595,,0.044,longer,linear,FE,12000,8000,100,20,13,0,14,1,random,mean,250
2026090701,1500,250,0.61881875,1.36140125,0.0500592771775,,0.22,longer,linear,FE,12000,8000,100,20,13,0,14,1,random,mean,250
2026090702,1500,250,0.5461625,1.2015575,0.0523394654844,,0.208,longer,linear,FE,12000,8000,100,20,13,0,14,1,random,mean,250
2026090703,1500,250,0.594395833333,1.30767083333,0.0475695608727,,0.174666666667,longer,linear,FE,12000,8000,100,20,13,0,14,1,random,mean,250
2026090704,1500,250,0.54235,1.19317,0.04841233366,,0.203333333333,longer,linear,FE,12000,8000,100,20,13,0,14,1,random,mean,250
2026090705,1500,250,0.5481875,1.2060125,0.0514566312487,,0.218,longer,linear,FE,12000,8000,100,20,13,0,14,1,random,mean,250
2026090706,1500,250,0.672395833333,1.47927083333,0.034566185072,,0.0206666666667,longer,linear,FE,12000,8000,100,20,13,0,14,1,random,mean,250
2026090707,1500,250,0.738577083333,1.62486958333,0.00922562143829,,0.0533333333333,longer,linear,FE,12000,8000,100,20,13,0,14,1,random,mean,250
2026090708,1500,250,0.7336875,1.6141125,0.0306157638692,,0.194,longer,linear,FE,12000,8000,100,20,13,0,14,1,random,mean,250
2026090709,1500,250,0.54378125,1.19631875,0.0524955621346,,0.166666666667,longer,linear,FE,12000,8000,100,20,13,0,14,1,random,mean,250
2026090710,1500,250,0.783079166667,1.72277416667,0.0231002309314,,0.0566666666667,longer,linear,FE,12000,8000,100,20,13,0,14,1,random,mean,250
2026090711,1500,250,0.620254166667,1.36455916667,0.0475468976669,,0.143333333333,longer,linear,FE,12000,8000,100,20,13,0,14,1,random,mean,250
2026090712,1500,250,0.58320625,1.28305375,0.0559143687911,,0.142666666667,longer,linear,FE,12000,8000,100,20,13,0,14,1,random,mean,250
2026090713,1500,250,0.75896875,1.66973125,0.0287406293685,,0.194,longer,linear,FE,12000,8000,100,20,13,0,14,1,random,mean,250
2026090714,1500,250,0.6555875,1.4422925,0.0203420737119,,0.142,longer,linear,FE,12000,8000,100,20,13,0,14,1,random,mean,250
2026090715,1500,250,0.706710416667,1.55476291667,0.0292253090793,,0.0673333333333,longer,linear,FE,12000,8000,100,20,13,0,14,1,random,mean,250
2026090700,1750,250,0.8453125,1.8596875,0.0225068522581,,0.0377142857143,longer,linear,FE,12000,8000,100,20,13,0,14,1,random,mean,250
2026090701,1750,250,0.8296875,1.8253125,0.0272662158209,,0.188571428571,longer,linear,FE,12000,8000,100,20,13,0,14,1,random,mean,250
2026090702,1750,250,0.519402083333,1.14268458333,0.0552275119295,,0.213714285714,longer,linear,FE,12000,8000,100,20,13,0,14,1,random,mean,250
2026090703,1750,250,0.575995833333,1.26719083333,0.0455083979478,,0.179428571429,longer,linear,FE,12000,8000,100,20,13,0,14,1,random,mean,250
2026090704,1750,250,0.482904166667,1.06238916667,0.060105382713,,0.218285714286,longer,linear,FE,12000,8000,100,20,13,0,14,1,random,mean,250
2026090705,1750,250,0.532916666667,1.17241666667,0.0599929023112,,0.222857142857,longer,linear,FE,12000,8000,100,20,13,0,14,1,random,mean,250
2026090706,1750,250,0.666304166667,1.46586916667,0.033022568124,,0.0182857142857,longer,linear,FE,12000,8000,100,20,13,0,14,1,random,mean,250
2026090707,1750,250,0.711002083333,1.56420458333,0.0140815128878,,0.0537142857143,longer,linear,FE,12000,8000,100,20,13,0,14,1,random,mean,250
2026090708,1750,250,0.735416666667,1.61791666667,0.0306336577739,,0.166285714286,longer,linear,FE,12000,8000,100,20,13,0,14,1,random,mean,250
2026090709,1750,250,0.585358333333,1.28778833333,0.0519918013533,,0.184571428571,longer,linear,FE,12000,8000,100,20,13,0,14,1,random,mean,250
2026090710,1750,250,0.769977083333,1.69394958333,0.0222313818939,,0.0497142857143,longer,linear,FE,12000,8000,100,20,13,0,14,1,random,mean,250
2026090711,1750,250,0.6619,1.45618,0.0372287704067,,0.145142857143,longer,linear,FE,12000,8000,100,20,13,0,14,1,random,mean,250
2026090712,1750,250,0.623958333333,1.37270833333,0.0707644567516,,0.122285714286,longer,linear,FE,12000,8000,100,20,13,0,14,1,random,mean,250
2026090713,1750,250,0.749841666667,1.64965166667,0.0248308199405,,0.167428571429,longer,linear,FE,12000,8000,100,20,13,0,14,1,random,mean,250
2026090714,1750,250,0.649479166667,1.42885416667,0.0180512505524,,0.121714285714,longer,linear,FE,12000,8000,100,20,13,0,14,1,random,mean,250
2026090715,1750,250,0.535877083333,1.17892958333,0.0581981859554,,0.0897142857143,longer,linear,FE,12000,8000,100,20,13,0,14,1,random,mean,250
2026090700,2000,250,0.8453125,1.8596875,0.0225068522581,,0.033,longer,linear,FE,12000,8000,100,20,13,0,14,1,random,mean,250
2026090701,2000,250,0.8296875,1.8253125,0.0272662158209,,0.165,longer,linear,FE,12000,8000,100,20,13,0,14,1,random,mean,250
2026090702,2000,250,0.51635625,1.13598375,0.063906701896,,0.2215,longer,linear,FE,12000,8000,100,20,13,0,14,1,random,mean,250
2026090703,2000,250,0.559354166667,1.23057916667,0.0443023019286,,0.177,longer,linear,FE,12000,8000,100,20,13,0,14,1,random,mean,250
2026090704,2000,250,0.532810416667,1.17218291667,0.0576106145568,,0.202,longer,linear,FE,12000,8000,100,20,13,0,14,1,random,mean,250
2026090705,2000,250,0.515154166667,1.13333916667,0.0583422994409,,0.22,longer,linear,FE,12000,8000,100,20,13,0,14,1,random,mean,250
2026090706,2000,250,0.586379166667,1.29003416667,0.0457797553025,,0.0365,longer,linear,FE,12000,8000,100,20,13,0,14,1,random,mean,250
2026090707,2000,250,0.535027083333,1.17705958333,0.0575792478088,,0.073,longer,linear,FE,12000,8000,100,20,13,0,14,1,random,mean,250
2026090708,2000,250,0.735416666667,1.61791666667,0.0306336577739,,0.1455,longer,linear,FE,12000,8000,100,20,13,0,14,1,random,mean,250
2026090709,2000,250,0.5054625,1.1120175,0.0518930684013,,0.1925,longer,linear,FE,12000,8000,100,20,13,0,14,1,random,mean,250
2026090710,2000,250,0.81659375,1.79650625,0.0171932141975,,0.044,longer,linear,FE,12000,8000,100,20,13,0,14,1,random,mean,250
2026090711,2000,250,0.626791666667,1.37894166667,0.044647025193,,0.1505,longer,linear,FE,12000,8000,100,20,13,0,14,1,random,mean,250
2026090712,2000,250,0.568295833333,1.25025083333,0.0534605812793,,0.1175,longer,linear,FE,12000,8000,100,20,13,0,14,1,random,mean,250
2026090713,2000,250,0.713,1.5686,0.0276835542905,,0.15,longer,linear,FE,12000,8000,100,20,13,0,14,1,random,mean,250
2026090714,2000,250,0.649479166667,1.42885416667,0.0180512505524,,0.1065,longer,linear,FE,12000,8000,100,20,13,0,14,1,random,mean,250
2026090715,2000,250,0.5610375,1.2342825,0.051409362732,,0.109,longer,linear,FE,12000,8000,100,20,13,0,14,1,random,mean,250
2026090700,2250,250,0.770404166667,1.69488916667,0.0166207618782,,0.0315555555556,longer,linear,FE,12000,8000,100,20,13,0,14,1,random,mean,250
2026090701,2250,250,0.8303875,1.8268525,0.02749045843,,0.147111111111,longer,linear,FE,12000,8000,100,20,13,0,14,1,random,mean,250
2026090702,2250,250,0.552095833333,1.21461083333,0.0496986158584,,0.224444444444,longer,linear,FE,12000,8000,100,20,13,0,14,1,random,mean,250
2026090703,2250,250,0.568527083333,1.25075958333,0.0474612220571,,0.181333333333,longer,linear,FE,12000,8000,100,20,13,0,14,1,random,mean,250
2026090704,2250,250,0.483725,1.064195,0.0484871240162,,0.205333333333,longer,linear,FE,12000,8000,100,20,13,0,14,1,random,mean,250
2026090705,2250,250,0.523185416667,1.15100791667,0.056555649499,,0.226222222222,longer,linear,FE,12000,8000,100,20,13,0,14,1,random,mean,250
2026090706,2250,250,0.563116666667,1.23885666667,0.0543155489177,,0.0528888888889,longer,linear,FE,12000,8000,100,20,13,0,14,1,random,mean,250
2026090707,2250,250,0.508654166667,1.11903916667,0.0562749727254,,0.0937777777778,longer,linear,FE,12000,8000,100,20,13,0,14,1,random,mean,250
2026090708,2250,250,0.735416666667,1.61791666667,0.0306336577739,,0.129333333333,longer,linear,FE,12000,8000,100,20,13,0,14,1,random,mean,250
2026090709,2250,250,0.559114583333,1.23005208333,0.0462104144256,,0.197333333333,longer,linear,FE,12000,8000,100,20,13,0,14,1,random,mean,250
2026090710,2250,250,0.814933333333,1.79285333333,0.0173164180351,,0.0395555555556,longer,linear,FE,12000,8000,100,20,13,0,14,1,random,mean,250
2026090711,2250,250,0.55873125,1.22920875,0.0490057389553,,0.156888888889,longer,linear,FE,12000,8000,100,20,13,0,14,1,random,mean,250
2026090712,2250,250,0.591145833333,1.30052083333,0.0408952423104,,0.104444444444,longer,linear,FE,12000,8000,100,20,13,0,14,1,random,mean,250
2026090713,2250,250,0.5925875,1.3036925,0.0480821102389,,0.154222222222,longer,linear,FE,12000,8000,100,20,13,0,14,1,random,mean,250
2026090714,2250,250,0.646004166667,1.42120916667,0.019240074349,,0.0968888888889,longer,linear,FE,12000,8000,100,20,13,0,14,1,random,mean,250
2026090715,2250,250,0.611810416667,1.34598291667,0.0515353338895,,0.114222222222,longer,linear,FE,12000,8000,100,20,13,0,14,1,random,mean,250
2026090700,2500,250,0.688595833333,1.51491083333,0.0162441953401,,0.0296,longer,linear,FE,12000,8000,100,20,13,0,14,1,random,mean,250
2026090701,2500,250,0.837366666667,1.84220666667,0.0280442660297,,0.1328,longer,linear,FE,12000,8000,100,20,13,0,14,1,random,mean,250
2026090702,2500,250,0.600875,1.321925,0.0423990079394,,0.2212,longer,linear,FE,12000,8000,100,20,13,0,14,1,random,mean,250
2026090703,2500,250,0.750985416667,1.65216791667,0.0176196528195,,0.1664,longer,linear,FE,12000,8000,100,20,13,0,14,1,random,mean,250
2026090704,2500,250,0.708052083333,1.55771458333,0.0435962996963,,0.2,longer,linear,FE,12000,8000,100,20,13,0,14,1,random,mean,250
2026090705,2500,250,0.5100625,1.1221375,0.0546665028875,,0.2356,longer,linear,FE,12000,8000,100,20,13,0,14,1,random,mean,250
2026090706,2500,250,0.539829166667,1.18762416667,0.0514185817851,,0.068,longer,linear,FE,12000,8000,100,20,13,0,14,1,random,mean,250
2026090707,2500,250,0.550583333333,1.21128333333,0.0561690396303,,0.1108,longer,linear,FE,12000,8000,100,20,13,0,14,1,random,mean,250
2026090708,2500,250,0.723672916667,1.59208041667,0.0390789037758,,0.122,longer,linear,FE,12000,8000,100,20,13,0,14,1,random,mean,250
2026090709,2500,250,0.708854166667,1.55947916667,0.030768108501,,0.1776,longer,linear,FE,12000,8000,100,20,13,0,14,1,random,mean,250
2026090710,2500,250,0.783533333333,1.72377333333,0.019635413727,,0.036,longer,linear,FE,12000,8000,100,20,13,0,14,1,random,mean,250
2026090711,2500,250,0.598316666667,1.31629666667,0.0446365339498,,0.1616,longer,linear,FE,12000,8000,100,20,13,0,14,1,random,mean,250
2026090712,2500,250,0.600125,1.320275,0.0413411216047,,0.0992,longer,linear,FE,12000,8000,100,20,13,0,14,1,random,mean,250
2026090713,2500,250,0.591122916667,1.30047041667,0.0501821820606,,0.1592,longer,linear,FE,12000,8000,100,20,13,0,14,1,random,mean,250
2026090714,2500,250,0.483222916667,1.06309041667,0.0586173658473,,0.1172,longer,linear,FE,12000,8000,100,20,13,0,14,1,random,mean,250
2026090715,2500,250,0.689985416667,1.51796791667,0.0388639795075,,0.1132,longer,linear,FE,12000,8000,100,20,13,0,14,1,random,mean,250
2026090700,2750,250,0.55714375,1.22571625,0.0513437582936,,0.0472727272727,longer,linear,FE,12000,8000,100,20,13,0,14,1,random,mean,250
2026090701,2750,250,0.840104166667,1.84822916667,0.0282275314367,,0.120727272727,longer,linear,FE,12000,8000,100,20,13,0,14,1,random,mean,250
2026090702,2750,250,0.561566666667,1.23544666667,0.0512140327845,,0.222909090909,longer,linear,FE,12000,8000,100,20,13,0,14,1,random,mean,250
2026090703,2750,250,0.721329166667,1.58692416667,0.0335888574117,,0.153454545455,longer,linear,FE,12000,8000,100,20,13,0,14,1,random,mean,250
2026090704,2750,250,0.775789583333,1.70673708333,0.029594352374,,0.185818181818,longer,linear,FE,12000,8000,100,20,13,0,14,1,random,mean,250
2026090705,2750,250,0.542514583333,1.19353208333,0.0550220190024,,0.236,longer,linear,FE,12000,8000,100,20,13,0,14,1,random,mean,250
2026090706,2750,250,0.559404166667,1.23068916667,0.0282624849205,,0.0672727272727,longer,linear,FE,12000,8000,100,20,13,0,14,1,random,mean,250
2026090707,2750,250,0.54708125,1.20357875,0.0509401776519,,0.124,longer,linear,FE,12000,8000,100,20,13,0,14,1,random,mean,250
2026090708,2750,250,0.770035416667,1.69407791667,0.0300285560834,,0.112,longer,linear,FE,12000,8000,100,20,13,0,14,1,random,mean,250
2026090709,2750,250,0.708854166667,1.55947916667,0.030768108501,,0.161454545455,longer,linear,FE,12000,8000,100,20,13,0,14,1,random,mean,250
2026090710,2750,250,0.555008333333,1.22101833333,0.0527081055137,,0.0498181818182,longer,linear,FE,12000,8000,100,20,13,0,14,1,random,mean,250
2026090711,2750,250,0.613797916667,1.35035541667,0.0479839056447,,0.162181818182,longer,linear,FE,12000,8000,100,20,13,0,14,1,random,mean,250
2026090712,2750,250,0.494391666667,1.08766166667,0.061078243672,,0.114181818182,longer,linear,FE,12000,8000,100,20,13,0,14,1,random,mean,250
2026090713,2750,250,0.505025,1.111055,0.0595071115439,,0.168,longer,linear,FE,12000,8000,100,20,13,0,14,1,random,mean,250
2026090714,2750,250,0.551975,1.214345,0.0552368295507,,0.129454545455,longer,linear,FE,12000,8000,100,20,13,0,14,1,random,mean,250
2026090715,2750,250,0.614545833333,1.35200083333,0.0541840876704,,0.114545454545,longer,linear,FE,12000,8000,100,20,13,0,14,1,random,mean,250
2026090700,3000,250,0.611027083333,1.34425958333,0.0630895298894,,0.0526666666667,longer,linear,FE,12000,8000,100,20,13,0,14,1,random,mean,250
2026090701,3000,250,0.840104166667,1.84822916667,0.0282275314367,,0.110666666667,longer,linear,FE,12000,8000,100,20,13,0,14,1,random,mean,250
2026090702,3000,250,0.616558333333,1.35642833333,0.0433324526041,,0.215333333333,longer,linear,FE,12000,8000,100,20,13,0,14,1,random,mean,250
2026090703,3000,250,0.598872916667,1.31752041667,0.0468760584036,,0.152,longer,linear,FE,12000,8000,100,20,13,0,14,1,random,mean,250
2026090704,3000,250,0.6282,1.38204,0.0435158221621,,0.185666666667,longer,linear,FE,12000,8000,100,20,13,0,14,1,random,mean,250
2026090705,3000,250,0.617416666667,1.35831666667,0.0288790215971,,0.221666666667,longer,linear,FE,12000,8000,100,20,13,0,14,1,random,mean,250
2026090706,3000,250,0.6189125,1.3616075,0.0431254589782,,0.0796666666667,longer,linear,FE,12000,8000,100,20,13,0,14,1,random,mean,250
2026090707,3000,250,0.524170833333,1.15317583333,0.0588799872145,,0.137,longer,linear,FE,12000,8000,100,20,13,0,14,1,random,mean,250
2026090708,3000,250,0.687566666667,1.51264666667,0.0420280483071,,0.116,longer,linear,FE,12000,8000,100,20,13,0,14,1,random,mean,250
2026090709,3000,250,0.708854166667,1.55947916667,0.030768108501,,0.148,longer,linear,FE,12000,8000,100,20,13,0,14,1,random,mean,250
2026090710,3000,250,0.527627083333,1.16077958333,0.053713715251,,0.0623333333333,longer,linear,FE,12000,8000,100,20,13,0,14,1,random,mean,250
2026090711,3000,250,0.531895833333,1.17017083333,0.0591510912603,,0.178,longer,linear,FE,12000,8000,100,20,13,0,14,1,random,mean,250
2026090712,3000,250,0.505345833333,1.11176083333,0.0566013307617,,0.132666666667,longer,linear,FE,12000,8000,100,20,13,0,14,1,random,mean,250
2026090713,3000,250,0.468620833333,1.03096583333,0.058927874501,,0.185666666667,longer,linear,FE,12000,8000,100,20,13,0,14,1,random,mean,250
2026090714,3000,250,0.544802083333,1.19856458333,0.0582928681627,,0.145666666667,longer,linear,FE,12000,8000,100,20,13,0,14,1,random,mean,250
2026090715,3000,250,0.788020833333,1.73364583333,0.0197987970047,,0.105,longer,linear,FE,12000,8000,100,20,13,0,14,1,random,mean,250
2026090700,3250,250,0.507245833333,1.11594083333,0.0599538607801,,0.0756923076923,longer,linear,FE,12000,8000,100,20,13,0,14,1,random,mean,250
2026090701,3250,250,0.840104166667,1.84822916667,0.0282275314367,,0.102153846154,longer,linear,FE,12000,8000,100,20,13,0,14,1,random,mean,250
2026090702,3250,250,0.625058333333,1.37512833333,0.0511230727736,,0.206153846154,longer,linear,FE,12000,8000,100,20,13,0,14,1,random,mean,250
2026090703,3250,250,0.595752083333,1.31065458333,0.0371404602908,,0.150461538462,longer,linear,FE,12000,8000,100,20,13,0,14,1,random,mean,250
2026090704,3250,250,0.477416666667,1.05031666667,0.0607975010823,,0.192307692308,longer,linear,FE,12000,8000,100,20,13,0,14,1,random,mean,250
2026090705,3250,250,0.650366666667,1.43080666667,0.0257915644426,,0.205230769231,longer,linear,FE,12000,8000,100,20,13,0,14,1,random,mean,250
2026090706,3250,250,0.66041875,1.45292125,0.0437892582008,,0.0818461538462,longer,linear,FE,12000,8000,100,20,13,0,14,1,random,mean,250
2026090707,3250,250,0.514758333333,1.13246833333,0.0525352244558,,0.147076923077,longer,linear,FE,12000,8000,100,20,13,0,14,1,random,mean,250
2026090708,3250,250,0.530175,1.166385,0.0583984005576,,0.133230769231,longer,linear,FE,12000,8000,100,20,13,0,14,1,random,mean,250
2026090709,3250,250,0.707208333333,1.55585833333,0.0308572437462,,0.136923076923,longer,linear,FE,12000,8000,100,20,13,0,14,1,random,mean,250
2026090710,3250,250,0.47376875,1.04229125,0.0639559658372,,0.0836923076923,longer,linear,FE,12000,8000,100,20,13,0,14,1,random,mean,250
2026090711,3250,250,0.591514583333,1.30133208333,0.0483589113056,,0.178153846154,longer,linear,FE,12000,8000,100,20,13,0,14,1,random,mean,250
2026090712,3250,250,0.5174625,1.1384175,0.0564759687329,,0.138769230769,longer,linear,FE,12000,8000,100,20,13,0,14,1,random,mean,250
2026090713,3250,250,0.726841666667,1.59905166667,0.0215013078473,,0.179076923077,longer,linear,FE,12000,8000,100,20,13,0,14,1,random,mean,250
2026090714,3250,250,0.5279,1.16138,0.0561003323417,,0.152307692308,longer,linear,FE,12000,8000,100,20,13,0,14,1,random,mean,250
2026090715,3250,250,0.792485416667,1.74346791667,0.0213993817242,,0.0981538461538,longer,linear,FE,12000,8000,100,20,13,0,14,1,random,mean,250
2026090700,3500,250,0.54776875,1.20509125,0.0560037297202,,0.0965714285714,longer,linear,FE,12000,8000,100,20,13,0,14,1,random,mean,250
2026090701,3500,250,0.840104166667,1.84822916667,0.0282275314367,,0.0948571428571,longer,linear,FE,12000,8000,100,20,13,0,14,1,random,mean,250
2026090702,3500,250,0.643597916667,1.41591541667,0.0524413583666,,0.191714285714,longer,linear,FE,12000,8000,100,20,13,0,14,1,random,mean,250
2026090703,3500,250,0.58569375,1.28852625,0.0215818930411,,0.145142857143,longer,linear,FE,12000,8000,100,20,13,0,14,1,random,mean,250
2026090704,3500,250,0.5651875,1.2434125,0.04929642047,,0.191428571429,longer,linear,FE,12000,8000,100,20,13,0,14,1,random,mean,250
2026090705,3500,250,0.642154166667,1.41273916667,0.0435178932483,,0.201714285714,longer,linear,FE,12000,8000,100,20,13,0,14,1,random,mean,250
2026090706,3500,250,0.6291125,1.3840475,0.0420187438248,,0.088,longer,linear,FE,12000,8000,100,20,13,0,14,1,random,mean,250
2026090707,3500,250,0.576485416667,1.26826791667,0.0427443301298,,0.142571428571,longer,linear,FE,12000,8000,100,20,13,0,14,1,random,mean,250
2026090708,3500,250,0.645152083333,1.41933458333,0.0441629248641,,0.133428571429,longer,linear,FE,12000,8000,100,20,13,0,14,1,random,mean,250
2026090709,3500,250,0.667708333333,1.46895833333,0.0329964896312,,0.127142857143,longer,linear,FE,12000,8000,100,20,13,0,14,1,random,mean,250
2026090710,3500,250,0.529395833333,1.16467083333,0.0548695108676,,0.0951428571429,longer,linear,FE,12000,8000,100,20,13,0,14,1,random,mean,250
2026090711,3500,250,0.587520833333,1.29254583333,0.0500681987622,,0.178857142857,longer,linear,FE,12000,8000,100,20,13,0,14,1,random,mean,250
2026090712,3500,250,0.573516666667,1.26173666667,0.0535979856786,,0.144285714286,longer,linear,FE,12000,8000,100,20,13,0,14,1,random,mean,250
2026090713,3500,250,0.828658333333,1.82304833333,0.0093016878082,,0.167142857143,longer,linear,FE,12000,8000,100,20,13,0,14,1,random,mean,250
2026090714,3500,250,0.50795,1.11749,0.0602804206076,,0.161714285714,longer,linear,FE,12000,8000,100,20,13,0,14,1,random,mean,250
2026090715,3500,250,0.79878125,1.75731875,0.0241988869428,,0.0931428571429,longer,linear,FE,12000,8000,100,20,13,0,14,1,random,mean,250
2026090700,3750,250,0.516204166667,1.13564916667,0.0600443808455,,0.1088,longer,linear,FE,12000,8000,100,20,13,0,14,1,random,mean,250
2026090701,3750,250,0.840104166667,1.84822916667,0.0282275314367,,0.0885333333333,longer,linear,FE,12000,8000,100,20,13,0,14,1,random,mean,250
2026090702,3750,250,0.587375,1.292225,0.0537886470378,,0.194666666667,longer,linear,FE,12000,8000,100,20,13,0,14,1,random,mean,250
2026090703,3750,250,0.618489583333,1.36067708333,0.0212312004951,,0.138933333333,longer,linear,FE,12000,8000,100,20,13,0,14,1,random,mean,250
2026090704,3750,250,0.5848,1.28656,0.0416755343477,,0.190666666667,longer,linear,FE,12000,8000,100,20,13,0,14,1,random,mean,250
2026090705,3750,250,0.793425,1.745535,0.0348296215521,,0.188533333333,longer,linear,FE,12000,8000,100,20,13,0,14,1,random,mean,250
2026090706,3750,250,0.637929166667,1.40344416667,0.0438555924772,,0.0912,longer,linear,FE,12000,8000,100,20,13,0,14,1,random,mean,250
2026090707,3750,250,0.6292625,1.3843775,0.05080767905,,0.145066666667,longer,linear,FE,12000,8000,100,20,13,0,14,1,random,mean,250
2026090708,3750,250,0.506116666667,1.11345666667,0.0633107265172,,0.142666666667,longer,linear,FE,12000,8000,100,20,13,0,14,1,random,mean,250
2026090709,3750,250,0.6771375,1.4897025,0.0311772862823,,0.118933333333,longer,linear,FE,12000,8000,100,20,13,0,14,1,random,mean,250
2026090710,3750,250,0.549352083333,1.20857458333,0.0571464780264,,0.1032,longer,linear,FE,12000,8000,100,20,13,0,14,1,random,mean,250
2026090711,3750,250,0.61816875,1.35997125,0.0508535293423,,0.177866666667,longer,linear,FE,12000,8000,100,20,13,0,14,1,random,mean,250
2026090712,3750,250,0.494485416667,1.08786791667,0.0565107376309,,0.146933333333,longer,linear,FE,12000,8000,100,20,13,0,14,1,random,mean,250
2026090713,3750,250,0.80269375,1.76592625,0.0136725016827,,0.157333333333,longer,linear,FE,12000,8000,100,20,13,0,14,1,random,mean,250
2026090714,3750,250,0.517552083333,1.13861458333,0.0539230705418,,0.171733333333,longer,linear,FE,12000,8000,100,20,13,0,14,1,random,mean,250
2026090715,3750,250,0.572891666667,1.26036166667,0.0551073691467,,0.0992,longer,linear,FE,12000,8000,100,20,13,0,14,1,random,mean,250
2026090700,4000,250,0.528302083333,1.16226458333,0.0527644911296,,0.11875,longer,linear,FE,12000,8000,100,20,13,0,14,1,random,mean,250
2026090701,4000,250,0.840104166667,1.84822916667,0.0282275314367,,0.08325,longer,linear,FE,12000,8000,100,20,13,0,14,1,random,mean,250
2026090702,4000,250,0.570164583333,1.25436208333,0.0492017319708,,0.19875,longer,linear,FE,12000,8000,100,20,13,0,14,1,random,mean,250
2026090703,4000,250,0.565658333333,1.24444833333,0.0546998170095,,0.14725,longer,linear,FE,12000,8000,100,20,13,0,14,1,random,mean,250
2026090704,4000,250,0.490045833333,1.07810083333,0.0603285039144,,0.19075,longer,linear,FE,12000,8000,100,20,13,0,14,1,random,mean,250
2026090705,4000,250,0.785166666667,1.72736666667,0.0345673684095,,0.17725,longer,linear,FE,12000,8000,100,20,13,0,14,1,random,mean,250
2026090706,4000,250,0.5686625,1.2510575,0.0522659455132,,0.10075,longer,linear,FE,12000,8000,100,20,13,0,14,1,random,mean,250
2026090707,4000,250,0.503577083333,1.10786958333,0.0576596528663,,0.15325,longer,linear,FE,12000,8000,100,20,13,0,14,1,random,mean,250
2026090708,4000,250,0.499166666667,1.09816666667,0.0571919047595,,0.15125,longer,linear,FE,12000,8000,100,20,13,0,14,1,random,mean,250
2026090709,4000,250,0.687679166667,1.51289416667,0.0305364957213,,0.11475,longer,linear,FE,12000,8000,100,20,13,0,14,1,random,mean,250
2026090710,4000,250,0.5801,1.27622,0.0535910781987,,0.1155,longer,linear,FE,12000,8000,100,20,13,0,14,1,random,mean,250
2026090711,4000,250,0.69583125,1.53082875,0.0373791164213,,0.1695,longer,linear,FE,12000,8000,100,20,13,0,14,1,random,mean,250
2026090712,4000,250,0.611147916667,1.34452541667,0.0460874657319,,0.1495,longer,linear,FE,12000,8000,100,20,13,0,14,1,random,mean,250
2026090713,4000,250,0.8372375,1.8419225,0.00480841909673,,0.14825,longer,linear,FE,12000,8000,100,20,13,0,14,1,random,mean,250
2026090714,4000,250,0.55285625,1.21628375,0.0491839740781,,0.17875,longer,linear,FE,12000,8000,100,20,13,0,14,1,random,mean,250
2026090715,4000,250,0.623377083333,1.37142958333,0.0424727454778,,0.09825,longer,linear,FE,12000,8000,100,20,13,0,14,1,random,mean,250
2026090700,4250,250,0.569729166667,1.25340416667,0.0500319416074,,0.126823529412,longer,linear,FE,12000,8000,100,20,13,0,14,1,random,mean,250
2026090701,4250,250,0.828072916667,1.82176041667,0.0265989861814,,0.0785882352941,longer,linear,FE,12000,8000,100,20,13,0,14,1,random,mean,250
2026090702,4250,250,0.557766666667,1.22708666667,0.0522249820323,,0.201411764706,longer,linear,FE,12000,8000,100,20,13,0,14,1,random,mean,250
2026090703,4250,250,0.548085416667,1.20578791667,0.0545676821618,,0.150352941176,longer,linear,FE,12000,8000,100,20,13,0,14,1,random,mean,250
2026090704,4250,250,0.753985416667,1.65876791667,0.028925756534,,0.180941176471,longer,linear,FE,12000,8000,100,20,13,0,14,1,random,mean,250
2026090705,4250,250,0.567785416667,1.24912791667,0.0497190575519,,0.178352941176,longer,linear,FE,12000,8000,100,20,13,0,14,1,random,mean,250
2026090706,4250,250,0.684091666667,1.50500166667,0.0396164764044,,0.1,longer,linear,FE,12000,8000,100,20,13,0,14,1,random,mean,250
2026090707,4250,250,0.621922916667,1.36823041667,0.0410131349556,,0.152705882353,longer,linear,FE,12000,8000,100,20,13,0,14,1,random,mean,250
2026090708,4250,250,0.552860416667,1.21629291667,0.0556377101788,,0.154588235294,longer,linear,FE,12000,8000,100,20,13,0,14,1,random,mean,250
2026090709,4250,250,0.624183333333,1.37320333333,0.0411522864097,,0.116705882353,longer,linear,FE,12000,8000,100,20,13,0,14,1,random,mean,250
2026090710,4250,250,0.563585416667,1.23988791667,0.0448328461921,,0.115294117647,longer,linear,FE,12000,8000,100,20,13,0,14,1,random,mean,250
2026090711,4250,250,0.595533333333,1.31017333333,0.0486772857315,,0.170117647059,longer,linear,FE,12000,8000,100,20,13,0,14,1,random,mean,250
2026090712,4250,250,0.7366,1.62052,0.0223542404647,,0.141176470588,longer,linear,FE,12000,8000,100,20,13,0,14,1,random,mean,250
2026090713,4250,250,0.829341666667,1.82455166667,0.00629307938316,,0.140705882353,longer,linear,FE,12000,8000,100,20,13,0,14,1,random,mean,250
2026090714,4250,250,0.497014583333,1.09343208333,0.0624788540948,,0.184470588235,longer,linear,FE,12000,8000,100,20,13,0,14,1,random,mean,250
2026090715,4250,250,0.70545,1.55199,0.0289902704293,,0.0929411764706,longer,linear,FE,12000,8000,100,20,13,0,14,1,random,mean,250
2026090700,4500,250,0.675516666667,1.48613666667,0.0360060970197,,0.125111111111,longer,linear,FE,12000,8000,100,20,13,0,14,1,random,mean,250
2026090701,4500,250,0.811458333333,1.78520833333,0.0243500427335,,0.0742222222222,longer,linear,FE,12000,8000,100,20,13,0,14,1,random,mean,250
2026090702,4500,250,0.6870625,1.5115375,0.0366606949146,,0.191777777778,longer,linear,FE,12000,8000,100,20,13,0,14,1,random,mean,250
2026090703,4500,250,0.70244375,1.54537625,0.0315639973345,,0.144,longer,linear,FE,12000,8000,100,20,13,0,14,1,random,mean,250
2026090704,4500,250,0.726054166667,1.59731916667,0.0318376345021,,0.174222222222,longer,linear,FE,12000,8000,100,20,13,0,14,1,random,mean,250
2026090705,4500,250,0.570558333333,1.25522833333,0.0490814417975,,0.175333333333,longer,linear,FE,12000,8000,100,20,13,0,14,1,random,mean,250
2026090706,4500,250,0.779589583333,1.71509708333,0.0221622035895,,0.0953333333333,longer,linear,FE,12000,8000,100,20,13,0,14,1,random,mean,250
2026090707,4500,250,0.67851875,1.49274125,0.0407002279306,,0.150222222222,longer,linear,FE,12000,8000,100,20,13,0,14,1,random,mean,250
2026090708,4500,250,0.716172916667,1.57558041667,0.0285188772003,,0.146444444444,longer,linear,FE,12000,8000,100,20,13,0,14,1,random,mean,250
2026090709,4500,250,0.4940625,1.0869375,0.0585732863809,,0.126,longer,linear,FE,12000,8000,100,20,13,0,14,1,random,mean,250
2026090710,4500,250,0.56669375,1.24672625,0.0464467587543,,0.12,longer,linear,FE,12000,8000,100,20,13,0,14,1,random,mean,250
2026090711,4500,250,0.498685416667,1.09710791667,0.0597410893506,,0.178666666667,longer,linear,FE,12000,8000,100,20,13,0,14,1,random,mean,250
2026090712,4500,250,0.604072916667,1.32896041667,0.0398398732362,,0.139777777778,longer,linear,FE,12000,8000,100,20,13,0,14,1,random,mean,250
2026090713,4500,250,0.811027083333,1.78425958333,0.0133503135921,,0.133555555556,longer,linear,FE,12000,8000,100,20,13,0,14,1,random,mean,250
2026090714,4500,250,0.59635625,1.31198375,0.0465222831208,,0.185333333333,longer,linear,FE,12000,8000,100,20,13,0,14,1,random,mean,250
2026090715,4500,250,0.732058333333,1.61052833333,0.0232900901727,,0.0891111111111,longer,linear,FE,12000,8000,100,20,13,0,14,1,random,mean,250
2026090700,4750,250,0.7306125,1.6073475,0.0313157434206,,0.118947368421,longer,linear,FE,12000,8000,100,20,13,0,14,1,random,mean,250
2026090701,4750,250,0.811458333333,1.78520833333,0.0243500427335,,0.0703157894737,longer,linear,FE,12000,8000,100,20,13,0,14,1,random,mean,250
2026090702,4750,250,0.750854166667,1.65187916667,0.0174413714451,,0.182105263158,longer,linear,FE,12000,8000,100,20,13,0,14,1,random,mean,250
2026090703,4750,250,0.688095833333,1.51381083333,0.0258702749877,,0.137052631579,longer,linear,FE,12000,8000,100,20,13,0,14,1,random,mean,250
2026090704,4750,250,0.5186625,1.1410575,0.0554797795295,,0.179368421053,longer,linear,FE,12000,8000,100,20,13,0,14,1,random,mean,250
2026090705,4750,250,0.502247916667,1.10494541667,0.0562140494707,,0.177473684211,longer,linear,FE,12000,8000,100,20,13,0,14,1,random,mean,250
2026090706,4750,250,0.728116666667,1.60185666667,0.0328500460143,,0.0947368421053,longer,linear,FE,12000,8000,100,20,13,0,14,1,random,mean,250
2026090707,4750,250,0.818797916667,1.80135541667,0.0210082814607,,0.142526315789,longer,linear,FE,12000,8000,100,20,13,0,14,1,random,mean,250
2026090708,4750,250,0.732058333333,1.61052833333,0.0288761787097,,0.139578947368,longer,linear,FE,12000,8000,100,20,13,0,14,1,random,mean,250
2026090709,4750,250,0.49974375,1.09943625,0.0547674080904,,0.129894736842,longer,linear,FE,12000,8000,100,20,13,0,14,1,random,mean,250
2026090710,4750,250,0.48623125,1.06970875,0.0616564836338,,0.130947368421,longer,linear,FE,12000,8000,100,20,13,0,14,1,random,mean,250
2026090711,4750,250,0.49231875,1.08310125,0.0578551733271,,0.183157894737,longer,linear,FE,12000,8000,100,20,13,0,14,1,random,mean,250
2026090712,4750,250,0.5718,1.25796,0.0552559654048,,0.151789473684,longer,linear,FE,12000,8000,100,20,13,0,14,1,random,mean,250
2026090713,4750,250,0.807983333333,1.77756333333,0.00998647090235,,0.126947368421,longer,linear,FE,12000,8000,100,20,13,0,14,1,random,mean,250
2026090714,4750,250,0.574475,1.263845,0.0488076528801,,0.181684210526,longer,linear,FE,12000,8000,100,20,13,0,14,1,random,mean,250
2026090715,4750,250,0.566585416667,1.24648791667,0.046484767844,,0.0951578947368,longer,linear,FE,12000,8000,100,20,13,0,14,1,random,mean,250
2026090700,5000,250,0.659689583333,1.45131708333,0.0412144683466,,0.121,longer,linear,FE,12000,8000,100,20,13,0,14,1,random,mean,250
2026090701,5000,250,0.814739583333,1.79242708333,0.0251390285758,,0.067,longer,linear,FE,12000,8000,100,20,13,0,14,1,random,mean,250
2026090702,5000,250,0.664014583333,1.46083208333,0.0372798323455,,0.181,longer,linear,FE,12000,8000,100,20,13,0,14,1,random,mean,250
2026090703,5000,250,0.672577083333,1.47966958333,0.0254172169935,,0.133,longer,linear,FE,12000,8000,100,20,13,0,14,1,random,mean,250
2026090704,5000,250,0.492410416667,1.08330291667,0.0604317116868,,0.1822,longer,linear,FE,12000,8000,100,20,13,0,14,1,random,mean,250
2026090705,5000,250,0.609422916667,1.34073041667,0.0422291666945,,0.1744,longer,linear,FE,12000,8000,100,20,13,0,14,1,random,mean,250
2026090706,5000,250,0.64043125,1.40894875,0.0410244256115,,0.0986,longer,linear,FE,12000,8000,100,20,13,0,14,1,random,mean,250
2026090707,5000,250,0.760777083333,1.67370958333,0.0215903878277,,0.1358,longer,linear,FE,12000,8000,100,20,13,0,14,1,random,mean,250
2026090708,5000,250,0.74176875,1.63189125,0.033706755173,,0.133,longer,linear,FE,12000,8000,100,20,13,0,14,1,random,mean,250
2026090709,5000,250,0.534595833333,1.17611083333,0.0563372879711,,0.135,longer,linear,FE,12000,8000,100,20,13,0,14,1,random,mean,250
2026090710,5000,250,0.623947916667,1.37268541667,0.051349355167,,0.1352,longer,linear,FE,12000,8000,100,20,13,0,14,1,random,mean,250
2026090711,5000,250,0.6026625,1.3258575,0.0455303775927,,0.1814,longer,linear,FE,12000,8000,100,20,13,0,14,1,random,mean,250
2026090712,5000,250,0.544345833333,1.19756083333,0.0562918436782,,0.154,longer,linear,FE,12000,8000,100,20,13,0,14,1,random,mean,250
2026090713,5000,250,0.803125,1.766875,0.00865617893296,,0.1206,longer,linear,FE,12000,8000,100,20,13,0,14,1,random,mean,250
2026090714,5000,250,0.54281875,1.19420125,0.0559079609773,,0.186,longer,linear,FE,12000,8000,100,20,13,0,14,1,random,mean,250
2026090715,5000,250,0.64411875,1.41706125,0.0386061727438,,0.1014,longer,linear,FE,12000,8000,100,20,13,0,14,1,random,mean,250
2026090700,5250,250,0.548391666667,1.20646166667,0.0497555685687,,0.125142857143,longer,linear,FE,12000,8000,100,20,13,0,14,1,random,mean,250
2026090701,5250,250,0.815104166667,1.79322916667,0.0252266936694,,0.0638095238095,longer,linear,FE,12000,8000,100,20,13,0,14,1,random,mean,250
2026090702,5250,250,0.576727083333,1.26879958333,0.044128357547,,0.175619047619,longer,linear,FE,12000,8000,100,20,13,0,14,1,random,mean,250
2026090703,5250,250,0.755852083333,1.66287458333,0.0241301135867,,0.126857142857,longer,linear,FE,12000,8000,100,20,13,0,14,1,random,mean,250
2026090704,5250,250,0.695283333333,1.52962333333,0.0359870831178,,0.174476190476,longer,linear,FE,12000,8000,100,20,13,0,14,1,random,mean,250
2026090705,5250,250,0.604760416667,1.33047291667,0.0370120420499,,0.172380952381,longer,linear,FE,12000,8000,100,20,13,0,14,1,random,mean,250
2026090706,5250,250,0.660935416667,1.45405791667,0.0430358452701,,0.10019047619,longer,linear,FE,12000,8000,100,20,13,0,14,1,random,mean,250
2026090707,5250,250,0.706291666667,1.55384166667,0.0262228893535,,0.129714285714,longer,linear,FE,12000,8000,100,20,13,0,14,1,random,mean,250
2026090708,5250,250,0.533527083333,1.17375958333,0.0582772009776,,0.133142857143,longer,linear,FE,12000,8000,100,20,13,0,14,1,random,mean,250
2026090709,5250,250,0.54716875,1.20377125,0.0555056709887,,0.140761904762,longer,linear,FE,12000,8000,100,20,13,0,14,1,random,mean,250
2026090710,5250,250,0.61095625,1.34410375,0.0484052329206,,0.138285714286,longer,linear,FE,12000,8000,100,20,13,0,14,1,random,mean,250
2026090711,5250,250,0.723858333333,1.59248833333,0.0409842001237,,0.175619047619,longer,linear,FE,12000,8000,100,20,13,0,14,1,random,mean,250
2026090712,5250,250,0.577447916667,1.27038541667,0.0540123332737,,0.156,longer,linear,FE,12000,8000,100,20,13,0,14,1,random,mean,250
2026090713,5250,250,0.821254166667,1.80675916667,0.00636724826391,,0.115428571429,longer,linear,FE,12000,8000,100,20,13,0,14,1,random,mean,250
2026090714,5250,250,0.55189375,1.21416625,0.0567579449204,,0.191428571429,longer,linear,FE,12000,8000,100,20,13,0,14,1,random,mean,250
2026090715,5250,250,0.596316666667,1.31189666667,0.0424037647464,,0.104952380952,longer,linear,FE,12000,8000,100,20,13,0,14,1,random,mean,250
2026090700,5500,250,0.528383333333,1.16244333333,0.0560969078691,,0.128,longer,linear,FE,12000,8000,100,20,13,0,14,1,random,mean,250
2026090701,5500,250,0.815104166667,1.79322916667,0.0252266936694,,0.0609090909091,longer,linear,FE,12000,8000,100,20,13,0,14,1,random,mean,250
2026090702,5500,250,0.661585416667,1.45548791667,0.038050895427,,0.169454545455,longer,linear,FE,12000,8000,100,20,13,0,14,1,random,mean,250
2026090703,5500,250,0.770220833333,1.69448583333,0.0220916987378,,0.121454545455,longer,linear,FE,12000,8000,100,20,13,0,14,1,random,mean,250
2026090704,5500,250,0.6272,1.37984,0.043842267747,,0.172363636364,longer,linear,FE,12000,8000,100,20,13,0,14,1,random,mean,250
2026090705,5500,250,0.543347916667,1.19536541667,0.0518798712334,,0.177090909091,longer,linear,FE,12000,8000,100,20,13,0,14,1,random,mean,250
2026090706,5500,250,0.49615,1.09153,0.0554843514026,,0.104909090909,longer,linear,FE,12000,8000,100,20,13,0,14,1,random,mean,250
2026090707,5500,250,0.699875,1.539725,0.0232175884447,,0.125272727273,longer,linear,FE,12000,8000,100,20,13,0,14,1,random,mean,250
2026090708,5500,250,0.571522916667,1.25735041667,0.0539489382868,,0.136,longer,linear,FE,12000,8000,100,20,13,0,14,1,random,mean,250
2026090709,5500,250,0.572795833333,1.26015083333,0.0530875976775,,0.141090909091,longer,linear,FE,12000,8000,100,20,13,0,14,1,random,mean,250
2026090710,5500,250,0.60876875,1.33929125,0.045299637546,,0.137818181818,longer,linear,FE,12000,8000,100,20,13,0,14,1,random,mean,250
2026090711,5500,250,0.6707375,1.4756225,0.0373269675544,,0.170181818182,longer,linear,FE,12000,8000,100,20,13,0,14,1,random,mean,250
2026090712,5500,250,0.59365625,1.30604375,0.0494780606523,,0.157818181818,longer,linear,FE,12000,8000,100,20,13,0,14,1,random,mean,250
2026090713,5500,250,0.823979166667,1.81275416667,0.00822362428744,,0.110545454545,longer,linear,FE,12000,8000,100,20,13,0,14,1,random,mean,250
2026090714,5500,250,0.715379166667,1.57383416667,0.0427674593773,,0.182909090909,longer,linear,FE,12000,8000,100,20,13,0,14,1,random,mean,250
2026090715,5500,250,0.649364583333,1.42860208333,0.0371481819204,,0.108181818182,longer,linear,FE,12000,8000,100,20,13,0,14,1,random,mean,250
2026090700,5750,250,0.517772916667,1.13910041667,0.0547089208221,,0.133217391304,longer,linear,FE,12000,8000,100,20,13,0,14,1,random,mean,250
2026090701,5750,250,0.815104166667,1.79322916667,0.0252266936694,,0.0582608695652,longer,linear,FE,12000,8000,100,20,13,0,14,1,random,mean,250
2026090702,5750,250,0.678702083333,1.49314458333,0.0370906892274,,0.162434782609,longer,linear,FE,12000,8000,100,20,13,0,14,1,random,mean,250
2026090703,5750,250,0.669477083333,1.47284958333,0.0375131454053,,0.123826086957,longer,linear,FE,12000,8000,100,20,13,0,14,1,random,mean,250
2026090704,5750,250,0.492072916667,1.08256041667,0.0573243537907,,0.180347826087,longer,linear,FE,12000,8000,100,20,13,0,14,1,random,mean,250
2026090705,5750,250,0.633041666667,1.39269166667,0.0310200157622,,0.171130434783,longer,linear,FE,12000,8000,100,20,13,0,14,1,random,mean,250
2026090706,5750,250,0.5756375,1.2664025,0.0504558333981,,0.108,longer,linear,FE,12000,8000,100,20,13,0,14,1,random,mean,250
2026090707,5750,250,0.697022916667,1.53345041667,0.0495143312458,,0.123652173913,longer,linear,FE,12000,8000,100,20,13,0,14,1,random,mean,250
2026090708,5750,250,0.566470833333,1.24623583333,0.0489632069418,,0.135826086957,longer,linear,FE,12000,8000,100,20,13,0,14,1,random,mean,250
2026090709,5750,250,0.638735416667,1.40521791667,0.0369279400686,,0.139652173913,longer,linear,FE,12000,8000,100,20,13,0,14,1,random,mean,250
2026090710,5750,250,0.66018125,1.45239875,0.0293526690198,,0.132347826087,longer,linear,FE,12000,8000,100,20,13,0,14,1,random,mean,250
2026090711,5750,250,0.760297916667,1.67265541667,0.0195534546238,,0.16347826087,longer,linear,FE,12000,8000,100,20,13,0,14,1,random,mean,250
2026090712,5750,250,0.582045833333,1.28050083333,0.0533359685023,,0.158608695652,longer,linear,FE,12000,8000,100,20,13,0,14,1,random,mean,250
2026090713,5750,250,0.815435416667,1.79395791667,0.0110880780316,,0.106086956522,longer,linear,FE,12000,8000,100,20,13,0,14,1,random,mean,250
2026090714,5750,250,0.59579375,1.31074625,0.0490133186308,,0.183130434783,longer,linear,FE,12000,8000,100,20,13,0,14,1,random,mean,250
2026090715,5750,250,0.7734375,1.7015625,0.0189359678705,,0.10347826087,longer,linear,FE,12000,8000,100,20,13,0,14,1,random,mean,250
2026090700,6000,250,0.5239375,1.1526625,0.051480977719,,0.135666666667,longer,linear,FE,12000,8000,100,20,13,0,14,1,random,mean,250
2026090701,6000,250,0.815104166667,1.79322916667,0.0252266936694,,0.0558333333333,longer,linear,FE,12000,8000,100,20,13,0,14,1,random,mean,250
2026090702,6000,250,0.678645833333,1.49302083333,0.0370905734657,,0.155666666667,longer,linear,FE,12000,8000,100,20,13,0,14,1,random,mean,250
2026090703,6000,250,0.566375,1.246025,0.0497724798561,,0.126833333333,longer,linear,FE,12000,8000,100,20,13,0,14,1,random,mean,250
2026090704,6000,250,0.510295833333,1.12265083333,0.0591580113494,,0.1805,longer,linear,FE,12000,8000,100,20,13,0,14,1,random,mean,250
2026090705,6000,250,0.58425,1.28535,0.0407736951312,,0.169666666667,longer,linear,FE,12000,8000,100,20,13,0,14,1,random,mean,250
2026090706,6000,250,0.74388125,1.63653875,0.028660490664,,0.1065,longer,linear,FE,12000,8000,100,20,13,0,14,1,random,mean,250
2026090707,6000,250,0.535285416667,1.17762791667,0.0595326556715,,0.1275,longer,linear,FE,12000,8000,100,20,13,0,14,1,random,mean,250
2026090708,6000,250,0.537945833333,1.18348083333,0.0583831583379,,0.137833333333,longer,linear,FE,12000,8000,100,20,13,0,14,1,random,mean,250
2026090709,6000,250,0.633675,1.394085,0.0535278115414,,0.1385,longer,linear,FE,12000,8000,100,20,13,0,14,1,random,mean,250
2026090710,6000,250,0.619783333333,1.36352333333,0.0432046567601,,0.132666666667,longer,linear,FE,12000,8000,100,20,13,0,14,1,random,mean,250
2026090711,6000,250,0.770022916667,1.69405041667,0.0192488860553,,0.158333333333,longer,linear,FE,12000,8000,100,20,13,0,14,1,random,mean,250
2026090712,6000,250,0.5921875,1.3028125,0.0536200012377,,0.162166666667,longer,linear,FE,12000,8000,100,20,13,0,14,1,random,mean,250
2026090713,6000,250,0.822916666667,1.81041666667,0.0121386212009,,0.101666666667,longer,linear,FE,12000,8000,100,20,13,0,14,1,random,mean,250
2026090714,6000,250,0.589422916667,1.29673041667,0.0500035957591,,0.182333333333,longer,linear,FE,12000,8000,100,20,13,0,14,1,random,mean,250
2026090715,6000,250,0.7734375,1.7015625,0.0189359678705,,0.0991666666667,longer,linear,FE,12000,8000,100,20,13,0,14,1,random,mean,250
2026090700,6250,250,0.558341666667,1.22835166667,0.0533181631021,,0.13776,longer,linear,FE,12000,8000,100,20,13,0,14,1,random,mean,250
2026090701,6250,250,0.750252083333,1.65055458333,0.0278936678328,,0.05408,longer,linear,FE,12000,8000,100,20,13,0,14,1,random,mean,250
2026090702,6250,250,0.678645833333,1.49302083333,0.0370905734657,,0.14944,longer,linear,FE,12000,8000,100,20,13,0,14,1,random,mean,250
2026090703,6250,250,0.566725,1.246795,0.046737578669,,0.1296,longer,linear,FE,12000,8000,100,20,13,0,14,1,random,mean,250
2026090704,6250,250,0.55324375,1.21713625,0.0473450107916,,0.18224,longer,linear,FE,12000,8000,100,20,13,0,14,1,random,mean,250
2026090705,6250,250,0.643447916667,1.41558541667,0.0378599166145,,0.16768,longer,linear,FE,12000,8000,100,20,13,0,14,1,random,mean,250
2026090706,6250,250,0.894270833333,1.96739583333,0.0149231669631,,0.10224,longer,linear,FE,12000,8000,100,20,13,0,14,1,random,mean,250
2026090707,6250,250,0.56239375,1.23726625,0.0531721812797,,0.12784,longer,linear,FE,12000,8000,100,20,13,0,14,1,random,mean,250
2026090708,6250,250,0.550335416667,1.21073791667,0.0556563799609,,0.14192,longer,linear,FE,12000,8000,100,20,13,0,14,1,random,mean,250
2026090709,6250,250,0.794210416667,1.74726291667,0.0351333290054,,0.1344,longer,linear,FE,12000,8000,100,20,13,0,14,1,random,mean,250
2026090710,6250,250,0.609160416667,1.34015291667,0.0612667955636,,0.13328,longer,linear,FE,12000,8000,100,20,13,0,14,1,random,mean,250
2026090711,6250,250,0.579472916667,1.27484041667,0.0514275241167,,0.16016,longer,linear,FE,12000,8000,100,20,13,0,14,1,random,mean,250
2026090712,6250,250,0.546008333333,1.20121833333,0.0557127171311,,0.16592,longer,linear,FE,12000,8000,100,20,13,0,14,1,random,mean,250
2026090713,6250,250,0.826777083333,1.81890958333,0.00929340792147,,0.09872,longer,linear,FE,12000,8000,100,20,13,0,14,1,random,mean,250
2026090714,6250,250,0.575989583333,1.26717708333,0.0515224231246,,0.1832,longer,linear,FE,12000,8000,100,20,13,0,14,1,random,mean,250
2026090715,6250,250,0.7779875,1.7115725,0.018801509381,,0.09536,longer,linear,FE,12000,8000,100,20,13,0,14,1,random,mean,250
2026090700,6500,250,0.552791666667,1.21614166667,0.0530423394134,,0.142153846154,longer,linear,FE,12000,8000,100,20,13,0,14,1,random,mean,250
2026090701,6500,250,0.688770833333,1.51529583333,0.0484586990117,,0.0536923076923,longer,linear,FE,12000,8000,100,20,13,0,14,1,random,mean,250
2026090702,6500,250,0.675729166667,1.48660416667,0.0364061949966,,0.143846153846,longer,linear,FE,12000,8000,100,20,13,0,14,1,random,mean,250
2026090703,6500,250,0.669270833333,1.47239583333,0.0468332048269,,0.124615384615,longer,linear,FE,12000,8000,100,20,13,0,14,1,random,mean,250
2026090704,6500,250,0.565133333333,1.24329333333,0.0483587550165,,0.180307692308,longer,linear,FE,12000,8000,100,20,13,0,14,1,random,mean,250
2026090705,6500,250,0.496170833333,1.09157583333,0.0599902344707,,0.173076923077,longer,linear,FE,12000,8000,100,20,13,0,14,1,random,mean,250
2026090706,6500,250,0.894270833333,1.96739583333,0.0149231669631,,0.0983076923077,longer,linear,FE,12000,8000,100,20,13,0,14,1,random,mean,250
2026090707,6500,250,0.510414583333,1.12291208333,0.0595761766968,,0.131384615385,longer,linear,FE,12000,8000,100,20,13,0,14,1,random,mean,250
2026090708,6500,250,0.652927083333,1.43643958333,0.0401701685709,,0.138923076923,longer,linear,FE,12000,8000,100,20,13,0,14,1,random,mean,250
2026090709,6500,250,0.707641666667,1.55681166667,0.0354653058678,,0.133384615385,longer,linear,FE,12000,8000,100,20,13,0,14,1,random,mean,250
2026090710,6500,250,0.733660416667,1.61405291667,0.0440542126954,,0.131076923077,longer,linear,FE,12000,8000,100,20,13,0,14,1,random,mean,250
2026090711,6500,250,0.603754166667,1.32825916667,0.0517906845003,,0.162615384615,longer,linear,FE,12000,8000,100,20,13,0,14,1,random,mean,250
2026090712,6500,250,0.593589583333,1.30589708333,0.0489085070672,,0.163538461538,longer,linear,FE,12000,8000,100,20,13,0,14,1,random,mean,250
2026090713,6500,250,0.829052083333,1.82391458333,0.00968264634105,,0.0953846153846,longer,linear,FE,12000,8000,100,20,13,0,14,1,random,mean,250
2026090714,6500,250,0.586825,1.291015,0.0513403646291,,0.183846153846,longer,linear,FE,12000,8000,100,20,13,0,14,1,random,mean,250
2026090715,6500,250,0.800520833333,1.76114583333,0.0181356197185,,0.0916923076923,longer,linear,FE,12000,8000,100,20,13,0,14,1,random,mean,250
2026090700,6750,250,0.553766666667,1.21828666667,0.0501629835912,,0.140444444444,longer,linear,FE,12000,8000,100,20,13,0,14,1,random,mean,250
2026090701,6750,250,0.535902083333,1.17898458333,0.0505478622341,,0.0644444444444,longer,linear,FE,12000,8000,100,20,13,0,14,1,random,mean,250
2026090702,6750,250,0.668045833333,1.46970083333,0.0351626528305,,0.139407407407,longer,linear,FE,12000,8000,100,20,13,0,14,1,random,mean,250
2026090703,6750,250,0.641425,1.411135,0.0539855512031,,0.123851851852,longer,linear,FE,12000,8000,100,20,13,0,14,1,random,mean,250
2026090704,6750,250,0.732775,1.612105,0.0190910324986,,0.173925925926,longer,linear,FE,12000,8000,100,20,13,0,14,1,random,mean,250
2026090705,6750,250,0.48468125,1.06629875,0.0540608055064,,0.176444444444,longer,linear,FE,12000,8000,100,20,13,0,14,1,random,mean,250
2026090706,6750,250,0.894270833333,1.96739583333,0.0149231669631,,0.0946666666667,longer,linear,FE,12000,8000,100,20,13,0,14,1,random,mean,250
2026090707,6750,250,0.589329166667,1.29652416667,0.0460967562938,,0.133333333333,longer,linear,FE,12000,8000,100,20,13,0,14,1,random,mean,250
2026090708,6750,250,0.661704166667,1.45574916667,0.0447620232384,,0.133925925926,longer,linear,FE,12000,8000,100,20,13,0,14,1,random,mean,250
2026090709,6750,250,0.561683333333,1.23570333333,0.0449906271966,,0.136148148148,longer,linear,FE,12000,8000,100,20,13,0,14,1,random,mean,250
2026090710,6750,250,0.785585416667,1.72828791667,0.033067013872,,0.126666666667,longer,linear,FE,12000,8000,100,20,13,0,14,1,random,mean,250
2026090711,6750,250,0.65598125,1.44315875,0.036363496494,,0.161333333333,longer,linear,FE,12000,8000,100,20,13,0,14,1,random,mean,250
2026090712,6750,250,0.623691666667,1.37212166667,0.0418278529548,,0.163703703704,longer,linear,FE,12000,8000,100,20,13,0,14,1,random,mean,250
2026090713,6750,250,0.822395833333,1.80927083333,0.0136713404493,,0.0918518518519,longer,linear,FE,12000,8000,100,20,13,0,14,1,random,mean,250
2026090714,6750,250,0.60248125,1.32545875,0.0430537279263,,0.185037037037,longer,linear,FE,12000,8000,100,20,13,0,14,1,random,mean,250
2026090715,6750,250,0.800520833333,1.76114583333,0.0181356197185,,0.0882962962963,longer,linear,FE,12000,8000,100,20,13,0,14,1,random,mean,250
2026090700,7000,250,0.544025,1.196855,0.0525930416238,,0.144857142857,longer,linear,FE,12000,8000,100,20,13,0,14,1,random,mean,250
2026090701,7000,250,0.764408333333,1.68169833333,0.0232046661102,,0.0627142857143,longer,linear,FE,12000,8000,100,20,13,0,14,1,random,mean,250
2026090702,7000,250,0.80840625,1.77849375,0.0150931138115,,0.135285714286,longer,linear,FE,12000,8000,100,20,13,0,14,1,random,mean,250
2026090703,7000,250,0.624679166667,1.37429416667,0.0424121197294,,0.126571428571,longer,linear,FE,12000,8000,100,20,13,0,14,1,random,mean,250
2026090704,7000,250,0.596785416667,1.31292791667,0.0463843215231,,0.175285714286,longer,linear,FE,12000,8000,100,20,13,0,14,1,random,mean,250
2026090705,7000,250,0.498514583333,1.09673208333,0.0578599380789,,0.183571428571,longer,linear,FE,12000,8000,100,20,13,0,14,1,random,mean,250
2026090706,7000,250,0.894270833333,1.96739583333,0.0149231669631,,0.0912857142857,longer,linear,FE,12000,8000,100,20,13,0,14,1,random,mean,250
2026090707,7000,250,0.520197916667,1.14443541667,0.0497698072582,,0.137857142857,longer,linear,FE,12000,8000,100,20,13,0,14,1,random,mean,250
2026090708,7000,250,0.609208333333,1.34025833333,0.0522657381185,,0.131857142857,longer,linear,FE,12000,8000,100,20,13,0,14,1,random,mean,250
2026090709,7000,250,0.591333333333,1.30093333333,0.0270556073011,,0.131571428571,longer,linear,FE,12000,8000,100,20,13,0,14,1,random,mean,250
2026090710,7000,250,0.606535416667,1.33437791667,0.0473401241565,,0.128857142857,longer,linear,FE,12000,8000,100,20,13,0,14,1,random,mean,250
2026090711,7000,250,0.621141666667,1.36651166667,0.0536893613698,,0.163,longer,linear,FE,12000,8000,100,20,13,0,14,1,random,mean,250
2026090712,7000,250,0.736875,1.621125,0.037979837533,,0.158,longer,linear,FE,12000,8000,100,20,13,0,14,1,random,mean,250
2026090713,7000,250,0.836883333333,1.84114333333,0.00974359743547,,0.0888571428571,longer,linear,FE,12000,8000,100,20,13,0,14,1,random,mean,250
2026090714,7000,250,0.551839583333,1.21404708333,0.054007876336,,0.188142857143,longer,linear,FE,12000,8000,100,20,13,0,14,1,random,mean,250
2026090715,7000,250,0.781614583333,1.71955208333,0.0218460935787,,0.0852857142857,longer,linear,FE,12000,8000,100,20,13,0,14,1,random,mean,250
2026090700,7250,250,0.78285625,1.72228375,0.0344365162308,,0.14275862069,longer,linear,FE,12000,8000,100,20,13,0,14,1,random,mean,250
2026090701,7250,250,0.777622916667,1.71077041667,0.0241293356217,,0.0609655172414,longer,linear,FE,12000,8000,100,20,13,0,14,1,random,mean,250
2026090702,7250,250,0.823147916667,1.81092541667,0.0127572006779,,0.13075862069,longer,linear,FE,12000,8000,100,20,13,0,14,1,random,mean,250
2026090703,7250,250,0.628214583333,1.38207208333,0.0374252694848,,0.127034482759,longer,linear,FE,12000,8000,100,20,13,0,14,1,random,mean,250
2026090704,7250,250,0.5590875,1.2299925,0.0529173066457,,0.176965517241,longer,linear,FE,12000,8000,100,20,13,0,14,1,random,mean,250
2026090705,7250,250,0.5986,1.31692,0.0503881674077,,0.184965517241,longer,linear,FE,12000,8000,100,20,13,0,14,1,random,mean,250
2026090706,7250,250,0.894270833333,1.96739583333,0.0149231669631,,0.0881379310345,longer,linear,FE,12000,8000,100,20,13,0,14,1,random,mean,250
2026090707,7250,250,0.531079166667,1.16837416667,0.0560850486355,,0.141655172414,longer,linear,FE,12000,8000,100,20,13,0,14,1,random,mean,250
2026090708,7250,250,0.571389583333,1.25705708333,0.0448972511718,,0.131724137931,longer,linear,FE,12000,8000,100,20,13,0,14,1,random,mean,250
2026090709,7250,250,0.586339583333,1.28994708333,0.0468149022059,,0.127448275862,longer,linear,FE,12000,8000,100,20,13,0,14,1,random,mean,250
2026090710,7250,250,0.675554166667,1.48621916667,0.0264361056816,,0.124689655172,longer,linear,FE,12000,8000,100,20,13,0,14,1,random,mean,250
2026090711,7250,250,0.677135416667,1.48969791667,0.0395790872475,,0.161793103448,longer,linear,FE,12000,8000,100,20,13,0,14,1,random,mean,250
2026090712,7250,250,0.735089583333,1.61719708333,0.0268514706979,,0.153655172414,longer,linear,FE,12000,8000,100,20,13,0,14,1,random,mean,250
2026090713,7250,250,0.827477083333,1.82044958333,0.00709118926942,,0.0859310344828,longer,linear,FE,12000,8000,100,20,13,0,14,1,random,mean,250
2026090714,7250,250,0.5211125,1.1464475,0.0568011783223,,0.192,longer,linear,FE,12000,8000,100,20,13,0,14,1,random,mean,250
2026090715,7250,250,0.714129166667,1.57108416667,0.0342663666305,,0.0846896551724,longer,linear,FE,12000,8000,100,20,13,0,14,1,random,mean,250
2026090700,7500,250,0.911220833333,2.00468583333,0.0134415404369,,0.138266666667,longer,linear,FE,12000,8000,100,20,13,0,14,1,random,mean,250
2026090701,7500,250,0.774047916667,1.70290541667,0.0213632046817,,0.0590666666667,longer,linear,FE,12000,8000,100,20,13,0,14,1,random,mean,250
2026090702,7500,250,0.8151875,1.7934125,0.0166002876655,,0.126666666667,longer,linear,FE,12000,8000,100,20,13,0,14,1,random,mean,250
2026090703,7500,250,0.696091666667,1.53140166667,0.031354741743,,0.1244,longer,linear,FE,12000,8000,100,20,13,0,14,1,random,mean,250
2026090704,7500,250,0.494370833333,1.08761583333,0.0558980151836,,0.180133333333,longer,linear,FE,12000,8000,100,20,13,0,14,1,random,mean,250
2026090705,7500,250,0.74996875,1.64993125,0.0140298615415,,0.179333333333,longer,linear,FE,12000,8000,100,20,13,0,14,1,random,mean,250
2026090706,7500,250,0.894270833333,1.96739583333,0.0149231669631,,0.0852,longer,linear,FE,12000,8000,100,20,13,0,14,1,random,mean,250
2026090707,7500,250,0.55615,1.22353,0.0579383834722,,0.143466666667,longer,linear,FE,12000,8000,100,20,13,0,14,1,random,mean,250
2026090708,7500,250,0.670547916667,1.47520541667,0.0435432142159,,0.127866666667,longer,linear,FE,12000,8000,100,20,13,0,14,1,random,mean,250
2026090709,7500,250,0.582208333333,1.28085833333,0.0464430699089,,0.128133333333,longer,linear,FE,12000,8000,100,20,13,0,14,1,random,mean,250
2026090710,7500,250,0.641433333333,1.41115333333,0.0391534354013,,0.121333333333,longer,linear,FE,12000,8000,100,20,13,0,14,1,random,mean,250
2026090711,7500,250,0.778645833333,1.71302083333,0.0200770920159,,0.1564,longer,linear,FE,12000,8000,100,20,13,0,14,1,random,mean,250
2026090712,7500,250,0.74508125,1.63917875,0.0234568651011,,0.148933333333,longer,linear,FE,12000,8000,100,20,13,0,14,1,random,mean,250
2026090713,7500,250,0.8193,1.80246,0.0118643669996,,0.0837333333333,longer,linear,FE,12000,8000,100,20,13,0,14,1,random,mean,250
2026090714,7500,250,0.540708333333,1.18955833333,0.0552805732882,,0.1948,longer,linear,FE,12000,8000,100,20,13,0,14,1,random,mean,250
2026090715,7500,250,0.514029166667,1.13086416667,0.0584019962891,,0.0874666666667,longer,linear,FE,12000,8000,100,20,13,0,14,1,random,mean,250
2026090700,7750,250,0.931770833333,2.04989583333,0.00986635738281,,0.133806451613,longer,linear,FE,12000,8000,100,20,13,0,14,1,random,mean,250
2026090701,7750,250,0.744270833333,1.63739583333,0.0231575108911,,0.0572903225806,longer,linear,FE,12000,8000,100,20,13,0,14,1,random,mean,250
2026090702,7750,250,0.81084375,1.78385625,0.0247530284505,,0.122838709677,longer,linear,FE,12000,8000,100,20,13,0,14,1,random,mean,250
2026090703,7750,250,0.503089583333,1.10679708333,0.0602328671958,,0.132258064516,longer,linear,FE,12000,8000,100,20,13,0,14,1,random,mean,250
2026090704,7750,250,0.559960416667,1.23191291667,0.0474673803386,,0.180903225806,longer,linear,FE,12000,8000,100,20,13,0,14,1,random,mean,250
2026090705,7750,250,0.730033333333,1.60607333333,0.0233015869641,,0.174709677419,longer,linear,FE,12000,8000,100,20,13,0,14,1,random,mean,250
2026090706,7750,250,0.894270833333,1.96739583333,0.0149231669631,,0.0824516129032,longer,linear,FE,12000,8000,100,20,13,0,14,1,random,mean,250
2026090707,7750,250,0.744495833333,1.63789083333,0.0307402530859,,0.140774193548,longer,linear,FE,12000,8000,100,20,13,0,14,1,random,mean,250
2026090708,7750,250,0.6545,1.4399,0.044618128795,,0.124,longer,linear,FE,12000,8000,100,20,13,0,14,1,random,mean,250
2026090709,7750,250,0.6286875,1.3831125,0.0408066682444,,0.128516129032,longer,linear,FE,12000,8000,100,20,13,0,14,1,random,mean,250
2026090710,7750,250,0.541660416667,1.19165291667,0.0573773524097,,0.127741935484,longer,linear,FE,12000,8000,100,20,13,0,14,1,random,mean,250
2026090711,7750,250,0.778645833333,1.71302083333,0.0200770920159,,0.15135483871,longer,linear,FE,12000,8000,100,20,13,0,14,1,random,mean,250
2026090712,7750,250,0.733416666667,1.61351666667,0.0237478635917,,0.144258064516,longer,linear,FE,12000,8000,100,20,13,0,14,1,random,mean,250
2026090713,7750,250,0.690910416667,1.52000291667,0.0373010713064,,0.0842580645161,longer,linear,FE,12000,8000,100,20,13,0,14,1,random,mean,250
2026090714,7750,250,0.627541666667,1.38059166667,0.0481575510982,,0.195870967742,longer,linear,FE,12000,8000,100,20,13,0,14,1,random,mean,250
2026090715,7750,250,0.579141666667,1.27411166667,0.0440522136038,,0.089935483871,longer,linear,FE,12000,8000,100,20,13,0,14,1,random,mean,250
2026090700,8000,250,0.86121875,1.89468125,0.0238577180645,,0.13,longer,linear,FE,12000,8000,100,20,13,0,14,1,random,mean,250
2026090701,8000,250,0.688697916667,1.51513541667,0.036817693607,,0.055625,longer,linear,FE,12000,8000,100,20,13,0,14,1,random,mean,250
2026090702,8000,250,0.754029166667,1.65886416667,0.026353153895,,0.1195,longer,linear,FE,12000,8000,100,20,13,0,14,1,random,mean,250
2026090703,8000,250,0.532152083333,1.17073458333,0.0554979049154,,0.136625,longer,linear,FE,12000,8000,100,20,13,0,14,1,random,mean,250
2026090704,8000,250,0.523797916667,1.15235541667,0.0535783985138,,0.182375,longer,linear,FE,12000,8000,100,20,13,0,14,1,random,mean,250
2026090705,8000,250,0.778660416667,1.71305291667,0.0246899050281,,0.16975,longer,linear,FE,12000,8000,100,20,13,0,14,1,random,mean,250
2026090706,8000,250,0.894270833333,1.96739583333,0.0149231669631,,0.079875,longer,linear,FE,12000,8000,100,20,13,0,14,1,random,mean,250
2026090707,8000,250,0.585958333333,1.28910833333,0.0472300070616,,0.142375,longer,linear,FE,12000,8000,100,20,13,0,14,1,random,mean,250
2026090708,8000,250,0.55588125,1.22293875,0.0609609325745,,0.126,longer,linear,FE,12000,8000,100,20,13,0,14,1,random,mean,250
2026090709,8000,250,0.697972916667,1.53554041667,0.0272069191035,,0.124625,longer,linear,FE,12000,8000,100,20,13,0,14,1,random,mean,250
2026090710,8000,250,0.605445833333,1.33198083333,0.0489241658018,,0.127625,longer,linear,FE,12000,8000,100,20,13,0,14,1,random,mean,250
2026090711,8000,250,0.786245833333,1.72974083333,0.0184855431147,,0.14675,longer,linear,FE,12000,8000,100,20,13,0,14,1,random,mean,250
2026090712,8000,250,0.74954375,1.64899625,0.0158663507332,,0.14,longer,linear,FE,12000,8000,100,20,13,0,14,1,random,mean,250
2026090713,8000,250,0.57379375,1.26234625,0.0501719670795,,0.086875,longer,linear,FE,12000,8000,100,20,13,0,14,1,random,mean,250
2026090714,8000,250,0.752175,1.654785,0.0372755468959,,0.189875,longer,linear,FE,12000,8000,100,20,13,0,14,1,random,mean,250
2026090715,8000,250,0.53054375,1.16719625,0.0462452205192,,0.095,longer,linear,FE,12000,8000,100,20,13,0,14,1,random,mean,250
2026090700,8250,250,0.816145833333,1.79552083333,0.0330891190767,,0.126060606061,longer,linear,FE,12000,8000,100,20,13,0,14,1,random,mean,250
2026090701,8250,250,0.712239583333,1.56692708333,0.0372736188307,,0.0556363636364,longer,linear,FE,12000,8000,100,20,13,0,14,1,random,mean,250
2026090702,8250,250,0.620245833333,1.36454083333,0.0415848312407,,0.121696969697,longer,linear,FE,12000,8000,100,20,13,0,14,1,random,mean,250
2026090703,8250,250,0.559547916667,1.23100541667,0.0536160819184,,0.138787878788,longer,linear,FE,12000,8000,100,20,13,0,14,1,random,mean,250
2026090704,8250,250,0.5474125,1.2043075,0.047190663277,,0.182181818182,longer,linear,FE,12000,8000,100,20,13,0,14,1,random,mean,250
2026090705,8250,250,0.829654166667,1.82523916667,0.0147465881392,,0.164727272727,longer,linear,FE,12000,8000,100,20,13,0,14,1,random,mean,250
2026090706,8250,250,0.894270833333,1.96739583333,0.0149231669631,,0.0774545454545,longer,linear,FE,12000,8000,100,20,13,0,14,1,random,mean,250
2026090707,8250,250,0.584247916667,1.28534541667,0.0418430644134,,0.140727272727,longer,linear,FE,12000,8000,100,20,13,0,14,1,random,mean,250
2026090708,8250,250,0.667708333333,1.46895833333,0.0588765243411,,0.122181818182,longer,linear,FE,12000,8000,100,20,13,0,14,1,random,mean,250
2026090709,8250,250,0.704383333333,1.54964333333,0.0262193349977,,0.12096969697,longer,linear,FE,12000,8000,100,20,13,0,14,1,random,mean,250
2026090710,8250,250,0.763835416667,1.68043791667,0.0442166972598,,0.124121212121,longer,linear,FE,12000,8000,100,20,13,0,14,1,random,mean,250
2026090711,8250,250,0.82915625,1.82414375,0.00955476244798,,0.142424242424,longer,linear,FE,12000,8000,100,20,13,0,14,1,random,mean,250
2026090712,8250,250,0.749479166667,1.64885416667,0.0146179289401,,0.135757575758,longer,linear,FE,12000,8000,100,20,13,0,14,1,random,mean,250
2026090713,8250,250,0.501572916667,1.10346041667,0.0568061000434,,0.0918787878788,longer,linear,FE,12000,8000,100,20,13,0,14,1,random,mean,250
2026090714,8250,250,0.71550625,1.57411375,0.0457453451256,,0.185333333333,longer,linear,FE,12000,8000,100,20,13,0,14,1,random,mean,250
2026090715,8250,250,0.683314583333,1.50329208333,0.0386039029273,,0.0928484848485,longer,linear,FE,12000,8000,100,20,13,0,14,1,random,mean,250
2026090700,8500,250,0.8163,1.79586,0.0330619509494,,0.122470588235,longer,linear,FE,12000,8000,100,20,13,0,14,1,random,mean,250
2026090701,8500,250,0.69364375,1.52601625,0.0408768638697,,0.0565882352941,longer,linear,FE,12000,8000,100,20,13,0,14,1,random,mean,250
2026090702,8500,250,0.670833333333,1.47583333333,0.0106097235159,,0.118117647059,longer,linear,FE,12000,8000,100,20,13,0,14,1,random,mean,250
2026090703,8500,250,0.566747916667,1.24684541667,0.0460528506314,,0.142117647059,longer,linear,FE,12000,8000,100,20,13,0,14,1,random,mean,250
2026090704,8500,250,0.667983333333,1.46956333333,0.0702260955326,,0.178,longer,linear,FE,12000,8000,100,20,13,0,14,1,random,mean,250
2026090705,8500,250,0.8275875,1.8206925,0.012251162176,,0.160117647059,longer,linear,FE,12000,8000,100,20,13,0,14,1,random,mean,250
2026090706,8500,250,0.894270833333,1.96739583333,0.0149231669631,,0.0751764705882,longer,linear,FE,12000,8000,100,20,13,0,14,1,random,mean,250
2026090707,8500,250,0.551535416667,1.21337791667,0.0564513741484,,0.142117647059,longer,linear,FE,12000,8000,100,20,13,0,14,1,random,mean,250
2026090708,8500,250,0.667708333333,1.46895833333,0.0588765243411,,0.118588235294,longer,linear,FE,12000,8000,100,20,13,0,14,1,random,mean,250
2026090709,8500,250,0.533102083333,1.17282458333,0.0529790333791,,0.125529411765,longer,linear,FE,12000,8000,100,20,13,0,14,1,random,mean,250
2026090710,8500,250,0.759895833333,1.67177083333,0.0439106488086,,0.120470588235,longer,linear,FE,12000,8000,100,20,13,0,14,1,random,mean,250
2026090711,8500,250,0.8205,1.8051,0.0122831663966,,0.138470588235,longer,linear,FE,12000,8000,100,20,13,0,14,1,random,mean,250
2026090712,8500,250,0.7439375,1.6366625,0.013566213854,,0.132,longer,linear,FE,12000,8000,100,20,13,0,14,1,random,mean,250
2026090713,8500,250,0.541039583333,1.19028708333,0.045075555095,,0.0955294117647,longer,linear,FE,12000,8000,100,20,13,0,14,1,random,mean,250
2026090714,8500,250,0.5443625,1.1975975,0.0595090483297,,0.188588235294,longer,linear,FE,12000,8000,100,20,13,0,14,1,random,mean,250
2026090715,8500,250,0.630329166667,1.38672416667,0.0509711357716,,0.0936470588235,longer,linear,FE,12000,8000,100,20,13,0,14,1,random,mean,250
2026090700,8750,250,0.834345833333,1.83556083333,0.0205446418008,,0.119885714286,longer,linear,FE,12000,8000,100,20,13,0,14,1,random,mean,250
2026090701,8750,250,0.5134375,1.1295625,0.0563322530742,,0.0613714285714,longer,linear,FE,12000,8000,100,20,13,0,14,1,random,mean,250
2026090702,8750,250,0.539591666667,1.18710166667,0.0524353836572,,0.121714285714,longer,linear,FE,12000,8000,100,20,13,0,14,1,random,mean,250
2026090703,8750,250,0.541347916667,1.19096541667,0.051936449212,,0.146514285714,longer,linear,FE,12000,8000,100,20,13,0,14,1,random,mean,250
2026090704,8750,250,0.6859375,1.5090625,0.0711055246505,,0.173028571429,longer,linear,FE,12000,8000,100,20,13,0,14,1,random,mean,250
2026090705,8750,250,0.82409375,1.81300625,0.0107507100852,,0.155885714286,longer,linear,FE,12000,8000,100,20,13,0,14,1,random,mean,250
2026090706,8750,250,0.894270833333,1.96739583333,0.0149231669631,,0.0730285714286,longer,linear,FE,12000,8000,100,20,13,0,14,1,random,mean,250
2026090707,8750,250,0.609041666667,1.33989166667,0.0370703508072,,0.141142857143,longer,linear,FE,12000,8000,100,20,13,0,14,1,random,mean,250
2026090708,8750,250,0.6517375,1.4338225,0.0587294205852,,0.116342857143,longer,linear,FE,12000,8000,100,20,13,0,14,1,random,mean,250
2026090709,8750,250,0.7279,1.60138,0.0423542113081,,0.122057142857,longer,linear,FE,12000,8000,100,20,13,0,14,1,random,mean,250
2026090710,8750,250,0.763220833333,1.67908583333,0.0452265353864,,0.117485714286,longer,linear,FE,12000,8000,100,20,13,0,14,1,random,mean,250
2026090711,8750,250,0.776020833333,1.70724583333,0.017868529975,,0.134857142857,longer,linear,FE,12000,8000,100,20,13,0,14,1,random,mean,250
2026090712,8750,250,0.7296875,1.6053125,0.0110469468676,,0.128228571429,longer,linear,FE,12000,8000,100,20,13,0,14,1,random,mean,250
2026090713,8750,250,0.664583333333,1.46208333333,0.0203838191164,,0.0928,longer,linear,FE,12000,8000,100,20,13,0,14,1,random,mean,250
2026090714,8750,250,0.5298875,1.1657525,0.0594080959473,,0.192,longer,linear,FE,12000,8000,100,20,13,0,14,1,random,mean,250
2026090715,8750,250,0.522341666667,1.14915166667,0.0546419893209,,0.0979428571429,longer,linear,FE,12000,8000,100,20,13,0,14,1,random,mean,250
2026090700,9000,250,0.847916666667,1.86541666667,0.0141224590399,,0.116555555556,longer,linear,FE,12000,8000,100,20,13,0,14,1,random,mean,250
2026090701,9000,250,0.599947916667,1.31988541667,0.0522367341279,,0.0637777777778,longer,linear,FE,12000,8000,100,20,13,0,14,1,random,mean,250
2026090702,9000,250,0.737322916667,1.62211041667,0.0310039241768,,0.119444444444,longer,linear,FE,12000,8000,100,20,13,0,14,1,random,mean,250
2026090703,9000,250,0.50965625,1.12124375,0.0566988642577,,0.149333333333,longer,linear,FE,12000,8000,100,20,13,0,14,1,random,mean,250
2026090704,9000,250,0.6843375,1.5055425,0.0710462961164,,0.168333333333,longer,linear,FE,12000,8000,100,20,13,0,14,1,random,mean,250
2026090705,9000,250,0.839470833333,1.84683583333,0.00745843452561,,0.151777777778,longer,linear,FE,12000,8000,100,20,13,0,14,1,random,mean,250
2026090706,9000,250,0.881166666667,1.93856666667,0.0147726590613,,0.0712222222222,longer,linear,FE,12000,8000,100,20,13,0,14,1,random,mean,250
2026090707,9000,250,0.632522916667,1.39155041667,0.0401613593954,,0.139888888889,longer,linear,FE,12000,8000,100,20,13,0,14,1,random,mean,250
2026090708,9000,250,0.572722916667,1.25999041667,0.0554298902344,,0.117666666667,longer,linear,FE,12000,8000,100,20,13,0,14,1,random,mean,250
2026090709,9000,250,0.554522916667,1.21995041667,0.0547990286687,,0.125444444444,longer,linear,FE,12000,8000,100,20,13,0,14,1,random,mean,250
2026090710,9000,250,0.69646875,1.53223125,0.0496655424686,,0.116888888889,longer,linear,FE,12000,8000,100,20,13,0,14,1,random,mean,250
2026090711,9000,250,0.72700625,1.59941375,0.00640681873815,,0.131333333333,longer,linear,FE,12000,8000,100,20,13,0,14,1,random,mean,250
2026090712,9000,250,0.719691666667,1.58332166667,0.0138364087944,,0.125222222222,longer,linear,FE,12000,8000,100,20,13,0,14,1,random,mean,250
2026090713,9000,250,0.663941666667,1.46067166667,0.0208565218881,,0.0904444444444,longer,linear,FE,12000,8000,100,20,13,0,14,1,random,mean,250
2026090714,9000,250,0.570395833333,1.25487083333,0.0501937028768,,0.192777777778,longer,linear,FE,12000,8000,100,20,13,0,14,1,random,mean,250
2026090715,9000,250,0.6008375,1.3218425,0.0504022094123,,0.100777777778,longer,linear,FE,12000,8000,100,20,13,0,14,1,random,mean,250
2026090700,9250,250,0.852852083333,1.87627458333,0.0135716104309,,0.113621621622,longer,linear,FE,12000,8000,100,20,13,0,14,1,random,mean,250
2026090701,9250,250,0.615560416667,1.35423291667,0.0548375437966,,0.0656216216216,longer,linear,FE,12000,8000,100,20,13,0,14,1,random,mean,250
2026090702,9250,250,0.760416666667,1.67291666667,0.024941543258,,0.116216216216,longer,linear,FE,12000,8000,100,20,13,0,14,1,random,mean,250
2026090703,9250,250,0.48083125,1.05782875,0.0624534786395,,0.152432432432,longer,linear,FE,12000,8000,100,20,13,0,14,1,random,mean,250
2026090704,9250,250,0.49095625,1.08010375,0.0586432388094,,0.171459459459,longer,linear,FE,12000,8000,100,20,13,0,14,1,random,mean,250
2026090705,9250,250,0.8492375,1.8683225,0.0062326252707,,0.148108108108,longer,linear,FE,12000,8000,100,20,13,0,14,1,random,mean,250
2026090706,9250,250,0.868229166667,1.91010416667,0.0137498284896,,0.0692972972973,longer,linear,FE,12000,8000,100,20,13,0,14,1,random,mean,250
2026090707,9250,250,0.62053125,1.36516875,0.0471156514524,,0.13827027027,longer,linear,FE,12000,8000,100,20,13,0,14,1,random,mean,250
2026090708,9250,250,0.69510625,1.52923375,0.0410877706185,,0.117297297297,longer,linear,FE,12000,8000,100,20,13,0,14,1,random,mean,250
2026090709,9250,250,0.745495833333,1.64009083333,0.0323651325856,,0.122594594595,longer,linear,FE,12000,8000,100,20,13,0,14,1,random,mean,250
2026090710,9250,250,0.516464583333,1.13622208333,0.0523768358768,,0.121837837838,longer,linear,FE,12000,8000,100,20,13,0,14,1,random,mean,250
2026090711,9250,250,0.7203875,1.5848525,0.00376275985938,,0.127891891892,longer,linear,FE,12000,8000,100,20,13,0,14,1,random,mean,250
2026090712,9250,250,0.611133333333,1.34449333333,0.0416926907395,,0.122054054054,longer,linear,FE,12000,8000,100,20,13,0,14,1,random,mean,250
2026090713,9250,250,0.667504166667,1.46850916667,0.0332439257293,,0.0895135135135,longer,linear,FE,12000,8000,100,20,13,0,14,1,random,mean,250
2026090714,9250,250,0.574066666667,1.26294666667,0.0507686365712,,0.195243243243,longer,linear,FE,12000,8000,100,20,13,0,14,1,random,mean,250
2026090715,9250,250,0.524570833333,1.15405583333,0.0544485301871,,0.102594594595,longer,linear,FE,12000,8000,100,20,13,0,14,1,random,mean,250
2026090700,9500,250,0.859564583333,1.89104208333,0.014055615455,,0.110947368421,longer,linear,FE,12000,8000,100,20,13,0,14,1,random,mean,250
2026090701,9500,250,0.514564583333,1.13204208333,0.0559046505131,,0.0728421052632,longer,linear,FE,12000,8000,100,20,13,0,14,1,random,mean,250
2026090702,9500,250,0.802247916667,1.76494541667,0.0255808885584,,0.113684210526,longer,linear,FE,12000,8000,100,20,13,0,14,1,random,mean,250
2026090703,9500,250,0.82209375,1.80860625,0.0224495793805,,0.149368421053,longer,linear,FE,12000,8000,100,20,13,0,14,1,random,mean,250
2026090704,9500,250,0.531433333333,1.16915333333,0.0606164749044,,0.176947368421,longer,linear,FE,12000,8000,100,20,13,0,14,1,random,mean,250
2026090705,9500,250,0.828952083333,1.82369458333,0.00670952518425,,0.144631578947,longer,linear,FE,12000,8000,100,20,13,0,14,1,random,mean,250
2026090706,9500,250,0.868229166667,1.91010416667,0.0137498284896,,0.0674736842105,longer,linear,FE,12000,8000,100,20,13,0,14,1,random,mean,250
2026090707,9500,250,0.60488125,1.33073875,0.0403023882458,,0.138315789474,longer,linear,FE,12000,8000,100,20,13,0,14,1,random,mean,250
2026090708,9500,250,0.717308333333,1.57807833333,0.0277648117726,,0.115263157895,longer,linear,FE,12000,8000,100,20,13,0,14,1,random,mean,250
2026090709,9500,250,0.776041666667,1.70729166667,0.033360893744,,0.119368421053,longer,linear,FE,12000,8000,100,20,13,0,14,1,random,mean,250
2026090710,9500,250,0.571460416667,1.25721291667,0.0537021887227,,0.122631578947,longer,linear,FE,12000,8000,100,20,13,0,14,1,random,mean,250
2026090711,9500,250,0.71719375,1.57782625,0.00823849832252,,0.125368421053,longer,linear,FE,12000,8000,100,20,13,0,14,1,random,mean,250
2026090712,9500,250,0.6140625,1.3509375,0.0406793831002,,0.118842105263,longer,linear,FE,12000,8000,100,20,13,0,14,1,random,mean,250
2026090713,9500,250,0.51665,1.13663,0.0528959042572,,0.0941052631579,longer,linear,FE,12000,8000,100,20,13,0,14,1,random,mean,250
2026090714,9500,250,0.59755,1.31461,0.0485999761959,,0.194736842105,longer,linear,FE,12000,8000,100,20,13,0,14,1,random,mean,250
2026090715,9500,250,0.663820833333,1.46040583333,0.0463348218151,,0.101894736842,longer,linear,FE,12000,8000,100,20,13,0,14,1,random,mean,250
2026090700,9750,250,0.718639583333,1.58100708333,0.0397180214683,,0.111076923077,longer,linear,FE,12000,8000,100,20,13,0,14,1,random,mean,250
2026090701,9750,250,0.73684375,1.62105625,0.028142574791,,0.0722051282051,longer,linear,FE,12000,8000,100,20,13,0,14,1,random,mean,250
2026090702,9750,250,0.785916666667,1.72901666667,0.0309188656297,,0.110871794872,longer,linear,FE,12000,8000,100,20,13,0,14,1,random,mean,250
2026090703,9750,250,0.8265625,1.8184375,0.0213492776959,,0.145538461538,longer,linear,FE,12000,8000,100,20,13,0,14,1,random,mean,250
2026090704,9750,250,0.515029166667,1.13306416667,0.0545603449238,,0.176717948718,longer,linear,FE,12000,8000,100,20,13,0,14,1,random,mean,250
2026090705,9750,250,0.818341666667,1.80035166667,0.013379453102,,0.141846153846,longer,linear,FE,12000,8000,100,20,13,0,14,1,random,mean,250
2026090706,9750,250,0.868229166667,1.91010416667,0.0137498284896,,0.0657435897436,longer,linear,FE,12000,8000,100,20,13,0,14,1,random,mean,250
2026090707,9750,250,0.636710416667,1.40076291667,0.0311831960993,,0.135897435897,longer,linear,FE,12000,8000,100,20,13,0,14,1,random,mean,250
2026090708,9750,250,0.518422916667,1.14053041667,0.0445472119537,,0.119384615385,longer,linear,FE,12000,8000,100,20,13,0,14,1,random,mean,250
2026090709,9750,250,0.776041666667,1.70729166667,0.033360893744,,0.116307692308,longer,linear,FE,12000,8000,100,20,13,0,14,1,random,mean,250
2026090710,9750,250,0.572075,1.258565,0.0545823666537,,0.126769230769,longer,linear,FE,12000,8000,100,20,13,0,14,1,random,mean,250
2026090711,9750,250,0.537802083333,1.18316458333,0.0496125553401,,0.130666666667,longer,linear,FE,12000,8000,100,20,13,0,14,1,random,mean,250
2026090712,9750,250,0.6137625,1.3502775,0.0407184648597,,0.115897435897,longer,linear,FE,12000,8000,100,20,13,0,14,1,random,mean,250
2026090713,9750,250,0.585497916667,1.28809541667,0.0544106764909,,0.0939487179487,longer,linear,FE,12000,8000,100,20,13,0,14,1,random,mean,250
2026090714,9750,250,0.727604166667,1.60072916667,0.0408921930215,,0.189743589744,longer,linear,FE,12000,8000,100,20,13,0,14,1,random,mean,250
2026090715,9750,250,0.667279166667,1.46801416667,0.0404328953599,,0.101641025641,longer,linear,FE,12000,8000,100,20,13,0,14,1,random,mean,250
2026090700,10000,250,0.521489583333,1.14727708333,0.0569122795641,,0.1149,longer,linear,FE,12000,8000,100,20,13,0,14,1,random,mean,250
2026090701,10000,250,0.631979166667,1.39035416667,0.0405997369037,,0.0745,longer,linear,FE,12000,8000,100,20,13,0,14,1,random,mean,250
2026090702,10000,250,0.795510416667,1.75012291667,0.0323276361492,,0.1083,longer,linear,FE,12000,8000,100,20,13,0,14,1,random,mean,250
2026090703,10000,250,0.81435625,1.79158375,0.0231236518279,,0.142,longer,linear,FE,12000,8000,100,20,13,0,14,1,random,mean,250
2026090704,10000,250,0.513866666667,1.13050666667,0.0522303912104,,0.176,longer,linear,FE,12000,8000,100,20,13,0,14,1,random,mean,250
2026090705,10000,250,0.596227083333,1.31169958333,0.0500488856124,,0.1448,longer,linear,FE,12000,8000,100,20,13,0,14,1,random,mean,250
2026090706,10000,250,0.868229166667,1.91010416667,0.0137498284896,,0.0641,longer,linear,FE,12000,8000,100,20,13,0,14,1,random,mean,250
2026090707,10000,250,0.582929166667,1.28244416667,0.0508184027932,,0.1377,longer,linear,FE,12000,8000,100,20,13,0,14,1,random,mean,250
2026090708,10000,250,0.758052083333,1.66771458333,0.0398733329963,,0.1166,longer,linear,FE,12000,8000,100,20,13,0,14,1,random,mean,250
2026090709,10000,250,0.776041666667,1.70729166667,0.033360893744,,0.1134,longer,linear,FE,12000,8000,100,20,13,0,14,1,random,mean,250
2026090710,10000,250,0.48886875,1.07551125,0.0576909317049,,0.131,longer,linear,FE,12000,8000,100,20,13,0,14,1,random,mean,250
2026090711,10000,250,0.527760416667,1.16107291667,0.0568499493084,,0.1343,longer,linear,FE,12000,8000,100,20,13,0,14,1,random,mean,250
2026090712,10000,250,0.538854166667,1.18547916667,0.0563728648187,,0.1191,longer,linear,FE,12000,8000,100,20,13,0,14,1,random,mean,250
2026090713,10000,250,0.596427083333,1.31213958333,0.0524411149533,,0.0993,longer,linear,FE,12000,8000,100,20,13,0,14,1,random,mean,250
2026090714,10000,250,0.727604166667,1.60072916667,0.0408921930215,,0.185,longer,linear,FE,12000,8000,100,20,13,0,14,1,random,mean,250
2026090715,10000,250,0.609383333333,1.34064333333,0.0344425055282,,0.1019,longer,linear,FE,12000,8000,100,20,13,0,14,1,random,mean,250
2026090700,10250,250,0.56744375,1.24837625,0.053102446211,,0.117853658537,longer,linear,FE,12000,8000,100,20,13,0,14,1,random,mean,250
2026090701,10250,250,0.593329166667,1.30532416667,0.0468006274978,,0.0770731707317,longer,linear,FE,12000,8000,100,20,13,0,14,1,random,mean,250
2026090702,10250,250,0.796241666667,1.75173166667,0.032088419273,,0.105853658537,longer,linear,FE,12000,8000,100,20,13,0,14,1,random,mean,250
2026090703,10250,250,0.634220833333,1.39528583333,0.0462162096449,,0.142731707317,longer,linear,FE,12000,8000,100,20,13,0,14,1,random,mean,250
2026090704,10250,250,0.523239583333,1.15112708333,0.0465834739644,,0.174146341463,longer,linear,FE,12000,8000,100,20,13,0,14,1,random,mean,250
2026090705,10250,250,0.51105,1.12431,0.0535641813801,,0.147707317073,longer,linear,FE,12000,8000,100,20,13,0,14,1,random,mean,250
2026090706,10250,250,0.868229166667,1.91010416667,0.0137498284896,,0.0625365853659,longer,linear,FE,12000,8000,100,20,13,0,14,1,random,mean,250
2026090707,10250,250,0.60859375,1.33890625,0.0468379297966,,0.136585365854,longer,linear,FE,12000,8000,100,20,13,0,14,1,random,mean,250
2026090708,10250,250,0.737402083333,1.62228458333,0.0396121661638,,0.115512195122,longer,linear,FE,12000,8000,100,20,13,0,14,1,random,mean,250
2026090709,10250,250,0.6232625,1.3711775,0.0500256228,,0.114341463415,longer,linear,FE,12000,8000,100,20,13,0,14,1,random,mean,250
2026090710,10250,250,0.4968875,1.0931525,0.0403384577159,,0.132195121951,longer,linear,FE,12000,8000,100,20,13,0,14,1,random,mean,250
2026090711,10250,250,0.634822916667,1.39661041667,0.0490787177778,,0.134243902439,longer,linear,FE,12000,8000,100,20,13,0,14,1,random,mean,250
2026090712,10250,250,0.55943125,1.23074875,0.0527986892549,,0.12,longer,linear,FE,12000,8000,100,20,13,0,14,1,random,mean,250
2026090713,10250,250,0.710910416667,1.56400291667,0.043792418295,,0.0975609756098,longer,linear,FE,12000,8000,100,20,13,0,14,1,random,mean,250
2026090714,10250,250,0.615841666667,1.35485166667,0.0469663360858,,0.184195121951,longer,linear,FE,12000,8000,100,20,13,0,14,1,random,mean,250
2026090715,10250,250,0.709375,1.560625,0.0107567761637,,0.0994146341463,longer,linear,FE,12000,8000,100,20,13,0,14,1,random,mean,250
2026090700,10500,250,0.6241,1.37302,0.0539134066506,,0.118571428571,longer,linear,FE,12000,8000,100,20,13,0,14,1,random,mean,250
2026090701,10500,250,0.5581,1.22782,0.0550755525223,,0.082,longer,linear,FE,12000,8000,100,20,13,0,14,1,random,mean,250
2026090702,10500,250,0.788775,1.735305,0.0326715292007,,0.103619047619,longer,linear,FE,12000,8000,100,20,13,0,14,1,random,mean,250
2026090703,10500,250,0.65394375,1.43867625,0.0491098233484,,0.14180952381,longer,linear,FE,12000,8000,100,20,13,0,14,1,random,mean,250
2026090704,10500,250,0.463445833333,1.01958083333,0.0582961916472,,0.175333333333,longer,linear,FE,12000,8000,100,20,13,0,14,1,random,mean,250
2026090705,10500,250,0.591697916667,1.30173541667,0.0418856350417,,0.146571428571,longer,linear,FE,12000,8000,100,20,13,0,14,1,random,mean,250
2026090706,10500,250,0.868229166667,1.91010416667,0.0137498284896,,0.0610476190476,longer,linear,FE,12000,8000,100,20,13,0,14,1,random,mean,250
2026090707,10500,250,0.578741666667,1.27323166667,0.0508914180498,,0.136095238095,longer,linear,FE,12000,8000,100,20,13,0,14,1,random,mean,250
2026090708,10500,250,0.570477083333,1.25504958333,0.0542669090752,,0.118,longer,linear,FE,12000,8000,100,20,13,0,14,1,random,mean,250
2026090709,10500,250,0.50324375,1.10713625,0.0573781661624,,0.119047619048,longer,linear,FE,12000,8000,100,20,13,0,14,1,random,mean,250
2026090710,10500,250,0.558854166667,1.22947916667,0.0262870120124,,0.129047619048,longer,linear,FE,12000,8000,100,20,13,0,14,1,random,mean,250
2026090711,10500,250,0.683475,1.503645,0.0435149692761,,0.131428571429,longer,linear,FE,12000,8000,100,20,13,0,14,1,random,mean,250
2026090712,10500,250,0.552179166667,1.21479416667,0.0502260193526,,0.122380952381,longer,linear,FE,12000,8000,100,20,13,0,14,1,random,mean,250
2026090713,10500,250,0.776452083333,1.70819458333,0.0361325130094,,0.0955238095238,longer,linear,FE,12000,8000,100,20,13,0,14,1,random,mean,250
2026090714,10500,250,0.578622916667,1.27297041667,0.044853476272,,0.182857142857,longer,linear,FE,12000,8000,100,20,13,0,14,1,random,mean,250
2026090715,10500,250,0.639364583333,1.40660208333,0.0296507842555,,0.101047619048,longer,linear,FE,12000,8000,100,20,13,0,14,1,random,mean,250
2026090700,10750,250,0.524877083333,1.15472958333,0.0590421457451,,0.122418604651,longer,linear,FE,12000,8000,100,20,13,0,14,1,random,mean,250
2026090701,10750,250,0.558922916667,1.22963041667,0.0487259313509,,0.0840930232558,longer,linear,FE,12000,8000,100,20,13,0,14,1,random,mean,250
2026090702,10750,250,0.778466666667,1.71262666667,0.0320837433802,,0.101395348837,longer,linear,FE,12000,8000,100,20,13,0,14,1,random,mean,250
2026090703,10750,250,0.545697916667,1.20053541667,0.0581055890324,,0.144279069767,longer,linear,FE,12000,8000,100,20,13,0,14,1,random,mean,250
2026090704,10750,250,0.52421875,1.15328125,0.0572967902802,,0.17823255814,longer,linear,FE,12000,8000,100,20,13,0,14,1,random,mean,250
2026090705,10750,250,0.7046875,1.5503125,0.0209978769695,,0.143162790698,longer,linear,FE,12000,8000,100,20,13,0,14,1,random,mean,250
2026090706,10750,250,0.847220833333,1.86388583333,0.0150198895092,,0.0599069767442,longer,linear,FE,12000,8000,100,20,13,0,14,1,random,mean,250
2026090707,10750,250,0.52696875,1.15933125,0.0580744090254,,0.139348837209,longer,linear,FE,12000,8000,100,20,13,0,14,1,random,mean,250
2026090708,10750,250,0.55309375,1.21680625,0.0488091650294,,0.119348837209,longer,linear,FE,12000,8000,100,20,13,0,14,1,random,mean,250
2026090709,10750,250,0.533104166667,1.17282916667,0.0584174905858,,0.12511627907,longer,linear,FE,12000,8000,100,20,13,0,14,1,random,mean,250
2026090710,10750,250,0.558854166667,1.22947916667,0.0262870120124,,0.126046511628,longer,linear,FE,12000,8000,100,20,13,0,14,1,random,mean,250
2026090711,10750,250,0.529491666667,1.16488166667,0.0556565350283,,0.135720930233,longer,linear,FE,12000,8000,100,20,13,0,14,1,random,mean,250
2026090712,10750,250,0.6433625,1.4153975,0.0351041192903,,0.121581395349,longer,linear,FE,12000,8000,100,20,13,0,14,1,random,mean,250
2026090713,10750,250,0.554272916667,1.21940041667,0.054072681548,,0.100465116279,longer,linear,FE,12000,8000,100,20,13,0,14,1,random,mean,250
2026090714,10750,250,0.6303875,1.3868525,0.0196365874277,,0.178697674419,longer,linear,FE,12000,8000,100,20,13,0,14,1,random,mean,250
2026090715,10750,250,0.540708333333,1.18955833333,0.0558994352141,,0.104093023256,longer,linear,FE,12000,8000,100,20,13,0,14,1,random,mean,250
2026090700,11000,250,0.612575,1.347665,0.0520707671534,,0.123090909091,longer,linear,FE,12000,8000,100,20,13,0,14,1,random,mean,250
2026090701,11000,250,0.548779166667,1.20731416667,0.0558787618818,,0.0865454545455,longer,linear,FE,12000,8000,100,20,13,0,14,1,random,mean,250
2026090702,11000,250,0.564708333333,1.24235833333,0.0462862628356,,0.103636363636,longer,linear,FE,12000,8000,100,20,13,0,14,1,random,mean,250
2026090703,11000,250,0.539652083333,1.18723458333,0.0546581551077,,0.146363636364,longer,linear,FE,12000,8000,100,20,13,0,14,1,random,mean,250
2026090704,11000,250,0.492345833333,1.08316083333,0.0564738245588,,0.180363636364,longer,linear,FE,12000,8000,100,20,13,0,14,1,random,mean,250
2026090705,11000,250,0.7046875,1.5503125,0.0209978769695,,0.139909090909,longer,linear,FE,12000,8000,100,20,13,0,14,1,random,mean,250
2026090706,11000,250,0.834895833333,1.83677083333,0.0146486798953,,0.0585454545455,longer,linear,FE,12000,8000,100,20,13,0,14,1,random,mean,250
2026090707,11000,250,0.684235416667,1.50531791667,0.034480551625,,0.137636363636,longer,linear,FE,12000,8000,100,20,13,0,14,1,random,mean,250
2026090708,11000,250,0.590020833333,1.29804583333,0.0475414920173,,0.119636363636,longer,linear,FE,12000,8000,100,20,13,0,14,1,random,mean,250
2026090709,11000,250,0.521429166667,1.14714416667,0.0591570499932,,0.130090909091,longer,linear,FE,12000,8000,100,20,13,0,14,1,random,mean,250
2026090710,11000,250,0.558854166667,1.22947916667,0.0262870120124,,0.123181818182,longer,linear,FE,12000,8000,100,20,13,0,14,1,random,mean,250
2026090711,11000,250,0.530647916667,1.16742541667,0.0521525345546,,0.138818181818,longer,linear,FE,12000,8000,100,20,13,0,14,1,random,mean,250
2026090712,11000,250,0.527070833333,1.15955583333,0.057621579102,,0.124454545455,longer,linear,FE,12000,8000,100,20,13,0,14,1,random,mean,250
2026090713,11000,250,0.540045833333,1.18810083333,0.0610949362383,,0.102818181818,longer,linear,FE,12000,8000,100,20,13,0,14,1,random,mean,250
2026090714,11000,250,0.6296875,1.3853125,0.0185231400421,,0.174636363636,longer,linear,FE,12000,8000,100,20,13,0,14,1,random,mean,250
2026090715,11000,250,0.670270833333,1.47459583333,0.0347700509089,,0.104454545455,longer,linear,FE,12000,8000,100,20,13,0,14,1,random,mean,250
2026090700,11250,250,0.531025,1.168255,0.0595013074082,,0.126577777778,longer,linear,FE,12000,8000,100,20,13,0,14,1,random,mean,250
2026090701,11250,250,0.547991666667,1.20558166667,0.0486984634398,,0.0902222222222,longer,linear,FE,12000,8000,100,20,13,0,14,1,random,mean,250
2026090702,11250,250,0.566341666667,1.24595166667,0.0548451851926,,0.107466666667,longer,linear,FE,12000,8000,100,20,13,0,14,1,random,mean,250
2026090703,11250,250,0.633329166667,1.39332416667,0.0428365701441,,0.146133333333,longer,linear,FE,12000,8000,100,20,13,0,14,1,random,mean,250
2026090704,11250,250,0.6152375,1.3535225,0.043247448109,,0.178933333333,longer,linear,FE,12000,8000,100,20,13,0,14,1,random,mean,250
2026090705,11250,250,0.725225,1.595495,0.01773490022,,0.136888888889,longer,linear,FE,12000,8000,100,20,13,0,14,1,random,mean,250
2026090706,11250,250,0.834895833333,1.83677083333,0.0146486798953,,0.0572444444444,longer,linear,FE,12000,8000,100,20,13,0,14,1,random,mean,250
2026090707,11250,250,0.633570833333,1.39385583333,0.0449564047554,,0.137155555556,longer,linear,FE,12000,8000,100,20,13,0,14,1,random,mean,250
2026090708,11250,250,0.494829166667,1.08862416667,0.0581877794056,,0.122844444444,longer,linear,FE,12000,8000,100,20,13,0,14,1,random,mean,250
2026090709,11250,250,0.59295625,1.30450375,0.0556754906775,,0.129777777778,longer,linear,FE,12000,8000,100,20,13,0,14,1,random,mean,250
2026090710,11250,250,0.558854166667,1.22947916667,0.0262870120124,,0.120444444444,longer,linear,FE,12000,8000,100,20,13,0,14,1,random,mean,250
2026090711,11250,250,0.517852083333,1.13927458333,0.0549462526543,,0.140444444444,longer,linear,FE,12000,8000,100,20,13,0,14,1,random,mean,250
2026090712,11250,250,0.689277083333,1.51640958333,0.0380568067692,,0.123288888889,longer,linear,FE,12000,8000,100,20,13,0,14,1,random,mean,250
2026090713,11250,250,0.5248125,1.1545875,0.0523719804287,,0.106755555556,longer,linear,FE,12000,8000,100,20,13,0,14,1,random,mean,250
2026090714,11250,250,0.649058333333,1.42792833333,0.0159826304265,,0.171022222222,longer,linear,FE,12000,8000,100,20,13,0,14,1,random,mean,250
2026090715,11250,250,0.6955875,1.5302925,0.0192776044316,,0.102933333333,longer,linear,FE,12000,8000,100,20,13,0,14,1,random,mean,250
2026090700,11500,250,0.545533333333,1.20017333333,0.0632807529636,,0.13,longer,linear,FE,12000,8000,100,20,13,0,14,1,random,mean,250
2026090701,11500,250,0.709816666667,1.56159666667,0.0313097899716,,0.0905217391304,longer,linear,FE,12000,8000,100,20,13,0,14,1,random,mean,250
2026090702,11500,250,0.56090625,1.23399375,0.0579556807428,,0.110869565217,longer,linear,FE,12000,8000,100,20,13,0,14,1,random,mean,250
2026090703,11500,250,0.523191666667,1.15102166667,0.0497682239297,,0.147043478261,longer,linear,FE,12000,8000,100,20,13,0,14,1,random,mean,250
2026090704,11500,250,0.673,1.4806,0.0393447395226,,0.176347826087,longer,linear,FE,12000,8000,100,20,13,0,14,1,random,mean,250
2026090705,11500,250,0.734522916667,1.61595041667,0.0148019978956,,0.134173913043,longer,linear,FE,12000,8000,100,20,13,0,14,1,random,mean,250
2026090706,11500,250,0.834895833333,1.83677083333,0.0146486798953,,0.056,longer,linear,FE,12000,8000,100,20,13,0,14,1,random,mean,250
2026090707,11500,250,0.558933333333,1.22965333333,0.0580091816596,,0.139739130435,longer,linear,FE,12000,8000,100,20,13,0,14,1,random,mean,250
2026090708,11500,250,0.523683333333,1.15210333333,0.0582490237547,,0.126173913043,longer,linear,FE,12000,8000,100,20,13,0,14,1,random,mean,250
2026090709,11500,250,0.524479166667,1.15385416667,0.0554469663906,,0.13347826087,longer,linear,FE,12000,8000,100,20,13,0,14,1,random,mean,250
2026090710,11500,250,0.684672916667,1.50628041667,0.0317580431812,,0.118782608696,longer,linear,FE,12000,8000,100,20,13,0,14,1,random,mean,250
2026090711,11500,250,0.54159375,1.19150625,0.0490493933132,,0.142434782609,longer,linear,FE,12000,8000,100,20,13,0,14,1,random,mean,250
2026090712,11500,250,0.7625,1.6775,0.0309317562794,,0.120608695652,longer,linear,FE,12000,8000,100,20,13,0,14,1,random,mean,250
2026090713,11500,250,0.633422916667,1.39353041667,0.0458143505672,,0.107739130435,longer,linear,FE,12000,8000,100,20,13,0,14,1,random,mean,250
2026090714,11500,250,0.61791875,1.35942125,0.0353357289366,,0.168869565217,longer,linear,FE,12000,8000,100,20,13,0,14,1,random,mean,250
2026090715,11500,250,0.542954166667,1.19449916667,0.0486051249033,,0.106695652174,longer,linear,FE,12000,8000,100,20,13,0,14,1,random,mean,250
2026090700,11750,250,0.513933333333,1.13065333333,0.0570663272965,,0.13370212766,longer,linear,FE,12000,8000,100,20,13,0,14,1,random,mean,250
2026090701,11750,250,0.7820625,1.7205375,0.0223577049713,,0.0886808510638,longer,linear,FE,12000,8000,100,20,13,0,14,1,random,mean,250
2026090702,11750,250,0.546620833333,1.20256583333,0.0529812526511,,0.112936170213,longer,linear,FE,12000,8000,100,20,13,0,14,1,random,mean,250
2026090703,11750,250,0.573620833333,1.26196583333,0.0468873542542,,0.147489361702,longer,linear,FE,12000,8000,100,20,13,0,14,1,random,mean,250
2026090704,11750,250,0.786160416667,1.72955291667,0.0210852718096,,0.17370212766,longer,linear,FE,12000,8000,100,20,13,0,14,1,random,mean,250
2026090705,11750,250,0.58139375,1.27906625,0.0465840476741,,0.136170212766,longer,linear,FE,12000,8000,100,20,13,0,14,1,random,mean,250
2026090706,11750,250,0.867645833333,1.90882083333,0.014624103921,,0.0549787234043,longer,linear,FE,12000,8000,100,20,13,0,14,1,random,mean,250
2026090707,11750,250,0.64891875,1.42762125,0.0464469966557,,0.139489361702,longer,linear,FE,12000,8000,100,20,13,0,14,1,random,mean,250
2026090708,11750,250,0.527279166667,1.16001416667,0.0482098863908,,0.128595744681,longer,linear,FE,12000,8000,100,20,13,0,14,1,random,mean,250
2026090709,11750,250,0.505704166667,1.11254916667,0.0529021701385,,0.137276595745,longer,linear,FE,12000,8000,100,20,13,0,14,1,random,mean,250
2026090710,11750,250,0.774995833333,1.70499083333,0.0266696757637,,0.116340425532,longer,linear,FE,12000,8000,100,20,13,0,14,1,random,mean,250
2026090711,11750,250,0.535566666667,1.17824666667,0.0512765618905,,0.145617021277,longer,linear,FE,12000,8000,100,20,13,0,14,1,random,mean,250
2026090712,11750,250,0.7582375,1.6681225,0.0320579738819,,0.118127659574,longer,linear,FE,12000,8000,100,20,13,0,14,1,random,mean,250
2026090713,11750,250,0.54378125,1.19631875,0.0522973239205,,0.10970212766,longer,linear,FE,12000,8000,100,20,13,0,14,1,random,mean,250
2026090714,11750,250,0.493170833333,1.08497583333,0.0560384587178,,0.171489361702,longer,linear,FE,12000,8000,100,20,13,0,14,1,random,mean,250
2026090715,11750,250,0.554772916667,1.22050041667,0.0541942406224,,0.109446808511,longer,linear,FE,12000,8000,100,20,13,0,14,1,random,mean,250
2026090700,12000,250,0.54174375,1.19183625,0.0574582390167,,0.1375,longer,linear,FE,12000,8000,100,20,13,0,14,1,random,mean,250
2026090701,12000,250,0.658175,1.447985,0.0366306391299,,0.0888333333333,longer,linear,FE,12000,8000,100,20,13,0,14,1,random,mean,250
2026090702,12000,250,0.594216666667,1.30727666667,0.0489357420578,,0.11525,longer,linear,FE,12000,8000,100,20,13,0,14,1,random,mean,250
2026090703,12000,250,0.552404166667,1.21528916667,0.0580009114786,,0.15,longer,linear,FE,12000,8000,100,20,13,0,14,1,random,mean,250
2026090704,12000,250,0.58108125,1.27837875,0.0518103878249,,0.175666666667,longer,linear,FE,12000,8000,100,20,13,0,14,1,random,mean,250
2026090705,12000,250,0.508283333333,1.11822333333,0.0569542059346,,0.140166666667,longer,linear,FE,12000,8000,100,20,13,0,14,1,random,mean,250
2026090706,12000,250,0.866145833333,1.90552083333,0.0141726799702,,0.0538333333333,longer,linear,FE,12000,8000,100,20,13,0,14,1,random,mean,250
2026090707,12000,250,0.810816666667,1.78379666667,0.0348700625372,,0.136666666667,longer,linear,FE,12000,8000,100,20,13,0,14,1,random,mean,250
2026090708,12000,250,0.6003875,1.3208525,0.0193625833369,,0.126,longer,linear,FE,12000,8000,100,20,13,0,14,1,random,mean,250
2026090709,12000,250,0.508775,1.119305,0.0539904256629,,0.140916666667,longer,linear,FE,12000,8000,100,20,13,0,14,1,random,mean,250
2026090710,12000,250,0.7204625,1.5850175,0.0349055168176,,0.115,longer,linear,FE,12000,8000,100,20,13,0,14,1,random,mean,250
2026090711,12000,250,0.621904166667,1.36818916667,0.0395307608889,,0.144416666667,longer,linear,FE,12000,8000,100,20,13,0,14,1,random,mean,250
2026090712,12000,250,0.575466666667,1.26602666667,0.0527862619906,,0.119583333333,longer,linear,FE,12000,8000,100,20,13,0,14,1,random,mean,250
2026090713,12000,250,0.577297916667,1.27005541667,0.0456439033341,,0.11025,longer,linear,FE,12000,8000,100,20,13,0,14,1,random,mean,250
2026090714,12000,250,0.566502083333,1.24630458333,0.047277750108,,0.171833333333,longer,linear,FE,12000,8000,100,20,13,0,14,1,random,mean,250
2026090715,12000,250,0.581752083333,1.27985458333,0.0332756716061,,0.109166666667,longer,linear,FE,12000,8000,100,20,13,0,14,1,random,mean,250
